state_id,seed,branch,step,regime,episode_seed,count,before_nll,after_nll,oracle_nll,before_accuracy,after_accuracy,oracle_accuracy,delta_nll
seed7_original_P,7,original_P,0,easy,20070000,8,0.3691521465206131,0.15076159040766737,0.15076159040766737,1,1,1,-0.21839055611294575
seed7_original_P,7,original_P,0,easy,20070001,8,1.5496348778275224,0.3762409139038756,0.3762409139038756,0.125,1,1,-1.1733939639236468
seed7_original_P,7,original_P,0,easy,20070002,8,0.7025647330838017,0.08015168371783359,0.08015168371783359,0.625,1,1,-0.6224130493659682
seed7_original_P,7,original_P,0,easy,20070003,8,0.007265231078793246,0.012300095322257345,0.006187658690093067,1,1,1,0.005034864243464099
seed7_original_P,7,original_P,0,easy,20070004,8,0.5717674342002513,0.138918988978377,0.138918988978377,0.875,1,1,-0.4328484452218743
seed7_original_P,7,original_P,0,easy,20070005,8,0.15985140068803305,0.1127193886954369,0.053799358796189564,1,1,1,-0.047132011992596146
seed7_original_P,7,original_P,0,easy,20070006,8,0.2619529687800591,0.08829948921612969,0.08275293048554624,0.875,1,1,-0.1736534795639294
seed7_original_P,7,original_P,0,easy,20070007,8,0.16257005208231537,0.6899482067735754,0.16257005208231537,1,0.75,1,0.52737815469126
seed7_original_P,7,original_P,0,easy,20070008,8,0.021917028156272854,0.016600628771502764,0.015500918428470097,1,1,1,-0.00531639938477009
seed7_original_P,7,original_P,0,easy,20070009,8,0.33967635556956033,0.19719853317438324,0.1918361487973581,0.75,1,1,-0.1424778223951771
seed7_original_P,7,original_P,0,easy,20070010,8,1.486624113398505,0.3913277249663361,0.3913277249663361,0.375,1,1,-1.095296388432169
seed7_original_P,7,original_P,0,easy,20070011,8,0.9603432671522631,0.2293763111127445,0.2293763111127445,0.5,0.875,0.875,-0.7309669560395187
seed7_original_P,7,original_P,0,easy,20070012,8,1.1110923695900907,0.30022076613398285,0.2904093459202826,0.5,1,1,-0.8108716034561079
seed7_original_P,7,original_P,0,easy,20070013,8,1.9330735494649378,0.5075211817299734,0.496189945948411,0.125,0.75,0.75,-1.4255523677349644
seed7_original_P,7,original_P,0,easy,20070014,8,0.7385051048632506,0.5434009471648159,0.5347033335486497,0.5,0.5,0.5,-0.1951041576984347
seed7_original_P,7,original_P,0,easy,20070015,8,0.14450066197181852,0.36043698205205255,0.14450066197181852,1,0.875,1,0.21593632008023403
seed7_original_P,7,original_P,0,easy,20070016,8,0.32517324100062184,0.17852977631133612,0.17852977631133612,1,1,1,-0.1466434646892857
seed7_original_P,7,original_P,0,easy,20070017,8,0.9596079283035714,0.4455622192043983,0.4455622192043983,0.375,1,1,-0.5140457090991731
seed7_original_P,7,original_P,0,easy,20070018,8,0.2686239586215711,0.17837549939625333,0.17633092883564913,1,1,1,-0.0902484592253178
seed7_original_P,7,original_P,0,easy,20070019,8,1.3165070165189696,0.27961841707206464,0.27961841707206464,0.25,1,1,-1.036888599446905
seed7_original_P,7,original_P,0,easy,20070020,8,0.853642267886308,0.23443621743850987,0.22566206073265788,0.75,1,1,-0.6192060504477982
seed7_original_P,7,original_P,0,easy,20070021,8,0.3152495131613015,0.5169350807644776,0.3152495131613015,1,0.75,1,0.20168556760317607
seed7_original_P,7,original_P,0,easy,20070022,8,0.17636069667144538,0.1168428401817138,0.08334183180712312,1,1,1,-0.05951785648973158
seed7_original_P,7,original_P,0,easy,20070023,8,0.021033225834572133,0.12269154039653475,0.021033225834572133,1,1,1,0.10165831456196261
seed7_original_P,7,original_P,0,easy,20070024,8,0.08413308975460981,0.035364390538121,0.02119016061208704,1,1,1,-0.04876869921648881
seed7_original_P,7,original_P,0,easy,20070025,8,1.6579283295979204,0.7770847760890119,0.76041648034789,0.375,0.375,0.375,-0.8808435535089084
seed7_original_P,7,original_P,0,easy,20070026,8,1.4706104355527791,1.1224984373217235,1.1155864107110767,0.25,0.25,0.25,-0.34811199823105565
seed7_original_P,7,original_P,0,easy,20070027,8,0.2024245322487273,0.09373037713461801,0.09373037713461801,1,1,1,-0.10869415511410929
seed7_original_P,7,original_P,0,easy,20070028,8,1.007639479459347,0.4787601225596519,0.4787601225596519,0.625,0.625,0.625,-0.5288793568996952
seed7_original_P,7,original_P,0,easy,20070029,8,0.4079714880971775,0.39633035354337276,0.36608702035041174,1,1,1,-0.011641134553804722
seed7_original_P,7,original_P,0,easy,20070030,8,0.3253070597187728,0.204231782111088,0.198795263645361,0.75,0.875,0.875,-0.12107527760768477
seed7_original_P,7,original_P,0,easy,20070031,8,0.3591873842427566,0.29154717302543887,0.2799220679746419,0.875,1,1,-0.06764021121731773
seed7_original_P,7,original_P,0,easy,20070032,8,0.008208820619590313,0.07964657421377924,0.008208820619590313,1,1,1,0.07143775359418893
seed7_original_P,7,original_P,0,easy,20070033,8,1.2715652955614374,0.6574413051427466,0.6574413051427466,0.25,0.5,0.5,-0.6141239904186908
seed7_original_P,7,original_P,0,easy,20070034,8,0.403664233759492,0.2998357473999708,0.2987972315361989,0.75,0.75,0.75,-0.10382848635952119
seed7_original_P,7,original_P,0,easy,20070035,8,0.965991570413636,0.23684438530238902,0.23684438530238902,0.5,1,1,-0.729147185111247
seed7_original_P,7,original_P,0,easy,20070036,8,0.5166200705841909,0.2341165710488153,0.21726034122410987,0.75,1,1,-0.28250349953537557
seed7_original_P,7,original_P,0,easy,20070037,8,0.550703489793986,0.0792131018292041,0.07161697728869058,0.625,1,1,-0.4714903879647819
seed7_original_P,7,original_P,0,easy,20070038,8,0.5826633107550815,0.12246227897666534,0.11853788619964112,0.75,1,1,-0.46020103177841615
seed7_original_P,7,original_P,0,easy,20070039,8,1.7929508639068235,0.6897510863107653,0.6897510863107653,0.125,0.375,0.375,-1.1031997775960583
seed7_original_P,7,original_P,0,easy,20070040,8,1.471067857332705,0.20884195020296228,0.17925375714034666,0.25,1,1,-1.2622259071297426
seed7_original_P,7,original_P,0,easy,20070041,8,0.029381421442154484,0.017066821091745923,0.014286669749660343,1,1,1,-0.012314600350408562
seed7_original_P,7,original_P,0,easy,20070042,8,0.5178899805377545,0.049191692245757423,0.049191692245757423,0.75,1,1,-0.46869828829199706
seed7_original_P,7,original_P,0,easy,20070043,8,0.9198828539875508,0.36351478968185086,0.3150504638634004,0.5,0.875,0.875,-0.5563680643056998
seed7_original_P,7,original_P,0,easy,20070044,8,0.16067063913397198,0.0862517567101136,0.08093371228081367,1,1,1,-0.07441888242385837
seed7_original_P,7,original_P,0,easy,20070045,8,0.05389864241271485,0.040400089139924523,0.026290400527029308,1,1,1,-0.013498553272790328
seed7_original_P,7,original_P,0,easy,20070046,8,0.6925506298903015,0.48838169010928206,0.48830449575963975,0.5,0.875,0.875,-0.2041689397810194
seed7_original_P,7,original_P,0,easy,20070047,8,0.5973991616358965,0.12752795893349678,0.12752795893349678,0.75,1,1,-0.4698712027023997
seed7_original_P,7,original_P,0,easy,20070048,8,0.5757155282032547,0.3578316518972574,0.3501707697132311,0.75,0.875,0.875,-0.21788387630599726
seed7_original_P,7,original_P,0,easy,20070049,8,0.4417312971291632,0.1243633304834957,0.06604703239383931,0.75,1,1,-0.3173679666456675
seed7_original_P,7,original_P,0,easy,20070050,8,0.9492973472956447,0.4736454153595633,0.4417630793883976,0.5,0.875,0.875,-0.47565193193608146
seed7_original_P,7,original_P,0,easy,20070051,8,0.16711295602029516,0.1248399134174444,0.10667593072424132,0.875,1,1,-0.042273042602850766
seed7_original_P,7,original_P,0,easy,20070052,8,0.32841515801983023,0.16638448811250506,0.16638448811250506,0.875,1,1,-0.16203066990732518
seed7_original_P,7,original_P,0,easy,20070053,8,0.15610124196901723,0.1552449253873022,0.08415881490340556,1,1,1,-0.0008563165817150331
seed7_original_P,7,original_P,0,easy,20070054,8,0.2922897625090714,0.10228273038996187,0.10228273038996187,0.875,1,1,-0.19000703211910952
seed7_original_P,7,original_P,0,easy,20070055,8,0.6990470856474104,0.32793777590811823,0.28378820571272206,0.75,0.75,0.75,-0.3711093097392921
seed7_original_P,7,original_P,0,easy,20070056,8,0.3860040933788584,0.29553561608008155,0.2858157465970606,0.75,0.75,0.75,-0.09046847729877683
seed7_original_P,7,original_P,0,easy,20070057,8,0.04535679758498594,0.07606334427975288,0.04535679758498594,1,1,1,0.03070654669476694
seed7_original_P,7,original_P,0,easy,20070058,8,0.07529862045511525,0.13510906158628683,0.07529862045511525,1,1,1,0.05981044113117158
seed7_original_P,7,original_P,0,easy,20070059,8,1.2534309247159603,0.3690661122139519,0.3690661122139519,0.375,0.875,0.875,-0.8843648125020084
seed7_original_P,7,original_P,0,easy,20070060,8,0.6256658428083675,0.09115318550840013,0.0640042167594751,0.625,1,1,-0.5345126572999673
seed7_original_P,7,original_P,0,easy,20070061,8,0.45039910845028286,0.20299706867805223,0.20299706867805223,0.875,1,1,-0.24740203977223063
seed7_original_P,7,original_P,0,easy,20070062,8,1.666861559291701,0.36019882712160184,0.36019882712160184,0.125,1,1,-1.3066627321700992
seed7_original_P,7,original_P,0,easy,20070063,8,1.2217719847123587,0.760049115758988,0.7502901411654981,0.5,0.5,0.5,-0.46172286895337067
seed7_original_P,7,original_P,0,easy,20070064,8,1.091419154981629,0.10409832762147611,0.0719168416479266,0.375,1,1,-0.9873208273601529
seed7_original_P,7,original_P,0,easy,20070065,8,1.1247058803528247,0.30156550884966005,0.30156550884966005,0.375,1,1,-0.8231403715031647
seed7_original_P,7,original_P,0,easy,20070066,8,0.03310481170440761,0.05454949549555971,0.03310481170440761,1,1,1,0.021444683791152094
seed7_original_P,7,original_P,0,easy,20070067,8,0.41916690406570156,0.09142673636396895,0.09142673636396895,0.875,1,1,-0.32774016770173264
seed7_original_P,7,original_P,0,easy,20070068,8,1.7640030188466398,0.4347332232121181,0.4347332232121181,0.125,0.875,0.875,-1.3292697956345216
seed7_original_P,7,original_P,0,easy,20070069,8,0.590702960214858,0.22413047537406774,0.22159715702802937,0.75,1,1,-0.3665724848407903
seed7_original_P,7,original_P,0,easy,20070070,8,0.08638872687109109,0.22857391001913765,0.07724273885366396,1,1,1,0.14218518314804657
seed7_original_P,7,original_P,0,easy,20070071,8,1.5172292918575485,0.37794947917149657,0.37794947917149657,0.375,0.75,0.75,-1.139279812686052
seed7_original_P,7,original_P,0,easy,20070072,8,0.15955376307642724,0.16062342668931745,0.09956753755900638,1,1,1,0.0010696636128902093
seed7_original_P,7,original_P,0,easy,20070073,8,0.017856454313052245,0.03188010698719872,0.01746462606583089,1,1,1,0.014023652674146472
seed7_original_P,7,original_P,0,easy,20070074,8,0.9100992333535942,0.16634746623296867,0.16634746623296867,0.625,1,1,-0.7437517671206255
seed7_original_P,7,original_P,0,easy,20070075,8,0.332734853756681,0.30993998444671517,0.15772965803453032,1,0.875,1,-0.022794869309965826
seed7_original_P,7,original_P,0,easy,20070076,8,0.347229384772104,0.2613537573597005,0.24349636154526055,1,1,1,-0.08587562741240351
seed7_original_P,7,original_P,0,easy,20070077,8,0.051214323841475784,0.056007682114205204,0.02908077330627125,1,1,1,0.00479335827272942
seed7_original_P,7,original_P,0,easy,20070078,8,0.9049175849570658,0.2636638181907481,0.2636638181907481,0.25,1,1,-0.6412537667663176
seed7_original_P,7,original_P,0,easy,20070079,8,0.5800159025839392,0.20396129157951406,0.20396129157951406,0.75,1,1,-0.37605461100442517
seed7_original_P,7,original_P,0,easy,20070080,8,2.162626050523028,1.021063880580294,1.018135432011572,0.25,0.25,0.25,-1.1415621699427339
seed7_original_P,7,original_P,0,easy,20070081,8,0.33368326111616686,0.33270750184754605,0.31579822456388223,1,1,1,-0.0009757592686208127
seed7_original_P,7,original_P,0,easy,20070082,8,0.46179226374012144,0.28366039535410875,0.22181236777602972,0.75,1,1,-0.1781318683860127
seed7_original_P,7,original_P,0,easy,20070083,8,0.49738754212186026,0.2568305262576803,0.2568305262576803,1,1,1,-0.24055701586417993
seed7_original_P,7,original_P,0,easy,20070084,8,0.5912559836662493,0.38703086193883407,0.3810641059017018,0.625,0.625,0.625,-0.20422512172741525
seed7_original_P,7,original_P,0,easy,20070085,8,0.19468808479565464,0.17982767045453307,0.1650069994887888,0.875,0.875,0.875,-0.014860414341121564
seed7_original_P,7,original_P,0,easy,20070086,8,0.03214843857435122,0.022664305264352896,0.0208019839401266,1,1,1,-0.009484133309998324
seed7_original_P,7,original_P,0,easy,20070087,8,0.2887305470245151,0.2947043749534114,0.227988214696454,1,1,1,0.00597382792889628
seed7_original_P,7,original_P,0,easy,20070088,8,0.033330037197655614,0.09813064950813002,0.01749208530781362,1,1,1,0.0648006123104744
seed7_original_P,7,original_P,0,easy,20070089,8,1.9555913184631202,0.5948814159337159,0.5948814159337159,0,0.625,0.625,-1.3607099025294043
seed7_original_P,7,original_P,0,easy,20070090,8,1.3213575400226987,0.27027337590797684,0.26442739850343144,0.125,1,1,-1.0510841641147217
seed7_original_P,7,original_P,0,easy,20070091,8,0.4921730177728213,0.33392761794522613,0.33392761794522613,0.625,0.625,0.625,-0.15824539982759517
seed7_original_P,7,original_P,0,easy,20070092,8,0.05151864883829004,0.03142785775783318,0.030336750469117973,1,1,1,-0.02009079108045686
seed7_original_P,7,original_P,0,easy,20070093,8,0.33061661351620086,0.610802494898051,0.14079010372232084,1,0.75,1,0.2801858813818502
seed7_original_P,7,original_P,0,easy,20070094,8,0.4019230827722485,0.14212454984371609,0.13725762058694196,0.75,1,1,-0.2597985329285324
seed7_original_P,7,original_P,0,easy,20070095,8,0.36787137581546037,0.06387016385670448,0.0503744427626379,0.75,1,1,-0.3040012119587559
seed7_original_P,7,original_P,0,easy,20070096,8,0.37414182826052805,0.21090324101810481,0.204424583546867,0.875,1,1,-0.16323858724242324
seed7_original_P,7,original_P,0,easy,20070097,8,0.08928777932025272,0.2612341366712301,0.08578011383977437,1,0.875,1,0.17194635735097735
seed7_original_P,7,original_P,0,easy,20070098,8,0.14123580572942523,0.11833524225191484,0.09464056818099766,1,1,1,-0.02290056347751039
seed7_original_P,7,original_P,0,easy,20070099,8,1.6703841249039875,0.6230337051005108,0.6230337051005108,0.125,0.625,0.625,-1.0473504198034767
seed7_original_P,7,original_P,0,hard,20070000,8,1.0012555796666653,1.530007399272021,1.0012555796666653,0.375,0.375,0.375,0.5287518196053556
seed7_original_P,7,original_P,0,hard,20070001,8,2.6535503826540894,1.9826763928460034,1.9826763928460034,0.125,0.375,0.375,-0.670873989808086
seed7_original_P,7,original_P,0,hard,20070002,8,1.6732968438033837,0.994198413692855,0.994198413692855,0,0.625,0.625,-0.6790984301105287
seed7_original_P,7,original_P,0,hard,20070003,8,0.5705979937707018,1.1109746653684465,0.546549576724213,0.75,0.5,1,0.5403766715977447
seed7_original_P,7,original_P,0,hard,20070004,8,1.010419097071031,0.8563580477220538,0.7840451491761479,0.5,0.875,0.875,-0.15406104934897713
seed7_original_P,7,original_P,0,hard,20070005,8,1.057608637069195,0.9975420471645127,0.8820254610317696,0.5,0.75,0.75,-0.06006658990468239
seed7_original_P,7,original_P,0,hard,20070006,8,0.8563745831681685,2.0793912825408407,0.8563745831681685,1,0.375,1,1.223016699372672
seed7_original_P,7,original_P,0,hard,20070007,8,2.2605055338039253,1.8476266997361122,1.6862876299205007,0.375,0.375,0.375,-0.4128788340678131
seed7_original_P,7,original_P,0,hard,20070008,8,1.0433146896351,1.0033086267452902,0.9935134982985697,0.75,1,0.875,-0.04000606288980979
seed7_original_P,7,original_P,0,hard,20070009,8,1.5964517096249244,2.096649433616513,1.042043524809854,0.375,0,0.375,0.5001977239915887
seed7_original_P,7,original_P,0,hard,20070010,8,0.9085015113580922,0.7985980506518879,0.7962190554080466,0.75,0.75,0.75,-0.10990346070620427
seed7_original_P,7,original_P,0,hard,20070011,8,1.0460080787861656,0.8455358826964902,0.6982723998174188,0.75,0.75,0.75,-0.20047219608967548
seed7_original_P,7,original_P,0,hard,20070012,8,1.7876231813909786,1.537162474157982,1.3726633753935127,0.25,0,0.25,-0.25046070723299674
seed7_original_P,7,original_P,0,hard,20070013,8,2.129261907783451,1.320516851362242,1.1093376156412955,0.125,0.125,0.25,-0.8087450564212091
seed7_original_P,7,original_P,0,hard,20070014,8,1.1162217239030892,1.2560655009282058,0.9649765162227227,0.5,0.625,0.75,0.13984377702511663
seed7_original_P,7,original_P,0,hard,20070015,8,0.8820367304735366,1.222625216618946,0.7810819262471212,0.625,0.5,0.75,0.3405884861454094
seed7_original_P,7,original_P,0,hard,20070016,8,1.3683404749983379,1.4233092879062057,1.3676318071850662,0,0.25,0,0.054968812907867814
seed7_original_P,7,original_P,0,hard,20070017,8,1.5124767901896563,1.03065403557739,1.03065403557739,0.375,0.625,0.625,-0.4818227546122662
seed7_original_P,7,original_P,0,hard,20070018,8,0.7699664098851549,1.2103604613566812,0.7699664098851549,0.875,0.375,0.875,0.4403940514715263
seed7_original_P,7,original_P,0,hard,20070019,8,1.2000380707272589,0.823434930323979,0.823434930323979,0.125,0.875,0.875,-0.3766031404032799
seed7_original_P,7,original_P,0,hard,20070020,8,1.0255198283134634,2.1039091286371527,1.0255198283134634,0.625,0,0.625,1.0783893003236893
seed7_original_P,7,original_P,0,hard,20070021,8,0.7817636406454933,1.0923450650664241,0.6255818419915504,0.625,0.625,0.75,0.31058142442093084
seed7_original_P,7,original_P,0,hard,20070022,8,1.3305637817151232,1.3072250087981057,1.07467577755064,0.5,0,0.5,-0.02333877291701758
seed7_original_P,7,original_P,0,hard,20070023,8,1.4873281256671511,1.1380670096577563,1.1380670096577563,0,0.375,0.375,-0.3492611160093948
seed7_original_P,7,original_P,0,hard,20070024,8,0.9828307824823428,0.8499754052192692,0.845433576328022,0.75,0.875,0.875,-0.13285537726307362
seed7_original_P,7,original_P,0,hard,20070025,8,0.942592516199827,1.181129854833707,0.8939832159947414,0.5,0.375,0.5,0.23853733863388005
seed7_original_P,7,original_P,0,hard,20070026,8,1.1660126896173668,1.1577328558144653,1.155257327815954,0.5,0.5,0.5,-0.008279833802901537
seed7_original_P,7,original_P,0,hard,20070027,8,1.7429182969006773,0.8296165749231875,0.8296165749231875,0.125,1,1,-0.9133017219774898
seed7_original_P,7,original_P,0,hard,20070028,8,1.1732813307108854,1.0486234983597282,1.0061785055920305,0.875,0.625,1,-0.12465783235115713
seed7_original_P,7,original_P,0,hard,20070029,8,1.548603252853346,1.0074277376732281,1.0074277376732281,0,0.875,0.875,-0.5411755151801179
seed7_original_P,7,original_P,0,hard,20070030,8,1.0640682541599968,1.3186190931444541,0.8354445524562439,0.625,0.125,0.625,0.2545508389844573
seed7_original_P,7,original_P,0,hard,20070031,8,0.8225783344122095,1.0082182383647995,0.6782117632636022,0.625,1,1,0.18563990395259
seed7_original_P,7,original_P,0,hard,20070032,8,0.9655492880324897,1.059958458801172,0.829687920005186,0.75,0.875,1,0.09440917076868216
seed7_original_P,7,original_P,0,hard,20070033,8,1.3690635322812477,0.6992232108029864,0.6992232108029864,0.625,0.625,0.625,-0.6698403214782612
seed7_original_P,7,original_P,0,hard,20070034,8,1.727588023556237,1.959924291969025,1.5905809210775148,0,0,0,0.23233626841278787
seed7_original_P,7,original_P,0,hard,20070035,8,1.5079742120479964,2.0527402427012897,1.0145594883250852,0.5,0,0.5,0.5447660306532933
seed7_original_P,7,original_P,0,hard,20070036,8,0.65694924757337,0.8125170422227022,0.618099537006876,0.75,1,1,0.15556779464933213
seed7_original_P,7,original_P,0,hard,20070037,8,0.9351685413186053,1.1248656166475843,0.8939483921324638,0.75,0.5,0.75,0.18969707532897906
seed7_original_P,7,original_P,0,hard,20070038,8,1.1329572051782055,0.61567628869911,0.61567628869911,0.125,0.875,0.875,-0.5172809164790956
seed7_original_P,7,original_P,0,hard,20070039,8,1.036503521533307,1.3128353612076868,1.0021232821438244,0.5,0.5,0.5,0.2763318396743799
seed7_original_P,7,original_P,0,hard,20070040,8,0.7561757546478717,0.84573609092577,0.6695950822131591,0.875,0.875,0.875,0.08956033627789828
seed7_original_P,7,original_P,0,hard,20070041,8,1.1043134310705796,1.1603816989543043,0.8901373786059278,0.5,0.5,0.5,0.056068267883724765
seed7_original_P,7,original_P,0,hard,20070042,8,1.081251306897403,1.0632466735482264,0.6934440538819377,0.375,0.625,1,-0.01800463334917657
seed7_original_P,7,original_P,0,hard,20070043,8,1.3360750427347954,1.07005986278279,1.07005986278279,0.375,0.875,0.875,-0.2660151799520054
seed7_original_P,7,original_P,0,hard,20070044,8,1.2846717974545452,1.1647482222642396,1.1348171863166931,0.375,0.625,0.625,-0.11992357519030561
seed7_original_P,7,original_P,0,hard,20070045,8,1.2714991137878613,1.106076979595608,0.8523702226090735,0.5,0.625,0.625,-0.16542213419225327
seed7_original_P,7,original_P,0,hard,20070046,8,0.9320702345128241,1.1258994213387439,0.8418926699535997,0.625,0.625,0.625,0.19382918682591976
seed7_original_P,7,original_P,0,hard,20070047,8,0.570700270645396,0.5702727573862983,0.5277693281983531,0.75,0.75,0.75,-0.0004275132590976227
seed7_original_P,7,original_P,0,hard,20070048,8,2.2935617583649868,1.5990780416655408,1.5990780416655408,0.125,0.25,0.25,-0.694483716699446
seed7_original_P,7,original_P,0,hard,20070049,8,1.4721234607038218,1.6202616503153606,1.232985215202547,0,0,0,0.1481381896115388
seed7_original_P,7,original_P,0,hard,20070050,8,1.3838522187628657,1.6726123135940067,1.2391589851960347,0,0,0,0.28876009483114107
seed7_original_P,7,original_P,0,hard,20070051,8,1.011249328000193,1.101887990283822,0.9296374262569007,0.25,0.375,0.375,0.09063866228362882
seed7_original_P,7,original_P,0,hard,20070052,8,1.8064339312569293,0.6641841926616544,0.6641841926616544,0,0.75,0.75,-1.1422497385952748
seed7_original_P,7,original_P,0,hard,20070053,8,1.346813045198558,1.5433884398626243,1.1643824751063019,0.375,0,0.375,0.19657539466406626
seed7_original_P,7,original_P,0,hard,20070054,8,1.1430966128543933,1.2461076375766134,1.1430966128543933,0.25,0.5,0.25,0.10301102472222001
seed7_original_P,7,original_P,0,hard,20070055,8,2.102237241756741,1.2796760057530405,1.2796760057530405,0,0.5,0.5,-0.8225612360037005
seed7_original_P,7,original_P,0,hard,20070056,8,1.6085875272285273,1.1199531735867505,1.0898989345584214,0,0.625,0.625,-0.48863435364177676
seed7_original_P,7,original_P,0,hard,20070057,8,1.0625254430077864,0.8909547625243504,0.8696492487858687,0.25,0.25,0.25,-0.17157068048343604
seed7_original_P,7,original_P,0,hard,20070058,8,1.2041064285432312,1.5375654073168383,1.2041064285432312,0.625,0.25,0.625,0.3334589787736071
seed7_original_P,7,original_P,0,hard,20070059,8,1.4408841065563882,1.167039457069642,1.1359185859232388,0.25,0.375,0.25,-0.27384464948674614
seed7_original_P,7,original_P,0,hard,20070060,8,1.7438551174645076,1.2198835872365563,1.2198835872365563,0,0.625,0.625,-0.5239715302279513
seed7_original_P,7,original_P,0,hard,20070061,8,2.228806892278406,1.8739155721489416,1.7640103388155026,0.25,0.125,0.25,-0.35489132012946434
seed7_original_P,7,original_P,0,hard,20070062,8,1.4351783200300552,0.7743627126528153,0.7743627126528153,0,0.75,0.75,-0.6608156073772399
seed7_original_P,7,original_P,0,hard,20070063,8,1.743236414504951,0.8633609475625982,0.8633609475625982,0,0.625,0.625,-0.8798754669423529
seed7_original_P,7,original_P,0,hard,20070064,8,1.1459951850869843,0.894977501934248,0.8909793882873671,0.5,0.875,0.875,-0.2510176831527363
seed7_original_P,7,original_P,0,hard,20070065,8,1.791414167503756,0.9918927572254305,0.9918927572254305,0.125,0.75,0.75,-0.7995214102783256
seed7_original_P,7,original_P,0,hard,20070066,8,1.6316111670927271,1.3037905818017268,1.3037905818017268,0.375,0.5,0.5,-0.32782058529100033
seed7_original_P,7,original_P,0,hard,20070067,8,2.041510749986468,1.590630919578254,1.5243821490757297,0,0.25,0.25,-0.4508798304082142
seed7_original_P,7,original_P,0,hard,20070068,8,0.5750473111254087,0.8587496741685796,0.5090613529391084,1,0.25,1,0.28370236304317087
seed7_original_P,7,original_P,0,hard,20070069,8,1.100801959208951,1.6855319731215674,0.9918849961450286,0.75,0.25,0.625,0.5847300139126164
seed7_original_P,7,original_P,0,hard,20070070,8,2.234059278199253,1.888346724533438,1.888346724533438,0,0,0,-0.3457125536658152
seed7_original_P,7,original_P,0,hard,20070071,8,1.1420660286195372,0.9025107290770805,0.9025107290770805,0.375,0.375,0.375,-0.2395552995424567
seed7_original_P,7,original_P,0,hard,20070072,8,0.567200952984777,1.436308738145291,0.4669134853347883,0.875,0,0.875,0.869107785160514
seed7_original_P,7,original_P,0,hard,20070073,8,1.0082308735772205,0.7651113434338164,0.6677684866508995,0.5,1,1,-0.24311953014340415
seed7_original_P,7,original_P,0,hard,20070074,8,1.1189406806821558,2.006398850323117,1.1189406806821558,0.5,0,0.5,0.8874581696409614
seed7_original_P,7,original_P,0,hard,20070075,8,1.5632383457529389,2.223384100516038,1.071339741331933,0.5,0,0.5,0.6601457547630991
seed7_original_P,7,original_P,0,hard,20070076,8,2.279146029676317,1.2829876191381901,1.2829876191381901,0,0.375,0.375,-0.9961584105381267
seed7_original_P,7,original_P,0,hard,20070077,8,0.9923558197357626,1.2324000062006062,0.9923558197357626,0.5,0.375,0.5,0.2400441864648436
seed7_original_P,7,original_P,0,hard,20070078,8,1.085599589158984,1.8620373598781645,0.5636391311901919,0.5,0.5,1,0.7764377707191805
seed7_original_P,7,original_P,0,hard,20070079,8,1.2201466576361826,0.9476731910988108,0.7433485969370658,0.375,1,1,-0.2724734665373718
seed7_original_P,7,original_P,0,hard,20070080,8,1.8382758369221137,2.295135881055275,1.837561491490969,0.25,0,0.25,0.4568600441331614
seed7_original_P,7,original_P,0,hard,20070081,8,0.9693650682680305,1.1469250517387262,0.8526179026363464,0.75,0.625,1,0.17755998347069568
seed7_original_P,7,original_P,0,hard,20070082,8,2.0788942424992225,0.9572252355847888,0.9572252355847888,0,1,1,-1.1216690069144337
seed7_original_P,7,original_P,0,hard,20070083,8,0.8433482702303708,1.8748280748368713,0.6070310611243692,0.75,0,0.75,1.0314798046065006
seed7_original_P,7,original_P,0,hard,20070084,8,1.4887383641043228,1.5350259017182262,1.094429846194162,0.375,0,0.375,0.04628753761390336
seed7_original_P,7,original_P,0,hard,20070085,8,1.8419940407692876,1.0191531686656976,0.912242283977428,0.25,0.75,0.75,-0.82284087210359
seed7_original_P,7,original_P,0,hard,20070086,8,1.692320726231219,1.0843907111124933,1.0843907111124933,0,0.625,0.625,-0.6079300151187257
seed7_original_P,7,original_P,0,hard,20070087,8,0.8717625305982679,1.1360242723065408,0.8717625305982679,0.75,1,0.75,0.2642617417082729
seed7_original_P,7,original_P,0,hard,20070088,8,0.5667427486420655,0.847693432527744,0.507143221927515,1,0.25,1,0.28095068388567845
seed7_original_P,7,original_P,0,hard,20070089,8,2.2758277079344276,1.739432180298985,1.739432180298985,0,0.25,0.25,-0.5363955276354426
seed7_original_P,7,original_P,0,hard,20070090,8,1.3013043390551007,0.6591818647879735,0.5500849425210949,0.25,0.75,1,-0.6421224742671272
seed7_original_P,7,original_P,0,hard,20070091,8,0.9168981697870565,0.8878222090372548,0.8850291253323687,1,1,1,-0.029075960749801677
seed7_original_P,7,original_P,0,hard,20070092,8,1.6647626052342135,1.2082736561449694,1.2082736561449694,0,0.375,0.375,-0.4564889490892441
seed7_original_P,7,original_P,0,hard,20070093,8,0.7755589291251087,0.6794926100775905,0.6794926100775905,0.875,0.875,0.875,-0.09606631904751817
seed7_original_P,7,original_P,0,hard,20070094,8,1.0876217688552026,0.754863324250058,0.754863324250058,0.75,0.75,0.75,-0.3327584446051446
seed7_original_P,7,original_P,0,hard,20070095,8,1.5504649413981553,0.9891849407571808,0.9891849407571808,0,0.25,0.25,-0.5612800006409745
seed7_original_P,7,original_P,0,hard,20070096,8,1.1785249367986643,1.5813423560104083,1.129465251801375,0.5,0.375,0.375,0.40281741921174397
seed7_original_P,7,original_P,0,hard,20070097,8,0.9150506314721745,1.2437516461826272,0.8912404178814028,0.875,0,0.875,0.32870101471045277
seed7_original_P,7,original_P,0,hard,20070098,8,1.8073184924219385,0.8961150657361179,0.8961150657361179,0,0.625,0.625,-0.9112034266858207
seed7_original_P,7,original_P,0,hard,20070099,8,1.290985164914755,1.3033811417454466,1.1935090178690968,0.25,0.25,0.25,0.012395976830691602
seed7_P_O0_resume_step50,7,P_O0_resume,50,easy,20070000,8,0.3536515267506923,0.16847569704255919,0.16847569704255919,1,1,1,-0.1851758297081331
seed7_P_O0_resume_step50,7,P_O0_resume,50,easy,20070001,8,1.3405386000494233,0.43418440714072876,0.43418440714072876,0.125,1,1,-0.9063541929086945
seed7_P_O0_resume_step50,7,P_O0_resume,50,easy,20070002,8,0.6505894785238289,0.13483981850833315,0.1200092989347773,0.625,1,1,-0.5157496600154957
seed7_P_O0_resume_step50,7,P_O0_resume,50,easy,20070003,8,0.006431455838753151,0.008925437669517713,0.006331177677174107,1,1,1,0.0024939818307645623
seed7_P_O0_resume_step50,7,P_O0_resume,50,easy,20070004,8,0.4519789680695696,0.1349793277412087,0.1349793277412087,0.875,1,1,-0.3169996403283609
seed7_P_O0_resume_step50,7,P_O0_resume,50,easy,20070005,8,0.15236708062737006,0.09641037457101426,0.06623397596911124,1,1,1,-0.055956706056355804
seed7_P_O0_resume_step50,7,P_O0_resume,50,easy,20070006,8,0.2141133614155029,0.07843482341226224,0.06770796239100081,1,1,1,-0.13567853800324067
seed7_P_O0_resume_step50,7,P_O0_resume,50,easy,20070007,8,0.153259449089156,0.12264823140539598,0.1145753460292675,1,1,1,-0.03061121768376003
seed7_P_O0_resume_step50,7,P_O0_resume,50,easy,20070008,8,0.015675240395971277,0.018014122144614016,0.014629736507909481,1,1,1,0.002338881748642739
seed7_P_O0_resume_step50,7,P_O0_resume,50,easy,20070009,8,0.391752593218407,0.25323967079428256,0.253219972305774,0.625,0.875,0.875,-0.13851292242412444
seed7_P_O0_resume_step50,7,P_O0_resume,50,easy,20070010,8,1.399702598796977,0.34045011530970964,0.34045011530970964,0.25,1,1,-1.0592524834872672
seed7_P_O0_resume_step50,7,P_O0_resume,50,easy,20070011,8,0.8534959504121151,0.26229072649755086,0.26229072649755086,0.5,0.875,0.875,-0.5912052239145642
seed7_P_O0_resume_step50,7,P_O0_resume,50,easy,20070012,8,1.051805518287861,0.13810218795285847,0.11035368519103114,0.5,1,1,-0.9137033303350025
seed7_P_O0_resume_step50,7,P_O0_resume,50,easy,20070013,8,1.6192628373335645,1.1014913577043324,1.0945288539992988,0.125,0.25,0.25,-0.5177714796292321
seed7_P_O0_resume_step50,7,P_O0_resume,50,easy,20070014,8,0.9121714067276832,0.6858214700258078,0.675457041050202,0.5,0.5,0.5,-0.2263499367018753
seed7_P_O0_resume_step50,7,P_O0_resume,50,easy,20070015,8,0.1389322737317432,0.06366469556461807,0.056696113857366504,1,1,1,-0.07526757816712512
seed7_P_O0_resume_step50,7,P_O0_resume,50,easy,20070016,8,0.2897378704288512,0.22334017574329282,0.2167033650746327,1,1,1,-0.06639769468555837
seed7_P_O0_resume_step50,7,P_O0_resume,50,easy,20070017,8,0.8664154983595169,0.5517271256870823,0.5517271256870823,0.75,0.875,0.875,-0.31468837267243466
seed7_P_O0_resume_step50,7,P_O0_resume,50,easy,20070018,8,0.2563349291882035,0.1910796296694457,0.17528063587570014,1,1,1,-0.0652552995187578
seed7_P_O0_resume_step50,7,P_O0_resume,50,easy,20070019,8,1.2353535773966209,0.4029440054937983,0.4029440054937983,0.25,0.75,0.75,-0.8324095719028226
seed7_P_O0_resume_step50,7,P_O0_resume,50,easy,20070020,8,0.6305750989359851,0.17910117901656628,0.17910117901656628,0.75,1,1,-0.45147391991941876
seed7_P_O0_resume_step50,7,P_O0_resume,50,easy,20070021,8,0.3497274249880308,0.3567869289309181,0.33999234919637783,0.875,1,0.875,0.007059503942887346
seed7_P_O0_resume_step50,7,P_O0_resume,50,easy,20070022,8,0.16974513226269936,0.10572664143342528,0.09754231769134307,1,1,1,-0.06401849082927408
seed7_P_O0_resume_step50,7,P_O0_resume,50,easy,20070023,8,0.020130662363087377,0.08765525604853465,0.020130662363087377,1,1,1,0.06752459368544728
seed7_P_O0_resume_step50,7,P_O0_resume,50,easy,20070024,8,0.05628899592696335,0.03385535514789897,0.03081585629219159,1,1,1,-0.02243364077906438
seed7_P_O0_resume_step50,7,P_O0_resume,50,easy,20070025,8,1.8603907070034638,0.9153921951807203,0.9036706428853908,0.375,0.375,0.375,-0.9449985118227434
seed7_P_O0_resume_step50,7,P_O0_resume,50,easy,20070026,8,1.6920436679173836,1.1953763947164013,1.1897173423044523,0.25,0.25,0.25,-0.49666727320098225
seed7_P_O0_resume_step50,7,P_O0_resume,50,easy,20070027,8,0.16652356604312551,0.05506662667663041,0.05506662667663041,1,1,1,-0.1114569393664951
seed7_P_O0_resume_step50,7,P_O0_resume,50,easy,20070028,8,1.0085111246615472,0.5522053182070461,0.5522053182070461,0.625,0.625,0.625,-0.45630580645450114
seed7_P_O0_resume_step50,7,P_O0_resume,50,easy,20070029,8,0.45431623031141216,0.4308840048660212,0.38292170143041543,1,1,1,-0.023432225445390975
seed7_P_O0_resume_step50,7,P_O0_resume,50,easy,20070030,8,0.36892431774020656,0.1433874139547836,0.1365668498240199,0.75,1,1,-0.22553690378542296
seed7_P_O0_resume_step50,7,P_O0_resume,50,easy,20070031,8,0.40655298618173813,0.3003637614561709,0.29611881666972956,0.875,0.875,0.875,-0.10618922472556724
seed7_P_O0_resume_step50,7,P_O0_resume,50,easy,20070032,8,0.00545179668300012,0.02389757888129496,0.00545179668300012,1,1,1,0.01844578219829484
seed7_P_O0_resume_step50,7,P_O0_resume,50,easy,20070033,8,1.5302785752736883,0.6398080521879773,0.6372624613268835,0.25,0.875,0.875,-0.890470523085711
seed7_P_O0_resume_step50,7,P_O0_resume,50,easy,20070034,8,0.46021506010049856,0.2575156358441788,0.24718264588348718,0.75,0.875,0.875,-0.20269942425631976
seed7_P_O0_resume_step50,7,P_O0_resume,50,easy,20070035,8,0.726341015309735,0.20447197131181252,0.12468603066073736,0.75,1,1,-0.5218690439979226
seed7_P_O0_resume_step50,7,P_O0_resume,50,easy,20070036,8,0.4610641061697522,0.21972561312678365,0.2165025633697919,0.875,1,1,-0.24133849304296853
seed7_P_O0_resume_step50,7,P_O0_resume,50,easy,20070037,8,0.392614178202525,0.05899218223336005,0.053546671173107505,0.875,1,1,-0.3336219959691649
seed7_P_O0_resume_step50,7,P_O0_resume,50,easy,20070038,8,0.5659865778911709,0.3375663890759703,0.2803872058836776,0.75,0.875,0.875,-0.2284201888152006
seed7_P_O0_resume_step50,7,P_O0_resume,50,easy,20070039,8,1.908185702538175,0.9484753148832077,0.9484753148832077,0.25,0.25,0.25,-0.9597103876549673
seed7_P_O0_resume_step50,7,P_O0_resume,50,easy,20070040,8,1.3122806585721696,0.5989429078594061,0.5929124915112837,0.25,0.625,0.625,-0.7133377507127635
seed7_P_O0_resume_step50,7,P_O0_resume,50,easy,20070041,8,0.017036066034145207,0.01881582528789054,0.015730786365091395,1,1,1,0.0017797592537453326
seed7_P_O0_resume_step50,7,P_O0_resume,50,easy,20070042,8,0.5533097844866434,0.04301868277103407,0.041704628124952445,0.75,1,1,-0.5102911017156093
seed7_P_O0_resume_step50,7,P_O0_resume,50,easy,20070043,8,1.0099907914730586,0.4438526674883158,0.4240398719623937,0.5,0.75,0.75,-0.5661381239847427
seed7_P_O0_resume_step50,7,P_O0_resume,50,easy,20070044,8,0.17198144106424834,0.1489406720843789,0.14711418172326346,1,1,1,-0.023040768979869453
seed7_P_O0_resume_step50,7,P_O0_resume,50,easy,20070045,8,0.03608205207470788,0.03955717703784729,0.027845681541141618,1,1,1,0.0034751249631394046
seed7_P_O0_resume_step50,7,P_O0_resume,50,easy,20070046,8,0.7661586902666896,0.5380639061518444,0.5325086515744201,0.25,0.75,0.75,-0.22809478411484518
seed7_P_O0_resume_step50,7,P_O0_resume,50,easy,20070047,8,0.5038810687613337,0.1188011475646215,0.11062050022971776,1,1,1,-0.38507992119671214
seed7_P_O0_resume_step50,7,P_O0_resume,50,easy,20070048,8,0.5447447949669013,0.28730476118586656,0.28720395259801534,0.75,0.875,0.875,-0.25744003378103475
seed7_P_O0_resume_step50,7,P_O0_resume,50,easy,20070049,8,0.3047421516623102,0.0789910143521291,0.05254604370334365,0.75,1,1,-0.22575113731018112
seed7_P_O0_resume_step50,7,P_O0_resume,50,easy,20070050,8,1.0561864722438075,0.7047722049588037,0.6835134824571424,0.5,0.625,0.625,-0.3514142672850038
seed7_P_O0_resume_step50,7,P_O0_resume,50,easy,20070051,8,0.13783879068526955,0.06998141922046798,0.06555370190850475,0.875,1,1,-0.06785737146480157
seed7_P_O0_resume_step50,7,P_O0_resume,50,easy,20070052,8,0.27293679612971633,0.07303693415815819,0.0720262700637724,1,1,1,-0.19989986197155812
seed7_P_O0_resume_step50,7,P_O0_resume,50,easy,20070053,8,0.1285659239098791,0.19767827590804352,0.06365590594821004,1,1,1,0.06911235199816443
seed7_P_O0_resume_step50,7,P_O0_resume,50,easy,20070054,8,0.24577866202782633,0.12315245226533804,0.09377664502201363,0.875,1,1,-0.1226262097624883
seed7_P_O0_resume_step50,7,P_O0_resume,50,easy,20070055,8,0.7446638848626592,0.37846532450167075,0.3282345799308253,0.75,0.75,0.75,-0.36619856036098847
seed7_P_O0_resume_step50,7,P_O0_resume,50,easy,20070056,8,0.402868021281752,0.2677179562017355,0.25828276459509725,0.75,0.875,0.875,-0.13515006508001648
seed7_P_O0_resume_step50,7,P_O0_resume,50,easy,20070057,8,0.03968691703381578,0.04643755918496591,0.03364201406692045,1,1,1,0.006750642151150128
seed7_P_O0_resume_step50,7,P_O0_resume,50,easy,20070058,8,0.0632029916170804,0.06817001947387069,0.05200893441106827,1,1,1,0.00496702785679029
seed7_P_O0_resume_step50,7,P_O0_resume,50,easy,20070059,8,1.4325140615187248,0.47475249932457164,0.47475249932457164,0.375,0.625,0.625,-0.9577615621941532
seed7_P_O0_resume_step50,7,P_O0_resume,50,easy,20070060,8,0.5840826487736712,0.14646720865453322,0.11137525220383303,0.625,1,1,-0.437615440119138
seed7_P_O0_resume_step50,7,P_O0_resume,50,easy,20070061,8,0.4052704788776066,0.17767795742387804,0.17767795742387804,1,1,1,-0.22759252145372855
seed7_P_O0_resume_step50,7,P_O0_resume,50,easy,20070062,8,1.7497440018296906,0.6325083507019225,0.6325083507019225,0,0.75,0.75,-1.1172356511277681
seed7_P_O0_resume_step50,7,P_O0_resume,50,easy,20070063,8,1.2678035438637145,0.7396374991065394,0.720372825762738,0.5,0.5,0.5,-0.5281660447571751
seed7_P_O0_resume_step50,7,P_O0_resume,50,easy,20070064,8,0.8250168090539285,0.30144237850029343,0.05575258503700576,0.375,0.75,1,-0.5235744305536351
seed7_P_O0_resume_step50,7,P_O0_resume,50,easy,20070065,8,0.8209019790041752,0.11301253762226612,0.1078893256409418,0.625,1,1,-0.707889441381909
seed7_P_O0_resume_step50,7,P_O0_resume,50,easy,20070066,8,0.026384390163748047,0.053988337822490635,0.026384390163748047,1,1,1,0.02760394765874259
seed7_P_O0_resume_step50,7,P_O0_resume,50,easy,20070067,8,0.3977102322317772,0.10119817295069898,0.08116442560944913,1,1,1,-0.2965120592810782
seed7_P_O0_resume_step50,7,P_O0_resume,50,easy,20070068,8,1.6829788687601512,1.0752045802647465,1.0752045802647465,0.25,0.25,0.25,-0.6077742884954047
seed7_P_O0_resume_step50,7,P_O0_resume,50,easy,20070069,8,0.5036077288362127,0.058077479056920026,0.05661028082071295,0.875,1,1,-0.44553024977929273
seed7_P_O0_resume_step50,7,P_O0_resume,50,easy,20070070,8,0.0785023771232379,0.43491378971238176,0.0785023771232379,1,0.75,1,0.3564114125891439
seed7_P_O0_resume_step50,7,P_O0_resume,50,easy,20070071,8,1.6051248919350332,0.4596257489832489,0.4596257489832489,0.375,0.75,0.75,-1.1454991429517842
seed7_P_O0_resume_step50,7,P_O0_resume,50,easy,20070072,8,0.155701505654911,0.1404387140756866,0.08673248402949692,1,1,1,-0.015262791579224416
seed7_P_O0_resume_step50,7,P_O0_resume,50,easy,20070073,8,0.011220516499205718,0.14021686340223327,0.010662416083861362,1,1,1,0.12899634690302755
seed7_P_O0_resume_step50,7,P_O0_resume,50,easy,20070074,8,0.9411265280453549,0.34815783151228225,0.34815783151228225,0.625,0.875,0.875,-0.5929686965330727
seed7_P_O0_resume_step50,7,P_O0_resume,50,easy,20070075,8,0.3086632556856048,0.22847782920395546,0.18281498066263824,1,1,1,-0.08018542648164936
seed7_P_O0_resume_step50,7,P_O0_resume,50,easy,20070076,8,0.3507310533263641,0.26919492042451726,0.26032642546340246,1,1,1,-0.08153613290184686
seed7_P_O0_resume_step50,7,P_O0_resume,50,easy,20070077,8,0.03223847843336644,0.025683205681292162,0.016591454407932863,1,1,1,-0.006555272752074279
seed7_P_O0_resume_step50,7,P_O0_resume,50,easy,20070078,8,0.7226843410704596,0.27041459086704017,0.27041459086704017,0.625,1,1,-0.4522697502034195
seed7_P_O0_resume_step50,7,P_O0_resume,50,easy,20070079,8,0.6351855374042952,0.252413056612897,0.252413056612897,0.75,1,1,-0.3827724807913982
seed7_P_O0_resume_step50,7,P_O0_resume,50,easy,20070080,8,2.38027592574536,1.1641292306005278,1.1559800107068485,0.25,0.25,0.25,-1.2161466951448323
seed7_P_O0_resume_step50,7,P_O0_resume,50,easy,20070081,8,0.3256367133781672,0.34428932625911807,0.32442678807675346,1,1,1,0.01865261288095088
seed7_P_O0_resume_step50,7,P_O0_resume,50,easy,20070082,8,0.4491481338151965,0.18480222803476398,0.1537655660078719,0.75,1,1,-0.26434590578043254
seed7_P_O0_resume_step50,7,P_O0_resume,50,easy,20070083,8,0.4337600304966241,0.2995246861022066,0.2995246861022066,1,1,1,-0.13423534439441748
seed7_P_O0_resume_step50,7,P_O0_resume,50,easy,20070084,8,0.6617312181537737,0.33124611949862237,0.3226697773307349,0.625,0.875,0.875,-0.3304850986551513
seed7_P_O0_resume_step50,7,P_O0_resume,50,easy,20070085,8,0.21843998810908594,0.16803301526967426,0.1522427856504559,0.875,1,1,-0.05040697283941167
seed7_P_O0_resume_step50,7,P_O0_resume,50,easy,20070086,8,0.02336639506853675,0.030441075282226962,0.01578834426637043,1,1,1,0.007074680213690211
seed7_P_O0_resume_step50,7,P_O0_resume,50,easy,20070087,8,0.2821758050714098,0.35442673899892246,0.25232800172203473,1,1,1,0.07225093392751264
seed7_P_O0_resume_step50,7,P_O0_resume,50,easy,20070088,8,0.02220812526764736,0.03702485412620058,0.010655078878860587,1,1,1,0.01481672885855322
seed7_P_O0_resume_step50,7,P_O0_resume,50,easy,20070089,8,1.8860916127534373,0.6882171949586232,0.6882171949586232,0,0.625,0.625,-1.197874417794814
seed7_P_O0_resume_step50,7,P_O0_resume,50,easy,20070090,8,1.3495284247878643,0.5539450651846389,0.5247095460689473,0.125,0.75,0.75,-0.7955833596032253
seed7_P_O0_resume_step50,7,P_O0_resume,50,easy,20070091,8,0.5664590003050436,0.4030227486173945,0.40270019345236147,0.625,0.625,0.625,-0.16343625168764908
seed7_P_O0_resume_step50,7,P_O0_resume,50,easy,20070092,8,0.03137220675637106,0.07464722750312015,0.03122882743504619,1,1,1,0.04327502074674909
seed7_P_O0_resume_step50,7,P_O0_resume,50,easy,20070093,8,0.2212098603052086,0.1441385453497695,0.051187356279275224,1,1,1,-0.07707131495543909
seed7_P_O0_resume_step50,7,P_O0_resume,50,easy,20070094,8,0.3177060348304887,0.09524232361803771,0.08859828694185048,0.875,1,1,-0.222463711212451
seed7_P_O0_resume_step50,7,P_O0_resume,50,easy,20070095,8,0.288423302724436,0.0492935413606689,0.04303623017940189,0.75,1,1,-0.2391297613637671
seed7_P_O0_resume_step50,7,P_O0_resume,50,easy,20070096,8,0.3819855792000734,0.15320884295465595,0.14983104286777513,0.875,1,1,-0.22877673624541747
seed7_P_O0_resume_step50,7,P_O0_resume,50,easy,20070097,8,0.07751008131472102,0.25350636432117685,0.07701396361507956,1,0.875,1,0.1759962830064558
seed7_P_O0_resume_step50,7,P_O0_resume,50,easy,20070098,8,0.1200178938401169,0.05998649235915641,0.05998649235915641,1,1,1,-0.060031401480960485
seed7_P_O0_resume_step50,7,P_O0_resume,50,easy,20070099,8,1.7054102172418077,0.6376406327672932,0.6376406327672932,0.125,0.75,0.75,-1.0677695844745145
seed7_P_O0_resume_step50,7,P_O0_resume,50,hard,20070000,8,1.0791232013493088,1.3965230402679814,1.0791232013493088,0.375,0.375,0.375,0.3173998389186725
seed7_P_O0_resume_step50,7,P_O0_resume,50,hard,20070001,8,2.6272355379908894,1.9363726293342518,1.9363726293342518,0.125,0.375,0.375,-0.6908629086566376
seed7_P_O0_resume_step50,7,P_O0_resume,50,hard,20070002,8,1.7379439879038867,1.0221517182390703,1.0221517182390703,0,0.625,0.625,-0.7157922696648165
seed7_P_O0_resume_step50,7,P_O0_resume,50,hard,20070003,8,0.5868118190933661,1.0213781532228068,0.5524836185877111,0.75,0.75,1,0.4345663341294407
seed7_P_O0_resume_step50,7,P_O0_resume,50,hard,20070004,8,0.9498608500478869,0.813900047562175,0.793655096590532,0.5,0.875,0.875,-0.13596080248571185
seed7_P_O0_resume_step50,7,P_O0_resume,50,hard,20070005,8,1.103673162039148,0.9640620418005029,0.8926901773190307,0.5,0.75,0.75,-0.13961112023864508
seed7_P_O0_resume_step50,7,P_O0_resume,50,hard,20070006,8,0.8725328338774041,1.9637783572526504,0.8725328338774041,1,0.375,1,1.0912455233752463
seed7_P_O0_resume_step50,7,P_O0_resume,50,hard,20070007,8,2.2543325915693804,1.8178270335202302,1.6898686891442376,0.375,0.375,0.375,-0.43650555804915014
seed7_P_O0_resume_step50,7,P_O0_resume,50,hard,20070008,8,0.964732174683925,1.036231662244449,0.9644677759532684,0.75,0.75,0.75,0.07149948756052393
seed7_P_O0_resume_step50,7,P_O0_resume,50,hard,20070009,8,1.6312595727054537,2.052278718002817,1.1020205034052197,0.25,0,0.25,0.4210191452973633
seed7_P_O0_resume_step50,7,P_O0_resume,50,hard,20070010,8,0.9706615454418943,0.754247987612836,0.754247987612836,0.75,0.75,0.75,-0.21641355782905836
seed7_P_O0_resume_step50,7,P_O0_resume,50,hard,20070011,8,0.9927571515836794,0.7200866284460906,0.6459956800462906,0.75,0.875,0.875,-0.27267052313758877
seed7_P_O0_resume_step50,7,P_O0_resume,50,hard,20070012,8,1.672465819834028,1.4367084567250512,1.3045961524797294,0.25,0,0.25,-0.23575736310897688
seed7_P_O0_resume_step50,7,P_O0_resume,50,hard,20070013,8,2.0033914140991076,1.3498274762063338,1.1684911880163356,0.125,0.25,0.375,-0.6535639378927738
seed7_P_O0_resume_step50,7,P_O0_resume,50,hard,20070014,8,1.0787864405225949,1.2493726376697836,0.9453276358239497,0.75,0.625,0.75,0.1705861971471887
seed7_P_O0_resume_step50,7,P_O0_resume,50,hard,20070015,8,0.8602006896503978,1.1091253306852324,0.7431383595439397,0.75,0.75,1,0.2489246410348347
seed7_P_O0_resume_step50,7,P_O0_resume,50,hard,20070016,8,1.293690303117495,1.4228914481824773,1.293690303117495,0.25,0.25,0.25,0.12920114506498215
seed7_P_O0_resume_step50,7,P_O0_resume,50,hard,20070017,8,1.4612360573192382,0.999004063592766,0.999004063592766,0.375,0.625,0.625,-0.4622319937264723
seed7_P_O0_resume_step50,7,P_O0_resume,50,hard,20070018,8,0.777354741836936,1.1245899328151383,0.777354741836936,0.875,0.375,0.875,0.3472351909782023
seed7_P_O0_resume_step50,7,P_O0_resume,50,hard,20070019,8,1.1322331857295758,0.823760122369889,0.823760122369889,0.25,0.875,0.875,-0.3084730633596867
seed7_P_O0_resume_step50,7,P_O0_resume,50,hard,20070020,8,1.137526448144014,2.0806822077394322,1.137526448144014,0.25,0,0.25,0.9431557595954183
seed7_P_O0_resume_step50,7,P_O0_resume,50,hard,20070021,8,0.744529635013698,0.9702293998162947,0.574226243417725,0.625,0.75,0.75,0.2256997648025968
seed7_P_O0_resume_step50,7,P_O0_resume,50,hard,20070022,8,1.3429627689085284,1.2980031322152588,1.086963877399045,0.5,0,0.5,-0.04495963669326963
seed7_P_O0_resume_step50,7,P_O0_resume,50,hard,20070023,8,1.4837168860356607,1.1740915435701549,1.1740915435701549,0,0.375,0.375,-0.30962534246550577
seed7_P_O0_resume_step50,7,P_O0_resume,50,hard,20070024,8,1.116496180437699,0.782404788088515,0.782404788088515,0.375,0.875,0.875,-0.33409139234918395
seed7_P_O0_resume_step50,7,P_O0_resume,50,hard,20070025,8,0.92822773304433,1.1801950294375543,0.8857245777032869,0.5,0.375,0.5,0.25196729639322424
seed7_P_O0_resume_step50,7,P_O0_resume,50,hard,20070026,8,1.1111779926264804,1.1477582664862078,1.1064325799850225,0.5,0.5,0.5,0.0365802738597274
seed7_P_O0_resume_step50,7,P_O0_resume,50,hard,20070027,8,1.7840026054113873,0.836012231355208,0.836012231355208,0,0.75,0.75,-0.9479903740561794
seed7_P_O0_resume_step50,7,P_O0_resume,50,hard,20070028,8,1.1326938674515348,1.0504726521756105,0.9818191907814701,0.875,0.625,1,-0.0822212152759243
seed7_P_O0_resume_step50,7,P_O0_resume,50,hard,20070029,8,1.5339696790332946,1.038050470195612,1.038050470195612,0,0.75,0.75,-0.4959192088376827
seed7_P_O0_resume_step50,7,P_O0_resume,50,hard,20070030,8,1.0501628010001813,1.2533773472974397,0.8533878077516629,0.625,0.25,0.625,0.20321454629725832
seed7_P_O0_resume_step50,7,P_O0_resume,50,hard,20070031,8,0.8252533808847526,0.9529508219319035,0.6706408752689407,0.625,1,1,0.12769744104715086
seed7_P_O0_resume_step50,7,P_O0_resume,50,hard,20070032,8,0.8939910009275299,1.0036717176535026,0.7658340145109264,0.75,0.875,1,0.10968071672597268
seed7_P_O0_resume_step50,7,P_O0_resume,50,hard,20070033,8,1.243287546164717,0.6910797640934585,0.6910797640934585,0.625,0.625,0.625,-0.5522077820712585
seed7_P_O0_resume_step50,7,P_O0_resume,50,hard,20070034,8,1.8899991299394352,2.02180695781247,1.776747410403545,0,0,0,0.1318078278730348
seed7_P_O0_resume_step50,7,P_O0_resume,50,hard,20070035,8,1.5461403607156705,2.032304359840586,1.093467463668906,0.375,0,0.375,0.4861639991249156
seed7_P_O0_resume_step50,7,P_O0_resume,50,hard,20070036,8,0.6608933625777769,0.7964890000887385,0.6282877484141204,0.75,1,1,0.1355956375109616
seed7_P_O0_resume_step50,7,P_O0_resume,50,hard,20070037,8,0.9533964184195728,1.2716048286757577,0.8779858309934285,0.75,0.5,0.75,0.31820841025618496
seed7_P_O0_resume_step50,7,P_O0_resume,50,hard,20070038,8,1.056223900742566,0.6582588279561049,0.6582588279561049,0.125,0.875,0.875,-0.3979650727864611
seed7_P_O0_resume_step50,7,P_O0_resume,50,hard,20070039,8,1.0861697564864845,1.306326893916985,1.0609434179114154,0.5,0.5,0.5,0.22015713743050047
seed7_P_O0_resume_step50,7,P_O0_resume,50,hard,20070040,8,0.7489396944092506,1.0514153919765103,0.5579235166276598,0.875,0.375,0.875,0.3024756975672598
seed7_P_O0_resume_step50,7,P_O0_resume,50,hard,20070041,8,1.1352506265803863,1.1470210100942104,0.9272947355893093,0.5,0.5,0.5,0.01177038351382409
seed7_P_O0_resume_step50,7,P_O0_resume,50,hard,20070042,8,1.0650198092299965,1.0445035356818595,0.7209516858292636,0.625,0.625,1,-0.02051627354813701
seed7_P_O0_resume_step50,7,P_O0_resume,50,hard,20070043,8,1.2988053827672545,0.9215966132066818,0.9215966132066818,0.375,1,1,-0.3772087695605727
seed7_P_O0_resume_step50,7,P_O0_resume,50,hard,20070044,8,1.2342051131734384,1.1886985939395163,1.1135044900729425,0.375,0.625,0.625,-0.04550651923392213
seed7_P_O0_resume_step50,7,P_O0_resume,50,hard,20070045,8,1.2577434755824337,1.2344490504898018,0.8796787173687115,0.5,0.625,0.625,-0.02329442509263191
seed7_P_O0_resume_step50,7,P_O0_resume,50,hard,20070046,8,0.9015935192504412,1.3309332211544123,0.7661791117282482,0.625,0.125,0.625,0.4293397019039711
seed7_P_O0_resume_step50,7,P_O0_resume,50,hard,20070047,8,0.5632220312621177,0.5704629186711303,0.5462402710053814,0.75,0.75,0.75,0.007240887409012631
seed7_P_O0_resume_step50,7,P_O0_resume,50,hard,20070048,8,2.464438636480689,1.8504269771198794,1.8504269771198794,0,0.25,0.25,-0.6140116593608096
seed7_P_O0_resume_step50,7,P_O0_resume,50,hard,20070049,8,1.4761080369283526,1.638936657908917,1.1907521253175848,0,0,0,0.1628286209805645
seed7_P_O0_resume_step50,7,P_O0_resume,50,hard,20070050,8,1.3749217024228142,1.671294124759501,1.2261866747357293,0,0,0,0.2963724223366868
seed7_P_O0_resume_step50,7,P_O0_resume,50,hard,20070051,8,0.9977496560185625,1.0373116617002234,0.9292037930244302,0.375,0.5,0.375,0.039562005681660906
seed7_P_O0_resume_step50,7,P_O0_resume,50,hard,20070052,8,1.5736160693649448,0.6085799657872076,0.6085799657872076,0,0.75,0.75,-0.9650361035777372
seed7_P_O0_resume_step50,7,P_O0_resume,50,hard,20070053,8,1.2791630977390336,1.4265584726358909,1.1390796607748717,0.375,0,0.375,0.14739537489685728
seed7_P_O0_resume_step50,7,P_O0_resume,50,hard,20070054,8,1.071711257735783,1.2221788354777634,1.071711257735783,0.625,0.625,0.625,0.15046757774198039
seed7_P_O0_resume_step50,7,P_O0_resume,50,hard,20070055,8,2.1186343745896608,1.3309044749867143,1.3309044749867143,0,0.375,0.375,-0.7877298996029465
seed7_P_O0_resume_step50,7,P_O0_resume,50,hard,20070056,8,1.544015898829852,1.111310644169846,1.090808681314136,0,0.625,0.625,-0.4327052546600061
seed7_P_O0_resume_step50,7,P_O0_resume,50,hard,20070057,8,1.084622173053077,0.9763346994950609,0.9694228273293822,0.25,0.25,0.25,-0.10828747355801605
seed7_P_O0_resume_step50,7,P_O0_resume,50,hard,20070058,8,1.2035882101677013,1.6040497912855942,1.2035882101677013,0.625,0.375,0.625,0.4004615811178929
seed7_P_O0_resume_step50,7,P_O0_resume,50,hard,20070059,8,1.4919910422942313,1.1508846822385557,1.1508846822385557,0.125,0.375,0.375,-0.34110636005567563
seed7_P_O0_resume_step50,7,P_O0_resume,50,hard,20070060,8,1.6989309540694162,1.2618775446592398,1.2618775446592398,0,0.375,0.375,-0.43705340941017634
seed7_P_O0_resume_step50,7,P_O0_resume,50,hard,20070061,8,2.1464872661966687,1.8519513369715068,1.7649032827185298,0.25,0.125,0.25,-0.2945359292251619
seed7_P_O0_resume_step50,7,P_O0_resume,50,hard,20070062,8,1.3861393944265867,0.7841641276447563,0.7841641276447563,0,0.75,0.75,-0.6019752667818304
seed7_P_O0_resume_step50,7,P_O0_resume,50,hard,20070063,8,1.677600960751581,0.8722608279931104,0.8722608279931104,0,0.625,0.625,-0.8053401327584705
seed7_P_O0_resume_step50,7,P_O0_resume,50,hard,20070064,8,1.1221072951183657,0.8911551396339871,0.8911551396339871,0.75,0.875,0.875,-0.23095215548437864
seed7_P_O0_resume_step50,7,P_O0_resume,50,hard,20070065,8,1.656495586360894,0.915853927377736,0.9156208256180038,0.25,0.75,0.75,-0.7406416589831579
seed7_P_O0_resume_step50,7,P_O0_resume,50,hard,20070066,8,1.5863753166243901,1.278035368982596,1.278035368982596,0.375,0.5,0.5,-0.30833994764179407
seed7_P_O0_resume_step50,7,P_O0_resume,50,hard,20070067,8,1.9954822409690092,1.5818130493233198,1.540884552911232,0,0,0,-0.4136691916456894
seed7_P_O0_resume_step50,7,P_O0_resume,50,hard,20070068,8,0.5394135342928149,0.9002942281254296,0.4273768322853522,0.875,0.25,1,0.3608806938326147
seed7_P_O0_resume_step50,7,P_O0_resume,50,hard,20070069,8,1.0909967566669843,1.6138076145081865,0.9961907883462675,0.625,0.375,0.625,0.5228108578412023
seed7_P_O0_resume_step50,7,P_O0_resume,50,hard,20070070,8,2.273099017387964,2.1657849118138603,2.1620485825246436,0,0,0,-0.10731410557410381
seed7_P_O0_resume_step50,7,P_O0_resume,50,hard,20070071,8,1.0111572905344288,0.8852934066739974,0.8852934066739974,0.375,0.375,0.375,-0.12586388386043146
seed7_P_O0_resume_step50,7,P_O0_resume,50,hard,20070072,8,0.5469073569866776,1.1106491896098691,0.4225577265958851,0.875,0.75,0.875,0.5637418326231916
seed7_P_O0_resume_step50,7,P_O0_resume,50,hard,20070073,8,1.016214961979442,0.794024644638883,0.6970108110862119,0.375,1,1,-0.22219031734055905
seed7_P_O0_resume_step50,7,P_O0_resume,50,hard,20070074,8,1.2160908929019436,1.9326757094357212,1.2160908929019436,0.375,0,0.375,0.7165848165337776
seed7_P_O0_resume_step50,7,P_O0_resume,50,hard,20070075,8,1.5761123421919772,2.087898494548046,1.1156803256586134,0.375,0,0.375,0.511786152356069
seed7_P_O0_resume_step50,7,P_O0_resume,50,hard,20070076,8,2.233801580583509,1.3118579658551992,1.3118579658551992,0,0.25,0.25,-0.9219436147283098
seed7_P_O0_resume_step50,7,P_O0_resume,50,hard,20070077,8,0.9359818854111485,1.141212453555474,0.9359818854111485,0.625,0.375,0.625,0.2052305681443255
seed7_P_O0_resume_step50,7,P_O0_resume,50,hard,20070078,8,0.9667470879944444,1.7655923059218581,0.5134185098053764,0.5,0.5,1,0.7988452179274137
seed7_P_O0_resume_step50,7,P_O0_resume,50,hard,20070079,8,1.2517056795436294,0.955953215740124,0.7971062940650114,0.375,1,1,-0.2957524638035054
seed7_P_O0_resume_step50,7,P_O0_resume,50,hard,20070080,8,1.7662097805928427,2.205325618456535,1.7662097805928427,0.125,0,0.125,0.43911583786369235
seed7_P_O0_resume_step50,7,P_O0_resume,50,hard,20070081,8,0.9145089439826787,1.209162121217333,0.7740326730926835,0.875,0.5,1,0.29465317723465423
seed7_P_O0_resume_step50,7,P_O0_resume,50,hard,20070082,8,2.0304790413291736,0.8906826199884417,0.8906826199884417,0,1,1,-1.139796421340732
seed7_P_O0_resume_step50,7,P_O0_resume,50,hard,20070083,8,0.8066147229848396,1.6442116432111842,0.5900227839949699,0.75,0,0.75,0.8375969202263446
seed7_P_O0_resume_step50,7,P_O0_resume,50,hard,20070084,8,1.4836033982112973,1.533106204652114,1.1451854456639763,0.375,0,0.375,0.04950280644081673
seed7_P_O0_resume_step50,7,P_O0_resume,50,hard,20070085,8,1.8241889444756623,0.9375349751990398,0.846600768891768,0.25,0.75,0.75,-0.8866539692766224
seed7_P_O0_resume_step50,7,P_O0_resume,50,hard,20070086,8,1.6812648587242127,1.0552665008338953,1.0552665008338953,0,0.625,0.625,-0.6259983578903174
seed7_P_O0_resume_step50,7,P_O0_resume,50,hard,20070087,8,0.8482770619368274,1.0762230216329474,0.8482770619368274,0.75,0.875,0.75,0.22794595969611997
seed7_P_O0_resume_step50,7,P_O0_resume,50,hard,20070088,8,0.505442308777028,0.7912715743886226,0.436461623467024,1,0.375,1,0.2858292656115946
seed7_P_O0_resume_step50,7,P_O0_resume,50,hard,20070089,8,2.3414936989000443,1.902774932590418,1.8983935414115056,0,0.25,0.25,-0.43871876630962636
seed7_P_O0_resume_step50,7,P_O0_resume,50,hard,20070090,8,1.2831143577429245,0.7156087947028943,0.6422865916058113,0.25,1,1,-0.5675055630400302
seed7_P_O0_resume_step50,7,P_O0_resume,50,hard,20070091,8,0.9453935445649911,0.8787240776570766,0.8787240776570766,1,1,1,-0.06666946690791453
seed7_P_O0_resume_step50,7,P_O0_resume,50,hard,20070092,8,1.5561079119658126,1.2570580647010225,1.2570580647010225,0.25,0.25,0.25,-0.29904984726479
seed7_P_O0_resume_step50,7,P_O0_resume,50,hard,20070093,8,0.7594709475605316,0.6702298052157561,0.6648965639931851,0.875,0.875,0.875,-0.08924114234477543
seed7_P_O0_resume_step50,7,P_O0_resume,50,hard,20070094,8,1.0258902811158495,0.7313404859296806,0.7313404859296806,0.75,0.75,0.75,-0.29454979518616886
seed7_P_O0_resume_step50,7,P_O0_resume,50,hard,20070095,8,1.553944685179397,0.9899743176598477,0.9899743176598477,0,0.25,0.25,-0.5639703675195493
seed7_P_O0_resume_step50,7,P_O0_resume,50,hard,20070096,8,1.2300448486475957,1.5398049719326317,1.2028591562435718,0.5,0.375,0.375,0.309760123285036
seed7_P_O0_resume_step50,7,P_O0_resume,50,hard,20070097,8,0.8506749392208267,1.2202127889636505,0.8506749392208267,0.875,0.125,0.875,0.3695378497428238
seed7_P_O0_resume_step50,7,P_O0_resume,50,hard,20070098,8,1.766285008721595,0.9354742880288494,0.9354742880288494,0,0.625,0.625,-0.8308107206927458
seed7_P_O0_resume_step50,7,P_O0_resume,50,hard,20070099,8,1.2230423363438883,1.2719697928676055,1.180368202019191,0.25,0.25,0.25,0.04892745652371722
seed7_P_O0_resume_step100,7,P_O0_resume,100,easy,20070000,8,0.3110999513253042,0.15346329973413075,0.15346329973413075,1,1,1,-0.15763665159117346
seed7_P_O0_resume_step100,7,P_O0_resume,100,easy,20070001,8,1.0582161558809469,0.47445685293071954,0.47445685293071954,0.375,0.875,0.875,-0.5837593029502273
seed7_P_O0_resume_step100,7,P_O0_resume,100,easy,20070002,8,0.5751960233543357,0.11193107686122444,0.09526202875797593,0.625,1,1,-0.4632649464931113
seed7_P_O0_resume_step100,7,P_O0_resume,100,easy,20070003,8,0.004966287964733978,0.011764320249188585,0.004926823903782172,1,1,1,0.006798032284454606
seed7_P_O0_resume_step100,7,P_O0_resume,100,easy,20070004,8,0.3587012055214328,0.13472673587824358,0.13472673587824358,1,1,1,-0.22397446964318923
seed7_P_O0_resume_step100,7,P_O0_resume,100,easy,20070005,8,0.13034059731844064,0.19668059422891532,0.04389020908874049,1,1,1,0.06633999691047468
seed7_P_O0_resume_step100,7,P_O0_resume,100,easy,20070006,8,0.12714766059138993,0.06729575547733725,0.04045213119429241,1,1,1,-0.05985190511405268
seed7_P_O0_resume_step100,7,P_O0_resume,100,easy,20070007,8,0.11630182844901003,0.09786734498897014,0.07944394483869027,1,1,1,-0.018434483460039897
seed7_P_O0_resume_step100,7,P_O0_resume,100,easy,20070008,8,0.01712676631158066,0.013323334402881247,0.010877479055711948,1,1,1,-0.003803431908699412
seed7_P_O0_resume_step100,7,P_O0_resume,100,easy,20070009,8,0.3710929982724607,0.20671713474742412,0.2054827976701008,0.75,1,1,-0.16437586352503655
seed7_P_O0_resume_step100,7,P_O0_resume,100,easy,20070010,8,1.340069664439928,0.44512489343589046,0.44429671825017303,0.25,1,1,-0.8949447710040375
seed7_P_O0_resume_step100,7,P_O0_resume,100,easy,20070011,8,0.6967953939750126,0.2585315304248836,0.2585315304248836,0.75,0.875,0.875,-0.438263863550129
seed7_P_O0_resume_step100,7,P_O0_resume,100,easy,20070012,8,0.8267286141099432,0.13009517962623018,0.11863481251373884,0.5,1,1,-0.6966334344837131
seed7_P_O0_resume_step100,7,P_O0_resume,100,easy,20070013,8,1.2669924685992462,0.8406889595351584,0.836844811266727,0.25,0.625,0.625,-0.42630350906408776
seed7_P_O0_resume_step100,7,P_O0_resume,100,easy,20070014,8,0.9688173234874135,0.7719772818050478,0.7668433507157328,0.5,0.5,0.5,-0.19684004168236569
seed7_P_O0_resume_step100,7,P_O0_resume,100,easy,20070015,8,0.13011172128091575,0.04616842678612506,0.03705786136540279,1,1,1,-0.08394329449479068
seed7_P_O0_resume_step100,7,P_O0_resume,100,easy,20070016,8,0.28469642219544833,0.4121094891093726,0.22780662065859383,1,0.75,1,0.1274130669139243
seed7_P_O0_resume_step100,7,P_O0_resume,100,easy,20070017,8,0.8735547216918111,0.5466506613207767,0.5466506613207767,0.75,0.875,0.875,-0.3269040603710345
seed7_P_O0_resume_step100,7,P_O0_resume,100,easy,20070018,8,0.23747491083893896,0.30390080418380944,0.20155590271674578,1,1,1,0.06642589334487048
seed7_P_O0_resume_step100,7,P_O0_resume,100,easy,20070019,8,1.0097579729318977,0.40695240635456204,0.4049633559667674,0.25,0.875,0.875,-0.6028055665773357
seed7_P_O0_resume_step100,7,P_O0_resume,100,easy,20070020,8,0.3959871107241632,0.07740454459131633,0.07740454459131633,0.875,1,1,-0.31858256613284686
seed7_P_O0_resume_step100,7,P_O0_resume,100,easy,20070021,8,0.3485494635343948,0.4000414351963753,0.3477659466524954,0.875,1,0.875,0.051491971661980496
seed7_P_O0_resume_step100,7,P_O0_resume,100,easy,20070022,8,0.14935778486181883,0.11834456842781513,0.09284989019942026,1,1,1,-0.031013216434003704
seed7_P_O0_resume_step100,7,P_O0_resume,100,easy,20070023,8,0.013688971648918654,0.08165276299007306,0.013688971648918654,1,1,1,0.0679637913411544
seed7_P_O0_resume_step100,7,P_O0_resume,100,easy,20070024,8,0.0519076754610176,0.02767755628596738,0.020173172360512064,1,1,1,-0.02423011917505022
seed7_P_O0_resume_step100,7,P_O0_resume,100,easy,20070025,8,1.955533975503558,1.1208347214829308,1.11545559187906,0.375,0.375,0.375,-0.8346992540206271
seed7_P_O0_resume_step100,7,P_O0_resume,100,easy,20070026,8,1.7145357563881012,1.1180588566065501,1.1024606614640222,0.25,0.25,0.25,-0.596476899781551
seed7_P_O0_resume_step100,7,P_O0_resume,100,easy,20070027,8,0.08811824817028786,0.04737955809894139,0.04737955809894139,1,1,1,-0.04073869007134647
seed7_P_O0_resume_step100,7,P_O0_resume,100,easy,20070028,8,0.948942406810031,0.468218267944183,0.468218267944183,0.625,0.625,0.625,-0.48072413886584797
seed7_P_O0_resume_step100,7,P_O0_resume,100,easy,20070029,8,0.38953801001457106,0.6957934701664361,0.3649285826949145,1,0.75,1,0.30625546015186506
seed7_P_O0_resume_step100,7,P_O0_resume,100,easy,20070030,8,0.2537774013721127,0.09077648092071898,0.08727255793739307,0.875,1,1,-0.1630009204513937
seed7_P_O0_resume_step100,7,P_O0_resume,100,easy,20070031,8,0.3924983051625492,0.34998198414867215,0.3245103122003444,0.875,0.875,0.875,-0.042516321013877034
seed7_P_O0_resume_step100,7,P_O0_resume,100,easy,20070032,8,0.004506797163737308,0.048666123073163,0.004506797163737308,1,1,1,0.044159325909425694
seed7_P_O0_resume_step100,7,P_O0_resume,100,easy,20070033,8,1.400189552734222,0.5691213718309749,0.5691213718309749,0.25,0.625,0.625,-0.8310681809032472
seed7_P_O0_resume_step100,7,P_O0_resume,100,easy,20070034,8,0.4705039830864117,0.38643758215262725,0.3862144460390081,0.75,0.75,0.75,-0.08406640093378448
seed7_P_O0_resume_step100,7,P_O0_resume,100,easy,20070035,8,0.40195196945296463,0.20482143767924793,0.09363165815374988,0.75,1,1,-0.1971305317737167
seed7_P_O0_resume_step100,7,P_O0_resume,100,easy,20070036,8,0.4055732206632395,0.19931110393114806,0.18230780842636304,0.875,1,1,-0.2062621167320914
seed7_P_O0_resume_step100,7,P_O0_resume,100,easy,20070037,8,0.30523459609705045,0.05949357274808816,0.032606192836409024,0.875,1,1,-0.24574102334896228
seed7_P_O0_resume_step100,7,P_O0_resume,100,easy,20070038,8,0.5119774671132822,0.2764905962425615,0.2573682669039207,0.75,0.875,0.875,-0.23548687087072068
seed7_P_O0_resume_step100,7,P_O0_resume,100,easy,20070039,8,1.857206402887876,0.746231711174114,0.746231711174114,0.25,0.375,0.375,-1.110974691713762
seed7_P_O0_resume_step100,7,P_O0_resume,100,easy,20070040,8,1.0368529235358217,0.5649178190001738,0.5407775241624071,0.375,0.625,0.625,-0.4719351045356479
seed7_P_O0_resume_step100,7,P_O0_resume,100,easy,20070041,8,0.012600924959802353,0.013883596095351582,0.010137488973051577,1,1,1,0.001282671135549229
seed7_P_O0_resume_step100,7,P_O0_resume,100,easy,20070042,8,0.3942788157227317,0.08702495043996451,0.044535137762082434,0.75,1,1,-0.3072538652827672
seed7_P_O0_resume_step100,7,P_O0_resume,100,easy,20070043,8,0.993072637138731,0.4593778145533077,0.30079907742799694,0.5,1,1,-0.5336948225854232
seed7_P_O0_resume_step100,7,P_O0_resume,100,easy,20070044,8,0.16898734147385913,0.15070146676352508,0.14714274481584172,1,1,1,-0.01828587471033405
seed7_P_O0_resume_step100,7,P_O0_resume,100,easy,20070045,8,0.02447661261051643,0.04226685298578021,0.01815551790419925,1,1,1,0.017790240375263777
seed7_P_O0_resume_step100,7,P_O0_resume,100,easy,20070046,8,0.7428347802845985,0.6240185501121811,0.6215271148415711,0.375,0.625,0.625,-0.11881623017241738
seed7_P_O0_resume_step100,7,P_O0_resume,100,easy,20070047,8,0.3854385316435538,0.11054336942758582,0.10774357586022891,1,1,1,-0.274895162215968
seed7_P_O0_resume_step100,7,P_O0_resume,100,easy,20070048,8,0.39137521647869444,0.13798543290352505,0.13755533437928255,0.75,0.875,0.875,-0.2533897835751694
seed7_P_O0_resume_step100,7,P_O0_resume,100,easy,20070049,8,0.1972413453434373,0.1380505918593142,0.02781170518320716,0.875,1,1,-0.05919075348412309
seed7_P_O0_resume_step100,7,P_O0_resume,100,easy,20070050,8,1.0632935012259064,0.6144328240603579,0.5756159966824064,0.5,0.75,0.75,-0.44886067716554845
seed7_P_O0_resume_step100,7,P_O0_resume,100,easy,20070051,8,0.10902402662280479,0.05157423518310624,0.016799671086036572,0.875,1,1,-0.05744979143969855
seed7_P_O0_resume_step100,7,P_O0_resume,100,easy,20070052,8,0.1598171271625113,0.04681245685874615,0.044978646354112924,1,1,1,-0.11300467030376515
seed7_P_O0_resume_step100,7,P_O0_resume,100,easy,20070053,8,0.08662524703961712,0.16449392590673373,0.05396930464413184,1,1,1,0.07786867886711661
seed7_P_O0_resume_step100,7,P_O0_resume,100,easy,20070054,8,0.1742263120294687,0.10026120185787339,0.08365833090326034,1,1,1,-0.07396511017159531
seed7_P_O0_resume_step100,7,P_O0_resume,100,easy,20070055,8,0.7628583943898257,0.40311313074663346,0.3763940120135194,0.75,0.75,0.75,-0.35974526364319226
seed7_P_O0_resume_step100,7,P_O0_resume,100,easy,20070056,8,0.42244200372647656,0.3639202568235799,0.3590032665006472,0.75,0.75,0.75,-0.05852174690289663
seed7_P_O0_resume_step100,7,P_O0_resume,100,easy,20070057,8,0.025899853465306575,0.06379691476087636,0.02268141139319528,1,1,1,0.03789706129556979
seed7_P_O0_resume_step100,7,P_O0_resume,100,easy,20070058,8,0.041203249421921544,0.05272107637553909,0.03719565515149124,1,1,1,0.011517826953617548
seed7_P_O0_resume_step100,7,P_O0_resume,100,easy,20070059,8,1.283155355546333,0.5269863037142271,0.5269863037142271,0.5,0.625,0.625,-0.756169051832106
seed7_P_O0_resume_step100,7,P_O0_resume,100,easy,20070060,8,0.46068360331647495,0.14364794508745957,0.12304912386691466,0.625,1,1,-0.31703565822901536
seed7_P_O0_resume_step100,7,P_O0_resume,100,easy,20070061,8,0.31166022162293167,0.1704347143669821,0.1704347143669821,1,1,1,-0.14122550725594957
seed7_P_O0_resume_step100,7,P_O0_resume,100,easy,20070062,8,1.5201349249768688,0.7252609496592478,0.7252609496592478,0.125,0.625,0.625,-0.7948739753176209
seed7_P_O0_resume_step100,7,P_O0_resume,100,easy,20070063,8,1.035267919000984,0.5538406694009009,0.544371713953895,0.5,0.625,0.625,-0.481427249600083
seed7_P_O0_resume_step100,7,P_O0_resume,100,easy,20070064,8,0.4077753666822835,0.10952403023218905,0.03025529068648682,0.625,1,1,-0.29825133645009444
seed7_P_O0_resume_step100,7,P_O0_resume,100,easy,20070065,8,0.4743726732479935,0.07126137486902341,0.0672611997593623,0.75,1,1,-0.4031112983789701
seed7_P_O0_resume_step100,7,P_O0_resume,100,easy,20070066,8,0.020369481807480216,0.03784280545455722,0.020369481807480216,1,1,1,0.017473323647077002
seed7_P_O0_resume_step100,7,P_O0_resume,100,easy,20070067,8,0.3314940994496061,0.07062480626057999,0.05794911978980373,1,1,1,-0.26086929318902613
seed7_P_O0_resume_step100,7,P_O0_resume,100,easy,20070068,8,1.522030695109162,0.430393615985969,0.430393615985969,0.25,1,1,-1.091637079123193
seed7_P_O0_resume_step100,7,P_O0_resume,100,easy,20070069,8,0.40348116238195564,0.04875639129480288,0.04823915097794936,0.875,1,1,-0.3547247710871528
seed7_P_O0_resume_step100,7,P_O0_resume,100,easy,20070070,8,0.06855227033172417,0.5306903085635314,0.06855227033172417,1,1,1,0.4621380382318072
seed7_P_O0_resume_step100,7,P_O0_resume,100,easy,20070071,8,1.3985818351878159,0.507731849694251,0.507731849694251,0.375,0.625,0.625,-0.8908499854935649
seed7_P_O0_resume_step100,7,P_O0_resume,100,easy,20070072,8,0.09821212774568204,0.15774618218654154,0.054895534891794794,1,1,1,0.059534054440859505
seed7_P_O0_resume_step100,7,P_O0_resume,100,easy,20070073,8,0.009174432779003622,0.09784472597117792,0.008782139141774739,1,1,1,0.0886702931921743
seed7_P_O0_resume_step100,7,P_O0_resume,100,easy,20070074,8,0.8723636568669139,0.2762365108575855,0.2762365108575855,0.625,1,1,-0.5961271460093284
seed7_P_O0_resume_step100,7,P_O0_resume,100,easy,20070075,8,0.2601967531727413,0.34838760791191564,0.17143471452466494,1,0.875,1,0.08819085473917432
seed7_P_O0_resume_step100,7,P_O0_resume,100,easy,20070076,8,0.3716119108325701,0.2611712393461395,0.2564860568421307,1,1,1,-0.11044067148643061
seed7_P_O0_resume_step100,7,P_O0_resume,100,easy,20070077,8,0.02457099814803399,0.03989711209941526,0.016570223956299934,1,1,1,0.015326113951381268
seed7_P_O0_resume_step100,7,P_O0_resume,100,easy,20070078,8,0.5887984162255984,0.26303242484642886,0.26106070322650066,0.875,1,1,-0.3257659913791695
seed7_P_O0_resume_step100,7,P_O0_resume,100,easy,20070079,8,0.4349768966164377,0.18837359858648664,0.18837359858648664,0.875,1,1,-0.24660329802995104
seed7_P_O0_resume_step100,7,P_O0_resume,100,easy,20070080,8,2.4538164894547414,1.3832778012636149,1.3792748312237422,0.25,0.25,0.25,-1.0705386881911265
seed7_P_O0_resume_step100,7,P_O0_resume,100,easy,20070081,8,0.27782556762429805,0.47141857836444967,0.27782556762429805,1,0.875,1,0.19359301074015162
seed7_P_O0_resume_step100,7,P_O0_resume,100,easy,20070082,8,0.335703437867432,0.1472630578535827,0.05284567584136231,0.75,1,1,-0.1884403800138493
seed7_P_O0_resume_step100,7,P_O0_resume,100,easy,20070083,8,0.3712556503529132,0.33932814079927864,0.3160522868291301,1,0.875,1,-0.03192750955363455
seed7_P_O0_resume_step100,7,P_O0_resume,100,easy,20070084,8,0.7072428996182042,0.3683774957418063,0.3637108984750485,0.625,0.875,0.875,-0.3388654038763979
seed7_P_O0_resume_step100,7,P_O0_resume,100,easy,20070085,8,0.23270094076008707,0.18720918623006813,0.17306568981441028,0.875,0.875,0.875,-0.04549175453001894
seed7_P_O0_resume_step100,7,P_O0_resume,100,easy,20070086,8,0.017984992096125356,0.06681288065099629,0.011245090167578463,1,1,1,0.048827888554870934
seed7_P_O0_resume_step100,7,P_O0_resume,100,easy,20070087,8,0.2677560969130922,0.35373720020581223,0.24267654791766874,1,1,1,0.08598110329272002
seed7_P_O0_resume_step100,7,P_O0_resume,100,easy,20070088,8,0.01926691813678612,0.017800013339760088,0.007119290389803678,1,1,1,-0.0014669047970260335
seed7_P_O0_resume_step100,7,P_O0_resume,100,easy,20070089,8,1.6303262997529284,0.7201959169422854,0.7201959169422854,0.125,0.625,0.625,-0.9101303828106431
seed7_P_O0_resume_step100,7,P_O0_resume,100,easy,20070090,8,1.1545290618930446,0.5591963797206029,0.5394977310186266,0.5,0.75,0.75,-0.5953326821724417
seed7_P_O0_resume_step100,7,P_O0_resume,100,easy,20070091,8,0.5586054374053689,0.46747336643720105,0.46747336643720105,0.625,0.625,0.625,-0.09113207096816789
seed7_P_O0_resume_step100,7,P_O0_resume,100,easy,20070092,8,0.025179777899999155,0.031010141424387756,0.025179777899999155,1,1,1,0.0058303635243886
seed7_P_O0_resume_step100,7,P_O0_resume,100,easy,20070093,8,0.14764990980929132,0.046967168222566566,0.014510803527689943,1,1,1,-0.10068274158672476
seed7_P_O0_resume_step100,7,P_O0_resume,100,easy,20070094,8,0.22904331721157362,0.06390649097752994,0.02154390782606366,1,1,1,-0.1651368262340437
seed7_P_O0_resume_step100,7,P_O0_resume,100,easy,20070095,8,0.22197379680896903,0.037954918806692925,0.015088420952375255,0.875,1,1,-0.18401887800227612
seed7_P_O0_resume_step100,7,P_O0_resume,100,easy,20070096,8,0.284297503006219,0.10716010075703278,0.10521410885453995,1,1,1,-0.1771374022491862
seed7_P_O0_resume_step100,7,P_O0_resume,100,easy,20070097,8,0.07327928011643615,0.2857977854851683,0.0730626698347715,1,0.875,1,0.21251850536873218
seed7_P_O0_resume_step100,7,P_O0_resume,100,easy,20070098,8,0.09549070127556308,0.04225830167598329,0.04225830167598329,1,1,1,-0.053232399599579795
seed7_P_O0_resume_step100,7,P_O0_resume,100,easy,20070099,8,1.4367558146700385,0.5807922008276181,0.5807922008276181,0.125,0.875,0.875,-0.8559636138424205
seed7_P_O0_resume_step100,7,P_O0_resume,100,hard,20070000,8,1.3012986837037448,1.3437031989455748,1.2704142522822839,0.375,0.375,0.375,0.042404515241829976
seed7_P_O0_resume_step100,7,P_O0_resume,100,hard,20070001,8,2.456349293942635,1.7618932902721653,1.7618932902721653,0.25,0.375,0.375,-0.6944560036704697
seed7_P_O0_resume_step100,7,P_O0_resume,100,hard,20070002,8,1.622311793420029,0.751883284658724,0.751883284658724,0,0.625,0.625,-0.8704285087613051
seed7_P_O0_resume_step100,7,P_O0_resume,100,hard,20070003,8,0.6371696245742002,0.9634478219563606,0.6260744032758916,0.75,0.875,1,0.32627819738216035
seed7_P_O0_resume_step100,7,P_O0_resume,100,hard,20070004,8,0.8282228263685195,0.7600699706704945,0.7268139227558418,0.625,0.875,0.875,-0.06815285569802498
seed7_P_O0_resume_step100,7,P_O0_resume,100,hard,20070005,8,0.995765739392729,0.9375920256192943,0.8675093910063977,0.75,0.75,0.75,-0.05817371377343472
seed7_P_O0_resume_step100,7,P_O0_resume,100,hard,20070006,8,0.9687803648337207,1.7828742499357644,0.9687803648337207,0.875,0.5,0.875,0.8140938851020437
seed7_P_O0_resume_step100,7,P_O0_resume,100,hard,20070007,8,2.125385401441101,1.721836859242584,1.5870809092454286,0.375,0.375,0.375,-0.403548542198517
seed7_P_O0_resume_step100,7,P_O0_resume,100,hard,20070008,8,0.8876172776859833,1.0456820327115712,0.8871723033344092,0.75,0.75,0.75,0.15806475502558792
seed7_P_O0_resume_step100,7,P_O0_resume,100,hard,20070009,8,1.5107603706816766,1.8943424580548909,1.0313925100431085,0.375,0.125,0.5,0.3835820873732143
seed7_P_O0_resume_step100,7,P_O0_resume,100,hard,20070010,8,1.0489987857431844,0.7520260829719073,0.7520260829719073,0.625,0.75,0.75,-0.2969727027712771
seed7_P_O0_resume_step100,7,P_O0_resume,100,hard,20070011,8,0.9619108163483208,0.6742821467090371,0.6241070595975863,0.75,0.875,0.875,-0.2876286696392837
seed7_P_O0_resume_step100,7,P_O0_resume,100,hard,20070012,8,1.790544615579797,1.503885555754518,1.3746338346578377,0.25,0.125,0.25,-0.28665905982527895
seed7_P_O0_resume_step100,7,P_O0_resume,100,hard,20070013,8,1.882044337996501,1.4290156531037757,1.2914844645711008,0.125,0.125,0.25,-0.4530286848927254
seed7_P_O0_resume_step100,7,P_O0_resume,100,hard,20070014,8,1.0951752488463755,1.2389385321273336,0.9947018405599256,0.75,0.625,0.75,0.1437632832809581
seed7_P_O0_resume_step100,7,P_O0_resume,100,hard,20070015,8,0.8264366973923221,1.0352230107304723,0.7405214813141309,1,0.75,1,0.20878631333815023
seed7_P_O0_resume_step100,7,P_O0_resume,100,hard,20070016,8,1.2357574824277477,1.4545984950908757,1.2357574824277477,0.375,0.125,0.375,0.21884101266312794
seed7_P_O0_resume_step100,7,P_O0_resume,100,hard,20070017,8,1.3605644502734053,1.0717023756180863,1.0673767952425108,0.5,0.625,0.625,-0.288862074655319
seed7_P_O0_resume_step100,7,P_O0_resume,100,hard,20070018,8,0.796732697697989,1.1758238580733182,0.796732697697989,0.75,0.375,0.75,0.3790911603753292
seed7_P_O0_resume_step100,7,P_O0_resume,100,hard,20070019,8,1.1981956777552785,0.8207174398547983,0.8207174398547983,0.125,0.875,0.875,-0.3774782379004802
seed7_P_O0_resume_step100,7,P_O0_resume,100,hard,20070020,8,1.0867047343929201,1.9555564570753758,1.0867047343929201,0.5,0,0.5,0.8688517226824557
seed7_P_O0_resume_step100,7,P_O0_resume,100,hard,20070021,8,0.7281274884523945,0.8820139948148691,0.5358907804979659,0.625,0.875,0.875,0.15388650636247458
seed7_P_O0_resume_step100,7,P_O0_resume,100,hard,20070022,8,1.3211986171319983,1.3062629001119177,1.0830531560236603,0.5,0,0.5,-0.014935717020080563
seed7_P_O0_resume_step100,7,P_O0_resume,100,hard,20070023,8,1.5753689953436014,1.2067288014207092,1.2067288014207092,0,0.375,0.375,-0.36864019392289227
seed7_P_O0_resume_step100,7,P_O0_resume,100,hard,20070024,8,1.2033378080336938,0.8129660009274452,0.8129660009274452,0.25,0.875,0.875,-0.39037180710624864
seed7_P_O0_resume_step100,7,P_O0_resume,100,hard,20070025,8,0.927376919959213,1.3425589201932215,0.8528696351969713,0.75,0.375,0.75,0.41518200023400853
seed7_P_O0_resume_step100,7,P_O0_resume,100,hard,20070026,8,1.1733144596437208,1.134372520406751,1.134372520406751,0.5,0.5,0.5,-0.03894193923696987
seed7_P_O0_resume_step100,7,P_O0_resume,100,hard,20070027,8,1.9516084628355808,0.8776476452560014,0.8776476452560014,0,0.625,0.625,-1.0739608175795794
seed7_P_O0_resume_step100,7,P_O0_resume,100,hard,20070028,8,1.0646986256218172,1.0131936999603308,0.9130339205179647,1,0.5,1,-0.051504925661486345
seed7_P_O0_resume_step100,7,P_O0_resume,100,hard,20070029,8,1.4344906806617617,1.056551727840423,1.056551727840423,0,0.75,0.75,-0.3779389528213386
seed7_P_O0_resume_step100,7,P_O0_resume,100,hard,20070030,8,0.9944534712354788,1.2021271309833739,0.8471497512117017,0.625,0.375,0.625,0.2076736597478951
seed7_P_O0_resume_step100,7,P_O0_resume,100,hard,20070031,8,0.8366703633702829,0.9441588037611687,0.7195325202408767,0.625,1,1,0.10748844039088579
seed7_P_O0_resume_step100,7,P_O0_resume,100,hard,20070032,8,0.8604656178691734,0.9816062119327017,0.7648597015881323,0.75,0.75,1,0.12114059406352828
seed7_P_O0_resume_step100,7,P_O0_resume,100,hard,20070033,8,1.0974323998206283,0.7806015665884922,0.7806015665884922,0.625,0.625,0.625,-0.3168308332321361
seed7_P_O0_resume_step100,7,P_O0_resume,100,hard,20070034,8,2.0868184681584583,2.2694400956106557,1.9201043386560097,0,0,0,0.18262162745219745
seed7_P_O0_resume_step100,7,P_O0_resume,100,hard,20070035,8,1.408761772986508,1.9017759421033265,1.018239099793172,0.375,0,0.375,0.4930141691168184
seed7_P_O0_resume_step100,7,P_O0_resume,100,hard,20070036,8,0.6689483185983273,0.7495431546785503,0.6311140415327112,0.75,0.875,0.875,0.080594836080223
seed7_P_O0_resume_step100,7,P_O0_resume,100,hard,20070037,8,0.9710481149282897,1.2210731917232782,0.8817152785422498,0.75,0.5,0.75,0.25002507679498853
seed7_P_O0_resume_step100,7,P_O0_resume,100,hard,20070038,8,1.1424793745206685,0.6481396638208341,0.6481396638208341,0.125,0.875,0.875,-0.4943397106998344
seed7_P_O0_resume_step100,7,P_O0_resume,100,hard,20070039,8,1.1462517472089035,1.4716397332599682,1.1397697192960614,0.5,0.5,0.5,0.32538798605106467
seed7_P_O0_resume_step100,7,P_O0_resume,100,hard,20070040,8,0.7665331902401136,1.021370758844308,0.5535238610288289,0.75,0.375,0.75,0.2548375686041944
seed7_P_O0_resume_step100,7,P_O0_resume,100,hard,20070041,8,1.1447441204295588,1.1324157044342549,0.9059949381428571,0.5,0.5,0.5,-0.012328415995303876
seed7_P_O0_resume_step100,7,P_O0_resume,100,hard,20070042,8,1.096976447879117,0.9992184435297173,0.7041919138556519,0.5,0.625,1,-0.09775800434939974
seed7_P_O0_resume_step100,7,P_O0_resume,100,hard,20070043,8,1.2445418415634504,0.9761722287303153,0.9761722287303153,0.375,1,1,-0.2683696128331351
seed7_P_O0_resume_step100,7,P_O0_resume,100,hard,20070044,8,1.2502857337183118,1.1657002905689655,1.0601033014159553,0.125,0.625,0.625,-0.08458544314934624
seed7_P_O0_resume_step100,7,P_O0_resume,100,hard,20070045,8,1.2381823287918308,1.1952360337509709,0.8955937714984828,0.5,0.625,0.625,-0.042946295040859894
seed7_P_O0_resume_step100,7,P_O0_resume,100,hard,20070046,8,0.857646453749104,1.3305924621631562,0.7354364778201883,0.625,0,0.625,0.4729460084140522
seed7_P_O0_resume_step100,7,P_O0_resume,100,hard,20070047,8,0.612910616471453,0.568370012174906,0.518191202268347,1,0.75,1,-0.04454060429654694
seed7_P_O0_resume_step100,7,P_O0_resume,100,hard,20070048,8,2.385827121159676,2.0053364425319975,2.0053364425319975,0.125,0.25,0.25,-0.3804906786276785
seed7_P_O0_resume_step100,7,P_O0_resume,100,hard,20070049,8,1.4059797266329541,1.53285306804433,1.1416171750974726,0.25,0,0.25,0.12687334141137585
seed7_P_O0_resume_step100,7,P_O0_resume,100,hard,20070050,8,1.3221481830986463,1.532321069019046,1.2124404179251786,0.375,0,0.375,0.21017288592039973
seed7_P_O0_resume_step100,7,P_O0_resume,100,hard,20070051,8,1.0783325902882,1.0534368764487303,0.9872670320369288,0.375,0.625,0.75,-0.024895713839469646
seed7_P_O0_resume_step100,7,P_O0_resume,100,hard,20070052,8,1.3617784514132723,0.6061607442242687,0.6061607442242687,0,0.75,0.75,-0.7556177071890036
seed7_P_O0_resume_step100,7,P_O0_resume,100,hard,20070053,8,1.195717419767977,1.3303923823490988,1.0873246876243714,0.375,0.125,0.375,0.13467496258112188
seed7_P_O0_resume_step100,7,P_O0_resume,100,hard,20070054,8,1.0292265872900757,1.2136950551443337,1.0195830439182916,0.875,0.5,1,0.18446846785425808
seed7_P_O0_resume_step100,7,P_O0_resume,100,hard,20070055,8,2.089576530144001,1.4010483056751462,1.3997303603040259,0,0.25,0.25,-0.6885282244688546
seed7_P_O0_resume_step100,7,P_O0_resume,100,hard,20070056,8,1.436285095395681,1.0874898118451537,1.0851998703709926,0,0.75,0.75,-0.34879528355052725
seed7_P_O0_resume_step100,7,P_O0_resume,100,hard,20070057,8,1.0346642309383676,0.9440410605264778,0.9440410605264778,0.25,0.25,0.25,-0.09062317041188972
seed7_P_O0_resume_step100,7,P_O0_resume,100,hard,20070058,8,1.251054741269253,1.6174233315613868,1.251054741269253,0.625,0.375,0.625,0.36636859029213387
seed7_P_O0_resume_step100,7,P_O0_resume,100,hard,20070059,8,1.639402832898691,1.2329422132864065,1.2329422132864065,0.125,0.375,0.375,-0.4064606196122844
seed7_P_O0_resume_step100,7,P_O0_resume,100,hard,20070060,8,1.6319287384502432,1.261181323874412,1.261181323874412,0,0.25,0.25,-0.37074741457583116
seed7_P_O0_resume_step100,7,P_O0_resume,100,hard,20070061,8,2.14011834838788,1.8510981202612882,1.767901719170335,0.25,0.25,0.25,-0.2890202281265919
seed7_P_O0_resume_step100,7,P_O0_resume,100,hard,20070062,8,1.251299431421138,0.7421243314442139,0.7421243314442139,0.25,0.75,0.75,-0.5091750999769242
seed7_P_O0_resume_step100,7,P_O0_resume,100,hard,20070063,8,1.5473164900188443,0.9522741727466737,0.9522741727466737,0,0.625,0.625,-0.5950423172721706
seed7_P_O0_resume_step100,7,P_O0_resume,100,hard,20070064,8,1.1454072345451702,0.9024155861734654,0.9024155861734654,0.75,0.875,0.875,-0.24299164837170484
seed7_P_O0_resume_step100,7,P_O0_resume,100,hard,20070065,8,1.6090545408370218,0.877029325719601,0.877029325719601,0.25,0.75,0.75,-0.7320252151174208
seed7_P_O0_resume_step100,7,P_O0_resume,100,hard,20070066,8,1.5460452331640382,1.309528239406872,1.309528239406872,0.5,0.5,0.5,-0.23651699375716628
seed7_P_O0_resume_step100,7,P_O0_resume,100,hard,20070067,8,1.8915281718019108,1.4900709198912023,1.4551766256481322,0,0.125,0.125,-0.40145725191070847
seed7_P_O0_resume_step100,7,P_O0_resume,100,hard,20070068,8,0.5374270798150504,0.876952661809378,0.38578642949917463,0.875,0.25,1,0.3395255819943276
seed7_P_O0_resume_step100,7,P_O0_resume,100,hard,20070069,8,1.024598980296603,1.4737264015063047,1.0240133340822557,0.875,0.25,0.625,0.44912742120970184
seed7_P_O0_resume_step100,7,P_O0_resume,100,hard,20070070,8,2.2832357437538393,2.3255391162624233,2.2272729246866354,0,0,0,0.04230337250858396
seed7_P_O0_resume_step100,7,P_O0_resume,100,hard,20070071,8,1.0168736459446284,0.8156686851191534,0.8156686851191534,0.375,0.375,0.375,-0.201204960825475
seed7_P_O0_resume_step100,7,P_O0_resume,100,hard,20070072,8,0.5338872588344427,1.0518963522995246,0.3968749553545781,0.875,0.75,0.875,0.518009093465082
seed7_P_O0_resume_step100,7,P_O0_resume,100,hard,20070073,8,1.052882575642792,0.8390122129775659,0.7717420506434168,0.5,1,1,-0.21387036266522608
seed7_P_O0_resume_step100,7,P_O0_resume,100,hard,20070074,8,1.1822846432578753,1.773261246346156,1.1822846432578753,0.375,0,0.375,0.5909766030882806
seed7_P_O0_resume_step100,7,P_O0_resume,100,hard,20070075,8,1.5583448685565675,1.9842896254598887,1.1484321754091829,0.125,0,0.125,0.42594475690332123
seed7_P_O0_resume_step100,7,P_O0_resume,100,hard,20070076,8,2.0502487952494057,1.217666646326514,1.217666646326514,0,0.375,0.375,-0.8325821489228917
seed7_P_O0_resume_step100,7,P_O0_resume,100,hard,20070077,8,0.9055524037016384,1.0881396895225124,0.9055524037016384,0.625,0.375,0.625,0.18258728582087402
seed7_P_O0_resume_step100,7,P_O0_resume,100,hard,20070078,8,0.8714766506912015,1.671091893492647,0.5118556853774228,0.5,0.5,1,0.7996152428014456
seed7_P_O0_resume_step100,7,P_O0_resume,100,hard,20070079,8,1.221540720808913,0.979742500845129,0.8567588124457657,0.375,0.875,0.875,-0.24179821996378403
seed7_P_O0_resume_step100,7,P_O0_resume,100,hard,20070080,8,1.725803614493226,2.0346381853935314,1.7205336162808984,0.25,0,0.25,0.3088345709003053
seed7_P_O0_resume_step100,7,P_O0_resume,100,hard,20070081,8,0.8904392922458143,1.1260916514605366,0.798811119527736,1,0.5,1,0.23565235921472227
seed7_P_O0_resume_step100,7,P_O0_resume,100,hard,20070082,8,1.9691793984062065,0.8793791276083566,0.8793791276083566,0,0.875,0.875,-1.0898002707978498
seed7_P_O0_resume_step100,7,P_O0_resume,100,hard,20070083,8,0.8387110067383357,1.4573565089505396,0.6759970884117601,0.75,0,0.75,0.6186455022122039
seed7_P_O0_resume_step100,7,P_O0_resume,100,hard,20070084,8,1.4206369273434396,1.4687560769075727,1.1580476343970858,0.375,0,0.375,0.0481191495641331
seed7_P_O0_resume_step100,7,P_O0_resume,100,hard,20070085,8,1.757203865916086,0.9229263624844497,0.8401787220447694,0.25,0.75,0.75,-0.8342775034316363
seed7_P_O0_resume_step100,7,P_O0_resume,100,hard,20070086,8,1.6054025739855924,1.062597102216512,1.062597102216512,0,0.625,0.625,-0.5428054717690804
seed7_P_O0_resume_step100,7,P_O0_resume,100,hard,20070087,8,0.8185936662906658,1.044083668008509,0.8185936662906658,0.875,1,0.875,0.22549000171784328
seed7_P_O0_resume_step100,7,P_O0_resume,100,hard,20070088,8,0.45140886914338807,0.6895620386661124,0.3704433932849307,0.875,0.625,1,0.23815316952272436
seed7_P_O0_resume_step100,7,P_O0_resume,100,hard,20070089,8,2.1504015108951986,1.9325841859351995,1.8915308134795028,0,0.25,0.25,-0.21781732495999906
seed7_P_O0_resume_step100,7,P_O0_resume,100,hard,20070090,8,1.3027100499410071,0.6924664693815032,0.613964005677717,0.25,1,1,-0.6102435805595039
seed7_P_O0_resume_step100,7,P_O0_resume,100,hard,20070091,8,0.8488831874267322,0.9757814618297261,0.8488831874267322,1,0.5,1,0.12689827440299395
seed7_P_O0_resume_step100,7,P_O0_resume,100,hard,20070092,8,1.5101675122823661,1.2506945027264855,1.2492252559967874,0.25,0.375,0.375,-0.2594730095558806
seed7_P_O0_resume_step100,7,P_O0_resume,100,hard,20070093,8,0.8132443826051747,0.7183639602291532,0.7025410112564076,1,0.875,1,-0.09488042237602157
seed7_P_O0_resume_step100,7,P_O0_resume,100,hard,20070094,8,0.8939943441554777,0.7053056826604143,0.7053056826604143,0.75,0.75,0.75,-0.18868866149506347
seed7_P_O0_resume_step100,7,P_O0_resume,100,hard,20070095,8,1.520891632046206,0.976217638843722,0.976217638843722,0,0.25,0.25,-0.544673993202484
seed7_P_O0_resume_step100,7,P_O0_resume,100,hard,20070096,8,1.3295877648668295,1.566031887582698,1.3142339759005086,0.375,0.25,0.25,0.23644412271586845
seed7_P_O0_resume_step100,7,P_O0_resume,100,hard,20070097,8,0.8529711609396612,1.146543839367605,0.8529711609396612,0.875,0.25,0.875,0.2935726784279439
seed7_P_O0_resume_step100,7,P_O0_resume,100,hard,20070098,8,1.6216019630748981,0.9986386949061054,0.9986386949061054,0,0.625,0.625,-0.6229632681687928
seed7_P_O0_resume_step100,7,P_O0_resume,100,hard,20070099,8,1.2456713722598538,1.1749124343600086,1.0889185318132033,0.25,0.375,0.375,-0.07075893789984522
seed7_P_O0_resume_step200,7,P_O0_resume,200,easy,20070000,8,0.23186778541135297,0.1898806182313912,0.1898806182313912,1,1,1,-0.04198716717996176
seed7_P_O0_resume_step200,7,P_O0_resume,200,easy,20070001,8,0.7394175872335642,1.0078701348635015,0.4595108925092294,0.625,0.5,0.875,0.2684525476299373
seed7_P_O0_resume_step200,7,P_O0_resume,200,easy,20070002,8,0.5812572471036702,0.36066084244862356,0.22373800433362165,0.75,1,1,-0.22059640465504665
seed7_P_O0_resume_step200,7,P_O0_resume,200,easy,20070003,8,0.005723760237072854,0.008192983327141065,0.005709719299073443,1,1,1,0.002469223090068211
seed7_P_O0_resume_step200,7,P_O0_resume,200,easy,20070004,8,0.2817995447413992,0.4854705655204824,0.15133106753825454,1,0.75,1,0.20367102077908322
seed7_P_O0_resume_step200,7,P_O0_resume,200,easy,20070005,8,0.09084004948562896,0.3989293838376049,0.09084004948562896,1,1,1,0.30808933435197594
seed7_P_O0_resume_step200,7,P_O0_resume,200,easy,20070006,8,0.0855374206426712,0.04976896488815589,0.04388772403184186,1,1,1,-0.03576845575451531
seed7_P_O0_resume_step200,7,P_O0_resume,200,easy,20070007,8,0.12269589373598468,0.165100249354559,0.06648114899501922,1,1,1,0.04240435561857432
seed7_P_O0_resume_step200,7,P_O0_resume,200,easy,20070008,8,0.014779997611373427,0.011069528266018326,0.007707936244739748,1,1,1,-0.0037104693453551014
seed7_P_O0_resume_step200,7,P_O0_resume,200,easy,20070009,8,0.25597884463018294,0.2426338675604412,0.21628233137846048,0.875,1,1,-0.013344977069741748
seed7_P_O0_resume_step200,7,P_O0_resume,200,easy,20070010,8,0.962977206176163,0.5981394343919514,0.524381081104946,0.375,0.875,0.875,-0.3648377717842116
seed7_P_O0_resume_step200,7,P_O0_resume,200,easy,20070011,8,0.4403057605540094,0.21589110036124248,0.21589110036124248,0.75,0.875,0.875,-0.2244146601927669
seed7_P_O0_resume_step200,7,P_O0_resume,200,easy,20070012,8,0.6416132894892401,0.09817984030221434,0.07062723416228377,0.5,1,1,-0.5434334491870257
seed7_P_O0_resume_step200,7,P_O0_resume,200,easy,20070013,8,0.9201588714045051,0.5159238557037505,0.5044730126553348,0.625,0.75,0.75,-0.4042350157007546
seed7_P_O0_resume_step200,7,P_O0_resume,200,easy,20070014,8,0.7992036158375406,0.872219075608953,0.7992036158375406,0.5,0.5,0.5,0.07301545977141233
seed7_P_O0_resume_step200,7,P_O0_resume,200,easy,20070015,8,0.10629537267219186,0.1043602895561775,0.017919283301489147,1,1,1,-0.001935083116014355
seed7_P_O0_resume_step200,7,P_O0_resume,200,easy,20070016,8,0.2353342994848486,1.475904826242983,0.19185955572536917,1,0.5,1,1.2405705267581344
seed7_P_O0_resume_step200,7,P_O0_resume,200,easy,20070017,8,0.6555759413358938,0.5810524946666549,0.5152974955855991,0.875,0.625,1,-0.07452344666923894
seed7_P_O0_resume_step200,7,P_O0_resume,200,easy,20070018,8,0.20474122060547315,0.41663807152239213,0.15568991339950644,1,0.875,1,0.21189685091691898
seed7_P_O0_resume_step200,7,P_O0_resume,200,easy,20070019,8,0.6648310258487851,0.497259660793464,0.2968526241361546,0.625,0.875,1,-0.16757136505532105
seed7_P_O0_resume_step200,7,P_O0_resume,200,easy,20070020,8,0.2644846461458046,0.08727339336302463,0.08543356500244655,0.875,1,1,-0.17721125278277994
seed7_P_O0_resume_step200,7,P_O0_resume,200,easy,20070021,8,0.2642563253889724,0.46827116994393475,0.26348140234780165,1,0.875,1,0.20401484455496233
seed7_P_O0_resume_step200,7,P_O0_resume,200,easy,20070022,8,0.08357895344054192,0.33781352252485836,0.08357895344054192,1,1,1,0.2542345690843164
seed7_P_O0_resume_step200,7,P_O0_resume,200,easy,20070023,8,0.011305237482241407,0.2939887636949696,0.011305237482241407,1,1,1,0.28268352621272824
seed7_P_O0_resume_step200,7,P_O0_resume,200,easy,20070024,8,0.030580426464571504,0.028943425601287067,0.01748653042514394,1,1,1,-0.0016370008632844366
seed7_P_O0_resume_step200,7,P_O0_resume,200,easy,20070025,8,1.6516228432094184,1.1687281412965707,1.1627642453235632,0.375,0.375,0.375,-0.4828947019128478
seed7_P_O0_resume_step200,7,P_O0_resume,200,easy,20070026,8,1.383471135160275,1.4324439143310266,1.3514322032305375,0.25,0.25,0.25,0.04897277917075149
seed7_P_O0_resume_step200,7,P_O0_resume,200,easy,20070027,8,0.05779503780842786,0.05676078272418101,0.05546882544526673,1,1,1,-0.0010342550842468504
seed7_P_O0_resume_step200,7,P_O0_resume,200,easy,20070028,8,0.7338200549496624,0.46013414392468177,0.46013414392468177,0.625,0.625,0.625,-0.27368591102498063
seed7_P_O0_resume_step200,7,P_O0_resume,200,easy,20070029,8,0.27511018516318475,0.6793225256540745,0.23155818915548407,1,0.625,1,0.4042123404908897
seed7_P_O0_resume_step200,7,P_O0_resume,200,easy,20070030,8,0.26846321032865855,0.04378006531308446,0.04010455234881494,0.875,1,1,-0.2246831450155741
seed7_P_O0_resume_step200,7,P_O0_resume,200,easy,20070031,8,0.3120068036789602,0.5556431266542159,0.3120068036789602,1,0.625,1,0.24363632297525567
seed7_P_O0_resume_step200,7,P_O0_resume,200,easy,20070032,8,0.004969612943630794,0.04257926990673418,0.004969612943630794,1,1,1,0.03760965696310338
seed7_P_O0_resume_step200,7,P_O0_resume,200,easy,20070033,8,0.8729756393889283,1.5872488079532387,0.8710279428863704,0.5,0.25,0.5,0.7142731685643104
seed7_P_O0_resume_step200,7,P_O0_resume,200,easy,20070034,8,0.38446589859248964,0.3585187797480707,0.3392496051861935,0.75,0.75,0.75,-0.025947118844418915
seed7_P_O0_resume_step200,7,P_O0_resume,200,easy,20070035,8,0.27174748622979283,0.20577852585671474,0.10202814753157445,0.875,1,1,-0.06596896037307809
seed7_P_O0_resume_step200,7,P_O0_resume,200,easy,20070036,8,0.3011284443885497,0.21757855028398776,0.21156158561564795,1,1,1,-0.08354989410456193
seed7_P_O0_resume_step200,7,P_O0_resume,200,easy,20070037,8,0.17429499558181072,0.043420975422189464,0.028032350579137895,0.875,1,1,-0.13087402015962124
seed7_P_O0_resume_step200,7,P_O0_resume,200,easy,20070038,8,0.44678221717288535,0.2409433290287028,0.17009917839019661,0.875,0.875,1,-0.20583888814418255
seed7_P_O0_resume_step200,7,P_O0_resume,200,easy,20070039,8,1.3851684338119845,1.4135902437085714,1.338593899871891,0.25,0.25,0.25,0.028421809896586936
seed7_P_O0_resume_step200,7,P_O0_resume,200,easy,20070040,8,0.5261116438639916,0.4319216030793742,0.3781699708172379,0.625,0.875,0.875,-0.09419004078461735
seed7_P_O0_resume_step200,7,P_O0_resume,200,easy,20070041,8,0.01007918180396112,0.011620434482344804,0.005201338571157875,1,1,1,0.0015412526783836842
seed7_P_O0_resume_step200,7,P_O0_resume,200,easy,20070042,8,0.3095428220959636,0.393365989260817,0.04009551254240433,0.875,0.75,1,0.08382316716485338
seed7_P_O0_resume_step200,7,P_O0_resume,200,easy,20070043,8,0.8392794003472135,0.5230014813661815,0.47923678057530433,0.625,0.75,0.75,-0.31627791898103197
seed7_P_O0_resume_step200,7,P_O0_resume,200,easy,20070044,8,0.1257685902022454,0.32440588305635837,0.1257685902022454,1,0.875,1,0.19863729285411297
seed7_P_O0_resume_step200,7,P_O0_resume,200,easy,20070045,8,0.023969952069891783,0.04661980315119325,0.018518463524247922,1,1,1,0.022649851081301464
seed7_P_O0_resume_step200,7,P_O0_resume,200,easy,20070046,8,0.5063949805388712,1.0684893595130067,0.5063949805388712,0.875,0.25,0.875,0.5620943789741355
seed7_P_O0_resume_step200,7,P_O0_resume,200,easy,20070047,8,0.42725052330811775,0.38499610457093386,0.07572028856270104,0.875,0.75,1,-0.042254418737183885
seed7_P_O0_resume_step200,7,P_O0_resume,200,easy,20070048,8,0.29100726382972897,0.10229787605791854,0.0931900795334502,0.875,1,1,-0.18870938777181043
seed7_P_O0_resume_step200,7,P_O0_resume,200,easy,20070049,8,0.08848653847319511,0.43542117073369313,0.021250228475574125,1,0.75,1,0.34693463226049803
seed7_P_O0_resume_step200,7,P_O0_resume,200,easy,20070050,8,0.7908669682782807,0.673532725232585,0.6583542953901103,0.625,0.625,0.625,-0.11733424304569573
seed7_P_O0_resume_step200,7,P_O0_resume,200,easy,20070051,8,0.07760020776481748,0.08900422200040416,0.017107945558397564,1,1,1,0.01140401423558668
seed7_P_O0_resume_step200,7,P_O0_resume,200,easy,20070052,8,0.14775470215987813,0.034647257962734705,0.0321964024656801,1,1,1,-0.11310744419714341
seed7_P_O0_resume_step200,7,P_O0_resume,200,easy,20070053,8,0.053228185402298435,0.13783770622881378,0.04370543365214262,1,1,1,0.08460952082651535
seed7_P_O0_resume_step200,7,P_O0_resume,200,easy,20070054,8,0.16255836932577208,0.2220371146257821,0.05703194470006599,1,1,1,0.059478745300010016
seed7_P_O0_resume_step200,7,P_O0_resume,200,easy,20070055,8,0.6558199102900137,0.3855352236886367,0.32241629176736003,0.75,0.75,0.75,-0.27028468660137706
seed7_P_O0_resume_step200,7,P_O0_resume,200,easy,20070056,8,0.35003786571132384,0.414989523702628,0.35003786571132384,0.75,0.75,0.75,0.06495165799130415
seed7_P_O0_resume_step200,7,P_O0_resume,200,easy,20070057,8,0.027525071250062833,0.05415506998375165,0.022905064393624452,1,1,1,0.026629998733688817
seed7_P_O0_resume_step200,7,P_O0_resume,200,easy,20070058,8,0.04311587371018831,0.07559419388282529,0.039376785284330154,1,1,1,0.03247832017263698
seed7_P_O0_resume_step200,7,P_O0_resume,200,easy,20070059,8,0.9664158474851257,0.43650443668799005,0.43650443668799005,0.5,0.875,0.875,-0.5299114107971357
seed7_P_O0_resume_step200,7,P_O0_resume,200,easy,20070060,8,0.2625315618201814,0.16806840930702135,0.1357632779236666,0.875,1,1,-0.09446315251316004
seed7_P_O0_resume_step200,7,P_O0_resume,200,easy,20070061,8,0.266725653482703,0.20402105958521735,0.11040179158258583,1,1,1,-0.06270459389748564
seed7_P_O0_resume_step200,7,P_O0_resume,200,easy,20070062,8,1.144548689563797,1.0066382930533229,0.7180293352996311,0.5,0.5,0.75,-0.1379103965104742
seed7_P_O0_resume_step200,7,P_O0_resume,200,easy,20070063,8,0.8884672989231884,0.3542396475292426,0.324423981629071,0.5,0.875,0.875,-0.5342276513939459
seed7_P_O0_resume_step200,7,P_O0_resume,200,easy,20070064,8,0.1402220502935195,0.05349632376084815,0.021795381170386305,1,1,1,-0.08672572653267135
seed7_P_O0_resume_step200,7,P_O0_resume,200,easy,20070065,8,0.4078197742870757,0.08239957024867177,0.07903297528487145,0.875,1,1,-0.32542020403840394
seed7_P_O0_resume_step200,7,P_O0_resume,200,easy,20070066,8,0.026139881771113465,0.10254668500730038,0.026139881771113465,1,1,1,0.07640680323618691
seed7_P_O0_resume_step200,7,P_O0_resume,200,easy,20070067,8,0.3818048450255309,0.10046175296676793,0.07150056017746503,0.875,1,1,-0.28134309205876296
seed7_P_O0_resume_step200,7,P_O0_resume,200,easy,20070068,8,1.0853477692026752,1.2580111012221469,1.0352308058057407,0.25,0.25,0.25,0.1726633320194717
seed7_P_O0_resume_step200,7,P_O0_resume,200,easy,20070069,8,0.4426950596835527,0.06659592788873087,0.06596322360733473,0.875,1,1,-0.37609913179482185
seed7_P_O0_resume_step200,7,P_O0_resume,200,easy,20070070,8,0.04880849930455734,0.21316162720182302,0.04842309831539499,1,1,1,0.1643531278972657
seed7_P_O0_resume_step200,7,P_O0_resume,200,easy,20070071,8,1.139613732610325,0.6994464455182157,0.6917705035633869,0.5,0.625,0.625,-0.4401672870921094
seed7_P_O0_resume_step200,7,P_O0_resume,200,easy,20070072,8,0.059661390464969453,0.14873053981499462,0.05680897860818933,1,1,1,0.08906914935002516
seed7_P_O0_resume_step200,7,P_O0_resume,200,easy,20070073,8,0.009286588694225838,0.04693058718414446,0.00898651937712728,1,1,1,0.03764399848991862
seed7_P_O0_resume_step200,7,P_O0_resume,200,easy,20070074,8,0.7148861969500726,0.765807056537665,0.4679419345254394,0.75,0.5,0.875,0.050920859587592404
seed7_P_O0_resume_step200,7,P_O0_resume,200,easy,20070075,8,0.15280961255086975,0.261432619154176,0.15280961255086975,1,1,1,0.10862300660330623
seed7_P_O0_resume_step200,7,P_O0_resume,200,easy,20070076,8,0.3114450391008024,0.30990043905855646,0.2799157402672862,1,1,1,-0.001544600042245936
seed7_P_O0_resume_step200,7,P_O0_resume,200,easy,20070077,8,0.016773187148181042,0.01769560922408765,0.008025227089753457,1,1,1,0.0009224220759066065
seed7_P_O0_resume_step200,7,P_O0_resume,200,easy,20070078,8,0.41270988840030504,0.2592345184638679,0.25050417780945095,1,1,1,-0.15347536993643712
seed7_P_O0_resume_step200,7,P_O0_resume,200,easy,20070079,8,0.3695901395661561,0.15377828649998687,0.10757683769902622,0.75,1,1,-0.21581185306616923
seed7_P_O0_resume_step200,7,P_O0_resume,200,easy,20070080,8,2.0867153774754628,1.2720026950320613,1.2666165779799468,0.25,0.25,0.25,-0.8147126824434014
seed7_P_O0_resume_step200,7,P_O0_resume,200,easy,20070081,8,0.14715492753452777,1.04652924022253,0.14715492753452777,1,0.5,1,0.8993743126880022
seed7_P_O0_resume_step200,7,P_O0_resume,200,easy,20070082,8,0.19758190711880366,0.11371426972006156,0.06058248938719367,0.875,1,1,-0.0838676373987421
seed7_P_O0_resume_step200,7,P_O0_resume,200,easy,20070083,8,0.19472356457275508,1.0547021311931029,0.17902844822360886,1,0.5,1,0.8599785666203478
seed7_P_O0_resume_step200,7,P_O0_resume,200,easy,20070084,8,0.6244404842253859,0.3339094874983647,0.32599434688093265,0.625,1,1,-0.2905309967270212
seed7_P_O0_resume_step200,7,P_O0_resume,200,easy,20070085,8,0.19235916187581947,0.2512809398894009,0.17893745365261735,0.875,1,1,0.05892177801358145
seed7_P_O0_resume_step200,7,P_O0_resume,200,easy,20070086,8,0.016858239309104045,0.038112176176642046,0.010068942963125622,1,1,1,0.021253936867538
seed7_P_O0_resume_step200,7,P_O0_resume,200,easy,20070087,8,0.17273128706098181,0.41181709534004496,0.14308087184910503,1,0.875,1,0.23908580827906314
seed7_P_O0_resume_step200,7,P_O0_resume,200,easy,20070088,8,0.01772253119952211,0.0240629396435677,0.006384572164213407,1,1,1,0.006340408444045591
seed7_P_O0_resume_step200,7,P_O0_resume,200,easy,20070089,8,1.3289239390610614,0.6079393635137995,0.6079393635137995,0.25,0.75,0.75,-0.7209845755472619
seed7_P_O0_resume_step200,7,P_O0_resume,200,easy,20070090,8,0.8741011333921174,0.9589606008634945,0.7662963266538176,0.5,0.375,0.5,0.08485946747137718
seed7_P_O0_resume_step200,7,P_O0_resume,200,easy,20070091,8,0.3647929055164737,1.4114607654128521,0.35726215333741684,0.625,0.625,0.625,1.0466678598963783
seed7_P_O0_resume_step200,7,P_O0_resume,200,easy,20070092,8,0.02092866509040068,0.02173199810105586,0.019144185325334552,1,1,1,0.0008033330106551814
seed7_P_O0_resume_step200,7,P_O0_resume,200,easy,20070093,8,0.07272081039472116,0.10752781750873473,0.01458755570443939,1,1,1,0.03480700711401358
seed7_P_O0_resume_step200,7,P_O0_resume,200,easy,20070094,8,0.16677069433895467,0.08310585474736108,0.024654824234282544,1,1,1,-0.08366483959159358
seed7_P_O0_resume_step200,7,P_O0_resume,200,easy,20070095,8,0.12802843609289594,0.03841991954107439,0.02354574999237321,1,1,1,-0.08960851655182155
seed7_P_O0_resume_step200,7,P_O0_resume,200,easy,20070096,8,0.3076944534264095,0.07214434890293023,0.0698962129240629,1,1,1,-0.23555010452347927
seed7_P_O0_resume_step200,7,P_O0_resume,200,easy,20070097,8,0.054072248974962246,0.761279965471133,0.054072248974962246,1,0.625,1,0.7072077164961708
seed7_P_O0_resume_step200,7,P_O0_resume,200,easy,20070098,8,0.11866545319250793,0.0496551001898059,0.03133750012569633,1,1,1,-0.06901035300270203
seed7_P_O0_resume_step200,7,P_O0_resume,200,easy,20070099,8,1.043924931514371,0.6123960759363732,0.6049804418074559,0.25,0.875,0.875,-0.4315288555779978
seed7_P_O0_resume_step200,7,P_O0_resume,200,hard,20070000,8,1.4985858656983435,1.4462638709918354,1.3998210792342554,0.375,0.375,0.375,-0.05232199470650811
seed7_P_O0_resume_step200,7,P_O0_resume,200,hard,20070001,8,2.403122037867055,1.837960278243864,1.8330480165507392,0.375,0.375,0.375,-0.565161759623191
seed7_P_O0_resume_step200,7,P_O0_resume,200,hard,20070002,8,1.6387747262449774,0.8061689074809366,0.8061689074809366,0,0.625,0.625,-0.8326058187640408
seed7_P_O0_resume_step200,7,P_O0_resume,200,hard,20070003,8,0.7039538173953215,0.8217337244655976,0.6850839553600538,0.75,0.875,0.875,0.11777990707027608
seed7_P_O0_resume_step200,7,P_O0_resume,200,hard,20070004,8,0.8110664012781545,0.7862731681481239,0.7277827481120658,0.75,0.75,0.75,-0.02479323313003068
seed7_P_O0_resume_step200,7,P_O0_resume,200,hard,20070005,8,0.9435325372117837,0.9037271721667441,0.8495067726714965,0.75,0.75,0.75,-0.03980536504503951
seed7_P_O0_resume_step200,7,P_O0_resume,200,hard,20070006,8,1.007545800334778,1.438350047514592,0.9810652144644001,0.625,0.5,0.625,0.43080424717981414
seed7_P_O0_resume_step200,7,P_O0_resume,200,hard,20070007,8,2.0790347882844604,1.7238339937703486,1.6372042788727292,0.375,0.375,0.375,-0.3552007945141118
seed7_P_O0_resume_step200,7,P_O0_resume,200,hard,20070008,8,0.9825379246891317,1.0540169983363765,0.9825379246891317,0.75,0.75,0.75,0.07147907364724482
seed7_P_O0_resume_step200,7,P_O0_resume,200,hard,20070009,8,1.4868980482216656,1.7147591727806448,1.1068099708863606,0.25,0.25,0.5,0.22786112455897922
seed7_P_O0_resume_step200,7,P_O0_resume,200,hard,20070010,8,1.0873453037077123,0.7826808749570235,0.7826808749570235,0.625,0.75,0.75,-0.3046644287506888
seed7_P_O0_resume_step200,7,P_O0_resume,200,hard,20070011,8,0.9823007267214174,0.6601473876909859,0.6574633440548275,0.75,0.75,0.75,-0.32215333903043153
seed7_P_O0_resume_step200,7,P_O0_resume,200,hard,20070012,8,1.8450762348464154,1.5546687784751285,1.470630058879602,0.25,0.25,0.25,-0.29040745637128684
seed7_P_O0_resume_step200,7,P_O0_resume,200,hard,20070013,8,1.8824610762656013,1.6139986675263742,1.5336082751799731,0,0,0,-0.2684624087392271
seed7_P_O0_resume_step200,7,P_O0_resume,200,hard,20070014,8,1.130252709373537,1.31394008343172,1.0192934750297944,0.75,0.625,0.75,0.18368737405818303
seed7_P_O0_resume_step200,7,P_O0_resume,200,hard,20070015,8,0.7871089836153434,0.8936482766553012,0.7180663989031725,1,0.75,1,0.1065392930399578
seed7_P_O0_resume_step200,7,P_O0_resume,200,hard,20070016,8,1.2089878671862528,1.3728940027059968,1.2089878671862528,0.5,0.25,0.5,0.16390613551974398
seed7_P_O0_resume_step200,7,P_O0_resume,200,hard,20070017,8,1.29272446514835,1.2827235449847005,1.1243610710141148,0.5,0.625,0.625,-0.010000920163649507
seed7_P_O0_resume_step200,7,P_O0_resume,200,hard,20070018,8,0.9009711081283556,1.0492648446175052,0.9009711081283556,0.5,0.375,0.5,0.14829373648914967
seed7_P_O0_resume_step200,7,P_O0_resume,200,hard,20070019,8,1.2683444944675468,0.7211049594817458,0.7211049594817458,0.125,0.875,0.875,-0.547239534985801
seed7_P_O0_resume_step200,7,P_O0_resume,200,hard,20070020,8,1.1939345368104353,1.7894855417879878,1.1939345368104353,0.375,0,0.375,0.5955510049775525
seed7_P_O0_resume_step200,7,P_O0_resume,200,hard,20070021,8,0.7332533188385787,0.7991057638527868,0.5319859942140205,0.625,1,1,0.06585244501420806
seed7_P_O0_resume_step200,7,P_O0_resume,200,hard,20070022,8,1.319236124538759,1.2753094507320226,1.0986616034608376,0.5,0.375,0.5,-0.043926673806736316
seed7_P_O0_resume_step200,7,P_O0_resume,200,hard,20070023,8,1.5997136380023655,1.2603880461442227,1.2603880461442227,0,0.375,0.375,-0.3393255918581428
seed7_P_O0_resume_step200,7,P_O0_resume,200,hard,20070024,8,1.2911267149698424,0.9124053880614862,0.9124053880614862,0,0.625,0.625,-0.37872132690835625
seed7_P_O0_resume_step200,7,P_O0_resume,200,hard,20070025,8,0.9325480833803838,1.2799037500487274,0.8754564557621425,0.75,0.375,0.75,0.3473556666683436
seed7_P_O0_resume_step200,7,P_O0_resume,200,hard,20070026,8,1.1931040833572772,1.1436055566205854,1.1436055566205854,0.5,0.5,0.5,-0.04949852673669186
seed7_P_O0_resume_step200,7,P_O0_resume,200,hard,20070027,8,2.1130791043290285,1.0261830867207709,1.0261830867207709,0,0.375,0.375,-1.0868960176082576
seed7_P_O0_resume_step200,7,P_O0_resume,200,hard,20070028,8,1.0505111549220818,1.026101371968059,0.9752816453641843,0.75,0.625,0.75,-0.02440978295402285
seed7_P_O0_resume_step200,7,P_O0_resume,200,hard,20070029,8,1.346231647934277,1.167145493970895,1.167145493970895,0,0.25,0.25,-0.17908615396338212
seed7_P_O0_resume_step200,7,P_O0_resume,200,hard,20070030,8,0.999922061857999,1.1888751089453955,0.9206638575965467,0.625,0.5,0.625,0.18895304708739646
seed7_P_O0_resume_step200,7,P_O0_resume,200,hard,20070031,8,0.931636176406573,0.9107241437598699,0.7927694126314329,0.625,0.875,0.875,-0.02091203264670316
seed7_P_O0_resume_step200,7,P_O0_resume,200,hard,20070032,8,0.8248593562992472,0.9207574322706084,0.7643220039135729,0.875,0.75,1,0.09589807597136113
seed7_P_O0_resume_step200,7,P_O0_resume,200,hard,20070033,8,0.9597299453177809,0.7457238146758044,0.7457238146758044,0.625,0.625,0.625,-0.2140061306419765
seed7_P_O0_resume_step200,7,P_O0_resume,200,hard,20070034,8,2.2904170421004864,2.3935850442568642,2.1509300445004476,0,0,0,0.10316800215637789
seed7_P_O0_resume_step200,7,P_O0_resume,200,hard,20070035,8,1.3921821400374574,1.818975428249748,1.0925631720374713,0.125,0,0.125,0.42679328821229046
seed7_P_O0_resume_step200,7,P_O0_resume,200,hard,20070036,8,0.6932065513965313,0.7136474823966711,0.6260738767312644,0.75,0.75,0.75,0.020440931000139773
seed7_P_O0_resume_step200,7,P_O0_resume,200,hard,20070037,8,1.0122294767196518,1.1294998752395446,0.8989004437534748,0.75,0.5,0.75,0.11727039851989285
seed7_P_O0_resume_step200,7,P_O0_resume,200,hard,20070038,8,1.2418947009604577,0.7616486952760175,0.7616486952760175,0.125,0.875,0.875,-0.4802460056844402
seed7_P_O0_resume_step200,7,P_O0_resume,200,hard,20070039,8,1.1756106998874407,1.492417236212989,1.1498264692142754,0.5,0.5,0.5,0.31680653632554834
seed7_P_O0_resume_step200,7,P_O0_resume,200,hard,20070040,8,0.7683022923327235,0.9489812310014121,0.5480539353861593,0.625,0.375,0.625,0.18067893866868856
seed7_P_O0_resume_step200,7,P_O0_resume,200,hard,20070041,8,1.179583410063137,1.108992709459281,0.9454260666399252,0.5,0.5,0.5,-0.07059070060385597
seed7_P_O0_resume_step200,7,P_O0_resume,200,hard,20070042,8,1.045228524900835,0.9590826837348648,0.7144061393687047,0.5,0.625,1,-0.08614584116597024
seed7_P_O0_resume_step200,7,P_O0_resume,200,hard,20070043,8,1.18912506894317,1.0550860424086759,1.0550860424086759,0.5,0.875,0.875,-0.13403902653449418
seed7_P_O0_resume_step200,7,P_O0_resume,200,hard,20070044,8,1.1972136802290256,1.0550806011067817,1.0193511013976548,0.125,0.625,0.625,-0.14213307912224393
seed7_P_O0_resume_step200,7,P_O0_resume,200,hard,20070045,8,1.1583467922535666,1.180139253099494,0.8949968303886364,0.5,0.625,0.625,0.021792460845927453
seed7_P_O0_resume_step200,7,P_O0_resume,200,hard,20070046,8,0.8391540651298259,1.0890723598370782,0.6902445855402133,0.625,0.625,0.75,0.24991829470725224
seed7_P_O0_resume_step200,7,P_O0_resume,200,hard,20070047,8,0.5699051853697227,0.5299633340244333,0.46433394470661327,1,0.75,1,-0.03994185134528938
seed7_P_O0_resume_step200,7,P_O0_resume,200,hard,20070048,8,2.5127146564288068,2.3059960573793767,2.305002041258676,0.125,0.25,0.25,-0.20671859904943002
seed7_P_O0_resume_step200,7,P_O0_resume,200,hard,20070049,8,1.4043779872158308,1.5298871024741723,1.1967467566258487,0.125,0,0.125,0.1255091152583414
seed7_P_O0_resume_step200,7,P_O0_resume,200,hard,20070050,8,1.3389458286703215,1.6368672476341943,1.2165855960379937,0.25,0,0.25,0.2979214189638728
seed7_P_O0_resume_step200,7,P_O0_resume,200,hard,20070051,8,1.1980552165831213,0.9866635732659389,0.9755907647687876,0.375,0.75,0.875,-0.2113916433171824
seed7_P_O0_resume_step200,7,P_O0_resume,200,hard,20070052,8,1.2645609359857801,0.6753537224305552,0.6753537224305552,0,0.75,0.75,-0.5892072135552249
seed7_P_O0_resume_step200,7,P_O0_resume,200,hard,20070053,8,1.1445266906572775,1.2419828207327042,1.1289494305903731,0.5,0.25,0.5,0.09745613007542664
seed7_P_O0_resume_step200,7,P_O0_resume,200,hard,20070054,8,0.9551483317363797,1.1049969588670538,0.9539790751756758,1,1,1,0.14984862713067415
seed7_P_O0_resume_step200,7,P_O0_resume,200,hard,20070055,8,2.16975426241048,1.6577384589723279,1.6208941450757666,0.375,0.25,0.375,-0.5120158034381523
seed7_P_O0_resume_step200,7,P_O0_resume,200,hard,20070056,8,1.3033619892294426,1.1075006744926066,1.1075006744926066,0,1,1,-0.195861314736836
seed7_P_O0_resume_step200,7,P_O0_resume,200,hard,20070057,8,0.9881605407325206,0.9284597949406785,0.9284597949406785,0.25,0.25,0.25,-0.059700745791842036
seed7_P_O0_resume_step200,7,P_O0_resume,200,hard,20070058,8,1.3621289419327556,2.136990900323636,1.3621289419327556,0.625,0,0.625,0.7748619583908805
seed7_P_O0_resume_step200,7,P_O0_resume,200,hard,20070059,8,1.750559952822024,1.3532838573523829,1.3532838573523829,0,0.125,0.125,-0.39727609546964104
seed7_P_O0_resume_step200,7,P_O0_resume,200,hard,20070060,8,1.5851909469038457,1.368746100161799,1.368746100161799,0,0.125,0.125,-0.21644484674204656
seed7_P_O0_resume_step200,7,P_O0_resume,200,hard,20070061,8,2.1527514547961983,1.982516434070451,1.9360851311878653,0.25,0.25,0.25,-0.17023502072574725
seed7_P_O0_resume_step200,7,P_O0_resume,200,hard,20070062,8,1.0918816988641813,0.7012717979136425,0.7012717979136425,0.625,0.875,0.875,-0.3906099009505388
seed7_P_O0_resume_step200,7,P_O0_resume,200,hard,20070063,8,1.457373132981086,1.0232769883693986,1.0232769883693986,0.125,0.625,0.625,-0.43409614461168733
seed7_P_O0_resume_step200,7,P_O0_resume,200,hard,20070064,8,1.2162234288119842,0.930918706923074,0.930918706923074,0.375,0.875,0.875,-0.2853047218889102
seed7_P_O0_resume_step200,7,P_O0_resume,200,hard,20070065,8,1.6315906968612424,1.0212870480295866,0.9774583712656736,0.375,0.5,0.5,-0.6103036488316558
seed7_P_O0_resume_step200,7,P_O0_resume,200,hard,20070066,8,1.5668788156638103,1.4187222544422924,1.4187222544422924,0.5,0.5,0.5,-0.14815656122151788
seed7_P_O0_resume_step200,7,P_O0_resume,200,hard,20070067,8,1.8183264971329678,1.4619368608779617,1.4619368608779617,0,0.125,0.125,-0.3563896362550061
seed7_P_O0_resume_step200,7,P_O0_resume,200,hard,20070068,8,0.5279279326368564,0.807140736677737,0.3632140871232508,0.75,0.25,1,0.27921280404088056
seed7_P_O0_resume_step200,7,P_O0_resume,200,hard,20070069,8,0.9956823454190912,1.2468611120424982,0.9956823454190912,0.75,0.625,0.75,0.251178766623407
seed7_P_O0_resume_step200,7,P_O0_resume,200,hard,20070070,8,2.41640481814339,2.7880399614752314,2.3859722648954063,0,0,0,0.37163514333184144
seed7_P_O0_resume_step200,7,P_O0_resume,200,hard,20070071,8,1.036550178166609,0.8902326525094777,0.8902326525094777,0.375,0.375,0.375,-0.1463175256571314
seed7_P_O0_resume_step200,7,P_O0_resume,200,hard,20070072,8,0.5175428349637444,0.7463741604836523,0.38516954695083283,0.875,0.875,0.875,0.22883132551990792
seed7_P_O0_resume_step200,7,P_O0_resume,200,hard,20070073,8,1.1267139579953787,0.910610070918985,0.8920623762958132,0.375,0.625,0.625,-0.2161038870763936
seed7_P_O0_resume_step200,7,P_O0_resume,200,hard,20070074,8,1.2016200028426522,1.5685492964363015,1.2016200028426522,0.375,0.375,0.375,0.36692929359364923
seed7_P_O0_resume_step200,7,P_O0_resume,200,hard,20070075,8,1.481284755849801,1.7366081769947999,1.1715178063762328,0.125,0,0.125,0.25532342114499884
seed7_P_O0_resume_step200,7,P_O0_resume,200,hard,20070076,8,1.9558819819270734,1.2567797838371741,1.2567797838371741,0,0.125,0.125,-0.6991021980898993
seed7_P_O0_resume_step200,7,P_O0_resume,200,hard,20070077,8,0.9416056396370641,1.02532620781591,0.9233619158084461,0.625,0.375,0.625,0.08372056817884588
seed7_P_O0_resume_step200,7,P_O0_resume,200,hard,20070078,8,0.8525382849473445,1.4698334730039293,0.5473277435813559,0.5,0.5,1,0.6172951880565848
seed7_P_O0_resume_step200,7,P_O0_resume,200,hard,20070079,8,1.2179002354470165,1.0747682184428706,1.0247769236811315,0.375,0.375,0.375,-0.1431320170041459
seed7_P_O0_resume_step200,7,P_O0_resume,200,hard,20070080,8,1.63091845777926,1.8241158289685937,1.601288220769664,0.25,0,0.25,0.19319737118933378
seed7_P_O0_resume_step200,7,P_O0_resume,200,hard,20070081,8,0.9060217184384569,1.0088433324283743,0.8744818228936585,1,0.75,1,0.1028216139899174
seed7_P_O0_resume_step200,7,P_O0_resume,200,hard,20070082,8,1.9197180507431904,1.038283707157789,1.038283707157789,0,0.5,0.5,-0.8814343435854013
seed7_P_O0_resume_step200,7,P_O0_resume,200,hard,20070083,8,0.8782255369950551,1.284834111172858,0.7486031020864554,0.75,0,0.75,0.40660857417780294
seed7_P_O0_resume_step200,7,P_O0_resume,200,hard,20070084,8,1.3779934889827523,1.4122852567696136,1.237481254680048,0.375,0.25,0.375,0.03429176778686127
seed7_P_O0_resume_step200,7,P_O0_resume,200,hard,20070085,8,1.7026514468199454,1.0742501427819562,1.0309732343922682,0.25,0.5,0.5,-0.6284013040379892
seed7_P_O0_resume_step200,7,P_O0_resume,200,hard,20070086,8,1.6000710760707895,1.105914054617503,1.105914054617503,0,0.625,0.625,-0.49415702145328644
seed7_P_O0_resume_step200,7,P_O0_resume,200,hard,20070087,8,0.7989242150482081,1.1655549512093102,0.7989242150482081,1,0.625,1,0.3666307361611021
seed7_P_O0_resume_step200,7,P_O0_resume,200,hard,20070088,8,0.4381766098043547,0.9872648491773736,0.320386645298546,0.875,0.25,1,0.5490882393730189
seed7_P_O0_resume_step200,7,P_O0_resume,200,hard,20070089,8,2.1511447612228,2.047101928674444,1.9859801931113736,0,0.25,0.25,-0.10404283254835578
seed7_P_O0_resume_step200,7,P_O0_resume,200,hard,20070090,8,1.1953157391462133,0.6820602856581838,0.6142553307728686,0.25,1,1,-0.5132554534880295
seed7_P_O0_resume_step200,7,P_O0_resume,200,hard,20070091,8,0.8502055411076201,0.9063573105163429,0.838322206734672,1,0.875,1,0.056151769408722796
seed7_P_O0_resume_step200,7,P_O0_resume,200,hard,20070092,8,1.5269190193910331,1.2706442079265168,1.2706442079265168,0.25,0.375,0.375,-0.25627481146451636
seed7_P_O0_resume_step200,7,P_O0_resume,200,hard,20070093,8,0.707381754813203,0.6856993998531948,0.6548058741843396,1,0.875,1,-0.021682354960008143
seed7_P_O0_resume_step200,7,P_O0_resume,200,hard,20070094,8,0.7821211518283233,0.6672292791148751,0.6659444758465386,0.75,0.75,0.75,-0.11489187271344825
seed7_P_O0_resume_step200,7,P_O0_resume,200,hard,20070095,8,1.5538190206706932,1.0168071515979242,1.0168071515979242,0,0.25,0.25,-0.537011869072769
seed7_P_O0_resume_step200,7,P_O0_resume,200,hard,20070096,8,1.4032979599514952,1.6001934041317667,1.3900004601237406,0.125,0,0,0.1968954441802715
seed7_P_O0_resume_step200,7,P_O0_resume,200,hard,20070097,8,0.964257034598393,1.0367671537753442,0.9397277739888173,0.625,0.375,0.625,0.07251011917695127
seed7_P_O0_resume_step200,7,P_O0_resume,200,hard,20070098,8,1.477920970049909,1.18095760669625,1.18095760669625,0,0.625,0.625,-0.296963363353659
seed7_P_O0_resume_step200,7,P_O0_resume,200,hard,20070099,8,1.1804800047574835,1.1315212531980507,1.0674816764203243,0.25,0.625,0.625,-0.048958751559432745
seed7_P_O0_resume_step400,7,P_O0_resume,400,easy,20070000,8,0.17212090458345392,0.2478679581953542,0.14544061790447366,1,1,1,0.07574705361190029
seed7_P_O0_resume_step400,7,P_O0_resume,400,easy,20070001,8,0.649321025864987,2.230576384249736,0.4012834957234518,0.625,0.375,0.75,1.581255358384749
seed7_P_O0_resume_step400,7,P_O0_resume,400,easy,20070002,8,0.6741923484170229,0.6310487017249123,0.38292677455556345,0.625,0.625,0.75,-0.04314364669211057
seed7_P_O0_resume_step400,7,P_O0_resume,400,easy,20070003,8,0.00796740592205209,0.011027067735807833,0.0069204446762518145,1,1,1,0.0030596618137557433
seed7_P_O0_resume_step400,7,P_O0_resume,400,easy,20070004,8,0.2905982641650847,0.9485454778225143,0.2036819280498764,1,0.625,1,0.6579472136574296
seed7_P_O0_resume_step400,7,P_O0_resume,400,easy,20070005,8,0.05450073685230075,0.5877907382680713,0.05450073685230075,1,0.75,1,0.5332900014157705
seed7_P_O0_resume_step400,7,P_O0_resume,400,easy,20070006,8,0.10060961825309654,0.0482785132834196,0.030915234962523467,1,1,1,-0.05233110496967694
seed7_P_O0_resume_step400,7,P_O0_resume,400,easy,20070007,8,0.13781875245621575,0.0850765080679616,0.03615322964497761,1,1,1,-0.052742244388254145
seed7_P_O0_resume_step400,7,P_O0_resume,400,easy,20070008,8,0.012767140546769399,0.007781459940242002,0.004057878362050264,1,1,1,-0.004985680606527396
seed7_P_O0_resume_step400,7,P_O0_resume,400,easy,20070009,8,0.11146291152870018,0.28397049636366,0.11146291152870018,1,0.875,1,0.17250758483495982
seed7_P_O0_resume_step400,7,P_O0_resume,400,easy,20070010,8,0.7687531489598193,1.4495540377201732,0.4387898205642805,0.75,0.25,0.875,0.6808008887603539
seed7_P_O0_resume_step400,7,P_O0_resume,400,easy,20070011,8,0.2605350538347635,0.21540414942573313,0.16754329867717083,1,1,1,-0.045130904409030365
seed7_P_O0_resume_step400,7,P_O0_resume,400,easy,20070012,8,0.546075301756444,0.2576305417149092,0.25471518752354966,0.625,0.875,0.875,-0.28844476004153485
seed7_P_O0_resume_step400,7,P_O0_resume,400,easy,20070013,8,0.7901886545815531,0.43447635651602434,0.40858814922759906,0.625,0.75,0.75,-0.35571229806552873
seed7_P_O0_resume_step400,7,P_O0_resume,400,easy,20070014,8,0.5298934417475585,1.19122550075585,0.5296045743158473,0.625,0.5,0.625,0.6613320590082916
seed7_P_O0_resume_step400,7,P_O0_resume,400,easy,20070015,8,0.19038533738180616,0.047598690691354466,0.02768164058614359,1,1,1,-0.14278664669045169
seed7_P_O0_resume_step400,7,P_O0_resume,400,easy,20070016,8,0.2151700517309113,1.771770406268769,0.17843622033642606,1,0.5,1,1.5566003545378577
seed7_P_O0_resume_step400,7,P_O0_resume,400,easy,20070017,8,0.36531905765924905,0.5265748327880171,0.2787858239017339,0.875,0.875,1,0.16125577512876804
seed7_P_O0_resume_step400,7,P_O0_resume,400,easy,20070018,8,0.14110601590217445,0.42821168863676823,0.09750885090565828,1,0.75,1,0.28710567273459375
seed7_P_O0_resume_step400,7,P_O0_resume,400,easy,20070019,8,0.7745534236639694,1.0605937423625011,0.3528322710615691,0.25,0.75,1,0.28604031869853175
seed7_P_O0_resume_step400,7,P_O0_resume,400,easy,20070020,8,0.19706544992339228,0.026474720113481266,0.023993578180394288,0.875,1,1,-0.17059072980991102
seed7_P_O0_resume_step400,7,P_O0_resume,400,easy,20070021,8,0.19244112332550845,1.2635033628041596,0.19007949129970708,1,0.375,1,1.071062239478651
seed7_P_O0_resume_step400,7,P_O0_resume,400,easy,20070022,8,0.05722250511365451,0.3557458610176124,0.05722250511365451,1,1,1,0.2985233559039579
seed7_P_O0_resume_step400,7,P_O0_resume,400,easy,20070023,8,0.009009151954347773,0.13142292655398957,0.007853609578848814,1,1,1,0.1224137745996418
seed7_P_O0_resume_step400,7,P_O0_resume,400,easy,20070024,8,0.0345343233210188,0.01937391860660298,0.013559739239309174,1,1,1,-0.01516040471441582
seed7_P_O0_resume_step400,7,P_O0_resume,400,easy,20070025,8,1.1654209609900739,2.2432681448026033,1.1654209609900739,0.375,0.375,0.375,1.0778471838125294
seed7_P_O0_resume_step400,7,P_O0_resume,400,easy,20070026,8,1.011608045868027,1.6288156673396386,1.011608045868027,0.375,0.375,0.375,0.6172076214716116
seed7_P_O0_resume_step400,7,P_O0_resume,400,easy,20070027,8,0.054625600477901,0.030172396380843763,0.030172396380843763,1,1,1,-0.024453204097057236
seed7_P_O0_resume_step400,7,P_O0_resume,400,easy,20070028,8,0.5195582578959389,0.4889237615365696,0.41260541994949446,0.75,0.625,0.75,-0.030634496359369323
seed7_P_O0_resume_step400,7,P_O0_resume,400,easy,20070029,8,0.201122105412633,1.2970573882869358,0.14015304237226442,1,0.375,1,1.0959352828743028
seed7_P_O0_resume_step400,7,P_O0_resume,400,easy,20070030,8,0.2634499138385571,0.02974170312856992,0.028674423257669102,0.875,1,1,-0.23370821070998718
seed7_P_O0_resume_step400,7,P_O0_resume,400,easy,20070031,8,0.28645301271115,0.9448872654708601,0.28645301271115,1,0.5,1,0.6584342527597101
seed7_P_O0_resume_step400,7,P_O0_resume,400,easy,20070032,8,0.008018004182002457,0.037102880985668635,0.004659632847181623,1,1,1,0.029084876803666178
seed7_P_O0_resume_step400,7,P_O0_resume,400,easy,20070033,8,0.3282514785713004,3.216882632293655,0.32508095692512845,1,0.25,1,2.8886311537223546
seed7_P_O0_resume_step400,7,P_O0_resume,400,easy,20070034,8,0.2879837494379145,0.30540280006461396,0.24546427911443403,0.875,0.875,1,0.01741905062669946
seed7_P_O0_resume_step400,7,P_O0_resume,400,easy,20070035,8,0.20533411088110323,0.18763017066168408,0.07360830582803796,1,0.875,1,-0.01770394021941915
seed7_P_O0_resume_step400,7,P_O0_resume,400,easy,20070036,8,0.3006859794853209,0.37013869622691914,0.2634743655128182,0.875,0.875,1,0.06945271674159825
seed7_P_O0_resume_step400,7,P_O0_resume,400,easy,20070037,8,0.19602609404375484,0.039182378906684634,0.01768623970210984,0.875,1,1,-0.1568437151370702
seed7_P_O0_resume_step400,7,P_O0_resume,400,easy,20070038,8,0.6037933731856566,0.23756563173883216,0.2348779221767037,0.75,0.875,0.875,-0.36622774144682446
seed7_P_O0_resume_step400,7,P_O0_resume,400,easy,20070039,8,1.0247558695904984,3.6934139386639804,0.9925718460763618,0.5,0.25,0.5,2.668658069073482
seed7_P_O0_resume_step400,7,P_O0_resume,400,easy,20070040,8,0.5345722916083867,0.5310028373643991,0.37179082454264983,0.625,0.875,0.875,-0.00356945424398758
seed7_P_O0_resume_step400,7,P_O0_resume,400,easy,20070041,8,0.012893052193579961,0.0153992648589961,0.0030796452192338626,1,1,1,0.002506212665416138
seed7_P_O0_resume_step400,7,P_O0_resume,400,easy,20070042,8,0.3268574354022421,0.36266605872578617,0.09134491876564943,0.875,1,1,0.035808623323544064
seed7_P_O0_resume_step400,7,P_O0_resume,400,easy,20070043,8,0.7653345818973157,0.8314616972324557,0.6983975055356373,0.625,0.5,0.625,0.06612711533513993
seed7_P_O0_resume_step400,7,P_O0_resume,400,easy,20070044,8,0.13714626589581777,0.6993850808460562,0.1371460929748191,1,0.625,1,0.5622388149502384
seed7_P_O0_resume_step400,7,P_O0_resume,400,easy,20070045,8,0.016415653129387614,0.021114249455362763,0.00929862660900867,1,1,1,0.004698596325975149
seed7_P_O0_resume_step400,7,P_O0_resume,400,easy,20070046,8,0.25749621332421535,2.3722593491090613,0.25749621332421535,1,0.25,1,2.114763135784846
seed7_P_O0_resume_step400,7,P_O0_resume,400,easy,20070047,8,0.47404417093904805,0.6389206056765496,0.08546758836119928,0.875,0.625,1,0.16487643473750158
seed7_P_O0_resume_step400,7,P_O0_resume,400,easy,20070048,8,0.33303121239861344,0.25598761522198593,0.25452684847828405,0.75,0.875,0.875,-0.07704359717662751
seed7_P_O0_resume_step400,7,P_O0_resume,400,easy,20070049,8,0.06958187063777954,0.08606378806274596,0.011841333689271606,1,1,1,0.016481917424966422
seed7_P_O0_resume_step400,7,P_O0_resume,400,easy,20070050,8,0.5334742320686124,1.4602287130184226,0.5315527947206583,0.75,0.5,0.75,0.9267544809498102
seed7_P_O0_resume_step400,7,P_O0_resume,400,easy,20070051,8,0.082505013090162,0.25148129198074104,0.015581950243264853,1,1,1,0.16897627889057903
seed7_P_O0_resume_step400,7,P_O0_resume,400,easy,20070052,8,0.11419904922866482,0.019929520248977164,0.017912516781946167,1,1,1,-0.09426952897968766
seed7_P_O0_resume_step400,7,P_O0_resume,400,easy,20070053,8,0.05344494471457439,0.9760243151724636,0.040347155851175966,1,0.625,1,0.9225793704578892
seed7_P_O0_resume_step400,7,P_O0_resume,400,easy,20070054,8,0.17438460653639312,0.539539915697396,0.05921321042478178,1,0.625,1,0.3651553091610029
seed7_P_O0_resume_step400,7,P_O0_resume,400,easy,20070055,8,0.60176020623803,0.3769267146333574,0.3046271140064209,0.75,0.75,0.75,-0.22483349160467253
seed7_P_O0_resume_step400,7,P_O0_resume,400,easy,20070056,8,0.23335609983754638,0.8472556390387137,0.23335609983754638,0.875,0.75,0.875,0.6138995392011674
seed7_P_O0_resume_step400,7,P_O0_resume,400,easy,20070057,8,0.02154958204321348,0.028175683483806117,0.01724778746815964,1,1,1,0.006626101440592638
seed7_P_O0_resume_step400,7,P_O0_resume,400,easy,20070058,8,0.03248375568265281,0.0410883110434442,0.026016523938733147,1,1,1,0.00860455536079139
seed7_P_O0_resume_step400,7,P_O0_resume,400,easy,20070059,8,0.8370676406511368,0.802410479387218,0.7393460846376261,0.5,0.5,0.5,-0.03465716126391882
seed7_P_O0_resume_step400,7,P_O0_resume,400,easy,20070060,8,0.2950143871896543,0.336149560069506,0.1960721704654961,0.875,1,1,0.041135172879851745
seed7_P_O0_resume_step400,7,P_O0_resume,400,easy,20070061,8,0.2529936927780648,0.43684415944616206,0.11096728694840186,1,0.75,1,0.18385046666809723
seed7_P_O0_resume_step400,7,P_O0_resume,400,easy,20070062,8,1.044520050512134,1.4344106118800481,0.8391158498014117,0.375,0.375,0.5,0.3898905613679142
seed7_P_O0_resume_step400,7,P_O0_resume,400,easy,20070063,8,0.8144046189651398,0.41784400946120553,0.25793156040537923,0.5,1,1,-0.3965606095039343
seed7_P_O0_resume_step400,7,P_O0_resume,400,easy,20070064,8,0.091437792977113,0.06763622477566544,0.010205562997040353,1,1,1,-0.023801568201447562
seed7_P_O0_resume_step400,7,P_O0_resume,400,easy,20070065,8,0.3141076617565471,0.0218474999105834,0.02013448953507065,1,1,1,-0.2922601618459637
seed7_P_O0_resume_step400,7,P_O0_resume,400,easy,20070066,8,0.018671699910208825,0.060796175500234834,0.018671699910208825,1,1,1,0.04212447559002601
seed7_P_O0_resume_step400,7,P_O0_resume,400,easy,20070067,8,0.4362669743847757,0.15798261200992914,0.0978713723332903,0.875,1,1,-0.27828436237484655
seed7_P_O0_resume_step400,7,P_O0_resume,400,easy,20070068,8,0.4929703668739851,4.140154629063611,0.4929703668739851,1,0.125,1,3.6471842621896258
seed7_P_O0_resume_step400,7,P_O0_resume,400,easy,20070069,8,0.4333044332501248,0.05884146116207907,0.058650731585109035,0.875,1,1,-0.37446297208804574
seed7_P_O0_resume_step400,7,P_O0_resume,400,easy,20070070,8,0.06219189553464479,0.49963290795908016,0.016281370180895195,1,0.875,1,0.4374410124244354
seed7_P_O0_resume_step400,7,P_O0_resume,400,easy,20070071,8,0.9039608927065416,1.4631427122335348,0.6485524171409808,0.5,0.625,0.625,0.5591818195269932
seed7_P_O0_resume_step400,7,P_O0_resume,400,easy,20070072,8,0.06843169746542693,0.1740738450979287,0.06843169746542693,1,1,1,0.10564214763250176
seed7_P_O0_resume_step400,7,P_O0_resume,400,easy,20070073,8,0.011260392889841344,0.08282938768713487,0.010441575460239851,1,1,1,0.07156899479729352
seed7_P_O0_resume_step400,7,P_O0_resume,400,easy,20070074,8,0.7274855345882592,1.7515947587978389,0.5345935743422364,0.625,0.25,0.75,1.0241092242095797
seed7_P_O0_resume_step400,7,P_O0_resume,400,easy,20070075,8,0.08708467138408464,0.6490056874973396,0.08708467138408464,1,0.5,1,0.561921016113255
seed7_P_O0_resume_step400,7,P_O0_resume,400,easy,20070076,8,0.33487381333234867,0.9014525789215131,0.33487381333234867,1,0.375,1,0.5665787655891644
seed7_P_O0_resume_step400,7,P_O0_resume,400,easy,20070077,8,0.025046005421959852,0.017868114458386108,0.007120203938875815,1,1,1,-0.007177890963573744
seed7_P_O0_resume_step400,7,P_O0_resume,400,easy,20070078,8,0.3697363775092625,0.5778559045261737,0.2493224078246697,1,0.625,1,0.20811952701691122
seed7_P_O0_resume_step400,7,P_O0_resume,400,easy,20070079,8,0.34305783583011695,0.3747893747330074,0.06154879532344077,0.75,1,1,0.03173153890289043
seed7_P_O0_resume_step400,7,P_O0_resume,400,easy,20070080,8,1.613678393165593,1.8774336236583806,1.613678393165593,0.25,0.25,0.25,0.2637552304927877
seed7_P_O0_resume_step400,7,P_O0_resume,400,easy,20070081,8,0.10195628938459035,2.136915123058425,0.10195628938459035,1,0.5,1,2.0349588336738345
seed7_P_O0_resume_step400,7,P_O0_resume,400,easy,20070082,8,0.25133348878865597,0.12999011510214856,0.10501964845050878,0.875,1,1,-0.12134337368650741
seed7_P_O0_resume_step400,7,P_O0_resume,400,easy,20070083,8,0.11462832679255666,0.7647615882869734,0.11462832679255666,1,0.5,1,0.6501332614944167
seed7_P_O0_resume_step400,7,P_O0_resume,400,easy,20070084,8,0.6085883767715958,0.3324416344373691,0.32667544599174364,0.625,1,1,-0.2761467423342267
seed7_P_O0_resume_step400,7,P_O0_resume,400,easy,20070085,8,0.11999107933033304,0.2899065077996544,0.11999107933033304,1,0.875,1,0.16991542846932134
seed7_P_O0_resume_step400,7,P_O0_resume,400,easy,20070086,8,0.020825673671590696,0.04416702311148887,0.010330488065126887,1,1,1,0.023341349439898178
seed7_P_O0_resume_step400,7,P_O0_resume,400,easy,20070087,8,0.13295704076185483,1.411298728889461,0.09357540605405294,1,0.375,1,1.2783416881276062
seed7_P_O0_resume_step400,7,P_O0_resume,400,easy,20070088,8,0.01773470711178864,0.009902816999172424,0.0043453850784432625,1,1,1,-0.007831890112616216
seed7_P_O0_resume_step400,7,P_O0_resume,400,easy,20070089,8,1.2964724888193275,0.872901852458761,0.761576172322548,0.25,0.5,0.5,-0.4235706363605666
seed7_P_O0_resume_step400,7,P_O0_resume,400,easy,20070090,8,0.8502349265859068,1.455420999047976,0.8502349265859068,0.625,0.125,0.625,0.6051860724620692
seed7_P_O0_resume_step400,7,P_O0_resume,400,easy,20070091,8,0.1903745308140319,2.7155928366330797,0.19018184021216356,1,0.625,1,2.5252183058190476
seed7_P_O0_resume_step400,7,P_O0_resume,400,easy,20070092,8,0.025556194879458753,0.022601244808418595,0.02016461758423256,1,1,1,-0.0029549500710401577
seed7_P_O0_resume_step400,7,P_O0_resume,400,easy,20070093,8,0.09572888831188058,0.06824183100810072,0.003905167905169695,1,1,1,-0.027487057303779858
seed7_P_O0_resume_step400,7,P_O0_resume,400,easy,20070094,8,0.1670651724851261,0.43768160261044253,0.007416483416015085,1,0.625,1,0.27061643012531644
seed7_P_O0_resume_step400,7,P_O0_resume,400,easy,20070095,8,0.16054722847887334,0.032641049004702376,0.022399505154535516,1,1,1,-0.12790617947417096
seed7_P_O0_resume_step400,7,P_O0_resume,400,easy,20070096,8,0.332018382945456,0.04047491177928319,0.03986808534082947,1,1,1,-0.2915434711661728
seed7_P_O0_resume_step400,7,P_O0_resume,400,easy,20070097,8,0.03448654815982765,1.782015009309012,0.03448654815982765,1,0.5,1,1.7475284611491844
seed7_P_O0_resume_step400,7,P_O0_resume,400,easy,20070098,8,0.14399612423267794,0.2150155957360728,0.03108757168797912,1,1,1,0.07101947150339485
seed7_P_O0_resume_step400,7,P_O0_resume,400,easy,20070099,8,0.8266624089657988,1.6671191298756793,0.536723226085533,0.625,0.375,0.875,0.8404567209098806
seed7_P_O0_resume_step400,7,P_O0_resume,400,hard,20070000,8,1.4419031855682478,1.839264072817429,1.4419031855682478,0.375,0.375,0.375,0.39736088724918117
seed7_P_O0_resume_step400,7,P_O0_resume,400,hard,20070001,8,2.3165274159740603,1.8672703122397143,1.8672703122397143,0.25,0.375,0.375,-0.449257103734346
seed7_P_O0_resume_step400,7,P_O0_resume,400,hard,20070002,8,1.6866830361801366,0.8317709806656665,0.8317709806656665,0,0.625,0.625,-0.8549120555144701
seed7_P_O0_resume_step400,7,P_O0_resume,400,hard,20070003,8,0.8541499765907853,0.888688105000697,0.8494320296793487,0.875,0.875,0.875,0.03453812840991166
seed7_P_O0_resume_step400,7,P_O0_resume,400,hard,20070004,8,0.7765140381572527,0.8231869769912202,0.7514855073544211,0.75,0.75,0.75,0.0466729388339675
seed7_P_O0_resume_step400,7,P_O0_resume,400,hard,20070005,8,0.9268787275252839,0.9143292842616606,0.8664551382287949,0.75,0.75,0.75,-0.012549443263623283
seed7_P_O0_resume_step400,7,P_O0_resume,400,hard,20070006,8,1.0259071846648475,1.226342330344942,1.0195434905020726,0.5,0.5,0.5,0.20043514568009457
seed7_P_O0_resume_step400,7,P_O0_resume,400,hard,20070007,8,1.932533710172661,1.617473007286751,1.5681210605175262,0.375,0.375,0.375,-0.31506070288591004
seed7_P_O0_resume_step400,7,P_O0_resume,400,hard,20070008,8,1.0924507524935618,1.1978342123825239,1.0924507524935618,0.625,0.5,0.625,0.10538345988896203
seed7_P_O0_resume_step400,7,P_O0_resume,400,hard,20070009,8,1.6962596654007032,1.7180615047578538,1.473767488540804,0.25,0.125,0.25,0.021801839357150632
seed7_P_O0_resume_step400,7,P_O0_resume,400,hard,20070010,8,1.0911314585680234,0.8435700064335464,0.8435700064335464,0.625,0.75,0.75,-0.247561452134477
seed7_P_O0_resume_step400,7,P_O0_resume,400,hard,20070011,8,0.8886858900383162,0.6054534814568712,0.6054534814568712,0.75,0.75,0.75,-0.28323240858144505
seed7_P_O0_resume_step400,7,P_O0_resume,400,hard,20070012,8,1.6964827954831008,1.459784949514256,1.4176160706976821,0.25,0.375,0.375,-0.2366978459688447
seed7_P_O0_resume_step400,7,P_O0_resume,400,hard,20070013,8,1.7039782187114427,1.757741389488265,1.700393781884861,0,0,0,0.053763170776822244
seed7_P_O0_resume_step400,7,P_O0_resume,400,hard,20070014,8,1.0697903471162482,1.528234732604359,0.8963615022824728,0.75,0.625,0.75,0.45844438548811084
seed7_P_O0_resume_step400,7,P_O0_resume,400,hard,20070015,8,0.8116561697921978,0.8341045719843918,0.8019666102795671,0.75,0.75,0.75,0.022448402192194017
seed7_P_O0_resume_step400,7,P_O0_resume,400,hard,20070016,8,1.2961104748786796,1.370146658226237,1.2961104748786796,0.25,0.25,0.25,0.07403618334755735
seed7_P_O0_resume_step400,7,P_O0_resume,400,hard,20070017,8,1.2825422558599833,1.3398595098525827,1.2109577760828274,0.5,0.5,0.75,0.05731725399259946
seed7_P_O0_resume_step400,7,P_O0_resume,400,hard,20070018,8,0.9211030832566672,1.0492703218016208,0.9211030832566672,0.625,0.375,0.625,0.1281672385449536
seed7_P_O0_resume_step400,7,P_O0_resume,400,hard,20070019,8,1.274442227357358,0.8685878232506862,0.8685878232506862,0.125,0.75,0.75,-0.40585440410667173
seed7_P_O0_resume_step400,7,P_O0_resume,400,hard,20070020,8,1.4046472358895987,1.581611529817748,1.4046472358895987,0.125,0.125,0.125,0.17696429392814927
seed7_P_O0_resume_step400,7,P_O0_resume,400,hard,20070021,8,0.7048757692534523,0.6808301814467357,0.5474387007754667,0.625,0.625,0.625,-0.024045587806716617
seed7_P_O0_resume_step400,7,P_O0_resume,400,hard,20070022,8,1.2123791117051035,1.2197092587831475,1.1246333750662851,0.5,0.5,0.5,0.007330147078044025
seed7_P_O0_resume_step400,7,P_O0_resume,400,hard,20070023,8,1.5177931090908638,1.2981550770888741,1.2981550770888741,0,0.375,0.375,-0.21963803200198972
seed7_P_O0_resume_step400,7,P_O0_resume,400,hard,20070024,8,1.265018126673801,1.1488131701890871,1.1488131701890871,0.125,0.25,0.25,-0.11620495648471385
seed7_P_O0_resume_step400,7,P_O0_resume,400,hard,20070025,8,1.0203020625530426,1.1597021891784136,0.995741957912926,0.375,0.375,0.375,0.13940012662537105
seed7_P_O0_resume_step400,7,P_O0_resume,400,hard,20070026,8,1.1679811561643638,1.1585044375690254,1.1407032075209507,0.375,0.5,0.5,-0.009476718595338385
seed7_P_O0_resume_step400,7,P_O0_resume,400,hard,20070027,8,2.0761407559053233,1.398336941517487,1.398336941517487,0,0.125,0.125,-0.6778038143878362
seed7_P_O0_resume_step400,7,P_O0_resume,400,hard,20070028,8,1.1601368769881188,1.1320958979886369,1.1312022000192143,0.125,0.25,0.25,-0.02804097899948199
seed7_P_O0_resume_step400,7,P_O0_resume,400,hard,20070029,8,1.1159212816075028,1.100151790366024,1.0937250371761857,0.125,0.25,0.25,-0.01576949124147875
seed7_P_O0_resume_step400,7,P_O0_resume,400,hard,20070030,8,1.0511893620768633,1.2265280024100595,1.033268880043326,0.625,0.5,0.625,0.17533864033319624
seed7_P_O0_resume_step400,7,P_O0_resume,400,hard,20070031,8,1.0130296365734095,1.0050170692335854,0.9662128616134744,0.625,0.875,1,-0.00801256733982414
seed7_P_O0_resume_step400,7,P_O0_resume,400,hard,20070032,8,0.7687824184623289,0.8367794975034586,0.709801659006715,0.875,0.875,1,0.06799707904112973
seed7_P_O0_resume_step400,7,P_O0_resume,400,hard,20070033,8,0.8857913831385399,0.7199135266262361,0.7199135266262361,0.625,0.75,0.75,-0.1658778565123038
seed7_P_O0_resume_step400,7,P_O0_resume,400,hard,20070034,8,2.128032328730776,2.3462239462079872,2.0254379100434057,0,0,0,0.21819161747721116
seed7_P_O0_resume_step400,7,P_O0_resume,400,hard,20070035,8,1.6181078441735093,1.7563048770596756,1.4400819118806745,0.125,0,0.125,0.13819703288616636
seed7_P_O0_resume_step400,7,P_O0_resume,400,hard,20070036,8,0.6567297219910785,0.689859847141339,0.622662758432858,0.75,0.875,0.875,0.03313012515026048
seed7_P_O0_resume_step400,7,P_O0_resume,400,hard,20070037,8,1.0195320163576491,1.0555233681046334,0.9525553943525146,0.75,0.5,0.75,0.03599135174698431
seed7_P_O0_resume_step400,7,P_O0_resume,400,hard,20070038,8,1.2575696878282792,0.944954003767458,0.944954003767458,0.125,0.5,0.5,-0.3126156840608212
seed7_P_O0_resume_step400,7,P_O0_resume,400,hard,20070039,8,1.145414714781045,1.4572634289387116,1.0940398851568809,0.5,0.5,0.5,0.3118487141576667
seed7_P_O0_resume_step400,7,P_O0_resume,400,hard,20070040,8,0.7821957983877437,0.8639597541929493,0.662766547401509,0.5,0.5,0.5,0.08176395580520568
seed7_P_O0_resume_step400,7,P_O0_resume,400,hard,20070041,8,1.1277088659249888,1.0472988510257975,0.9664396164706862,0.5,0.5,0.5,-0.0804100148991913
seed7_P_O0_resume_step400,7,P_O0_resume,400,hard,20070042,8,1.0004995298281008,0.9482164956335685,0.7660574712972354,0.625,0.75,1,-0.052283034194532285
seed7_P_O0_resume_step400,7,P_O0_resume,400,hard,20070043,8,1.1191380409369962,1.1066523334632679,1.1066523334632679,0.5,0.5,0.5,-0.012485707473728347
seed7_P_O0_resume_step400,7,P_O0_resume,400,hard,20070044,8,1.1664579050046187,1.096356775649745,1.096356775649745,0.25,0.625,0.625,-0.07010112935487367
seed7_P_O0_resume_step400,7,P_O0_resume,400,hard,20070045,8,1.1955164993787093,1.1497354611963042,1.079907373441931,0.5,0.5,0.5,-0.04578103818240509
seed7_P_O0_resume_step400,7,P_O0_resume,400,hard,20070046,8,0.779817240959004,0.8076264588068074,0.6619463816896076,0.625,0.625,0.625,0.027809217847803436
seed7_P_O0_resume_step400,7,P_O0_resume,400,hard,20070047,8,0.5261840907594091,0.5332138040553522,0.5216477860415757,0.875,0.875,0.875,0.007029713295943152
seed7_P_O0_resume_step400,7,P_O0_resume,400,hard,20070048,8,2.126525640646885,2.2573409730954515,2.0710125404411626,0.125,0.25,0.25,0.13081533244856658
seed7_P_O0_resume_step400,7,P_O0_resume,400,hard,20070049,8,1.4957805223018263,1.523728375819998,1.4061700993150927,0,0,0,0.02794785351817164
seed7_P_O0_resume_step400,7,P_O0_resume,400,hard,20070050,8,1.4653012696249499,1.5676492147498369,1.4099055598013825,0,0,0,0.10234794512488699
seed7_P_O0_resume_step400,7,P_O0_resume,400,hard,20070051,8,1.1492345064345708,0.9857166145264213,0.9831998475975929,0.375,0.625,0.625,-0.16351789190814947
seed7_P_O0_resume_step400,7,P_O0_resume,400,hard,20070052,8,1.0152652420349095,0.8762810259152903,0.8762810259152903,0.625,0.75,0.75,-0.1389842161196192
seed7_P_O0_resume_step400,7,P_O0_resume,400,hard,20070053,8,1.2567985191743327,1.2969056640119712,1.2531069904033443,0.375,0.25,0.375,0.04010714483763844
seed7_P_O0_resume_step400,7,P_O0_resume,400,hard,20070054,8,0.9739924492590177,1.0726212697742925,0.9739924492590177,1,0.875,1,0.09862882051527477
seed7_P_O0_resume_step400,7,P_O0_resume,400,hard,20070055,8,2.134548582153188,1.7623548071395503,1.7177824189760438,0.375,0.25,0.375,-0.3721937750136377
seed7_P_O0_resume_step400,7,P_O0_resume,400,hard,20070056,8,1.1273823614206901,1.0634322832390406,1.0634322832390406,0.625,0.625,0.625,-0.06395007818164955
seed7_P_O0_resume_step400,7,P_O0_resume,400,hard,20070057,8,1.0424126175319781,1.0016792618344503,1.0016792618344503,0.25,0.25,0.25,-0.040733355697527784
seed7_P_O0_resume_step400,7,P_O0_resume,400,hard,20070058,8,1.3263487308101036,1.9590010036378456,1.3263487308101036,0.625,0.375,0.625,0.632652272827742
seed7_P_O0_resume_step400,7,P_O0_resume,400,hard,20070059,8,1.7226836758767456,1.4698173397940582,1.4698173397940582,0,0.125,0.125,-0.2528663360826875
seed7_P_O0_resume_step400,7,P_O0_resume,400,hard,20070060,8,1.363373169461609,1.3858443017937612,1.3493742407127018,0.125,0,0.125,0.022471132332152255
seed7_P_O0_resume_step400,7,P_O0_resume,400,hard,20070061,8,2.092578367750198,2.0047847077518677,1.9958428040548621,0.25,0.25,0.25,-0.08779365999833022
seed7_P_O0_resume_step400,7,P_O0_resume,400,hard,20070062,8,1.176842255526685,0.9266597743931148,0.9266597743931148,0.375,0.75,0.75,-0.25018248113357033
seed7_P_O0_resume_step400,7,P_O0_resume,400,hard,20070063,8,1.2301451480442196,1.1338121611831513,1.1338121611831513,0.5,0.625,0.625,-0.09633298686106828
seed7_P_O0_resume_step400,7,P_O0_resume,400,hard,20070064,8,1.2900811496619855,1.047918832712675,1.047918832712675,0.25,0.625,0.625,-0.24216231694931056
seed7_P_O0_resume_step400,7,P_O0_resume,400,hard,20070065,8,1.3971990105674401,0.9808767849801797,0.9094552397851756,0.375,0.625,0.75,-0.4163222255872604
seed7_P_O0_resume_step400,7,P_O0_resume,400,hard,20070066,8,1.513502946556802,1.4477577633177683,1.4477577633177683,0.5,0.5,0.5,-0.06574518323903367
seed7_P_O0_resume_step400,7,P_O0_resume,400,hard,20070067,8,1.9995312393198454,1.5966501144394012,1.5966501144394012,0,0,0,-0.40288112488044425
seed7_P_O0_resume_step400,7,P_O0_resume,400,hard,20070068,8,0.5575157644456309,0.6585096409511163,0.435836064333001,0.75,1,1,0.10099387650548541
seed7_P_O0_resume_step400,7,P_O0_resume,400,hard,20070069,8,1.0337385648096866,1.131300815951017,1.0337385648096866,0.625,0.625,0.625,0.09756225114133033
seed7_P_O0_resume_step400,7,P_O0_resume,400,hard,20070070,8,2.0181365162507805,2.9531783908298803,2.0181365162507805,0,0,0,0.9350418745790998
seed7_P_O0_resume_step400,7,P_O0_resume,400,hard,20070071,8,1.0519226456364024,0.9758460505947705,0.9758460505947705,0.375,0.375,0.375,-0.07607659504163189
seed7_P_O0_resume_step400,7,P_O0_resume,400,hard,20070072,8,0.4929944968528006,0.5439545290293216,0.34565415403628674,0.875,0.875,0.875,0.05096003217652101
seed7_P_O0_resume_step400,7,P_O0_resume,400,hard,20070073,8,1.077753076486021,0.9445260373985596,0.9445260373985596,0.5,0.625,0.625,-0.13322703908746147
seed7_P_O0_resume_step400,7,P_O0_resume,400,hard,20070074,8,1.311042272367235,1.4861219169385826,1.311042272367235,0.375,0.375,0.375,0.17507964457134761
seed7_P_O0_resume_step400,7,P_O0_resume,400,hard,20070075,8,1.4803236258166037,1.5284675055280013,1.335285791298927,0.125,0,0.125,0.04814387971139755
seed7_P_O0_resume_step400,7,P_O0_resume,400,hard,20070076,8,1.983689757083213,1.6891154474447587,1.6891154474447587,0,0,0,-0.2945743096384543
seed7_P_O0_resume_step400,7,P_O0_resume,400,hard,20070077,8,1.0483017150277643,1.0535587346159034,1.0006024630604407,0.625,0.375,0.375,0.005257019588139178
seed7_P_O0_resume_step400,7,P_O0_resume,400,hard,20070078,8,0.8707657725651916,1.0811286137309906,0.7628955778324353,1,0.5,1,0.21036284116579895
seed7_P_O0_resume_step400,7,P_O0_resume,400,hard,20070079,8,1.1665045167601493,1.12450296786526,1.1186483798403666,0.375,0.375,0.375,-0.04200154889488927
seed7_P_O0_resume_step400,7,P_O0_resume,400,hard,20070080,8,1.3494385468653178,1.4516157574978779,1.3494385468653178,0.125,0,0.125,0.10217721063256002
seed7_P_O0_resume_step400,7,P_O0_resume,400,hard,20070081,8,0.9709595789384058,0.9811125565330235,0.9660710116639735,0.75,0.75,0.75,0.010152977594617751
seed7_P_O0_resume_step400,7,P_O0_resume,400,hard,20070082,8,1.5572760819802562,1.1423512744080773,1.1423512744080773,0,0.375,0.375,-0.414924807572179
seed7_P_O0_resume_step400,7,P_O0_resume,400,hard,20070083,8,0.9995633589958954,1.1159153173890064,0.9732929315074946,0.75,0.125,0.75,0.11635195839311097
seed7_P_O0_resume_step400,7,P_O0_resume,400,hard,20070084,8,1.3744623646549978,1.413738290684084,1.3249681481602984,0.375,0.25,0.375,0.03927592602908625
seed7_P_O0_resume_step400,7,P_O0_resume,400,hard,20070085,8,1.4506865871199168,1.2723739225788342,1.2720991783219868,0.25,0.375,0.375,-0.17831266454108263
seed7_P_O0_resume_step400,7,P_O0_resume,400,hard,20070086,8,1.5857346062190594,1.0936629273362335,1.0936629273362335,0,0.625,0.625,-0.4920716788828259
seed7_P_O0_resume_step400,7,P_O0_resume,400,hard,20070087,8,0.7263441133027235,0.9269216584697213,0.7263441133027235,1,0.625,1,0.20057754516699777
seed7_P_O0_resume_step400,7,P_O0_resume,400,hard,20070088,8,0.43442486725263646,0.7674616199995298,0.3327158210423602,0.875,0.5,1,0.3330367527468933
seed7_P_O0_resume_step400,7,P_O0_resume,400,hard,20070089,8,1.711243175108067,2.276330050502346,1.6819955039651098,0.125,0.25,0.25,0.565086875394279
seed7_P_O0_resume_step400,7,P_O0_resume,400,hard,20070090,8,1.2731483832905082,0.998713331889623,0.9801071693286676,0.25,0.25,0.25,-0.2744350514008852
seed7_P_O0_resume_step400,7,P_O0_resume,400,hard,20070091,8,1.0019616392369612,0.8692465912121042,0.8692465912121042,0.5,1,1,-0.132715048024857
seed7_P_O0_resume_step400,7,P_O0_resume,400,hard,20070092,8,1.5539155877009894,1.3789452439059304,1.3789452439059304,0.25,0.375,0.375,-0.17497034379505894
seed7_P_O0_resume_step400,7,P_O0_resume,400,hard,20070093,8,0.5887640386167781,0.6050222508545708,0.5870921211843467,0.875,0.875,0.875,0.01625821223779278
seed7_P_O0_resume_step400,7,P_O0_resume,400,hard,20070094,8,0.6688728834041148,0.6072934378360781,0.6067732700845838,0.75,0.75,0.75,-0.06157944556803663
seed7_P_O0_resume_step400,7,P_O0_resume,400,hard,20070095,8,1.566567289197695,0.9384920684544067,0.9384920684544067,0,0.875,0.875,-0.6280752207432883
seed7_P_O0_resume_step400,7,P_O0_resume,400,hard,20070096,8,1.401040983594917,1.7408208620777308,1.3825903263348198,0,0,0,0.3397798784828139
seed7_P_O0_resume_step400,7,P_O0_resume,400,hard,20070097,8,0.9697112366446928,0.9899585099270691,0.9442361124109662,0.625,0.625,0.625,0.0202472732823763
seed7_P_O0_resume_step400,7,P_O0_resume,400,hard,20070098,8,1.3408559643170521,1.2372114617798224,1.2372114617798224,0.25,0.375,0.375,-0.10364450253722968
seed7_P_O0_resume_step400,7,P_O0_resume,400,hard,20070099,8,1.1258675027587841,1.0659121651403176,1.0192108630480103,0.25,0.875,0.875,-0.0599553376184665
seed7_P_C2_warm_step50,7,P_C2_warm,50,easy,20070000,8,0.4036978958357296,0.2313328467967707,0.2313328467967707,0.875,1,1,-0.1723650490389589
seed7_P_C2_warm_step50,7,P_C2_warm,50,easy,20070001,8,1.5888356177504324,0.2909886814973099,0.2909886814973099,0.125,1,1,-1.2978469362531224
seed7_P_C2_warm_step50,7,P_C2_warm,50,easy,20070002,8,0.8419359122590373,0.17996374860708253,0.17846057819747424,0.625,1,1,-0.6619721636519548
seed7_P_C2_warm_step50,7,P_C2_warm,50,easy,20070003,8,0.01737497683094011,0.03503226255987651,0.014339179759720003,1,1,1,0.0176572857289364
seed7_P_C2_warm_step50,7,P_C2_warm,50,easy,20070004,8,0.8532859310206318,0.2097628888449026,0.2097628888449026,0.375,1,1,-0.6435230421757292
seed7_P_C2_warm_step50,7,P_C2_warm,50,easy,20070005,8,0.13576155610136245,0.09309207814624852,0.0743859402729904,1,1,1,-0.04266947795511393
seed7_P_C2_warm_step50,7,P_C2_warm,50,easy,20070006,8,0.3437998560463295,0.15880061228702308,0.07695842438789183,0.875,1,1,-0.18499924375930643
seed7_P_C2_warm_step50,7,P_C2_warm,50,easy,20070007,8,0.26602238770820263,0.201946128090432,0.201946128090432,0.875,1,1,-0.06407625961777064
seed7_P_C2_warm_step50,7,P_C2_warm,50,easy,20070008,8,0.06149925264136715,0.05546904059943843,0.053182205062395065,1,1,1,-0.0060302120419287245
seed7_P_C2_warm_step50,7,P_C2_warm,50,easy,20070009,8,0.2566304924887775,0.1519831434795938,0.14988731520394147,0.875,1,1,-0.10464734900918371
seed7_P_C2_warm_step50,7,P_C2_warm,50,easy,20070010,8,1.2685514447559976,0.34106249171502195,0.34106249171502195,0.625,1,1,-0.9274889530409756
seed7_P_C2_warm_step50,7,P_C2_warm,50,easy,20070011,8,1.0487501797995704,0.22352094549205712,0.22352094549205712,0.375,1,1,-0.8252292343075133
seed7_P_C2_warm_step50,7,P_C2_warm,50,easy,20070012,8,1.2991082884866736,0.42508751129591876,0.41238749548581327,0.5,0.75,0.75,-0.8740207771907549
seed7_P_C2_warm_step50,7,P_C2_warm,50,easy,20070013,8,2.2345817419850937,1.6236135008519266,1.619680228797481,0.125,0.125,0.125,-0.6109682411331672
seed7_P_C2_warm_step50,7,P_C2_warm,50,easy,20070014,8,0.6625413571232281,0.5696164613965835,0.5444680631577207,0.5,0.5,0.5,-0.09292489572664464
seed7_P_C2_warm_step50,7,P_C2_warm,50,easy,20070015,8,0.15772033042654088,0.26158023765438826,0.14755004268627242,1,0.875,1,0.10385990722784738
seed7_P_C2_warm_step50,7,P_C2_warm,50,easy,20070016,8,0.382855593859254,0.26461930792457045,0.22880825864108703,1,1,1,-0.11823628593468355
seed7_P_C2_warm_step50,7,P_C2_warm,50,easy,20070017,8,0.9224548656241256,0.4232428508047681,0.4232428508047681,0.75,1,1,-0.4992120148193575
seed7_P_C2_warm_step50,7,P_C2_warm,50,easy,20070018,8,0.3375516198224421,0.19165408094824057,0.16948729748548158,0.875,1,1,-0.1458975388742015
seed7_P_C2_warm_step50,7,P_C2_warm,50,easy,20070019,8,1.4248648655916751,0.2587890573262001,0.2587890573262001,0.25,1,1,-1.166075808265475
seed7_P_C2_warm_step50,7,P_C2_warm,50,easy,20070020,8,1.183218335282946,0.35997235681390555,0.35997235681390555,0.375,1,1,-0.8232459784690405
seed7_P_C2_warm_step50,7,P_C2_warm,50,easy,20070021,8,0.27934525703202295,0.3062624609164768,0.2741171390164474,1,1,1,0.026917203884453844
seed7_P_C2_warm_step50,7,P_C2_warm,50,easy,20070022,8,0.1507690919712713,0.10518952655173544,0.09120457870034364,1,1,1,-0.04557956541953587
seed7_P_C2_warm_step50,7,P_C2_warm,50,easy,20070023,8,0.05192438680932105,0.16613823453995552,0.05192438680932105,1,1,1,0.11421384773063448
seed7_P_C2_warm_step50,7,P_C2_warm,50,easy,20070024,8,0.2662492688541262,0.08498406500021458,0.05463260490091806,0.875,1,1,-0.18126520385391162
seed7_P_C2_warm_step50,7,P_C2_warm,50,easy,20070025,8,1.4238709494151787,0.5832500760103482,0.5340545514020762,0.375,0.75,0.75,-0.8406208734048305
seed7_P_C2_warm_step50,7,P_C2_warm,50,easy,20070026,8,1.1346959773456138,0.7758106676326157,0.7614568354152996,0.25,0.25,0.25,-0.35888530971299804
seed7_P_C2_warm_step50,7,P_C2_warm,50,easy,20070027,8,0.2919687699619109,0.13542963687185453,0.13542963687185453,1,1,1,-0.15653913309005638
seed7_P_C2_warm_step50,7,P_C2_warm,50,easy,20070028,8,1.0274862458467209,0.3948273758269528,0.3948273758269528,0.625,1,1,-0.6326588700197681
seed7_P_C2_warm_step50,7,P_C2_warm,50,easy,20070029,8,0.4844083708495181,0.5267159239516861,0.3228288388295687,0.875,0.875,1,0.042307553102167994
seed7_P_C2_warm_step50,7,P_C2_warm,50,easy,20070030,8,0.652145285728492,0.36415621256646685,0.35264693210137993,0.625,0.875,0.875,-0.2879890731620251
seed7_P_C2_warm_step50,7,P_C2_warm,50,easy,20070031,8,0.22059650315967086,0.23702419840653535,0.21000725640354387,1,1,1,0.016427695246864493
seed7_P_C2_warm_step50,7,P_C2_warm,50,easy,20070032,8,0.018656359306300548,0.11129566195859936,0.018656359306300548,1,1,1,0.0926393026522988
seed7_P_C2_warm_step50,7,P_C2_warm,50,easy,20070033,8,1.0122466381304172,0.5875008207232729,0.5863453768943959,0.25,1,1,-0.42474581740714423
seed7_P_C2_warm_step50,7,P_C2_warm,50,easy,20070034,8,0.37165820329801996,0.3360360655279135,0.3219323951831507,0.75,0.875,0.875,-0.03562213777010648
seed7_P_C2_warm_step50,7,P_C2_warm,50,easy,20070035,8,1.5785493366271612,0.5289739973569728,0.5289739973569728,0.25,1,1,-1.0495753392701883
seed7_P_C2_warm_step50,7,P_C2_warm,50,easy,20070036,8,0.6482536626044597,0.3301602520268133,0.3260389869090986,0.75,0.875,1,-0.3180934105776464
seed7_P_C2_warm_step50,7,P_C2_warm,50,easy,20070037,8,0.5242774222752684,0.12417312638521387,0.09837889418314914,0.75,1,1,-0.40010429589005453
seed7_P_C2_warm_step50,7,P_C2_warm,50,easy,20070038,8,0.7341569473187781,0.2438339243887822,0.2352921522404353,0.75,1,1,-0.4903230229299959
seed7_P_C2_warm_step50,7,P_C2_warm,50,easy,20070039,8,1.7021958837996936,0.5335849205508489,0.5335849205508489,0,1,1,-1.1686109632488446
seed7_P_C2_warm_step50,7,P_C2_warm,50,easy,20070040,8,1.4686078981074584,0.6126175657556188,0.5686479234119387,0.25,0.625,0.625,-0.8559903323518396
seed7_P_C2_warm_step50,7,P_C2_warm,50,easy,20070041,8,0.06676653803153981,0.06018641190428134,0.04416998933324602,1,1,1,-0.006580126127258473
seed7_P_C2_warm_step50,7,P_C2_warm,50,easy,20070042,8,0.7585927728973108,0.09539010843316764,0.09539010843316764,0.75,1,1,-0.6632026644641431
seed7_P_C2_warm_step50,7,P_C2_warm,50,easy,20070043,8,0.7201249810037607,0.26814235577043405,0.17632085673132222,0.625,1,1,-0.4519826252333266
seed7_P_C2_warm_step50,7,P_C2_warm,50,easy,20070044,8,0.1162033222020393,0.10650107520569256,0.10570317283604395,1,1,1,-0.009702246996346739
seed7_P_C2_warm_step50,7,P_C2_warm,50,easy,20070045,8,0.1278667579205092,0.0808409174530448,0.07842508368602845,1,1,1,-0.0470258404674644
seed7_P_C2_warm_step50,7,P_C2_warm,50,easy,20070046,8,0.5270284145850007,0.600483559271122,0.5270284145850007,0.75,0.75,0.75,0.07345514468612124
seed7_P_C2_warm_step50,7,P_C2_warm,50,easy,20070047,8,1.024257283706395,0.14402706329594953,0.14402706329594953,0.375,1,1,-0.8802302204104455
seed7_P_C2_warm_step50,7,P_C2_warm,50,easy,20070048,8,0.7230157912869031,0.3115123715066204,0.29413590561184594,0.75,0.875,0.875,-0.41150341978028265
seed7_P_C2_warm_step50,7,P_C2_warm,50,easy,20070049,8,0.39140444216467735,0.15237817810374266,0.13302631809875887,0.75,1,1,-0.2390262640609347
seed7_P_C2_warm_step50,7,P_C2_warm,50,easy,20070050,8,0.7112369983803649,0.5834310310004613,0.44813834959517534,0.625,0.875,0.875,-0.12780596737990357
seed7_P_C2_warm_step50,7,P_C2_warm,50,easy,20070051,8,0.1822734674271269,0.10601332031392559,0.09232933608547393,0.875,1,1,-0.07626014711320132
seed7_P_C2_warm_step50,7,P_C2_warm,50,easy,20070052,8,0.7020589123047637,0.21783422262102353,0.21783422262102353,0.5,0.875,0.875,-0.48422468968374016
seed7_P_C2_warm_step50,7,P_C2_warm,50,easy,20070053,8,0.23792994913560056,0.2305924015423053,0.15202306734969556,1,1,1,-0.007337547593295274
seed7_P_C2_warm_step50,7,P_C2_warm,50,easy,20070054,8,0.4425647374799477,0.13806530771542103,0.13251319691432945,0.875,1,1,-0.30449942976452665
seed7_P_C2_warm_step50,7,P_C2_warm,50,easy,20070055,8,0.619217162156446,0.41709190625509107,0.25890917227952936,0.75,1,1,-0.20212525590135488
seed7_P_C2_warm_step50,7,P_C2_warm,50,easy,20070056,8,0.2502706095121318,0.22093503800345446,0.2018201105680961,0.875,1,1,-0.029335571508677355
seed7_P_C2_warm_step50,7,P_C2_warm,50,easy,20070057,8,0.09791620928914858,0.08460582198859526,0.0669830181288698,1,1,1,-0.013310387300553325
seed7_P_C2_warm_step50,7,P_C2_warm,50,easy,20070058,8,0.17265890943476667,0.16370210517777997,0.14351762768251558,0.875,1,1,-0.008956804256986695
seed7_P_C2_warm_step50,7,P_C2_warm,50,easy,20070059,8,1.227706177765578,0.2793323218916439,0.2793323218916439,0.125,1,1,-0.9483738558739341
seed7_P_C2_warm_step50,7,P_C2_warm,50,easy,20070060,8,0.6454574104005403,0.2035485413573776,0.1806268799753977,0.625,1,1,-0.4419088690431627
seed7_P_C2_warm_step50,7,P_C2_warm,50,easy,20070061,8,0.654622006252477,0.18690260265199846,0.18690260265199846,0.875,1,1,-0.4677194036004786
seed7_P_C2_warm_step50,7,P_C2_warm,50,easy,20070062,8,1.8061885268089983,0.34856191953269594,0.34856191953269594,0.25,1,1,-1.4576266072763024
seed7_P_C2_warm_step50,7,P_C2_warm,50,easy,20070063,8,1.712569317309209,0.4376003947053126,0.43581521952779306,0.375,0.875,0.875,-1.2749689226038963
seed7_P_C2_warm_step50,7,P_C2_warm,50,easy,20070064,8,1.4105512318772204,0.19115459708303179,0.13620940628138867,0.375,1,1,-1.2193966347941887
seed7_P_C2_warm_step50,7,P_C2_warm,50,easy,20070065,8,1.734044246890379,0.3690978435765245,0.3690978435765245,0.375,1,1,-1.3649464033138545
seed7_P_C2_warm_step50,7,P_C2_warm,50,easy,20070066,8,0.08291504679119968,0.1593081924878185,0.07753120818822101,1,1,1,0.07639314569661881
seed7_P_C2_warm_step50,7,P_C2_warm,50,easy,20070067,8,0.7121370126009756,0.21958617226530136,0.2192105049753927,0.625,1,1,-0.49255084033567426
seed7_P_C2_warm_step50,7,P_C2_warm,50,easy,20070068,8,1.3266646728903877,0.9634449841184468,0.9634449841184468,0.25,0.5,0.5,-0.3632196887719409
seed7_P_C2_warm_step50,7,P_C2_warm,50,easy,20070069,8,0.8839211035534986,0.2414797012034579,0.23560279012511604,0.75,1,1,-0.6424414023500407
seed7_P_C2_warm_step50,7,P_C2_warm,50,easy,20070070,8,0.12422444404196359,0.28251525737884264,0.12009668016932816,1,1,1,0.15829081333687905
seed7_P_C2_warm_step50,7,P_C2_warm,50,easy,20070071,8,1.5941345714282034,0.30933124700535924,0.30933124700535924,0.125,0.875,0.875,-1.284803324422844
seed7_P_C2_warm_step50,7,P_C2_warm,50,easy,20070072,8,0.2684221955440557,0.32285536544699445,0.17866526825540338,0.875,1,1,0.05443316990293873
seed7_P_C2_warm_step50,7,P_C2_warm,50,easy,20070073,8,0.05287432208137265,0.12300096512362507,0.05095142574593827,1,1,1,0.07012664304225241
seed7_P_C2_warm_step50,7,P_C2_warm,50,easy,20070074,8,1.0577161088988167,0.22984805393418406,0.22984805393418406,0.625,1,1,-0.8278680549646327
seed7_P_C2_warm_step50,7,P_C2_warm,50,easy,20070075,8,0.26147156565178015,0.16758630904976582,0.14737276603883898,1,1,1,-0.09388525660201433
seed7_P_C2_warm_step50,7,P_C2_warm,50,easy,20070076,8,0.2573819489289571,0.283232236227945,0.23297986712761717,1,1,1,0.025850287298987917
seed7_P_C2_warm_step50,7,P_C2_warm,50,easy,20070077,8,0.11490130997827683,0.11277399760611112,0.0613246462162341,1,1,1,-0.0021273123721657072
seed7_P_C2_warm_step50,7,P_C2_warm,50,easy,20070078,8,0.9464213045303945,0.3087411008343116,0.3087411008343116,0.25,1,1,-0.6376802036960829
seed7_P_C2_warm_step50,7,P_C2_warm,50,easy,20070079,8,0.958607502500566,0.29530174050550995,0.29530174050550995,0.5,0.875,0.875,-0.6633057619950561
seed7_P_C2_warm_step50,7,P_C2_warm,50,easy,20070080,8,1.896491801721588,0.7545045103717324,0.729939525464575,0.25,0.625,0.625,-1.1419872913498557
seed7_P_C2_warm_step50,7,P_C2_warm,50,easy,20070081,8,0.24645671762081536,0.3092882024400068,0.24645671762081536,1,1,1,0.06283148481919146
seed7_P_C2_warm_step50,7,P_C2_warm,50,easy,20070082,8,0.5532279028107926,0.33813559188252945,0.20111040538804795,0.75,1,1,-0.21509231092826314
seed7_P_C2_warm_step50,7,P_C2_warm,50,easy,20070083,8,0.5285633075907455,0.24664007375036862,0.24664007375036862,0.875,1,1,-0.28192323384037693
seed7_P_C2_warm_step50,7,P_C2_warm,50,easy,20070084,8,0.49038502940660705,0.2938175393516804,0.2792151545992169,0.625,1,1,-0.19656749005492663
seed7_P_C2_warm_step50,7,P_C2_warm,50,easy,20070085,8,0.1731984196281933,0.17353676631509563,0.15254347408017477,1,1,1,0.00033834668690232994
seed7_P_C2_warm_step50,7,P_C2_warm,50,easy,20070086,8,0.09534204092137441,0.08886991183226566,0.06712197359676692,1,1,1,-0.006472129089108755
seed7_P_C2_warm_step50,7,P_C2_warm,50,easy,20070087,8,0.32292794586254137,0.39391674505545515,0.21410994529430966,1,1,1,0.07098879919291379
seed7_P_C2_warm_step50,7,P_C2_warm,50,easy,20070088,8,0.06798211797118169,0.06008177730543179,0.034235426490340025,1,1,1,-0.007900340665749898
seed7_P_C2_warm_step50,7,P_C2_warm,50,easy,20070089,8,2.0538362260610903,0.4522723286337165,0.4522723286337165,0,1,1,-1.6015638974273738
seed7_P_C2_warm_step50,7,P_C2_warm,50,easy,20070090,8,1.6350123668663115,0.7844735596229394,0.7645199096449908,0.125,0.5,0.5,-0.850538807243372
seed7_P_C2_warm_step50,7,P_C2_warm,50,easy,20070091,8,0.5164176223441262,0.34418756722586485,0.34418756722586485,0.625,0.75,0.75,-0.1722300551182614
seed7_P_C2_warm_step50,7,P_C2_warm,50,easy,20070092,8,0.10917705758891834,0.24094773890697818,0.10827112149294954,1,1,1,0.13177068131805986
seed7_P_C2_warm_step50,7,P_C2_warm,50,easy,20070093,8,0.6462513519493989,0.09833909805727194,0.05767130482711383,0.5,1,1,-0.5479122538921269
seed7_P_C2_warm_step50,7,P_C2_warm,50,easy,20070094,8,0.5009171586286733,0.11917911700201282,0.10658320303101777,0.625,1,1,-0.3817380416266604
seed7_P_C2_warm_step50,7,P_C2_warm,50,easy,20070095,8,0.42064206110198127,0.09419166628401772,0.051968102105786534,0.75,1,1,-0.32645039481796356
seed7_P_C2_warm_step50,7,P_C2_warm,50,easy,20070096,8,0.5690409350516014,0.29486464958711084,0.2874501076614358,0.75,1,1,-0.2741762854644905
seed7_P_C2_warm_step50,7,P_C2_warm,50,easy,20070097,8,0.07360729290589248,0.37577117658087544,0.0699374977670961,1,0.875,1,0.302163883674983
seed7_P_C2_warm_step50,7,P_C2_warm,50,easy,20070098,8,0.30607099459929465,0.09736354906006602,0.09736354906006602,1,1,1,-0.20870744553922865
seed7_P_C2_warm_step50,7,P_C2_warm,50,easy,20070099,8,1.6504566672103829,0.35337817971788443,0.35337817971788443,0,1,1,-1.2970784874924983
seed7_P_C2_warm_step50,7,P_C2_warm,50,hard,20070000,8,0.8798956834492467,1.1873623474006334,0.8798956834492467,0.375,0.375,0.375,0.30746666395138667
seed7_P_C2_warm_step50,7,P_C2_warm,50,hard,20070001,8,2.550197664756806,2.164564210453036,2.164564210453036,0,0.375,0.375,-0.38563345430377005
seed7_P_C2_warm_step50,7,P_C2_warm,50,hard,20070002,8,1.686876145357554,0.9214348970892056,0.9214348970892056,0,0.625,0.625,-0.7654412482683485
seed7_P_C2_warm_step50,7,P_C2_warm,50,hard,20070003,8,0.6209197384597368,0.882526963214942,0.5445085496624967,0.75,1,1,0.26160722475520515
seed7_P_C2_warm_step50,7,P_C2_warm,50,hard,20070004,8,1.0513531276803092,0.9095748285238376,0.9059842575444736,0.5,0.75,0.75,-0.14177829915647155
seed7_P_C2_warm_step50,7,P_C2_warm,50,hard,20070005,8,1.2151945440449383,0.9139999376244621,0.8530651753515164,0,0.75,0.75,-0.30119460642047624
seed7_P_C2_warm_step50,7,P_C2_warm,50,hard,20070006,8,0.7547190461317046,1.401412208004161,0.7547190461317046,1,0.5,1,0.6466931618724565
seed7_P_C2_warm_step50,7,P_C2_warm,50,hard,20070007,8,2.2009459972645797,1.941061235496532,1.849568872136667,0.375,0.375,0.375,-0.25988476176804776
seed7_P_C2_warm_step50,7,P_C2_warm,50,hard,20070008,8,0.9386793931308405,1.094073269096901,0.938148933989736,1,0.875,1,0.15539387596606058
seed7_P_C2_warm_step50,7,P_C2_warm,50,hard,20070009,8,1.7623910355092454,1.8562410895080617,1.354479940487104,0.375,0,0.375,0.0938500539988163
seed7_P_C2_warm_step50,7,P_C2_warm,50,hard,20070010,8,0.9715318623227402,0.8415386597229614,0.8415386597229614,0.75,0.75,0.75,-0.12999320259977887
seed7_P_C2_warm_step50,7,P_C2_warm,50,hard,20070011,8,1.0415808423841528,0.904345162831801,0.8248092373566639,0.75,0.75,0.75,-0.13723567955235183
seed7_P_C2_warm_step50,7,P_C2_warm,50,hard,20070012,8,1.8766152265824927,1.6521784591839876,1.5825938368144818,0.25,0.25,0.25,-0.22443676739850504
seed7_P_C2_warm_step50,7,P_C2_warm,50,hard,20070013,8,2.411049342394807,1.6405882853463438,1.5184881009162066,0.125,0,0.125,-0.7704610570484631
seed7_P_C2_warm_step50,7,P_C2_warm,50,hard,20070014,8,1.0637665479307712,1.134537507486125,1.0060781919375195,0.75,0.625,0.75,0.07077095955535384
seed7_P_C2_warm_step50,7,P_C2_warm,50,hard,20070015,8,1.0649251698623141,1.0799783781578756,0.832708277049169,0.25,0.5,0.75,0.015053208295561449
seed7_P_C2_warm_step50,7,P_C2_warm,50,hard,20070016,8,1.3098601709713193,1.324957470565994,1.3054013131634266,0.25,0.25,0.25,0.015097299594674762
seed7_P_C2_warm_step50,7,P_C2_warm,50,hard,20070017,8,1.5759721545771583,1.0275185530079318,1.0275185530079318,0,0.625,0.625,-0.5484536015692265
seed7_P_C2_warm_step50,7,P_C2_warm,50,hard,20070018,8,0.8860745030173863,1.0617058248302773,0.8860745030173863,0.375,0.375,0.375,0.17563132181289098
seed7_P_C2_warm_step50,7,P_C2_warm,50,hard,20070019,8,1.1571463114414062,0.7864737440136361,0.7864737440136361,0.25,0.875,0.875,-0.3706725674277701
seed7_P_C2_warm_step50,7,P_C2_warm,50,hard,20070020,8,1.0705196108516002,1.507843254686157,1.03383562095453,0.5,0.125,0.5,0.4373236438345569
seed7_P_C2_warm_step50,7,P_C2_warm,50,hard,20070021,8,0.8471142852570617,0.9120814345884976,0.7191278950585047,0.625,0.625,0.625,0.06496714933143588
seed7_P_C2_warm_step50,7,P_C2_warm,50,hard,20070022,8,1.382631171923676,1.3187968891299422,1.1929149068719747,0.5,0,0.5,-0.06383428279373371
seed7_P_C2_warm_step50,7,P_C2_warm,50,hard,20070023,8,1.6659398288285778,1.3095709163157785,1.3095709163157785,0,0.25,0.25,-0.35636891251279934
seed7_P_C2_warm_step50,7,P_C2_warm,50,hard,20070024,8,1.1104650881134204,0.9479390432857269,0.9479390432857269,0.625,0.75,0.75,-0.1625260448276935
seed7_P_C2_warm_step50,7,P_C2_warm,50,hard,20070025,8,0.960251038193157,1.186059471340851,0.9579461043912558,0.375,0.375,0.375,0.22580843314769394
seed7_P_C2_warm_step50,7,P_C2_warm,50,hard,20070026,8,1.2390649726971295,1.2070791624713824,1.2070791624713824,0.375,0.375,0.375,-0.03198581022574709
seed7_P_C2_warm_step50,7,P_C2_warm,50,hard,20070027,8,1.576668488500031,1.0262547012195442,1.0262547012195442,0.125,0.75,0.75,-0.5504137872804868
seed7_P_C2_warm_step50,7,P_C2_warm,50,hard,20070028,8,1.3559887323081043,1.1082345520522734,1.1078113375971106,0,0.75,0.75,-0.24775418025583096
seed7_P_C2_warm_step50,7,P_C2_warm,50,hard,20070029,8,1.6211181108392583,1.2037183996459522,1.2037183996459522,0,0.125,0.125,-0.4173997111933061
seed7_P_C2_warm_step50,7,P_C2_warm,50,hard,20070030,8,0.998673369007069,1.1082752475471003,0.8538385900180329,0.625,0.625,0.625,0.10960187854003123
seed7_P_C2_warm_step50,7,P_C2_warm,50,hard,20070031,8,0.8596173986931417,0.925465783674651,0.7221397640062336,0.625,0.625,0.625,0.06584838498150936
seed7_P_C2_warm_step50,7,P_C2_warm,50,hard,20070032,8,0.9390921409827254,0.9457760791727412,0.7810426342056155,0.5,1,1,0.006683938190015781
seed7_P_C2_warm_step50,7,P_C2_warm,50,hard,20070033,8,1.7596999114375727,0.953442658724756,0.953442658724756,0,0.625,0.625,-0.8062572527128167
seed7_P_C2_warm_step50,7,P_C2_warm,50,hard,20070034,8,1.7192532200804942,1.9650353103225549,1.5505402242822215,0,0,0,0.24578209024206066
seed7_P_C2_warm_step50,7,P_C2_warm,50,hard,20070035,8,1.6819877876792122,1.8444865346877182,1.3311548390547332,0.5,0,0.5,0.16249874700850597
seed7_P_C2_warm_step50,7,P_C2_warm,50,hard,20070036,8,0.7590111791329995,0.8343525046237034,0.707385388348684,0.75,0.75,0.75,0.07534132549070383
seed7_P_C2_warm_step50,7,P_C2_warm,50,hard,20070037,8,1.0529232082401532,1.1646096475269296,0.9949106714908538,0.75,0.5,0.75,0.11168643928677646
seed7_P_C2_warm_step50,7,P_C2_warm,50,hard,20070038,8,1.0830166901698781,0.7440830139968337,0.7440830139968337,0.125,0.875,0.875,-0.3389336761730444
seed7_P_C2_warm_step50,7,P_C2_warm,50,hard,20070039,8,1.004459699053668,1.2574547875837996,1.0015788266686785,0.5,0.5,0.5,0.25299508853013153
seed7_P_C2_warm_step50,7,P_C2_warm,50,hard,20070040,8,0.8005385540825853,0.8502325663445343,0.6228055162262028,0.5,0.875,1,0.04969401226194892
seed7_P_C2_warm_step50,7,P_C2_warm,50,hard,20070041,8,1.1314130215313492,1.0964124230873082,0.9564902219362019,0.5,0.5,0.5,-0.03500059844404091
seed7_P_C2_warm_step50,7,P_C2_warm,50,hard,20070042,8,1.241813286658148,1.0983462516655509,0.9027004325802422,0.375,0.625,0.625,-0.14346703499259705
seed7_P_C2_warm_step50,7,P_C2_warm,50,hard,20070043,8,1.2467955495690164,1.0763085084186068,1.0763085084186068,0.625,1,1,-0.17048704115040958
seed7_P_C2_warm_step50,7,P_C2_warm,50,hard,20070044,8,1.291363592041647,1.2291960449940234,1.2179880910967238,0.625,0.625,0.625,-0.06216754704762373
seed7_P_C2_warm_step50,7,P_C2_warm,50,hard,20070045,8,1.3072682081329328,1.237076253489314,1.0273654050840813,0.5,0.5,0.5,-0.07019195464361871
seed7_P_C2_warm_step50,7,P_C2_warm,50,hard,20070046,8,1.016965404456345,1.1868726100426326,0.9000289309672348,0.625,0.625,0.625,0.16990720558628758
seed7_P_C2_warm_step50,7,P_C2_warm,50,hard,20070047,8,0.5745580828308373,0.6190947204320609,0.5260721757535611,0.75,0.75,0.75,0.044536637601223616
seed7_P_C2_warm_step50,7,P_C2_warm,50,hard,20070048,8,2.7450194641251526,1.8936839651686874,1.8936839651686874,0,0.25,0.25,-0.8513354989564652
seed7_P_C2_warm_step50,7,P_C2_warm,50,hard,20070049,8,1.5379901210061928,1.5156494379018697,1.3196591155157016,0,0,0,-0.022340683104323134
seed7_P_C2_warm_step50,7,P_C2_warm,50,hard,20070050,8,1.4366224295852148,1.6229510492188715,1.250997904196978,0,0,0,0.18632861963365666
seed7_P_C2_warm_step50,7,P_C2_warm,50,hard,20070051,8,1.2829986497708108,1.153716469340427,1.139882101908186,0.25,0.375,0.375,-0.12928218043038386
seed7_P_C2_warm_step50,7,P_C2_warm,50,hard,20070052,8,2.0674701448498087,0.8527240557340878,0.8527240557340878,0,1,1,-1.214746089115721
seed7_P_C2_warm_step50,7,P_C2_warm,50,hard,20070053,8,1.2709972679183585,1.308469105792531,1.199239398155219,0.375,0.25,0.375,0.03747183787417252
seed7_P_C2_warm_step50,7,P_C2_warm,50,hard,20070054,8,1.1253745865132898,1.1696582515714302,1.1253745865132898,0.75,1,0.75,0.04428366505814041
seed7_P_C2_warm_step50,7,P_C2_warm,50,hard,20070055,8,2.0801992370712474,1.4814991797516086,1.4814991797516086,0,0.375,0.375,-0.5987000573196388
seed7_P_C2_warm_step50,7,P_C2_warm,50,hard,20070056,8,1.6911952668961319,1.3291648205026902,1.3291648205026902,0,0.375,0.375,-0.3620304463934416
seed7_P_C2_warm_step50,7,P_C2_warm,50,hard,20070057,8,1.1336740366458657,0.9081129411917881,0.8643965375946899,0.25,0.25,0.25,-0.22556109545407765
seed7_P_C2_warm_step50,7,P_C2_warm,50,hard,20070058,8,1.1262879957507046,1.6287142761249698,1.1262879957507046,0.625,0,0.625,0.5024262803742652
seed7_P_C2_warm_step50,7,P_C2_warm,50,hard,20070059,8,1.2917149436672564,1.1669586026083096,1.1669586026083096,0.125,0.25,0.25,-0.12475634105894673
seed7_P_C2_warm_step50,7,P_C2_warm,50,hard,20070060,8,1.8050130463858023,1.336948056245936,1.336948056245936,0,0.125,0.125,-0.46806499013986635
seed7_P_C2_warm_step50,7,P_C2_warm,50,hard,20070061,8,2.2268903181638136,1.9894602255468072,1.9271849483865056,0.25,0.25,0.25,-0.23743009261700632
seed7_P_C2_warm_step50,7,P_C2_warm,50,hard,20070062,8,1.7614422331728827,1.0623354090882666,1.0623354090882666,0,0.375,0.375,-0.6991068240846161
seed7_P_C2_warm_step50,7,P_C2_warm,50,hard,20070063,8,1.8117891929920895,1.019766566900683,1.019766566900683,0,0.625,0.625,-0.7920226260914065
seed7_P_C2_warm_step50,7,P_C2_warm,50,hard,20070064,8,1.3907073881518848,1.0785867428962082,1.0785867428962082,0,0.75,0.75,-0.3121206452556766
seed7_P_C2_warm_step50,7,P_C2_warm,50,hard,20070065,8,1.6415942792780989,1.1586197855622178,1.1586197855622178,0.25,0.5,0.5,-0.4829744937158811
seed7_P_C2_warm_step50,7,P_C2_warm,50,hard,20070066,8,1.7634127079183313,1.529032505657681,1.529032505657681,0.125,0.5,0.5,-0.23438020226065026
seed7_P_C2_warm_step50,7,P_C2_warm,50,hard,20070067,8,2.2058916056475795,1.7091147804603914,1.6723944963171098,0,0.125,0.125,-0.496776825187188
seed7_P_C2_warm_step50,7,P_C2_warm,50,hard,20070068,8,0.5441986435954977,0.7053105653720234,0.48502363968557793,1,0.875,1,0.16111192177652567
seed7_P_C2_warm_step50,7,P_C2_warm,50,hard,20070069,8,1.2296331847877127,1.3720552484458908,0.9878323418725231,0.375,0.375,0.75,0.1424220636581781
seed7_P_C2_warm_step50,7,P_C2_warm,50,hard,20070070,8,2.306052064832699,1.7165291808226129,1.7165291808226129,0,0,0,-0.5895228840100861
seed7_P_C2_warm_step50,7,P_C2_warm,50,hard,20070071,8,1.0940054573755944,0.8996254822914166,0.8996254822914166,0.375,0.375,0.375,-0.19437997508417781
seed7_P_C2_warm_step50,7,P_C2_warm,50,hard,20070072,8,0.5316012935184897,0.8217389779904632,0.4445064112831989,0.875,0.875,0.875,0.2901376844719735
seed7_P_C2_warm_step50,7,P_C2_warm,50,hard,20070073,8,1.2407122630143126,1.019887530533401,0.953560994171753,0.375,0.5,0.5,-0.2208247324809116
seed7_P_C2_warm_step50,7,P_C2_warm,50,hard,20070074,8,1.186059996742107,1.521665669821963,1.186059996742107,0.375,0.25,0.375,0.335605673079856
seed7_P_C2_warm_step50,7,P_C2_warm,50,hard,20070075,8,1.5735615525512876,1.7406489815231307,1.1824472740625254,0.5,0,0.5,0.16708742897184314
seed7_P_C2_warm_step50,7,P_C2_warm,50,hard,20070076,8,2.5000142790862117,1.5869495815484242,1.5869495815484242,0,0,0,-0.9130646975377874
seed7_P_C2_warm_step50,7,P_C2_warm,50,hard,20070077,8,1.0670857683277102,1.043999638101306,0.9677456292590872,0.375,0.5,0.5,-0.023086130226404267
seed7_P_C2_warm_step50,7,P_C2_warm,50,hard,20070078,8,1.242503314081322,1.394706256691368,0.6803836232798864,0.5,0.375,0.875,0.15220294261004597
seed7_P_C2_warm_step50,7,P_C2_warm,50,hard,20070079,8,1.2299302856968544,0.9966324981104108,0.8638761638410623,0.375,0.5,0.5,-0.2332977875864436
seed7_P_C2_warm_step50,7,P_C2_warm,50,hard,20070080,8,1.8296740950658192,2.0352478131036444,1.8285100912595773,0.25,0,0.25,0.2055737180378252
seed7_P_C2_warm_step50,7,P_C2_warm,50,hard,20070081,8,1.0223157421099711,1.1318398115788189,0.9390733270806001,0.75,0.625,1,0.10952406946884774
seed7_P_C2_warm_step50,7,P_C2_warm,50,hard,20070082,8,2.0821526941843422,1.275515116726954,1.275515116726954,0,0.125,0.125,-0.8066375774573882
seed7_P_C2_warm_step50,7,P_C2_warm,50,hard,20070083,8,0.81128057224778,1.231041670334737,0.5898909944914771,0.75,0,0.75,0.41976109808695705
seed7_P_C2_warm_step50,7,P_C2_warm,50,hard,20070084,8,1.4194140332205403,1.4211163122471702,1.1663309653362206,0.375,0.25,0.375,0.0017022790266298937
seed7_P_C2_warm_step50,7,P_C2_warm,50,hard,20070085,8,1.7700478287097923,1.2206127505182784,1.145299085193921,0.25,0.375,0.375,-0.5494350781915138
seed7_P_C2_warm_step50,7,P_C2_warm,50,hard,20070086,8,1.770666508521559,1.259679289187386,1.259679289187386,0,0.625,0.625,-0.5109872193341729
seed7_P_C2_warm_step50,7,P_C2_warm,50,hard,20070087,8,0.9055234530861653,1.2470726977693862,0.9055234530861653,0.75,0.625,0.75,0.3415492446832209
seed7_P_C2_warm_step50,7,P_C2_warm,50,hard,20070088,8,0.6056890604394922,0.9434627309746992,0.5293770688969169,1,0.25,1,0.337773670535207
seed7_P_C2_warm_step50,7,P_C2_warm,50,hard,20070089,8,2.7943324455763556,1.996478439400163,1.996478439400163,0,0,0,-0.7978540061761927
seed7_P_C2_warm_step50,7,P_C2_warm,50,hard,20070090,8,1.2524358413783192,0.8805389956024439,0.8370616205660779,0.25,0.375,0.375,-0.37189684577587534
seed7_P_C2_warm_step50,7,P_C2_warm,50,hard,20070091,8,1.077981733169108,1.0319619631994696,1.0319619631994696,0.875,1,1,-0.0460197699696383
seed7_P_C2_warm_step50,7,P_C2_warm,50,hard,20070092,8,1.5637338228020712,1.286026573721044,1.286026573721044,0.25,0.375,0.375,-0.2777072490810273
seed7_P_C2_warm_step50,7,P_C2_warm,50,hard,20070093,8,0.8173296137581458,0.6883548742413517,0.6883548742413517,0.875,0.875,0.875,-0.12897473951679417
seed7_P_C2_warm_step50,7,P_C2_warm,50,hard,20070094,8,1.428585772716824,0.8208701058557202,0.8208701058557202,0,0.75,0.75,-0.6077156668611039
seed7_P_C2_warm_step50,7,P_C2_warm,50,hard,20070095,8,1.5532981789170421,1.0893984964467909,1.0893984964467909,0,0.25,0.25,-0.46389968247025126
seed7_P_C2_warm_step50,7,P_C2_warm,50,hard,20070096,8,1.0920613948214397,1.5297056546283974,1.053293433152752,0.625,0.625,0.625,0.43764425980695765
seed7_P_C2_warm_step50,7,P_C2_warm,50,hard,20070097,8,0.9136717409398654,1.028414630156688,0.8961905458456003,0.875,0.625,0.875,0.11474288921682274
seed7_P_C2_warm_step50,7,P_C2_warm,50,hard,20070098,8,1.8199755170558718,1.1477875398968203,1.1477875398968203,0,0.625,0.625,-0.6721879771590515
seed7_P_C2_warm_step50,7,P_C2_warm,50,hard,20070099,8,1.4649934295038585,1.3112109671058996,1.2520750694816016,0.25,0.25,0.25,-0.1537824623979589
seed7_P_C2_warm_step100,7,P_C2_warm,100,easy,20070000,8,0.5173649657066075,0.17966867845228252,0.17966867845228252,0.875,1,1,-0.337696287254325
seed7_P_C2_warm_step100,7,P_C2_warm,100,easy,20070001,8,1.8149515649916639,0.37812682983999174,0.37812682983999174,0.125,1,1,-1.436824735151672
seed7_P_C2_warm_step100,7,P_C2_warm,100,easy,20070002,8,1.0708204339625325,0.21118097277010658,0.21118097277010658,0.625,1,1,-0.8596394611924258
seed7_P_C2_warm_step100,7,P_C2_warm,100,easy,20070003,8,0.017919496251548865,0.036047776719796816,0.014929501329895666,1,1,1,0.01812828046824795
seed7_P_C2_warm_step100,7,P_C2_warm,100,easy,20070004,8,0.8673924636494331,0.22980152147761135,0.22980152147761135,0.375,1,1,-0.6375909421718218
seed7_P_C2_warm_step100,7,P_C2_warm,100,easy,20070005,8,0.15557998588961144,0.11595389305886478,0.05548821098932422,1,1,1,-0.03962609283074667
seed7_P_C2_warm_step100,7,P_C2_warm,100,easy,20070006,8,0.39549917276513,0.14661746556039312,0.09124620856493341,0.75,1,1,-0.2488817072047369
seed7_P_C2_warm_step100,7,P_C2_warm,100,easy,20070007,8,0.2854149873028107,0.19707134927344225,0.19707134927344225,0.875,1,1,-0.08834363802936843
seed7_P_C2_warm_step100,7,P_C2_warm,100,easy,20070008,8,0.07584888826910474,0.07110051724667986,0.06756971594011706,1,1,1,-0.004748371022424883
seed7_P_C2_warm_step100,7,P_C2_warm,100,easy,20070009,8,0.2514035006947227,0.14653828681879302,0.14527074011512695,0.875,1,1,-0.1048652138759297
seed7_P_C2_warm_step100,7,P_C2_warm,100,easy,20070010,8,1.360016859988718,0.43700442957687863,0.43700442957687863,0.5,0.875,0.875,-0.9230124304118392
seed7_P_C2_warm_step100,7,P_C2_warm,100,easy,20070011,8,1.0565256754110368,0.23402082814601163,0.23402082814601163,0.5,0.875,0.875,-0.8225048472650252
seed7_P_C2_warm_step100,7,P_C2_warm,100,easy,20070012,8,1.5397696833520176,0.23645529189595155,0.20182837243312846,0.5,1,1,-1.303314391456066
seed7_P_C2_warm_step100,7,P_C2_warm,100,easy,20070013,8,2.449082769023726,1.2499778428776431,1.2204390900674706,0.125,0.25,0.25,-1.1991049261460827
seed7_P_C2_warm_step100,7,P_C2_warm,100,easy,20070014,8,0.7275726382243238,0.6001675719697573,0.5712448073046705,0.5,0.5,0.5,-0.1274050662545665
seed7_P_C2_warm_step100,7,P_C2_warm,100,easy,20070015,8,0.2025626365303806,0.11845648199892807,0.11640180083384569,1,1,1,-0.08410615453145252
seed7_P_C2_warm_step100,7,P_C2_warm,100,easy,20070016,8,0.40552540599980325,0.22727076476168243,0.22727076476168243,1,1,1,-0.17825464123812082
seed7_P_C2_warm_step100,7,P_C2_warm,100,easy,20070017,8,0.99794173374735,0.4106928834828231,0.4106928834828231,0.625,1,1,-0.5872488502645268
seed7_P_C2_warm_step100,7,P_C2_warm,100,easy,20070018,8,0.41151199216002127,0.20115522197627714,0.1933953290198754,0.75,1,1,-0.21035677018374413
seed7_P_C2_warm_step100,7,P_C2_warm,100,easy,20070019,8,1.730577674479648,0.3260872543339788,0.3260872543339788,0.25,1,1,-1.4044904201456692
seed7_P_C2_warm_step100,7,P_C2_warm,100,easy,20070020,8,1.41144886423076,0.45746780818961746,0.45746780818961746,0.375,1,1,-0.9539810560411426
seed7_P_C2_warm_step100,7,P_C2_warm,100,easy,20070021,8,0.3525402546957644,0.2573546868313166,0.2573546868313166,1,1,1,-0.09518556786444776
seed7_P_C2_warm_step100,7,P_C2_warm,100,easy,20070022,8,0.18398048641458953,0.14844032593124934,0.08153849859321767,1,1,1,-0.03554016048334019
seed7_P_C2_warm_step100,7,P_C2_warm,100,easy,20070023,8,0.04478562155568306,0.12911981279188053,0.04478562155568306,1,1,1,0.08433419123619748
seed7_P_C2_warm_step100,7,P_C2_warm,100,easy,20070024,8,0.3790625180450881,0.09056420059931397,0.07074006402944563,0.875,1,1,-0.28849831744577414
seed7_P_C2_warm_step100,7,P_C2_warm,100,easy,20070025,8,1.4766827966191283,0.6854951108649966,0.6499483212523061,0.375,0.375,0.375,-0.7911876857541317
seed7_P_C2_warm_step100,7,P_C2_warm,100,easy,20070026,8,1.0857640057448252,0.7952774424250602,0.7873637784559865,0.25,0.25,0.25,-0.2904865633197651
seed7_P_C2_warm_step100,7,P_C2_warm,100,easy,20070027,8,0.36527551115783957,0.15330743097828553,0.15330743097828553,1,1,1,-0.21196808017955404
seed7_P_C2_warm_step100,7,P_C2_warm,100,easy,20070028,8,1.1865319376740606,0.4156548574344506,0.4156548574344506,0.5,0.875,0.875,-0.7708770802396101
seed7_P_C2_warm_step100,7,P_C2_warm,100,easy,20070029,8,0.6120856840384459,0.4517180661167592,0.35735068624972105,0.875,1,1,-0.1603676179216867
seed7_P_C2_warm_step100,7,P_C2_warm,100,easy,20070030,8,0.8733311744420734,0.39787600525920774,0.3629460378176188,0.625,0.875,0.875,-0.4754551691828657
seed7_P_C2_warm_step100,7,P_C2_warm,100,easy,20070031,8,0.22516699354058065,0.19924625592016348,0.18429611716836222,1,1,1,-0.02592073762041716
seed7_P_C2_warm_step100,7,P_C2_warm,100,easy,20070032,8,0.021151787086025137,0.0765283695041055,0.021151787086025137,1,1,1,0.05537658241808037
seed7_P_C2_warm_step100,7,P_C2_warm,100,easy,20070033,8,1.130608409390457,0.5961285909735253,0.592087274671904,0.25,1,1,-0.5344798184169316
seed7_P_C2_warm_step100,7,P_C2_warm,100,easy,20070034,8,0.368636098229184,0.3617666635161954,0.30806744340839876,0.75,0.875,0.875,-0.006869434712988565
seed7_P_C2_warm_step100,7,P_C2_warm,100,easy,20070035,8,1.8988725195596923,0.7596788138346655,0.7596788138346655,0.25,0.625,0.625,-1.1391937057250268
seed7_P_C2_warm_step100,7,P_C2_warm,100,easy,20070036,8,0.8598609223858862,0.4086039211181126,0.4086039211181126,0.625,0.75,0.75,-0.45125700126777357
seed7_P_C2_warm_step100,7,P_C2_warm,100,easy,20070037,8,0.5752317956035301,0.10508526094655733,0.09102493387349452,0.625,1,1,-0.47014653465697276
seed7_P_C2_warm_step100,7,P_C2_warm,100,easy,20070038,8,0.8962713492196636,0.26836887497426337,0.26836887497426337,0.5,1,1,-0.6279024742454002
seed7_P_C2_warm_step100,7,P_C2_warm,100,easy,20070039,8,1.7614830195071467,0.5675646845492346,0.5675646845492346,0,0.75,0.75,-1.193918334957912
seed7_P_C2_warm_step100,7,P_C2_warm,100,easy,20070040,8,1.6389329036860438,0.6806333296190124,0.6612047184672909,0.25,0.5,0.5,-0.9582995740670315
seed7_P_C2_warm_step100,7,P_C2_warm,100,easy,20070041,8,0.07176285933128686,0.057397258746467505,0.04867129845854275,1,1,1,-0.014365600584819352
seed7_P_C2_warm_step100,7,P_C2_warm,100,easy,20070042,8,1.0620713875233943,0.0902662299056858,0.0902662299056858,0.625,1,1,-0.9718051576177085
seed7_P_C2_warm_step100,7,P_C2_warm,100,easy,20070043,8,0.7700156837439776,0.8618559591226754,0.10724743836294745,0.625,0.5,1,0.09184027537869788
seed7_P_C2_warm_step100,7,P_C2_warm,100,easy,20070044,8,0.12574792090662953,0.10881500429202791,0.10848259485299282,1,1,1,-0.016932916614601626
seed7_P_C2_warm_step100,7,P_C2_warm,100,easy,20070045,8,0.10521642334278683,0.09295907100157014,0.08507867156423549,1,1,1,-0.012257352341216693
seed7_P_C2_warm_step100,7,P_C2_warm,100,easy,20070046,8,0.5319733403113346,0.5486470565836871,0.5319733403113346,0.75,0.75,0.75,0.01667371627235248
seed7_P_C2_warm_step100,7,P_C2_warm,100,easy,20070047,8,1.3190217644315338,0.1750391004251524,0.1750391004251524,0.125,1,1,-1.1439826640063815
seed7_P_C2_warm_step100,7,P_C2_warm,100,easy,20070048,8,0.83243826689387,0.25394546065970597,0.19547485533215725,0.75,0.875,0.875,-0.5784928062341641
seed7_P_C2_warm_step100,7,P_C2_warm,100,easy,20070049,8,0.37515508183352697,0.12923595932840845,0.07403301091207831,0.75,1,1,-0.24591912250511852
seed7_P_C2_warm_step100,7,P_C2_warm,100,easy,20070050,8,0.7177851298566468,0.5273598684593023,0.4196215565018636,0.625,0.875,0.875,-0.1904252613973445
seed7_P_C2_warm_step100,7,P_C2_warm,100,easy,20070051,8,0.2093951348232556,0.09010898418525319,0.08049172940076699,0.875,1,1,-0.11928615063800242
seed7_P_C2_warm_step100,7,P_C2_warm,100,easy,20070052,8,0.7982321825363917,0.27815744594645453,0.27815744594645453,0.5,0.875,0.875,-0.5200747365899372
seed7_P_C2_warm_step100,7,P_C2_warm,100,easy,20070053,8,0.32309424072357984,0.318583063718114,0.13117193751676726,1,1,1,-0.004511177005465827
seed7_P_C2_warm_step100,7,P_C2_warm,100,easy,20070054,8,0.567503245071014,0.1577377640845415,0.15525352023873876,0.875,1,1,-0.40976548098647253
seed7_P_C2_warm_step100,7,P_C2_warm,100,easy,20070055,8,0.6622197421431872,0.41463353620163124,0.3070784894013212,0.75,1,1,-0.247586205941556
seed7_P_C2_warm_step100,7,P_C2_warm,100,easy,20070056,8,0.22230178353911478,0.18990443243867022,0.17529445551756687,1,1,1,-0.03239735110044456
seed7_P_C2_warm_step100,7,P_C2_warm,100,easy,20070057,8,0.11475897569658615,0.0856288388003551,0.07104990154451533,1,1,1,-0.02913013689623105
seed7_P_C2_warm_step100,7,P_C2_warm,100,easy,20070058,8,0.2085500613002341,0.17048530885085933,0.12990176330171546,0.875,1,1,-0.03806475244937477
seed7_P_C2_warm_step100,7,P_C2_warm,100,easy,20070059,8,1.4110886809075234,0.3411191309009978,0.3411191309009978,0.125,1,1,-1.0699695500065256
seed7_P_C2_warm_step100,7,P_C2_warm,100,easy,20070060,8,0.7766845973538229,0.15686225029288117,0.0676561063743188,0.625,1,1,-0.6198223470609417
seed7_P_C2_warm_step100,7,P_C2_warm,100,easy,20070061,8,0.8295750714284691,0.22154113259723843,0.22154113259723843,0.75,1,1,-0.6080339388312307
seed7_P_C2_warm_step100,7,P_C2_warm,100,easy,20070062,8,2.2014283435664788,0.4653502906999916,0.4653502906999916,0.25,0.875,0.875,-1.7360780528664872
seed7_P_C2_warm_step100,7,P_C2_warm,100,easy,20070063,8,1.9776505585490605,0.6832895940205573,0.597262530522984,0.375,0.75,0.75,-1.294360964528503
seed7_P_C2_warm_step100,7,P_C2_warm,100,easy,20070064,8,1.5231734865566036,0.6712109929265442,0.2208575862438714,0.375,0.75,1,-0.8519624936300594
seed7_P_C2_warm_step100,7,P_C2_warm,100,easy,20070065,8,2.017445615890219,0.5531452232402578,0.5531452232402578,0.375,0.875,0.875,-1.4643003926499614
seed7_P_C2_warm_step100,7,P_C2_warm,100,easy,20070066,8,0.07461526262328036,0.15376329559333476,0.07144482455690755,1,1,1,0.0791480329700544
seed7_P_C2_warm_step100,7,P_C2_warm,100,easy,20070067,8,0.8207912437090321,0.13985392067530578,0.10452984083657405,0.375,1,1,-0.6809373230337263
seed7_P_C2_warm_step100,7,P_C2_warm,100,easy,20070068,8,1.3895638122739347,0.901357432578119,0.901357432578119,0.25,0.375,0.375,-0.4882063796958157
seed7_P_C2_warm_step100,7,P_C2_warm,100,easy,20070069,8,1.0896141992595763,0.17299704625210838,0.15041208549470747,0.375,1,1,-0.9166171530074678
seed7_P_C2_warm_step100,7,P_C2_warm,100,easy,20070070,8,0.1478017054893223,0.30175187331621334,0.1478017054893223,1,1,1,0.15395016782689103
seed7_P_C2_warm_step100,7,P_C2_warm,100,easy,20070071,8,1.9420660944579453,0.30811145489210634,0.30811145489210634,0,0.875,0.875,-1.633954639565839
seed7_P_C2_warm_step100,7,P_C2_warm,100,easy,20070072,8,0.3677927375210885,0.34146499670459285,0.20948737187303618,0.875,1,1,-0.026327740816495637
seed7_P_C2_warm_step100,7,P_C2_warm,100,easy,20070073,8,0.06274103226733234,0.3697108657380344,0.060928972292652525,1,0.875,1,0.30696983347070206
seed7_P_C2_warm_step100,7,P_C2_warm,100,easy,20070074,8,1.4103395728055026,0.3373281898309668,0.3373281898309668,0.625,0.875,0.875,-1.0730113829745358
seed7_P_C2_warm_step100,7,P_C2_warm,100,easy,20070075,8,0.2972749296627044,0.24500567076877874,0.12769268114714002,1,1,1,-0.05226925889392567
seed7_P_C2_warm_step100,7,P_C2_warm,100,easy,20070076,8,0.26660199139850704,0.24309613839002092,0.21152605969208105,1,1,1,-0.02350585300848612
seed7_P_C2_warm_step100,7,P_C2_warm,100,easy,20070077,8,0.15454132044900024,0.08751949932738197,0.056851598560023454,1,1,1,-0.06702182112161827
seed7_P_C2_warm_step100,7,P_C2_warm,100,easy,20070078,8,1.1724825516587714,0.2751739863926334,0.2751739863926334,0.125,1,1,-0.8973085652661379
seed7_P_C2_warm_step100,7,P_C2_warm,100,easy,20070079,8,1.2488283155326316,0.4104824590068413,0.4104824590068413,0.5,0.75,0.75,-0.8383458565257903
seed7_P_C2_warm_step100,7,P_C2_warm,100,easy,20070080,8,1.9738712378863936,0.9253947096028963,0.9070803796196262,0.25,0.375,0.375,-1.0484765282834974
seed7_P_C2_warm_step100,7,P_C2_warm,100,easy,20070081,8,0.27297497898543177,0.28479708018299466,0.2626563820797443,1,1,1,0.011822101197562884
seed7_P_C2_warm_step100,7,P_C2_warm,100,easy,20070082,8,0.6272235994571176,0.2517158931196392,0.1847254583735166,0.625,1,1,-0.3755077063374784
seed7_P_C2_warm_step100,7,P_C2_warm,100,easy,20070083,8,0.6154684286291534,0.2492912562155415,0.2492912562155415,0.875,1,1,-0.3661771724136119
seed7_P_C2_warm_step100,7,P_C2_warm,100,easy,20070084,8,0.5604773155049062,0.3256933086450819,0.31553934065355943,0.625,1,1,-0.2347840068598243
seed7_P_C2_warm_step100,7,P_C2_warm,100,easy,20070085,8,0.19452590625028945,0.179489880943878,0.14360127478240206,0.875,1,1,-0.01503602530641146
seed7_P_C2_warm_step100,7,P_C2_warm,100,easy,20070086,8,0.09365148622070182,0.12768195511591884,0.07912590601542122,1,1,1,0.03403046889521702
seed7_P_C2_warm_step100,7,P_C2_warm,100,easy,20070087,8,0.3836812701427601,0.5600788785344646,0.27733673238038986,1,0.5,1,0.17639760839170449
seed7_P_C2_warm_step100,7,P_C2_warm,100,easy,20070088,8,0.06607700761515753,0.049702774516247494,0.032586789631997265,1,1,1,-0.016374233098910035
seed7_P_C2_warm_step100,7,P_C2_warm,100,easy,20070089,8,2.3439700560579633,0.5314299333665832,0.5314299333665832,0,1,1,-1.81254012269138
seed7_P_C2_warm_step100,7,P_C2_warm,100,easy,20070090,8,2.1296197927806007,0.47758859103867046,0.4112360575205519,0.125,0.875,0.875,-1.6520312017419303
seed7_P_C2_warm_step100,7,P_C2_warm,100,easy,20070091,8,0.5786090464546827,0.25844734358424193,0.2547417037983614,0.625,1,1,-0.32016170287044077
seed7_P_C2_warm_step100,7,P_C2_warm,100,easy,20070092,8,0.10220760114006147,0.17135717130034375,0.10110170200105617,1,1,1,0.06914957016028228
seed7_P_C2_warm_step100,7,P_C2_warm,100,easy,20070093,8,0.7199773209481778,0.36840210423142955,0.11074719427468761,0.25,0.75,1,-0.35157521671674824
seed7_P_C2_warm_step100,7,P_C2_warm,100,easy,20070094,8,0.5655634231827456,0.14049904287131745,0.13375176871064123,0.625,1,1,-0.4250643803114281
seed7_P_C2_warm_step100,7,P_C2_warm,100,easy,20070095,8,0.5311421532636313,0.0801209484418559,0.055579084761083274,0.625,1,1,-0.45102120482177543
seed7_P_C2_warm_step100,7,P_C2_warm,100,easy,20070096,8,0.7980587006440499,0.34286019345382857,0.3362487619900666,0.375,0.875,0.875,-0.45519850719022137
seed7_P_C2_warm_step100,7,P_C2_warm,100,easy,20070097,8,0.07814005506960327,0.2528062220273058,0.07645690249013083,1,1,1,0.17466616695770254
seed7_P_C2_warm_step100,7,P_C2_warm,100,easy,20070098,8,0.2915951131198744,0.1621786311520217,0.1621786311520217,0.875,1,1,-0.12941648196785271
seed7_P_C2_warm_step100,7,P_C2_warm,100,easy,20070099,8,1.9788453774318002,0.4416428798906321,0.4416428798906321,0,1,1,-1.537202497541168
seed7_P_C2_warm_step100,7,P_C2_warm,100,hard,20070000,8,0.9180171155293945,1.1409540397521882,0.9180171155293945,0.375,0.375,0.375,0.22293692422279376
seed7_P_C2_warm_step100,7,P_C2_warm,100,hard,20070001,8,2.4608510073683276,2.1436707479209782,2.1436707479209782,0.25,0.375,0.375,-0.3171802594473494
seed7_P_C2_warm_step100,7,P_C2_warm,100,hard,20070002,8,1.5572995822121154,0.9706695577760652,0.9706695577760652,0,0.625,0.625,-0.5866300244360502
seed7_P_C2_warm_step100,7,P_C2_warm,100,hard,20070003,8,0.7024596171462508,0.8964631562622362,0.6384791432806124,0.75,0.75,0.75,0.19400353911598534
seed7_P_C2_warm_step100,7,P_C2_warm,100,hard,20070004,8,1.0046045978323737,0.9289982192293601,0.9082930652478814,0.5,0.75,0.75,-0.07560637860301356
seed7_P_C2_warm_step100,7,P_C2_warm,100,hard,20070005,8,1.2677441458969656,0.9214363465739699,0.8997058665403693,0,0.75,0.75,-0.3463077993229957
seed7_P_C2_warm_step100,7,P_C2_warm,100,hard,20070006,8,0.7623215109118493,1.2645276375218788,0.7587856931405114,1,0.5,1,0.5022061266100295
seed7_P_C2_warm_step100,7,P_C2_warm,100,hard,20070007,8,2.166527326002225,1.951426496113311,1.871701653481223,0.375,0.375,0.375,-0.2151008298889141
seed7_P_C2_warm_step100,7,P_C2_warm,100,hard,20070008,8,0.9142127025430874,1.0909082827240753,0.9074533431824008,0.875,1,1,0.17669558018098785
seed7_P_C2_warm_step100,7,P_C2_warm,100,hard,20070009,8,1.6763964306535049,1.704873925587662,1.3144916031337122,0.375,0,0.375,0.028477494934157077
seed7_P_C2_warm_step100,7,P_C2_warm,100,hard,20070010,8,0.9574930763296312,0.8720211590435619,0.8720211590435619,0.75,0.75,0.75,-0.08547191728606929
seed7_P_C2_warm_step100,7,P_C2_warm,100,hard,20070011,8,1.0817516227011799,0.9579805360001283,0.9034723914786899,0.75,0.75,0.75,-0.12377108670105152
seed7_P_C2_warm_step100,7,P_C2_warm,100,hard,20070012,8,1.9159290623821452,1.7223458553718796,1.6737803247104537,0.25,0.25,0.25,-0.19358320701026566
seed7_P_C2_warm_step100,7,P_C2_warm,100,hard,20070013,8,2.2882424208228893,1.5888647566960947,1.4850691014620658,0.125,0,0.125,-0.6993776641267946
seed7_P_C2_warm_step100,7,P_C2_warm,100,hard,20070014,8,1.0756164899868448,1.1309409608399323,1.0756164899868448,0.625,0.625,0.625,0.05532447085308756
seed7_P_C2_warm_step100,7,P_C2_warm,100,hard,20070015,8,1.082668907225821,1.0709373113717908,0.8845477609313056,0.25,0.375,0.625,-0.011731595854030274
seed7_P_C2_warm_step100,7,P_C2_warm,100,hard,20070016,8,1.255327070614121,1.3045941247028894,1.255327070614121,0.5,0.375,0.5,0.0492670540887683
seed7_P_C2_warm_step100,7,P_C2_warm,100,hard,20070017,8,1.5556407431606063,1.0931043920581678,1.0931043920581678,0,0.5,0.5,-0.4625363511024385
seed7_P_C2_warm_step100,7,P_C2_warm,100,hard,20070018,8,0.9989361806800298,1.0986080540186065,0.9969464279724001,0.375,0.375,0.375,0.09967187333857674
seed7_P_C2_warm_step100,7,P_C2_warm,100,hard,20070019,8,1.1182246868021206,0.822956935502083,0.822956935502083,0.5,0.875,0.875,-0.2952677513000376
seed7_P_C2_warm_step100,7,P_C2_warm,100,hard,20070020,8,1.0543584698178876,1.3569641364242995,1.0042186759360325,0.5,0.125,0.5,0.30260566660641186
seed7_P_C2_warm_step100,7,P_C2_warm,100,hard,20070021,8,0.8329322336997327,0.8357318938421661,0.7469394419429374,0.625,0.625,0.625,0.00279966014243338
seed7_P_C2_warm_step100,7,P_C2_warm,100,hard,20070022,8,1.3177628309239777,1.278866707625404,1.1722744493131918,0.5,0.25,0.5,-0.038896123298573615
seed7_P_C2_warm_step100,7,P_C2_warm,100,hard,20070023,8,1.8051031357428091,1.4491150556851404,1.4491150556851404,0,0,0,-0.3559880800576687
seed7_P_C2_warm_step100,7,P_C2_warm,100,hard,20070024,8,1.0320818406539312,0.9606048912327824,0.9606048912327824,0.75,0.75,0.75,-0.0714769494211488
seed7_P_C2_warm_step100,7,P_C2_warm,100,hard,20070025,8,0.9268627480771062,1.1034128373180092,0.9268627480771062,0.375,0.375,0.375,0.17655008924090299
seed7_P_C2_warm_step100,7,P_C2_warm,100,hard,20070026,8,1.2758514713787967,1.2426130698975149,1.2426130698975149,0.25,0.375,0.375,-0.033238401481281876
seed7_P_C2_warm_step100,7,P_C2_warm,100,hard,20070027,8,1.3584559897037918,1.1125940761974789,1.1125940761974789,0.125,0.375,0.375,-0.24586191350631292
seed7_P_C2_warm_step100,7,P_C2_warm,100,hard,20070028,8,1.3733840011526066,1.128364542271475,1.128364542271475,0,0.875,0.875,-0.24501945888113164
seed7_P_C2_warm_step100,7,P_C2_warm,100,hard,20070029,8,1.595070595599977,1.2919957702329237,1.2919957702329237,0,0,0,-0.30307482536705344
seed7_P_C2_warm_step100,7,P_C2_warm,100,hard,20070030,8,0.9562051736778513,1.033025693527408,0.843033018800522,0.625,0.625,0.625,0.07682051984955673
seed7_P_C2_warm_step100,7,P_C2_warm,100,hard,20070031,8,0.890909024694345,0.9281831678293508,0.7776766577590777,0.625,0.625,0.625,0.03727414313500588
seed7_P_C2_warm_step100,7,P_C2_warm,100,hard,20070032,8,0.8979634227024333,0.9221154319893725,0.7855730295884971,0.75,1,1,0.02415200928693917
seed7_P_C2_warm_step100,7,P_C2_warm,100,hard,20070033,8,1.771238697991295,1.0048821696444659,1.0048821696444659,0,0.625,0.625,-0.7663565283468292
seed7_P_C2_warm_step100,7,P_C2_warm,100,hard,20070034,8,1.7073573490817302,1.8439456138297823,1.5877067048340918,0,0,0,0.13658826474805208
seed7_P_C2_warm_step100,7,P_C2_warm,100,hard,20070035,8,1.5921500501231767,1.6866977555522769,1.2797198575760833,0.5,0,0.5,0.09454770542910018
seed7_P_C2_warm_step100,7,P_C2_warm,100,hard,20070036,8,0.8161283065643659,0.8601533703524347,0.7577184738158603,0.625,0.75,0.75,0.04402506378806881
seed7_P_C2_warm_step100,7,P_C2_warm,100,hard,20070037,8,1.1826319720829468,1.2180712248448844,1.1264178553723594,0.5,0.5,0.5,0.0354392527619376
seed7_P_C2_warm_step100,7,P_C2_warm,100,hard,20070038,8,1.0352827203220576,0.7654976204990039,0.7654976204990039,0.375,0.875,0.875,-0.26978509982305365
seed7_P_C2_warm_step100,7,P_C2_warm,100,hard,20070039,8,1.038062484663667,1.0835323270656472,0.9799734823904369,0.5,0.5,0.5,0.045469842401980154
seed7_P_C2_warm_step100,7,P_C2_warm,100,hard,20070040,8,0.8277683414611267,0.7609607462057557,0.6684146925070227,0.5,0.875,0.875,-0.06680759525537094
seed7_P_C2_warm_step100,7,P_C2_warm,100,hard,20070041,8,1.0700244793185802,1.0400561922494531,0.9288456814256136,0.5,0.5,0.5,-0.02996828706912713
seed7_P_C2_warm_step100,7,P_C2_warm,100,hard,20070042,8,1.3256552331861262,1.159732000370535,1.0111537689706065,0.375,0.625,0.625,-0.1659232328155913
seed7_P_C2_warm_step100,7,P_C2_warm,100,hard,20070043,8,1.14148984640468,1.083017009972912,1.083017009972912,0.875,1,1,-0.05847283643176815
seed7_P_C2_warm_step100,7,P_C2_warm,100,hard,20070044,8,1.2545546476118221,1.2273594444676872,1.2074766883363695,0.625,0.625,0.625,-0.027195203144134927
seed7_P_C2_warm_step100,7,P_C2_warm,100,hard,20070045,8,1.2368514671551298,1.1876297191676755,0.9962539851424689,0.5,0.5,0.5,-0.04922174798745438
seed7_P_C2_warm_step100,7,P_C2_warm,100,hard,20070046,8,1.0073091018471314,1.066785635860313,0.915026933107897,0.625,0.625,0.625,0.05947653401318154
seed7_P_C2_warm_step100,7,P_C2_warm,100,hard,20070047,8,0.5712842635476892,0.6312612073412144,0.5107821622000852,0.75,0.75,0.75,0.05997694379352514
seed7_P_C2_warm_step100,7,P_C2_warm,100,hard,20070048,8,2.846124172938098,2.089395862772821,2.089395862772821,0,0.25,0.25,-0.7567283101652773
seed7_P_C2_warm_step100,7,P_C2_warm,100,hard,20070049,8,1.4989566982918818,1.4513162334496117,1.2989086680122077,0,0,0,-0.047640464842270136
seed7_P_C2_warm_step100,7,P_C2_warm,100,hard,20070050,8,1.381518292726648,1.5024909589214899,1.2139509280292078,0,0,0,0.12097266619484182
seed7_P_C2_warm_step100,7,P_C2_warm,100,hard,20070051,8,1.4754703402539215,1.3207400883122136,1.3207400883122136,0.125,0.125,0.125,-0.15473025194170797
seed7_P_C2_warm_step100,7,P_C2_warm,100,hard,20070052,8,1.9723424805792993,0.8877193100474491,0.8877193100474491,0,0.875,0.875,-1.08462317053185
seed7_P_C2_warm_step100,7,P_C2_warm,100,hard,20070053,8,1.2035506786363044,1.2318329305615008,1.1664782137995173,0.375,0.25,0.375,0.0282822519251964
seed7_P_C2_warm_step100,7,P_C2_warm,100,hard,20070054,8,1.1087941430924666,1.1589246939807833,1.107539136367895,0.75,1,1,0.05013055088831675
seed7_P_C2_warm_step100,7,P_C2_warm,100,hard,20070055,8,1.9218203239416272,1.4789352642098867,1.4789352642098867,0,0.375,0.375,-0.4428850597317404
seed7_P_C2_warm_step100,7,P_C2_warm,100,hard,20070056,8,1.612502411976645,1.344658517687725,1.344658517687725,0,0.375,0.375,-0.26784389428891986
seed7_P_C2_warm_step100,7,P_C2_warm,100,hard,20070057,8,1.1089910327167,0.9083230528563984,0.8605366145111212,0.25,0.25,0.25,-0.20066797986030172
seed7_P_C2_warm_step100,7,P_C2_warm,100,hard,20070058,8,1.1955645652754219,1.4929502212194972,1.1955645652754219,0.625,0.25,0.625,0.2973856559440753
seed7_P_C2_warm_step100,7,P_C2_warm,100,hard,20070059,8,1.1648580281066936,1.2120982453078144,1.1648580281066936,0.25,0.125,0.25,0.047240217201120815
seed7_P_C2_warm_step100,7,P_C2_warm,100,hard,20070060,8,1.7870743357898944,1.3804062361796277,1.3804062361796277,0,0.125,0.125,-0.40666809961026673
seed7_P_C2_warm_step100,7,P_C2_warm,100,hard,20070061,8,2.2393775892312076,2.0467524122665006,2.0009155952960302,0.25,0.25,0.25,-0.19262517696470693
seed7_P_C2_warm_step100,7,P_C2_warm,100,hard,20070062,8,1.6964622636002273,1.0585850666631162,1.0585850666631162,0,0.5,0.5,-0.6378771969371111
seed7_P_C2_warm_step100,7,P_C2_warm,100,hard,20070063,8,1.6290797228770477,1.0694976981404345,1.0694976981404345,0,0.625,0.625,-0.5595820247366132
seed7_P_C2_warm_step100,7,P_C2_warm,100,hard,20070064,8,1.5417876873049785,1.2260095701122087,1.2260095701122087,0,0.75,0.75,-0.3157781171927698
seed7_P_C2_warm_step100,7,P_C2_warm,100,hard,20070065,8,1.579675369292516,1.1847903687847499,1.1847903687847499,0.375,0.5,0.5,-0.3948850005077662
seed7_P_C2_warm_step100,7,P_C2_warm,100,hard,20070066,8,1.717296553254976,1.5311928356233422,1.5311928356233422,0.25,0.5,0.5,-0.1861037176316338
seed7_P_C2_warm_step100,7,P_C2_warm,100,hard,20070067,8,2.1189871957770006,1.7136184480970265,1.6871438006955788,0,0,0,-0.4053687476799741
seed7_P_C2_warm_step100,7,P_C2_warm,100,hard,20070068,8,0.547276105354693,0.6452376752977946,0.5131328207107574,1,1,1,0.09796156994310168
seed7_P_C2_warm_step100,7,P_C2_warm,100,hard,20070069,8,1.216511264745901,1.2825423834454885,0.9850091143041689,0.375,0.375,0.75,0.06603111869958744
seed7_P_C2_warm_step100,7,P_C2_warm,100,hard,20070070,8,2.4515511161214603,1.80175056101497,1.80175056101497,0,0,0,-0.6498005551064903
seed7_P_C2_warm_step100,7,P_C2_warm,100,hard,20070071,8,1.0673903532973203,0.920967374266507,0.920967374266507,0.375,0.375,0.375,-0.14642297903081336
seed7_P_C2_warm_step100,7,P_C2_warm,100,hard,20070072,8,0.5390521650277041,0.7715287006039254,0.46585538075913163,0.875,0.875,0.875,0.23247653557622128
seed7_P_C2_warm_step100,7,P_C2_warm,100,hard,20070073,8,1.3677978756991458,1.1757803948454257,1.1345655273099378,0.375,0.375,0.375,-0.19201748085372006
seed7_P_C2_warm_step100,7,P_C2_warm,100,hard,20070074,8,1.1902801594038566,1.393638878305552,1.1902801594038566,0.375,0.375,0.375,0.20335871890169543
seed7_P_C2_warm_step100,7,P_C2_warm,100,hard,20070075,8,1.5126663105300548,1.6044819956625482,1.1660377969125266,0.5,0,0.5,0.09181568513249339
seed7_P_C2_warm_step100,7,P_C2_warm,100,hard,20070076,8,2.4809534989690967,1.6892426203001951,1.6892426203001951,0,0,0,-0.7917108786689016
seed7_P_C2_warm_step100,7,P_C2_warm,100,hard,20070077,8,1.1185011329415067,1.0491540125446297,0.9873008353802646,0.375,0.625,0.625,-0.06934712039687696
seed7_P_C2_warm_step100,7,P_C2_warm,100,hard,20070078,8,1.1879243308770953,1.2761155549132441,0.7053528609761676,0.5,0.5,1,0.08819122403614887
seed7_P_C2_warm_step100,7,P_C2_warm,100,hard,20070079,8,1.232995291756186,1.0509694112507775,0.9483625839911121,0.375,0.375,0.375,-0.18202588050540847
seed7_P_C2_warm_step100,7,P_C2_warm,100,hard,20070080,8,1.865375629830566,1.9976446288118082,1.8605787378174492,0.25,0,0.25,0.13226899898124223
seed7_P_C2_warm_step100,7,P_C2_warm,100,hard,20070081,8,1.038099073182804,1.116268284980149,1.0134979093473049,1,0.625,1,0.07816921179734515
seed7_P_C2_warm_step100,7,P_C2_warm,100,hard,20070082,8,2.02633603337655,1.3586171661764004,1.3586171661764004,0,0,0,-0.6677188672001497
seed7_P_C2_warm_step100,7,P_C2_warm,100,hard,20070083,8,0.8010781096418704,1.0801462436692564,0.633111982427307,0.75,0.375,0.75,0.27906813402738595
seed7_P_C2_warm_step100,7,P_C2_warm,100,hard,20070084,8,1.343919277699373,1.3620813818438384,1.1742716395836843,0.375,0.375,0.375,0.018162104144465507
seed7_P_C2_warm_step100,7,P_C2_warm,100,hard,20070085,8,1.8094466529693827,1.310475846376652,1.2445505310837568,0.25,0.25,0.25,-0.49897080659273074
seed7_P_C2_warm_step100,7,P_C2_warm,100,hard,20070086,8,1.7086840598159603,1.3347521747882238,1.3347521747882238,0,0.625,0.625,-0.37393188502773644
seed7_P_C2_warm_step100,7,P_C2_warm,100,hard,20070087,8,0.9384779882107449,1.2055006182862222,0.9384779882107449,0.75,0.625,0.75,0.26702263007547733
seed7_P_C2_warm_step100,7,P_C2_warm,100,hard,20070088,8,0.627393637774191,0.8125045865996408,0.5776771983242731,1,0.625,1,0.18511094882544976
seed7_P_C2_warm_step100,7,P_C2_warm,100,hard,20070089,8,2.970295757232172,2.2453288938065525,2.2453288938065525,0,0,0,-0.7249668634256197
seed7_P_C2_warm_step100,7,P_C2_warm,100,hard,20070090,8,1.133075062127897,0.8699840486882001,0.8339347950691025,0.25,0.5,0.5,-0.263091013439697
seed7_P_C2_warm_step100,7,P_C2_warm,100,hard,20070091,8,1.1258457497150756,1.072562989033945,1.072562989033945,0.625,1,1,-0.05328276068113058
seed7_P_C2_warm_step100,7,P_C2_warm,100,hard,20070092,8,1.5035030127344955,1.2786609661817638,1.2786609661817638,0.25,0.375,0.375,-0.22484204655273166
seed7_P_C2_warm_step100,7,P_C2_warm,100,hard,20070093,8,0.860337651063453,0.7381472928856597,0.7381472928856597,0.875,0.875,0.875,-0.12219035817779322
seed7_P_C2_warm_step100,7,P_C2_warm,100,hard,20070094,8,1.510548117260099,0.9284676555432019,0.9284676555432019,0,0.75,0.75,-0.5820804617168971
seed7_P_C2_warm_step100,7,P_C2_warm,100,hard,20070095,8,1.4688195022465338,1.1082358586680494,1.1082358586680494,0,0.375,0.375,-0.3605836435784844
seed7_P_C2_warm_step100,7,P_C2_warm,100,hard,20070096,8,1.0691362395576653,1.3433899194481875,1.0691362395576653,0.625,0.625,0.625,0.2742536798905222
seed7_P_C2_warm_step100,7,P_C2_warm,100,hard,20070097,8,0.948594506302361,1.0258109072641233,0.9356741565468318,0.875,0.75,0.875,0.0772164009617623
seed7_P_C2_warm_step100,7,P_C2_warm,100,hard,20070098,8,1.6912117128931488,1.2320740691095515,1.2320740691095515,0,0.625,0.625,-0.4591376437835972
seed7_P_C2_warm_step100,7,P_C2_warm,100,hard,20070099,8,1.5524117399208046,1.360125895092635,1.314613279475728,0.25,0.25,0.25,-0.19228584482816968
seed7_P_C2_warm_step200,7,P_C2_warm,200,easy,20070000,8,0.6552275749281762,0.25470109305901156,0.25470109305901156,0.75,1,1,-0.4005264818691646
seed7_P_C2_warm_step200,7,P_C2_warm,200,easy,20070001,8,2.040040259180999,0.22994510271183205,0.22994510271183205,0,1,1,-1.8100951564691672
seed7_P_C2_warm_step200,7,P_C2_warm,200,easy,20070002,8,1.2914682080849875,0.11985212585841216,0.11141166971821147,0.625,1,1,-1.1716160822265753
seed7_P_C2_warm_step200,7,P_C2_warm,200,easy,20070003,8,0.02230659016110948,0.08154010507507498,0.019198695954776992,1,1,1,0.059233514913965495
seed7_P_C2_warm_step200,7,P_C2_warm,200,easy,20070004,8,0.9495655247562187,0.1726555168732361,0.1726555168732361,0.125,1,1,-0.7769100078829826
seed7_P_C2_warm_step200,7,P_C2_warm,200,easy,20070005,8,0.17866808548469448,0.09810785115368893,0.07277866395344028,1,1,1,-0.08056023433100555
seed7_P_C2_warm_step200,7,P_C2_warm,200,easy,20070006,8,0.42911095634641605,0.1480296544221406,0.06232771190293699,0.75,1,1,-0.28108130192427544
seed7_P_C2_warm_step200,7,P_C2_warm,200,easy,20070007,8,0.3036145116743335,0.1689467592313456,0.16395475115270772,0.875,1,1,-0.1346677524429879
seed7_P_C2_warm_step200,7,P_C2_warm,200,easy,20070008,8,0.10336524938565135,0.07878711175271991,0.07803962836332773,1,1,1,-0.024578137632931443
seed7_P_C2_warm_step200,7,P_C2_warm,200,easy,20070009,8,0.259178683238103,0.11768493888399476,0.11162518852841588,0.875,1,1,-0.14149374435410825
seed7_P_C2_warm_step200,7,P_C2_warm,200,easy,20070010,8,1.5024316149915147,0.33047136635828944,0.33047136635828944,0.25,1,1,-1.1719602486332252
seed7_P_C2_warm_step200,7,P_C2_warm,200,easy,20070011,8,1.083904639472005,0.17217341088496393,0.17217341088496393,0.5,1,1,-0.9117312285870411
seed7_P_C2_warm_step200,7,P_C2_warm,200,easy,20070012,8,1.7297847693490074,0.1564595053675109,0.06286492151728908,0.5,1,1,-1.5733252639814965
seed7_P_C2_warm_step200,7,P_C2_warm,200,easy,20070013,8,2.775490834398176,1.5135269959315578,1.5010987222360836,0.125,0.125,0.125,-1.261963838466618
seed7_P_C2_warm_step200,7,P_C2_warm,200,easy,20070014,8,0.7427903312305787,0.6639020493107777,0.6482492757467194,0.5,0.5,0.5,-0.07888828191980102
seed7_P_C2_warm_step200,7,P_C2_warm,200,easy,20070015,8,0.26922169948758834,0.12255270109480022,0.11914159480937037,0.875,1,1,-0.14666899839278813
seed7_P_C2_warm_step200,7,P_C2_warm,200,easy,20070016,8,0.4836599177920837,0.22938219516853897,0.22938219516853897,1,1,1,-0.25427772262354476
seed7_P_C2_warm_step200,7,P_C2_warm,200,easy,20070017,8,1.164733443981417,0.36913066402640343,0.36913066402640343,0.5,1,1,-0.7956027799550136
seed7_P_C2_warm_step200,7,P_C2_warm,200,easy,20070018,8,0.4413504527665576,0.18673785612978436,0.15195946907473332,0.75,1,1,-0.25461259663677327
seed7_P_C2_warm_step200,7,P_C2_warm,200,easy,20070019,8,1.6786051983107912,0.12635272691131172,0.12635272691131172,0.25,1,1,-1.5522524713994796
seed7_P_C2_warm_step200,7,P_C2_warm,200,easy,20070020,8,1.6925796813273095,0.4412496950931172,0.4412496950931172,0.375,0.875,0.875,-1.2513299862341922
seed7_P_C2_warm_step200,7,P_C2_warm,200,easy,20070021,8,0.4345669700213009,0.2565885773369804,0.2565885773369804,0.875,1,1,-0.17797839268432053
seed7_P_C2_warm_step200,7,P_C2_warm,200,easy,20070022,8,0.21693788978953535,0.1250733428446164,0.09098696596504487,1,1,1,-0.09186454694491894
seed7_P_C2_warm_step200,7,P_C2_warm,200,easy,20070023,8,0.04465765325925457,0.08801357818884166,0.04465765325925457,1,1,1,0.04335592492958709
seed7_P_C2_warm_step200,7,P_C2_warm,200,easy,20070024,8,0.4653146705709978,0.1362017709549387,0.06313140461474535,0.625,1,1,-0.32911289961605905
seed7_P_C2_warm_step200,7,P_C2_warm,200,easy,20070025,8,1.479105789420271,0.5577001104288429,0.4907136738863524,0.375,1,1,-0.9214056789914281
seed7_P_C2_warm_step200,7,P_C2_warm,200,easy,20070026,8,1.0113704610706427,0.8154502023168031,0.8110165461896881,0.25,0.25,0.25,-0.19592025875383956
seed7_P_C2_warm_step200,7,P_C2_warm,200,easy,20070027,8,0.3913984939513628,0.13304620860511338,0.13304620860511338,1,1,1,-0.25835228534624943
seed7_P_C2_warm_step200,7,P_C2_warm,200,easy,20070028,8,1.2551647797969796,0.33800648939314576,0.33800648939314576,0.25,1,1,-0.9171582904038338
seed7_P_C2_warm_step200,7,P_C2_warm,200,easy,20070029,8,0.6909603713249768,0.5116652579413048,0.4382392643597735,0.75,1,1,-0.179295113383672
seed7_P_C2_warm_step200,7,P_C2_warm,200,easy,20070030,8,0.9799900866229756,0.43973648457456777,0.41779717734783317,0.625,0.75,0.75,-0.5402536020484079
seed7_P_C2_warm_step200,7,P_C2_warm,200,easy,20070031,8,0.2730796909041436,0.2099643474032744,0.1964839314046971,1,1,1,-0.06311534350086917
seed7_P_C2_warm_step200,7,P_C2_warm,200,easy,20070032,8,0.03125006381977107,0.2130778353067997,0.03125006381977107,1,1,1,0.1818277714870286
seed7_P_C2_warm_step200,7,P_C2_warm,200,easy,20070033,8,1.1717997586661117,0.6508095472162884,0.6508095472162884,0.25,0.625,0.625,-0.5209902114498234
seed7_P_C2_warm_step200,7,P_C2_warm,200,easy,20070034,8,0.37582886257001474,0.37204467224224297,0.30193016380328913,0.875,1,1,-0.0037841903277717748
seed7_P_C2_warm_step200,7,P_C2_warm,200,easy,20070035,8,2.1346545807115858,0.7882223439232395,0.7882223439232395,0.125,0.5,0.5,-1.3464322367883463
seed7_P_C2_warm_step200,7,P_C2_warm,200,easy,20070036,8,1.0014037743584425,0.4638113131442056,0.4638113131442056,0.5,0.625,0.625,-0.5375924612142369
seed7_P_C2_warm_step200,7,P_C2_warm,200,easy,20070037,8,0.6340121051685986,0.10278478904803723,0.06821651894306106,0.625,1,1,-0.5312273161205614
seed7_P_C2_warm_step200,7,P_C2_warm,200,easy,20070038,8,0.9771818229095021,0.2182374017129826,0.21251335586350648,0.5,1,1,-0.7589444211965195
seed7_P_C2_warm_step200,7,P_C2_warm,200,easy,20070039,8,1.798773922729076,0.4149193606358301,0.4149193606358301,0,1,1,-1.3838545620932459
seed7_P_C2_warm_step200,7,P_C2_warm,200,easy,20070040,8,1.6089281480408115,0.8702374355795717,0.8410825275111766,0.25,0.5,0.5,-0.7386907124612399
seed7_P_C2_warm_step200,7,P_C2_warm,200,easy,20070041,8,0.10697444028816169,0.05990633762527043,0.05026107871856468,1,1,1,-0.04706810266289126
seed7_P_C2_warm_step200,7,P_C2_warm,200,easy,20070042,8,1.223140730405553,0.05788034728391523,0.05788034728391523,0.625,1,1,-1.1652603831216377
seed7_P_C2_warm_step200,7,P_C2_warm,200,easy,20070043,8,0.8366249128083253,0.32333818041906714,0.13231389861184795,0.5,1,1,-0.5132867323892581
seed7_P_C2_warm_step200,7,P_C2_warm,200,easy,20070044,8,0.15195982126426624,0.11585841290532942,0.11392805962687097,1,1,1,-0.036101408358936826
seed7_P_C2_warm_step200,7,P_C2_warm,200,easy,20070045,8,0.09303759020449377,0.10956809905546153,0.09097235353290223,1,1,1,0.016530508850967754
seed7_P_C2_warm_step200,7,P_C2_warm,200,easy,20070046,8,0.5588661021452669,0.590689682949271,0.5566805853405224,0.75,0.75,0.75,0.03182358080400416
seed7_P_C2_warm_step200,7,P_C2_warm,200,easy,20070047,8,1.5390845553993788,0.13834761608401477,0.13834761608401477,0,1,1,-1.4007369393153641
seed7_P_C2_warm_step200,7,P_C2_warm,200,easy,20070048,8,0.7894200360799202,0.27782175089739913,0.2456743777301555,0.75,0.875,0.875,-0.511598285182521
seed7_P_C2_warm_step200,7,P_C2_warm,200,easy,20070049,8,0.3812684836681761,0.10658837674820773,0.08242036671557208,0.75,1,1,-0.27468010691996836
seed7_P_C2_warm_step200,7,P_C2_warm,200,easy,20070050,8,0.7823642220281083,0.4983120268211378,0.3673295629638059,0.625,0.875,0.875,-0.2840521952069705
seed7_P_C2_warm_step200,7,P_C2_warm,200,easy,20070051,8,0.238128072068926,0.0908381538559208,0.08607826035423835,0.875,1,1,-0.1472899182130052
seed7_P_C2_warm_step200,7,P_C2_warm,200,easy,20070052,8,0.8445945685679254,0.20333713007589352,0.20333713007589352,0.5,0.875,0.875,-0.6412574384920319
seed7_P_C2_warm_step200,7,P_C2_warm,200,easy,20070053,8,0.3762324416932362,0.29401491976912475,0.1697215206984985,1,1,1,-0.08221752192411147
seed7_P_C2_warm_step200,7,P_C2_warm,200,easy,20070054,8,0.6667460302997749,0.10505842429104442,0.10226874167464209,0.625,1,1,-0.5616876060087305
seed7_P_C2_warm_step200,7,P_C2_warm,200,easy,20070055,8,0.717428085091208,0.4374696252674908,0.25445159243899834,0.75,1,1,-0.27995845982371725
seed7_P_C2_warm_step200,7,P_C2_warm,200,easy,20070056,8,0.20638625745153633,0.17525641254289298,0.16385280891498885,1,1,1,-0.031129844908643345
seed7_P_C2_warm_step200,7,P_C2_warm,200,easy,20070057,8,0.12571664691210327,0.06162882454088124,0.04656241610320186,1,1,1,-0.06408782237122203
seed7_P_C2_warm_step200,7,P_C2_warm,200,easy,20070058,8,0.2302611680365568,0.16291335551827124,0.14310435659421183,0.875,1,1,-0.06734781251828556
seed7_P_C2_warm_step200,7,P_C2_warm,200,easy,20070059,8,1.374789476973152,0.4082584574932321,0.4082584574932321,0.125,1,1,-0.9665310194799198
seed7_P_C2_warm_step200,7,P_C2_warm,200,easy,20070060,8,0.7809300768799078,0.13862180187465958,0.09393527359858717,0.625,1,1,-0.6423082750052482
seed7_P_C2_warm_step200,7,P_C2_warm,200,easy,20070061,8,0.9575997506301618,0.13264267341046795,0.13264267341046795,0.625,1,1,-0.8249570772196938
seed7_P_C2_warm_step200,7,P_C2_warm,200,easy,20070062,8,2.5356424917877725,0.1931911521416259,0.1931911521416259,0,1,1,-2.3424513396461464
seed7_P_C2_warm_step200,7,P_C2_warm,200,easy,20070063,8,2.1113472389302164,0.7906314668240355,0.7329972706099879,0.375,0.75,0.75,-1.3207157721061809
seed7_P_C2_warm_step200,7,P_C2_warm,200,easy,20070064,8,1.4965511339378343,0.245322459841404,0.14477920920348142,0.375,1,1,-1.2512286740964305
seed7_P_C2_warm_step200,7,P_C2_warm,200,easy,20070065,8,2.313190364094306,0.6278610068767435,0.6278610068767435,0.375,0.75,0.75,-1.6853293572175625
seed7_P_C2_warm_step200,7,P_C2_warm,200,easy,20070066,8,0.07255750185438185,0.11593378853409389,0.07183068259323001,1,1,1,0.04337628667971204
seed7_P_C2_warm_step200,7,P_C2_warm,200,easy,20070067,8,0.858876989477896,0.1440127283413729,0.10977829853417054,0.375,1,1,-0.7148642611365231
seed7_P_C2_warm_step200,7,P_C2_warm,200,easy,20070068,8,1.4282168914826459,0.9956616117015055,0.9956616117015055,0,0.5,0.5,-0.4325552797811404
seed7_P_C2_warm_step200,7,P_C2_warm,200,easy,20070069,8,1.1711267373755483,0.22661718104897807,0.21352058640744054,0.375,1,1,-0.9445095563265702
seed7_P_C2_warm_step200,7,P_C2_warm,200,easy,20070070,8,0.1709325838412222,0.18449849697258908,0.14607840149997667,1,1,1,0.013565913131366875
seed7_P_C2_warm_step200,7,P_C2_warm,200,easy,20070071,8,2.143041397864616,0.29794866639375867,0.29794866639375867,0,0.875,0.875,-1.8450927314708574
seed7_P_C2_warm_step200,7,P_C2_warm,200,easy,20070072,8,0.41615750806977914,0.3894300123472383,0.1868912779800674,0.75,1,1,-0.02672749572254085
seed7_P_C2_warm_step200,7,P_C2_warm,200,easy,20070073,8,0.07992919591199169,0.23234081709901153,0.07843681470442913,1,1,1,0.15241162118701984
seed7_P_C2_warm_step200,7,P_C2_warm,200,easy,20070074,8,1.5940945737656098,0.166514858483879,0.166514858483879,0.625,1,1,-1.4275797152817309
seed7_P_C2_warm_step200,7,P_C2_warm,200,easy,20070075,8,0.3291668403930527,0.15267856465216148,0.12837105181071715,1,1,1,-0.17648827574089124
seed7_P_C2_warm_step200,7,P_C2_warm,200,easy,20070076,8,0.2968650272118097,0.2361774587269465,0.21141013565857175,1,1,1,-0.060687568484863175
seed7_P_C2_warm_step200,7,P_C2_warm,200,easy,20070077,8,0.19984136454726356,0.1891288362239016,0.07705553409913839,1,1,1,-0.010712528323361975
seed7_P_C2_warm_step200,7,P_C2_warm,200,easy,20070078,8,1.3679888079895899,0.26942793297368506,0.26942793297368506,0.125,1,1,-1.0985608750159048
seed7_P_C2_warm_step200,7,P_C2_warm,200,easy,20070079,8,1.350338556900516,0.2413420176323138,0.23774014991005438,0.5,0.875,0.875,-1.1089965392682022
seed7_P_C2_warm_step200,7,P_C2_warm,200,easy,20070080,8,2.0266385601915737,0.6544413579219787,0.6334494413264573,0.25,0.875,0.875,-1.3721972022695952
seed7_P_C2_warm_step200,7,P_C2_warm,200,easy,20070081,8,0.30533859194835716,0.32733681738193676,0.28007293010534473,0.875,1,1,0.0219982254335796
seed7_P_C2_warm_step200,7,P_C2_warm,200,easy,20070082,8,0.6030217781490917,0.2020813205368036,0.1759756176451155,0.75,1,1,-0.40094045761228814
seed7_P_C2_warm_step200,7,P_C2_warm,200,easy,20070083,8,0.6591671360731342,0.26166727630380787,0.26166727630380787,0.625,1,1,-0.3974998597693263
seed7_P_C2_warm_step200,7,P_C2_warm,200,easy,20070084,8,0.654392797529599,0.26314275383970753,0.23172080687196,0.625,1,1,-0.39125004368989147
seed7_P_C2_warm_step200,7,P_C2_warm,200,easy,20070085,8,0.20006523442248486,0.18019075061187442,0.14839952898546324,0.875,1,1,-0.019874483810610438
seed7_P_C2_warm_step200,7,P_C2_warm,200,easy,20070086,8,0.10360733880980616,0.14482503929200372,0.09473960185863187,1,1,1,0.041217700482197556
seed7_P_C2_warm_step200,7,P_C2_warm,200,easy,20070087,8,0.46649163299566165,0.4389790308150444,0.35497167874401125,1,0.875,1,-0.02751260218061724
seed7_P_C2_warm_step200,7,P_C2_warm,200,easy,20070088,8,0.07492618802671393,0.09578403322964789,0.030177227087702256,1,1,1,0.02085784520293396
seed7_P_C2_warm_step200,7,P_C2_warm,200,easy,20070089,8,2.593972497174499,0.6896109289330049,0.6896109289330049,0,0.75,0.75,-1.904361568241494
seed7_P_C2_warm_step200,7,P_C2_warm,200,easy,20070090,8,2.401754057982475,0.595906246446503,0.5559935115130678,0.125,0.875,0.875,-1.8058478115359722
seed7_P_C2_warm_step200,7,P_C2_warm,200,easy,20070091,8,0.6459109030152763,0.3095960751902965,0.3095960751902965,0.625,0.75,0.75,-0.3363148278249798
seed7_P_C2_warm_step200,7,P_C2_warm,200,easy,20070092,8,0.12707326552917442,0.28327161978707177,0.12540182906690633,1,1,1,0.15619835425789735
seed7_P_C2_warm_step200,7,P_C2_warm,200,easy,20070093,8,0.7121591375296394,0.1362791862883266,0.062324027016463515,0.25,1,1,-0.5758799512413129
seed7_P_C2_warm_step200,7,P_C2_warm,200,easy,20070094,8,0.5647440036194389,0.17271802572877787,0.16990054726249873,0.625,1,1,-0.392025977890661
seed7_P_C2_warm_step200,7,P_C2_warm,200,easy,20070095,8,0.538329835180481,0.08918225228801184,0.07517692344564637,0.75,1,1,-0.4491475828924692
seed7_P_C2_warm_step200,7,P_C2_warm,200,easy,20070096,8,0.9569448628640622,0.21561688694695386,0.19779206156111953,0.375,1,1,-0.7413279759171083
seed7_P_C2_warm_step200,7,P_C2_warm,200,easy,20070097,8,0.08951220854519415,0.21416830897177672,0.08911668718762389,1,1,1,0.12465610042658257
seed7_P_C2_warm_step200,7,P_C2_warm,200,easy,20070098,8,0.2693057892476182,0.15512836758933318,0.15512836758933318,0.875,1,1,-0.11417742165828504
seed7_P_C2_warm_step200,7,P_C2_warm,200,easy,20070099,8,2.2913545200903314,0.23789785301043925,0.23789785301043925,0,1,1,-2.053456667079892
seed7_P_C2_warm_step200,7,P_C2_warm,200,hard,20070000,8,0.8661651286514519,1.0090996912517174,0.8661651286514519,0.5,0.375,0.5,0.1429345626002655
seed7_P_C2_warm_step200,7,P_C2_warm,200,hard,20070001,8,2.4113666906937077,2.1801884809711245,2.1801884809711245,0.375,0.375,0.375,-0.23117820972258318
seed7_P_C2_warm_step200,7,P_C2_warm,200,hard,20070002,8,1.3860457294077861,0.9927648361716107,0.9927648361716107,0,0.625,0.625,-0.39328089323617543
seed7_P_C2_warm_step200,7,P_C2_warm,200,hard,20070003,8,0.8080156057654776,0.9393470583294102,0.7655095235200795,0.75,0.75,0.75,0.13133145256393264
seed7_P_C2_warm_step200,7,P_C2_warm,200,hard,20070004,8,0.9809351933974502,0.9538451987777056,0.9101791179698882,0.5,0.75,0.75,-0.027089994619744595
seed7_P_C2_warm_step200,7,P_C2_warm,200,hard,20070005,8,1.2328429983059965,0.917647175545331,0.9161786494485933,0,0.75,0.75,-0.3151958227606655
seed7_P_C2_warm_step200,7,P_C2_warm,200,hard,20070006,8,0.8075579133964732,1.162185222409631,0.8054307302767462,1,0.5,1,0.35462730901315775
seed7_P_C2_warm_step200,7,P_C2_warm,200,hard,20070007,8,2.163228605322211,1.9976311556428057,1.9359097626885537,0.375,0.375,0.375,-0.16559744967940548
seed7_P_C2_warm_step200,7,P_C2_warm,200,hard,20070008,8,0.9918497226462577,1.1178995506376586,0.9860601672514432,0.875,1,1,0.12604982799140085
seed7_P_C2_warm_step200,7,P_C2_warm,200,hard,20070009,8,1.6256879236630866,1.5971929499767665,1.3304761375236513,0.375,0.25,0.375,-0.028494973686320035
seed7_P_C2_warm_step200,7,P_C2_warm,200,hard,20070010,8,0.9035676326770062,0.8450801601640294,0.8450801601640294,0.75,0.75,0.75,-0.05848747251297681
seed7_P_C2_warm_step200,7,P_C2_warm,200,hard,20070011,8,1.1503019331501816,1.0262763194139062,1.0053102954776607,0.625,0.75,0.625,-0.12402561373627541
seed7_P_C2_warm_step200,7,P_C2_warm,200,hard,20070012,8,2.0088809879339307,1.8575068618335189,1.8220691003551752,0.25,0.25,0.25,-0.1513741261004118
seed7_P_C2_warm_step200,7,P_C2_warm,200,hard,20070013,8,2.2488085601758656,1.6774183983493285,1.596056209398864,0.125,0,0.125,-0.5713901618265371
seed7_P_C2_warm_step200,7,P_C2_warm,200,hard,20070014,8,1.1019541282639393,1.125265857900253,1.0500786806024884,0.625,0.75,0.75,0.02331172963631367
seed7_P_C2_warm_step200,7,P_C2_warm,200,hard,20070015,8,1.020380971293989,1.011861425539217,0.8714370535136665,0.375,0.375,0.625,-0.008519545754771984
seed7_P_C2_warm_step200,7,P_C2_warm,200,hard,20070016,8,1.2590503142393545,1.289873242243151,1.2590503142393545,0.5,0.5,0.5,0.03082292800379638
seed7_P_C2_warm_step200,7,P_C2_warm,200,hard,20070017,8,1.4559041445760925,1.2055871501214777,1.2055871501214777,0,0.5,0.5,-0.25031699445461486
seed7_P_C2_warm_step200,7,P_C2_warm,200,hard,20070018,8,1.155158580604988,1.1542121797783975,1.1065099594396004,0.375,0.375,0.375,-0.0009464008265904766
seed7_P_C2_warm_step200,7,P_C2_warm,200,hard,20070019,8,1.0969185336340903,0.867195728516862,0.867195728516862,0.5,0.875,0.875,-0.2297228051172283
seed7_P_C2_warm_step200,7,P_C2_warm,200,hard,20070020,8,1.1032197671579396,1.2826144918810485,1.0489283955954394,0.5,0.125,0.5,0.1793947247231089
seed7_P_C2_warm_step200,7,P_C2_warm,200,hard,20070021,8,0.8452142999066148,0.8413805781825514,0.7830081125751392,0.625,0.625,0.625,-0.003833721724063377
seed7_P_C2_warm_step200,7,P_C2_warm,200,hard,20070022,8,1.266304428007879,1.2370280404542517,1.147599304173241,0.5,0.375,0.5,-0.02927638755362727
seed7_P_C2_warm_step200,7,P_C2_warm,200,hard,20070023,8,1.9597438684306998,1.6432564765914284,1.6432564765914284,0,0,0,-0.31648739183927144
seed7_P_C2_warm_step200,7,P_C2_warm,200,hard,20070024,8,0.9273881829656917,0.8795179235410782,0.8768592346254277,0.75,0.75,0.75,-0.04787025942461354
seed7_P_C2_warm_step200,7,P_C2_warm,200,hard,20070025,8,0.9629445083802948,1.0726574264919442,0.9629445083802948,0.375,0.375,0.375,0.1097129181116494
seed7_P_C2_warm_step200,7,P_C2_warm,200,hard,20070026,8,1.349034549468,1.303830089803409,1.303830089803409,0.25,0.25,0.25,-0.04520445966459108
seed7_P_C2_warm_step200,7,P_C2_warm,200,hard,20070027,8,1.2416212586934203,1.116744835156512,1.116744835156512,0.25,0.375,0.375,-0.12487642353690842
seed7_P_C2_warm_step200,7,P_C2_warm,200,hard,20070028,8,1.3324159442881671,1.1409875368584697,1.1409875368584697,0,0.875,0.875,-0.19142840742969747
seed7_P_C2_warm_step200,7,P_C2_warm,200,hard,20070029,8,1.4865608310891574,1.3366150092699787,1.3366150092699787,0,0,0,-0.1499458218191787
seed7_P_C2_warm_step200,7,P_C2_warm,200,hard,20070030,8,0.9621169508190903,0.9926531579891446,0.8736625187169779,0.625,0.625,0.625,0.03053620717005423
seed7_P_C2_warm_step200,7,P_C2_warm,200,hard,20070031,8,0.9383197449728099,0.9598157547618127,0.862328828302009,0.625,0.625,0.625,0.02149600978900279
seed7_P_C2_warm_step200,7,P_C2_warm,200,hard,20070032,8,0.8509953516852975,0.8980455818681906,0.7967974509467459,0.875,1,1,0.047050230182893116
seed7_P_C2_warm_step200,7,P_C2_warm,200,hard,20070033,8,1.703192704667438,1.0746467103913255,1.0746467103913255,0,0.625,0.625,-0.6285459942761125
seed7_P_C2_warm_step200,7,P_C2_warm,200,hard,20070034,8,1.6296785215760161,1.6813614772227448,1.543373661605105,0.125,0,0.125,0.051682955646728646
seed7_P_C2_warm_step200,7,P_C2_warm,200,hard,20070035,8,1.558497954709323,1.5938333664890743,1.2980212824857997,0.5,0.125,0.5,0.0353354117797513
seed7_P_C2_warm_step200,7,P_C2_warm,200,hard,20070036,8,0.8861256662167067,0.8870993914582067,0.8201001545276184,0.625,0.625,0.625,0.0009737252414999675
seed7_P_C2_warm_step200,7,P_C2_warm,200,hard,20070037,8,1.2681099633273332,1.2758583732454922,1.2146375004932042,0.375,0.375,0.375,0.0077484099181590604
seed7_P_C2_warm_step200,7,P_C2_warm,200,hard,20070038,8,1.0078313716317648,0.7986957650331634,0.7986957650331634,0.5,0.875,0.875,-0.20913560659860142
seed7_P_C2_warm_step200,7,P_C2_warm,200,hard,20070039,8,1.0060006863954678,0.9648824530203687,0.8511851580372399,0.5,0.625,0.625,-0.04111823337509912
seed7_P_C2_warm_step200,7,P_C2_warm,200,hard,20070040,8,0.7977177964127666,0.7169093302895498,0.6531205938830345,0.5,1,1,-0.0808084661232168
seed7_P_C2_warm_step200,7,P_C2_warm,200,hard,20070041,8,1.0201690241333596,0.9866451277758252,0.900245571461957,0.5,0.5,0.5,-0.03352389635753439
seed7_P_C2_warm_step200,7,P_C2_warm,200,hard,20070042,8,1.4140048633770492,1.242056899510487,1.1524068281426532,0.375,0.375,0.375,-0.1719479638665622
seed7_P_C2_warm_step200,7,P_C2_warm,200,hard,20070043,8,1.1049418813297043,1.0839395290892029,1.0839395290892029,0.875,0.875,0.875,-0.0210023522405014
seed7_P_C2_warm_step200,7,P_C2_warm,200,hard,20070044,8,1.262060369526511,1.2250816724583975,1.1976720981469937,0.625,0.625,0.625,-0.03697869706811341
seed7_P_C2_warm_step200,7,P_C2_warm,200,hard,20070045,8,1.1559478315629945,1.1299978002511841,0.973627826105316,0.5,0.5,0.5,-0.025950031311810395
seed7_P_C2_warm_step200,7,P_C2_warm,200,hard,20070046,8,1.0068261101458331,1.0303004848493211,0.9311042126012335,0.625,0.625,0.625,0.02347437470348801
seed7_P_C2_warm_step200,7,P_C2_warm,200,hard,20070047,8,0.5644127472960063,0.6277899779765612,0.5046285700141772,0.75,0.75,0.75,0.0633772306805549
seed7_P_C2_warm_step200,7,P_C2_warm,200,hard,20070048,8,2.8071838804657503,2.2026211382501466,2.2026211382501466,0,0.25,0.25,-0.6045627422156037
seed7_P_C2_warm_step200,7,P_C2_warm,200,hard,20070049,8,1.4561165713891762,1.4062921162615343,1.3192053542163154,0,0,0,-0.04982445512764189
seed7_P_C2_warm_step200,7,P_C2_warm,200,hard,20070050,8,1.3785013490952451,1.4255162532283487,1.2638593254226729,0,0,0,0.04701490413310361
seed7_P_C2_warm_step200,7,P_C2_warm,200,hard,20070051,8,1.718274045705895,1.5333425894671489,1.5333425894671489,0,0.125,0.125,-0.18493145623874607
seed7_P_C2_warm_step200,7,P_C2_warm,200,hard,20070052,8,1.8947892091112746,0.9831304982108566,0.9831304982108566,0,0.25,0.25,-0.911658710900418
seed7_P_C2_warm_step200,7,P_C2_warm,200,hard,20070053,8,1.1899831968833678,1.2117855105853326,1.1742831634358213,0.5,0.625,0.75,0.021802313701964726
seed7_P_C2_warm_step200,7,P_C2_warm,200,hard,20070054,8,1.129672310358563,1.164126467294597,1.129672310358563,0.625,0.75,0.625,0.03445415693603393
seed7_P_C2_warm_step200,7,P_C2_warm,200,hard,20070055,8,1.7581003892887694,1.4748993208501158,1.4748993208501158,0.375,0.375,0.375,-0.28320106843865367
seed7_P_C2_warm_step200,7,P_C2_warm,200,hard,20070056,8,1.4999300246158804,1.3452038496016692,1.3452038496016692,0,0.25,0.25,-0.15472617501421126
seed7_P_C2_warm_step200,7,P_C2_warm,200,hard,20070057,8,1.0369144384525812,0.8906270474635051,0.8439955063704997,0.25,0.375,0.375,-0.14628739098907617
seed7_P_C2_warm_step200,7,P_C2_warm,200,hard,20070058,8,1.2676080164742114,1.4915027445641496,1.2676080164742114,0.625,0.25,0.625,0.22389472808993816
seed7_P_C2_warm_step200,7,P_C2_warm,200,hard,20070059,8,1.064347030683768,1.1418047698595313,1.064347030683768,0.5,0.375,0.5,0.07745773917576337
seed7_P_C2_warm_step200,7,P_C2_warm,200,hard,20070060,8,1.770301479281984,1.460592260949978,1.460592260949978,0,0,0,-0.30970921833200604
seed7_P_C2_warm_step200,7,P_C2_warm,200,hard,20070061,8,2.2718793718779144,2.149904043386803,2.1218597009685474,0.25,0.25,0.25,-0.12197532849111159
seed7_P_C2_warm_step200,7,P_C2_warm,200,hard,20070062,8,1.563766407201817,1.0627982202027269,1.0627982202027269,0,0.5,0.5,-0.5009681869990901
seed7_P_C2_warm_step200,7,P_C2_warm,200,hard,20070063,8,1.484694690432167,1.0926491855007132,1.0926491855007132,0,0.625,0.625,-0.39204550493145374
seed7_P_C2_warm_step200,7,P_C2_warm,200,hard,20070064,8,1.7164089425843971,1.4118045360283877,1.4118045360283877,0,0,0,-0.3046044065560094
seed7_P_C2_warm_step200,7,P_C2_warm,200,hard,20070065,8,1.6015720700595193,1.287165617947846,1.287165617947846,0.5,0.5,0.5,-0.3144064521116734
seed7_P_C2_warm_step200,7,P_C2_warm,200,hard,20070066,8,1.6636501427302282,1.5449119669849634,1.5449119669849634,0.375,0.5,0.5,-0.1187381757452648
seed7_P_C2_warm_step200,7,P_C2_warm,200,hard,20070067,8,2.0740148954604547,1.7694333384755583,1.7669539128125964,0,0,0,-0.3045815569848964
seed7_P_C2_warm_step200,7,P_C2_warm,200,hard,20070068,8,0.5581228364783176,0.6319162290468853,0.5350523478860195,1,1,1,0.07379339256856765
seed7_P_C2_warm_step200,7,P_C2_warm,200,hard,20070069,8,1.242433211830872,1.2567424723210112,1.0640576781258342,0.375,0.375,0.75,0.014309260490139142
seed7_P_C2_warm_step200,7,P_C2_warm,200,hard,20070070,8,2.4299560223501606,1.837995296150974,1.837995296150974,0,0,0,-0.5919607261991866
seed7_P_C2_warm_step200,7,P_C2_warm,200,hard,20070071,8,1.1218453489464186,1.0016935956986468,1.0016935956986468,0.375,0.375,0.375,-0.12015175324777183
seed7_P_C2_warm_step200,7,P_C2_warm,200,hard,20070072,8,0.5587197782469342,0.7170038077058968,0.5032377778418917,0.875,0.875,0.875,0.15828402945896258
seed7_P_C2_warm_step200,7,P_C2_warm,200,hard,20070073,8,1.523685352022767,1.3631649798177499,1.3602320801482883,0.375,0.375,0.375,-0.16052037220501703
seed7_P_C2_warm_step200,7,P_C2_warm,200,hard,20070074,8,1.2423428033034785,1.313547280539166,1.2298259395742277,0.375,0.375,0.375,0.07120447723568746
seed7_P_C2_warm_step200,7,P_C2_warm,200,hard,20070075,8,1.4371047067750595,1.4829688919414026,1.1586426547571023,0.5,0,0.5,0.04586418516634305
seed7_P_C2_warm_step200,7,P_C2_warm,200,hard,20070076,8,2.378742459911149,1.7444151021805354,1.7444151021805354,0,0,0,-0.6343273577306137
seed7_P_C2_warm_step200,7,P_C2_warm,200,hard,20070077,8,1.205161384538106,1.1126219690265045,1.069778602105978,0.375,0.375,0.375,-0.0925394155116015
seed7_P_C2_warm_step200,7,P_C2_warm,200,hard,20070078,8,1.179178095239485,1.253541700527341,0.7981381246718768,0.5,0.5,0.75,0.07436360528785602
seed7_P_C2_warm_step200,7,P_C2_warm,200,hard,20070079,8,1.18410576553485,1.0948275547537105,1.025225356238072,0.375,0.375,0.375,-0.0892782107811394
seed7_P_C2_warm_step200,7,P_C2_warm,200,hard,20070080,8,1.9018640885843805,1.9405830291999298,1.8780749656374511,0.25,0,0.25,0.03871894061554926
seed7_P_C2_warm_step200,7,P_C2_warm,200,hard,20070081,8,1.08793891050378,1.1354573675636157,1.0795235232947455,1,0.625,1,0.047518457059835706
seed7_P_C2_warm_step200,7,P_C2_warm,200,hard,20070082,8,2.0382317200641253,1.5028242515025285,1.5028242515025285,0,0,0,-0.5354074685615968
seed7_P_C2_warm_step200,7,P_C2_warm,200,hard,20070083,8,0.8200272133115926,1.0232916386915623,0.6923700607042006,0.75,0.625,0.75,0.2032644253799697
seed7_P_C2_warm_step200,7,P_C2_warm,200,hard,20070084,8,1.2859234827138049,1.3081740483194295,1.1922709345041962,0.375,0.375,0.375,0.02225056560562466
seed7_P_C2_warm_step200,7,P_C2_warm,200,hard,20070085,8,1.896464561766702,1.467132220263628,1.4205494293485639,0.25,0.25,0.25,-0.42933234150307387
seed7_P_C2_warm_step200,7,P_C2_warm,200,hard,20070086,8,1.628757532309098,1.3914434126630024,1.3914434126630024,0,0.625,0.625,-0.2373141196460955
seed7_P_C2_warm_step200,7,P_C2_warm,200,hard,20070087,8,0.9757878718019188,1.174790650002022,0.9757878718019188,0.75,0.75,0.75,0.19900277820010315
seed7_P_C2_warm_step200,7,P_C2_warm,200,hard,20070088,8,0.665587939081661,0.8046524208034991,0.6339872509392321,1,0.625,1,0.13906448172183805
seed7_P_C2_warm_step200,7,P_C2_warm,200,hard,20070089,8,2.9850958426270786,2.3828602380472317,2.3828602380472317,0,0,0,-0.6022356045798469
seed7_P_C2_warm_step200,7,P_C2_warm,200,hard,20070090,8,1.0573983408062824,0.8848740267249547,0.8579070296287652,0.25,0.375,0.375,-0.17252431408132762
seed7_P_C2_warm_step200,7,P_C2_warm,200,hard,20070091,8,1.1234956860239964,1.080175203812957,1.080175203812957,0.75,1,1,-0.043320482211039346
seed7_P_C2_warm_step200,7,P_C2_warm,200,hard,20070092,8,1.5899114502288116,1.3743366135587751,1.3743366135587751,0.25,0.25,0.25,-0.21557483667003652
seed7_P_C2_warm_step200,7,P_C2_warm,200,hard,20070093,8,0.8347323653140793,0.7552365290884847,0.7552365290884847,0.875,0.875,0.875,-0.07949583622559464
seed7_P_C2_warm_step200,7,P_C2_warm,200,hard,20070094,8,1.4528797798189212,1.0048490515968953,1.0048490515968953,0,0.75,0.75,-0.44803072822202594
seed7_P_C2_warm_step200,7,P_C2_warm,200,hard,20070095,8,1.3223979877842915,1.0872049506334585,1.0872049506334585,0,0.625,0.625,-0.23519303715083306
seed7_P_C2_warm_step200,7,P_C2_warm,200,hard,20070096,8,0.9980172784603786,1.1703521716740812,0.9980172784603786,0.625,0.625,0.625,0.17233489321370266
seed7_P_C2_warm_step200,7,P_C2_warm,200,hard,20070097,8,1.0602670205291895,1.0543967962208782,1.0115645653830085,0.375,0.75,0.75,-0.0058702243083113
seed7_P_C2_warm_step200,7,P_C2_warm,200,hard,20070098,8,1.5537365565269958,1.294287793099345,1.294287793099345,0,0.25,0.25,-0.2594487634276508
seed7_P_C2_warm_step200,7,P_C2_warm,200,hard,20070099,8,1.6561605549957326,1.4875163631914394,1.4588656690499304,0.25,0.25,0.25,-0.16864419180429313
seed7_P_C2_warm_step400,7,P_C2_warm,400,easy,20070000,8,0.49934226254240666,0.18253052011054832,0.18253052011054832,0.875,1,1,-0.31681174243185833
seed7_P_C2_warm_step400,7,P_C2_warm,400,easy,20070001,8,1.7661056230296435,0.5838176825571466,0.5838176825571466,0.25,0.625,0.625,-1.1822879404724969
seed7_P_C2_warm_step400,7,P_C2_warm,400,easy,20070002,8,1.4410190914233079,0.30954796394974887,0.2020091837604124,0.625,1,1,-1.131471127473559
seed7_P_C2_warm_step400,7,P_C2_warm,400,easy,20070003,8,0.022893685646206988,0.04973768816601768,0.018731342596710027,1,1,1,0.026844002519810693
seed7_P_C2_warm_step400,7,P_C2_warm,400,easy,20070004,8,0.6885978964443091,0.19340417498169676,0.19340417498169676,0.75,1,1,-0.49519372146261237
seed7_P_C2_warm_step400,7,P_C2_warm,400,easy,20070005,8,0.13308917106746798,0.11892411441408758,0.06336338872301002,1,1,1,-0.0141650566533804
seed7_P_C2_warm_step400,7,P_C2_warm,400,easy,20070006,8,0.3567112889229769,0.09252911890397729,0.06220638331700929,0.875,1,1,-0.2641821700189996
seed7_P_C2_warm_step400,7,P_C2_warm,400,easy,20070007,8,0.29091882414612275,0.14612104615788452,0.1382694659302995,0.875,1,1,-0.14479777798823823
seed7_P_C2_warm_step400,7,P_C2_warm,400,easy,20070008,8,0.06618514103224259,0.06907490121981084,0.06196999423089284,1,1,1,0.0028897601875682577
seed7_P_C2_warm_step400,7,P_C2_warm,400,easy,20070009,8,0.1837420319563146,0.09123823139117153,0.08732295788419557,1,1,1,-0.09250380056514308
seed7_P_C2_warm_step400,7,P_C2_warm,400,easy,20070010,8,1.6054006669963603,0.6148692864361678,0.5772047075329538,0.25,0.75,0.75,-0.9905313805601925
seed7_P_C2_warm_step400,7,P_C2_warm,400,easy,20070011,8,0.746376735798997,0.14786512225791,0.14786512225791,0.5,1,1,-0.5985116135410871
seed7_P_C2_warm_step400,7,P_C2_warm,400,easy,20070012,8,1.6195738979080754,0.19811740257508245,0.18738373820797416,0.5,1,1,-1.421456495332993
seed7_P_C2_warm_step400,7,P_C2_warm,400,easy,20070013,8,2.453439344444868,1.5713360168886676,1.555917239481796,0.125,0.25,0.25,-0.8821033275562005
seed7_P_C2_warm_step400,7,P_C2_warm,400,easy,20070014,8,0.7093842324038262,0.7369838466396982,0.7067118015907762,0.5,0.5,0.5,0.027599614235871983
seed7_P_C2_warm_step400,7,P_C2_warm,400,easy,20070015,8,0.3633745724593445,0.10197961289304001,0.09912646834645936,0.875,1,1,-0.2613949595663045
seed7_P_C2_warm_step400,7,P_C2_warm,400,easy,20070016,8,0.39906114780741,0.3602104188343799,0.2974575064288896,1,1,1,-0.0388507289730301
seed7_P_C2_warm_step400,7,P_C2_warm,400,easy,20070017,8,0.7951925858636428,0.33436895369366465,0.33436895369366465,0.75,1,1,-0.4608236321699782
seed7_P_C2_warm_step400,7,P_C2_warm,400,easy,20070018,8,0.3313101353022582,0.20352224787900647,0.12031347130954843,0.875,1,1,-0.12778788742325176
seed7_P_C2_warm_step400,7,P_C2_warm,400,easy,20070019,8,1.4848250707994164,0.2893328892274558,0.28382124672549286,0.25,1,1,-1.1954921815719606
seed7_P_C2_warm_step400,7,P_C2_warm,400,easy,20070020,8,1.2454561953559502,0.2523287595832759,0.2523287595832759,0.375,1,1,-0.9931274357726743
seed7_P_C2_warm_step400,7,P_C2_warm,400,easy,20070021,8,0.39837006890421983,0.5137728183603629,0.3783989652213007,0.875,0.75,0.875,0.1154027494561431
seed7_P_C2_warm_step400,7,P_C2_warm,400,easy,20070022,8,0.16980990626794965,0.178900158221785,0.06006114097966172,1,1,1,0.009090251953835365
seed7_P_C2_warm_step400,7,P_C2_warm,400,easy,20070023,8,0.03534131142175206,0.06351268459853965,0.026974144992571766,1,1,1,0.02817137317678759
seed7_P_C2_warm_step400,7,P_C2_warm,400,easy,20070024,8,0.3164443469640716,0.0829581691450629,0.06441941513474553,0.875,1,1,-0.23348617781900868
seed7_P_C2_warm_step400,7,P_C2_warm,400,easy,20070025,8,1.407331229641079,0.7085769608883843,0.6851294421976697,0.375,0.625,0.625,-0.6987542687526946
seed7_P_C2_warm_step400,7,P_C2_warm,400,easy,20070026,8,0.9289603445330715,0.8627995441835896,0.8607259014320862,0.25,0.375,0.375,-0.06616080034948191
seed7_P_C2_warm_step400,7,P_C2_warm,400,easy,20070027,8,0.21706737187864963,0.11450845472389315,0.11450845472389315,1,1,1,-0.10255891715475648
seed7_P_C2_warm_step400,7,P_C2_warm,400,easy,20070028,8,0.8683683084264204,0.3386196391839632,0.3386196391839632,0.625,1,1,-0.5297486692424572
seed7_P_C2_warm_step400,7,P_C2_warm,400,easy,20070029,8,0.5849771716968072,0.4870599689648829,0.365946851207191,0.75,0.875,0.875,-0.09791720273192428
seed7_P_C2_warm_step400,7,P_C2_warm,400,easy,20070030,8,0.8708512972514774,0.33635779412395383,0.322092883660582,0.625,0.875,0.875,-0.5344935031275235
seed7_P_C2_warm_step400,7,P_C2_warm,400,easy,20070031,8,0.30476792105132616,0.2589763503697161,0.22261427497726827,0.875,1,1,-0.04579157068161005
seed7_P_C2_warm_step400,7,P_C2_warm,400,easy,20070032,8,0.029515129682449362,0.11377912852999487,0.029515129682449362,1,1,1,0.08426399884754551
seed7_P_C2_warm_step400,7,P_C2_warm,400,easy,20070033,8,0.75241255071272,2.2700537004860233,0.7390437301119686,0.5,0.25,0.5,1.5176411497733033
seed7_P_C2_warm_step400,7,P_C2_warm,400,easy,20070034,8,0.34031361312174463,0.3390290571386153,0.32729138836607663,0.875,0.875,0.875,-0.0012845559831293207
seed7_P_C2_warm_step400,7,P_C2_warm,400,easy,20070035,8,1.5282313047414058,0.4343495741500869,0.4343495741500869,0.25,0.875,0.875,-1.0938817305913189
seed7_P_C2_warm_step400,7,P_C2_warm,400,easy,20070036,8,0.7628043274910804,0.3617206923797347,0.3617206923797347,0.625,0.875,0.875,-0.4010836351113457
seed7_P_C2_warm_step400,7,P_C2_warm,400,easy,20070037,8,0.5647813716465631,0.05598476289487488,0.041281001615176886,0.625,1,1,-0.5087966087516882
seed7_P_C2_warm_step400,7,P_C2_warm,400,easy,20070038,8,0.9815312027831183,0.20437284152539026,0.20437284152539026,0.625,1,1,-0.7771583612577281
seed7_P_C2_warm_step400,7,P_C2_warm,400,easy,20070039,8,1.4822240292060016,0.5958114435895814,0.5958114435895814,0.125,0.625,0.625,-0.8864125856164202
seed7_P_C2_warm_step400,7,P_C2_warm,400,easy,20070040,8,1.3507078531427972,1.0064837357866765,0.9335414759270995,0.375,0.375,0.375,-0.3442241173561207
seed7_P_C2_warm_step400,7,P_C2_warm,400,easy,20070041,8,0.08474886679318241,0.05137652942772643,0.026882010615161354,1,1,1,-0.03337233736545599
seed7_P_C2_warm_step400,7,P_C2_warm,400,easy,20070042,8,1.2794416291056356,0.05909126889700004,0.05909126889700004,0.5,1,1,-1.2203503602086356
seed7_P_C2_warm_step400,7,P_C2_warm,400,easy,20070043,8,0.7794298924478075,0.22491790767578712,0.1641986938616319,0.625,1,1,-0.5545119847720203
seed7_P_C2_warm_step400,7,P_C2_warm,400,easy,20070044,8,0.16677939281536888,0.14127406035671397,0.1389876605292724,1,1,1,-0.02550533245865491
seed7_P_C2_warm_step400,7,P_C2_warm,400,easy,20070045,8,0.06042188621842675,0.08339270344073484,0.059826499189397864,1,1,1,0.022970817222308086
seed7_P_C2_warm_step400,7,P_C2_warm,400,easy,20070046,8,0.43518655711908966,1.0756125231761184,0.4289477034967101,1,0.25,1,0.6404259660570288
seed7_P_C2_warm_step400,7,P_C2_warm,400,easy,20070047,8,1.272481768626557,0.06573509155281362,0.06573509155281362,0.125,1,1,-1.2067466770737434
seed7_P_C2_warm_step400,7,P_C2_warm,400,easy,20070048,8,0.6555815960441671,0.25399563156896765,0.2383319030876469,0.75,0.875,0.875,-0.40158596447519945
seed7_P_C2_warm_step400,7,P_C2_warm,400,easy,20070049,8,0.2645719670330944,0.0888923400881528,0.030418030666791454,0.875,1,1,-0.17567962694494157
seed7_P_C2_warm_step400,7,P_C2_warm,400,easy,20070050,8,0.7008630903215163,0.720486943200395,0.6564625317924285,0.625,0.875,0.875,0.01962385287887869
seed7_P_C2_warm_step400,7,P_C2_warm,400,easy,20070051,8,0.2126411431423452,0.07435583933473332,0.0727203521336991,0.875,1,1,-0.1382853038076119
seed7_P_C2_warm_step400,7,P_C2_warm,400,easy,20070052,8,0.6635679449343331,0.20863408406795664,0.20863408406795664,0.5,0.875,0.875,-0.4549338608663765
seed7_P_C2_warm_step400,7,P_C2_warm,400,easy,20070053,8,0.26215810386582794,0.24397194202684916,0.14310763903831017,1,1,1,-0.01818616183897878
seed7_P_C2_warm_step400,7,P_C2_warm,400,easy,20070054,8,0.5539883241801984,0.09556618969561362,0.0854646347658356,0.75,1,1,-0.4584221344845848
seed7_P_C2_warm_step400,7,P_C2_warm,400,easy,20070055,8,0.7129213116012971,0.3500317536459112,0.2583155916995388,0.75,1,1,-0.3628895579553859
seed7_P_C2_warm_step400,7,P_C2_warm,400,easy,20070056,8,0.16038075264512167,0.1746880092356395,0.16038075264512167,1,1,1,0.014307256590517847
seed7_P_C2_warm_step400,7,P_C2_warm,400,easy,20070057,8,0.08254743165887708,0.032436312877250545,0.029636931563808023,1,1,1,-0.05011111878162654
seed7_P_C2_warm_step400,7,P_C2_warm,400,easy,20070058,8,0.1777199758839551,0.12072272919626456,0.10733353777537018,0.875,1,1,-0.056997246687690545
seed7_P_C2_warm_step400,7,P_C2_warm,400,easy,20070059,8,1.092717536415901,0.1690192926680519,0.1690192926680519,0.375,1,1,-0.923698243747849
seed7_P_C2_warm_step400,7,P_C2_warm,400,easy,20070060,8,0.6359701549476031,0.1581222819527818,0.041426137087055934,0.625,1,1,-0.47784787299482134
seed7_P_C2_warm_step400,7,P_C2_warm,400,easy,20070061,8,0.8336719700994905,0.13311786870861453,0.13311786870861453,0.625,1,1,-0.7005541013908759
seed7_P_C2_warm_step400,7,P_C2_warm,400,easy,20070062,8,2.484462575519609,0.2721412900211324,0.2721412900211324,0,1,1,-2.2123212854984766
seed7_P_C2_warm_step400,7,P_C2_warm,400,easy,20070063,8,1.988422415645837,0.6793730921753884,0.6450055547764826,0.375,0.625,0.625,-1.3090493234704486
seed7_P_C2_warm_step400,7,P_C2_warm,400,easy,20070064,8,0.9946295203869001,0.13164857054994167,0.09460366963487887,0.375,1,1,-0.8629809498369585
seed7_P_C2_warm_step400,7,P_C2_warm,400,easy,20070065,8,1.8447760824380295,0.30323371177454056,0.30323371177454056,0.375,1,1,-1.541542370663489
seed7_P_C2_warm_step400,7,P_C2_warm,400,easy,20070066,8,0.04427498107862718,0.0775229248143391,0.04357529097708569,1,1,1,0.033247943735711924
seed7_P_C2_warm_step400,7,P_C2_warm,400,easy,20070067,8,0.7699960086882564,0.13527193206760613,0.10784218111920209,0.375,1,1,-0.6347240766206502
seed7_P_C2_warm_step400,7,P_C2_warm,400,easy,20070068,8,0.9952332357535543,1.1924703872334195,0.8642369264685729,0.375,0.25,0.5,0.1972371514798652
seed7_P_C2_warm_step400,7,P_C2_warm,400,easy,20070069,8,0.9182186093297031,0.11981550967648584,0.11738228883560291,0.625,1,1,-0.7984030996532173
seed7_P_C2_warm_step400,7,P_C2_warm,400,easy,20070070,8,0.15959517966500636,0.12773882658305424,0.10223538700861677,1,1,1,-0.031856353081952116
seed7_P_C2_warm_step400,7,P_C2_warm,400,easy,20070071,8,2.1657741584995533,0.28480178025234093,0.28480178025234093,0.125,1,1,-1.8809723782472125
seed7_P_C2_warm_step400,7,P_C2_warm,400,easy,20070072,8,0.33268983334389984,0.3881646276531879,0.13678254817797122,0.875,1,1,0.055474794309288034
seed7_P_C2_warm_step400,7,P_C2_warm,400,easy,20070073,8,0.05483099473530437,0.14971863929865703,0.052929981468883905,1,1,1,0.09488764456335266
seed7_P_C2_warm_step400,7,P_C2_warm,400,easy,20070074,8,1.5271655863363331,0.379344923429153,0.379344923429153,0.5,0.875,0.875,-1.14782066290718
seed7_P_C2_warm_step400,7,P_C2_warm,400,easy,20070075,8,0.22294730919162742,0.19104493295667815,0.10855076547882545,1,1,1,-0.031902376234949265
seed7_P_C2_warm_step400,7,P_C2_warm,400,easy,20070076,8,0.30265386648334025,0.22224078336261605,0.2038850592169621,1,1,1,-0.0804130831207242
seed7_P_C2_warm_step400,7,P_C2_warm,400,easy,20070077,8,0.15902972615589722,0.12341544705328883,0.061919996229972164,1,1,1,-0.03561427910260839
seed7_P_C2_warm_step400,7,P_C2_warm,400,easy,20070078,8,1.1380870089180766,0.2443828113853554,0.2443828113853554,0.125,1,1,-0.8937041975327211
seed7_P_C2_warm_step400,7,P_C2_warm,400,easy,20070079,8,1.2068755218454557,0.31191371684319635,0.2534172746335643,0.5,0.875,0.875,-0.8949618050022593
seed7_P_C2_warm_step400,7,P_C2_warm,400,easy,20070080,8,1.918225796938264,0.8826683212522644,0.8760613549976206,0.25,0.5,0.5,-1.0355574756859995
seed7_P_C2_warm_step400,7,P_C2_warm,400,easy,20070081,8,0.2529391848477731,0.33752840572520076,0.2529391848477731,1,1,1,0.08458922087742765
seed7_P_C2_warm_step400,7,P_C2_warm,400,easy,20070082,8,0.4804883133896961,0.13331993715868332,0.07131111439325367,0.75,1,1,-0.3471683762310128
seed7_P_C2_warm_step400,7,P_C2_warm,400,easy,20070083,8,0.44341953757412544,0.2857399803330492,0.2800837108266548,1,1,1,-0.15767955724107624
seed7_P_C2_warm_step400,7,P_C2_warm,400,easy,20070084,8,0.6843535646262822,0.28006832765614476,0.26037210792156534,0.625,1,1,-0.4042852369701374
seed7_P_C2_warm_step400,7,P_C2_warm,400,easy,20070085,8,0.19608224277013075,0.16731620157350882,0.15714272357627337,0.875,1,1,-0.028766041196621933
seed7_P_C2_warm_step400,7,P_C2_warm,400,easy,20070086,8,0.08154536387981486,0.19325247495609085,0.0680582252686669,1,1,1,0.111707111076276
seed7_P_C2_warm_step400,7,P_C2_warm,400,easy,20070087,8,0.334447630875966,1.071085815903626,0.24563240828916502,1,0.375,1,0.73663818502766
seed7_P_C2_warm_step400,7,P_C2_warm,400,easy,20070088,8,0.045382291370229345,0.06270602021391675,0.022405772316666163,1,1,1,0.0173237288436874
seed7_P_C2_warm_step400,7,P_C2_warm,400,easy,20070089,8,2.386898577819028,0.7124583556883698,0.7124583556883698,0,0.625,0.625,-1.6744402221306585
seed7_P_C2_warm_step400,7,P_C2_warm,400,easy,20070090,8,2.2600466946925257,0.6963025603778589,0.6671451648360276,0.125,0.75,0.75,-1.5637441343146667
seed7_P_C2_warm_step400,7,P_C2_warm,400,easy,20070091,8,0.5246766088212907,0.8275764084984342,0.4462645633737188,0.625,0.625,0.625,0.3028997996771434
seed7_P_C2_warm_step400,7,P_C2_warm,400,easy,20070092,8,0.10071053218403267,0.2443349045184743,0.0986650601623596,1,1,1,0.14362437233444164
seed7_P_C2_warm_step400,7,P_C2_warm,400,easy,20070093,8,0.4928195348744632,0.08124868242432978,0.05176082069239747,0.875,1,1,-0.4115708524501335
seed7_P_C2_warm_step400,7,P_C2_warm,400,easy,20070094,8,0.4288619106773126,0.07177878816095523,0.06096030574474027,0.625,1,1,-0.3570831225163574
seed7_P_C2_warm_step400,7,P_C2_warm,400,easy,20070095,8,0.48604477465613083,0.05640342492590225,0.024054832807516986,0.75,1,1,-0.4296413497302286
seed7_P_C2_warm_step400,7,P_C2_warm,400,easy,20070096,8,1.0479757027718386,0.18111010973600716,0.1677221596909597,0.375,1,1,-0.8668655930358314
seed7_P_C2_warm_step400,7,P_C2_warm,400,easy,20070097,8,0.07362464835522221,0.24488559787215902,0.07333253931718481,1,0.875,1,0.17126094951693682
seed7_P_C2_warm_step400,7,P_C2_warm,400,easy,20070098,8,0.22704327074559616,0.07541864551430066,0.06515699964142943,0.875,1,1,-0.1516246252312955
seed7_P_C2_warm_step400,7,P_C2_warm,400,easy,20070099,8,2.230333239182482,0.23691151331680868,0.23691151331680868,0.25,1,1,-1.9934217258656735
seed7_P_C2_warm_step400,7,P_C2_warm,400,hard,20070000,8,0.9793330909086178,1.13732542989103,0.9793330909086178,0.375,0.375,0.375,0.15799233898241227
seed7_P_C2_warm_step400,7,P_C2_warm,400,hard,20070001,8,2.3404358462366646,2.148121675050754,2.148121675050754,0.375,0.375,0.375,-0.19231417118591043
seed7_P_C2_warm_step400,7,P_C2_warm,400,hard,20070002,8,1.3438047630307501,0.9386326817221851,0.9386326817221851,0.125,0.625,0.625,-0.4051720813085651
seed7_P_C2_warm_step400,7,P_C2_warm,400,hard,20070003,8,0.9332498433513933,1.041543904306081,0.9131366636797261,0.75,0.75,0.75,0.10829406095468774
seed7_P_C2_warm_step400,7,P_C2_warm,400,hard,20070004,8,0.9934441110029085,0.9696400863412389,0.9252472703558686,0.625,0.625,0.625,-0.023804024661669643
seed7_P_C2_warm_step400,7,P_C2_warm,400,hard,20070005,8,1.2179298198309738,0.9159148385261663,0.9159148385261663,0.125,0.75,0.75,-0.30201498130480753
seed7_P_C2_warm_step400,7,P_C2_warm,400,hard,20070006,8,0.8812746909675966,1.1755298133417798,0.8812746909675966,0.875,0.5,0.875,0.29425512237418316
seed7_P_C2_warm_step400,7,P_C2_warm,400,hard,20070007,8,2.120005528360614,1.9861969308295944,1.9225439858190698,0.375,0.375,0.375,-0.13380859753101948
seed7_P_C2_warm_step400,7,P_C2_warm,400,hard,20070008,8,1.1022382267389725,1.1947973647943988,1.1017475615426862,1,0.125,0.875,0.09255913805542626
seed7_P_C2_warm_step400,7,P_C2_warm,400,hard,20070009,8,1.6768439484634667,1.635316944830208,1.4246874453285692,0.25,0.25,0.25,-0.041527003633258674
seed7_P_C2_warm_step400,7,P_C2_warm,400,hard,20070010,8,0.8510608437179314,0.8002646389624045,0.7973306214286449,0.75,0.75,0.75,-0.05079620475552693
seed7_P_C2_warm_step400,7,P_C2_warm,400,hard,20070011,8,1.061350283919368,0.9528017099813922,0.9306579894945415,0.75,0.75,0.75,-0.10854857393797579
seed7_P_C2_warm_step400,7,P_C2_warm,400,hard,20070012,8,1.964686532078746,1.8302377629828115,1.783101515072328,0.25,0.25,0.25,-0.13444876909593462
seed7_P_C2_warm_step400,7,P_C2_warm,400,hard,20070013,8,2.0833559423968313,1.6627958970225467,1.5835392584531098,0.125,0,0.125,-0.4205600453742846
seed7_P_C2_warm_step400,7,P_C2_warm,400,hard,20070014,8,1.1741894128497277,1.1873489977198837,1.1449411804458829,0.625,0.5,0.625,0.013159584870156005
seed7_P_C2_warm_step400,7,P_C2_warm,400,hard,20070015,8,0.8777861880202886,0.9035898664209525,0.8052723826060588,0.875,0.625,0.875,0.025803678400663888
seed7_P_C2_warm_step400,7,P_C2_warm,400,hard,20070016,8,1.2442152477100923,1.2915013622101947,1.2442152477100923,0.5,0.5,0.5,0.04728611450010245
seed7_P_C2_warm_step400,7,P_C2_warm,400,hard,20070017,8,1.5560244981473215,1.3706174544685725,1.3706174544685725,0,0.5,0.5,-0.18540704367874894
seed7_P_C2_warm_step400,7,P_C2_warm,400,hard,20070018,8,1.1502857688209314,1.167116562667009,1.1228748416415757,0.375,0.375,0.375,0.016830793846077663
seed7_P_C2_warm_step400,7,P_C2_warm,400,hard,20070019,8,1.1404458101901578,0.8336384945178912,0.8336384945178912,0.375,0.875,0.875,-0.3068073156722666
seed7_P_C2_warm_step400,7,P_C2_warm,400,hard,20070020,8,1.2278579336105644,1.3552533689205462,1.177670672937436,0.25,0.125,0.25,0.12739543530998176
seed7_P_C2_warm_step400,7,P_C2_warm,400,hard,20070021,8,0.7936314278879223,0.7685802355105277,0.7249457740591114,0.625,0.625,0.625,-0.025051192377394615
seed7_P_C2_warm_step400,7,P_C2_warm,400,hard,20070022,8,1.1915657440359224,1.1891013115112663,1.103146408518797,0.5,0.5,0.5,-0.0024644325246561127
seed7_P_C2_warm_step400,7,P_C2_warm,400,hard,20070023,8,2.000631772064431,1.7110407805639039,1.7110407805639039,0,0,0,-0.28959099150052703
seed7_P_C2_warm_step400,7,P_C2_warm,400,hard,20070024,8,0.8360929519926625,0.8183059775424762,0.7933499375937925,0.75,0.75,0.75,-0.017786974450186288
seed7_P_C2_warm_step400,7,P_C2_warm,400,hard,20070025,8,0.9964131392971237,1.1087151850174355,0.9964131392971237,0.375,0.375,0.375,0.11230204572031177
seed7_P_C2_warm_step400,7,P_C2_warm,400,hard,20070026,8,1.3352577988672474,1.2956029767431405,1.2956029767431405,0.25,0.25,0.25,-0.03965482212410687
seed7_P_C2_warm_step400,7,P_C2_warm,400,hard,20070027,8,1.253766073820066,1.1289327470583879,1.1289327470583879,0.25,0.375,0.375,-0.12483332676167813
seed7_P_C2_warm_step400,7,P_C2_warm,400,hard,20070028,8,1.2931761371922845,1.1648441002269416,1.1575480139973278,0.125,0.75,0.5,-0.1283320369653429
seed7_P_C2_warm_step400,7,P_C2_warm,400,hard,20070029,8,1.4065448475598896,1.3200420480291712,1.3200420480291712,0,0,0,-0.08650279953071838
seed7_P_C2_warm_step400,7,P_C2_warm,400,hard,20070030,8,0.9535936363193169,0.9773702079977467,0.8799878125958268,0.625,0.625,0.625,0.023776571678429725
seed7_P_C2_warm_step400,7,P_C2_warm,400,hard,20070031,8,0.9583059181265685,0.9880525434245697,0.9154518665707427,0.625,0.625,0.625,0.029746625298001206
seed7_P_C2_warm_step400,7,P_C2_warm,400,hard,20070032,8,0.8250828786544763,0.8675414872588098,0.7553107033465202,0.875,0.875,1,0.04245860860433348
seed7_P_C2_warm_step400,7,P_C2_warm,400,hard,20070033,8,1.4806087918175679,0.9919725257465738,0.9919725257465738,0.125,0.625,0.625,-0.4886362660709941
seed7_P_C2_warm_step400,7,P_C2_warm,400,hard,20070034,8,1.7471980304506625,1.76336094408451,1.6720427403505,0,0,0,0.016162913633847475
seed7_P_C2_warm_step400,7,P_C2_warm,400,hard,20070035,8,1.6191130363891144,1.633799887569141,1.3907033511334133,0.375,0.125,0.375,0.014686851180026661
seed7_P_C2_warm_step400,7,P_C2_warm,400,hard,20070036,8,0.8582065308434399,0.8544679377945593,0.8000232263041699,0.625,0.625,0.625,-0.0037385930488805785
seed7_P_C2_warm_step400,7,P_C2_warm,400,hard,20070037,8,1.3463427118147033,1.330017742590284,1.311374632141803,0.25,0.375,0.375,-0.016324969224419394
seed7_P_C2_warm_step400,7,P_C2_warm,400,hard,20070038,8,1.061637441551345,0.7926905027423017,0.7926905027423017,0.125,0.875,0.875,-0.2689469388090433
seed7_P_C2_warm_step400,7,P_C2_warm,400,hard,20070039,8,1.0757063841308012,1.0019782417763037,0.9276842562440377,0.5,0.5,0.5,-0.07372814235449754
seed7_P_C2_warm_step400,7,P_C2_warm,400,hard,20070040,8,0.6755531533028091,0.658518503575194,0.5756165857443497,0.75,1,1,-0.017034649727615037
seed7_P_C2_warm_step400,7,P_C2_warm,400,hard,20070041,8,0.9868731158149424,0.9507162331227129,0.8837351577310852,0.5,0.5,0.5,-0.0361568826922295
seed7_P_C2_warm_step400,7,P_C2_warm,400,hard,20070042,8,1.4165518285773058,1.2586120482045533,1.1869261838149834,0.375,0.375,0.375,-0.15793978037275247
seed7_P_C2_warm_step400,7,P_C2_warm,400,hard,20070043,8,0.9809335395718299,1.007788294819812,0.9766076013774776,0.75,0.75,0.75,0.026854755247982087
seed7_P_C2_warm_step400,7,P_C2_warm,400,hard,20070044,8,1.2280842253851914,1.2099064346030037,1.1776657507931978,0.625,0.625,0.625,-0.01817779078218762
seed7_P_C2_warm_step400,7,P_C2_warm,400,hard,20070045,8,1.1324986245687552,1.124603935434915,0.9837096941411912,0.5,0.5,0.5,-0.00789468913384006
seed7_P_C2_warm_step400,7,P_C2_warm,400,hard,20070046,8,0.9436685076222027,0.9190676996558284,0.8576923911265003,0.625,0.625,0.625,-0.024600807966374316
seed7_P_C2_warm_step400,7,P_C2_warm,400,hard,20070047,8,0.5594568982886741,0.5993049706890592,0.5094327540204069,0.75,0.75,0.75,0.039848072400385126
seed7_P_C2_warm_step400,7,P_C2_warm,400,hard,20070048,8,2.4331176322952515,2.143546307168741,2.143546307168741,0.125,0.25,0.25,-0.2895713251265106
seed7_P_C2_warm_step400,7,P_C2_warm,400,hard,20070049,8,1.436793318568967,1.4217020641349172,1.3256367774656126,0,0,0,-0.015091254434049794
seed7_P_C2_warm_step400,7,P_C2_warm,400,hard,20070050,8,1.3863421782882257,1.4513454373935233,1.2911288044983706,0,0,0,0.06500325910529758
seed7_P_C2_warm_step400,7,P_C2_warm,400,hard,20070051,8,1.7204961515662411,1.5497318089923195,1.5497318089923195,0,0.125,0.125,-0.1707643425739216
seed7_P_C2_warm_step400,7,P_C2_warm,400,hard,20070052,8,1.5259907627775866,0.854903985540913,0.854903985540913,0,0.875,0.875,-0.6710867772366736
seed7_P_C2_warm_step400,7,P_C2_warm,400,hard,20070053,8,1.2869442757060536,1.282485995457873,1.2819280387442458,0.375,0.5,0.5,-0.004458280248180735
seed7_P_C2_warm_step400,7,P_C2_warm,400,hard,20070054,8,1.1122051722333048,1.1519641166135575,1.1122051722333048,0.625,0.625,0.625,0.039758944380252625
seed7_P_C2_warm_step400,7,P_C2_warm,400,hard,20070055,8,1.738117991784959,1.4685762227770687,1.4685762227770687,0.375,0.375,0.375,-0.2695417690078903
seed7_P_C2_warm_step400,7,P_C2_warm,400,hard,20070056,8,1.3367899004270973,1.2395332480030405,1.2395332480030405,0,0.375,0.375,-0.09725665242405679
seed7_P_C2_warm_step400,7,P_C2_warm,400,hard,20070057,8,1.0164340139116204,0.9051831064495515,0.8725060522841014,0.25,0.25,0.25,-0.1112509074620689
seed7_P_C2_warm_step400,7,P_C2_warm,400,hard,20070058,8,1.3639798028213959,1.6447808943154865,1.3639798028213959,0.625,0.375,0.625,0.2808010914940906
seed7_P_C2_warm_step400,7,P_C2_warm,400,hard,20070059,8,1.056144502856322,1.1747422225477016,1.056144502856322,0.25,0.25,0.25,0.11859771969137944
seed7_P_C2_warm_step400,7,P_C2_warm,400,hard,20070060,8,1.6332706427801083,1.4357993005456233,1.4357993005456233,0,0.125,0.125,-0.19747134223448493
seed7_P_C2_warm_step400,7,P_C2_warm,400,hard,20070061,8,2.2298770073632563,2.1263186273600403,2.0959542158203543,0.25,0.25,0.25,-0.10355838000321604
seed7_P_C2_warm_step400,7,P_C2_warm,400,hard,20070062,8,1.4615854152854544,1.0553447332376176,1.0553447332376176,0,0.375,0.375,-0.4062406820478368
seed7_P_C2_warm_step400,7,P_C2_warm,400,hard,20070063,8,1.2566151462788324,1.0836244761520275,1.0836244761520275,0.25,0.625,0.625,-0.1729906701268049
seed7_P_C2_warm_step400,7,P_C2_warm,400,hard,20070064,8,1.852360027655509,1.548150469266465,1.548150469266465,0,0,0,-0.30420955838904407
seed7_P_C2_warm_step400,7,P_C2_warm,400,hard,20070065,8,1.5374511906435828,1.2230330807277465,1.2230330807277465,0.375,0.5,0.5,-0.3144181099158363
seed7_P_C2_warm_step400,7,P_C2_warm,400,hard,20070066,8,1.5812435653409322,1.5009539168477601,1.5009539168477601,0.5,0.5,0.5,-0.0802896484931721
seed7_P_C2_warm_step400,7,P_C2_warm,400,hard,20070067,8,2.1154394088363557,1.8248794205599093,1.8202862584591848,0,0,0,-0.29055998827644647
seed7_P_C2_warm_step400,7,P_C2_warm,400,hard,20070068,8,0.5050229133410074,0.6197960470069617,0.46695769383013375,1,1,1,0.11477313366595432
seed7_P_C2_warm_step400,7,P_C2_warm,400,hard,20070069,8,1.153408134530148,1.1971972587666677,1.0560686032108408,0.375,0.5,0.625,0.043789124236519816
seed7_P_C2_warm_step400,7,P_C2_warm,400,hard,20070070,8,2.385336289063759,2.1390778963136583,2.1390778963136583,0,0,0,-0.24625839275010053
seed7_P_C2_warm_step400,7,P_C2_warm,400,hard,20070071,8,1.1353206379553913,1.0439558910725073,1.0439558910725073,0.375,0.375,0.375,-0.09136474688288398
seed7_P_C2_warm_step400,7,P_C2_warm,400,hard,20070072,8,0.5381540195768874,0.6339679564414995,0.4752769088360501,0.875,0.875,0.875,0.09581393686461215
seed7_P_C2_warm_step400,7,P_C2_warm,400,hard,20070073,8,1.5264331286342714,1.3817017257611224,1.3817017257611224,0.25,0.375,0.375,-0.144731402873149
seed7_P_C2_warm_step400,7,P_C2_warm,400,hard,20070074,8,1.350574627080517,1.344658676590075,1.2638657868256653,0.375,0.375,0.375,-0.0059159504904420235
seed7_P_C2_warm_step400,7,P_C2_warm,400,hard,20070075,8,1.4409341699979483,1.4711340489717988,1.2181319398216601,0.5,0,0.5,0.030199878973850458
seed7_P_C2_warm_step400,7,P_C2_warm,400,hard,20070076,8,2.3226016753478125,1.7938784904651985,1.7938784904651985,0,0,0,-0.5287231848826139
seed7_P_C2_warm_step400,7,P_C2_warm,400,hard,20070077,8,1.3463007520690455,1.239661463299458,1.205103131790183,0.375,0.375,0.375,-0.1066392887695875
seed7_P_C2_warm_step400,7,P_C2_warm,400,hard,20070078,8,1.0946698074706365,1.2502561939870591,0.7906451091855733,0.5,0.5,1,0.15558638651642265
seed7_P_C2_warm_step400,7,P_C2_warm,400,hard,20070079,8,1.1534171874583667,1.108079251636009,1.0488696322784903,0.375,0.375,0.375,-0.04533793582235779
seed7_P_C2_warm_step400,7,P_C2_warm,400,hard,20070080,8,1.8433216947412372,1.8850164497504882,1.841128544360768,0.125,0,0.125,0.04169475500925102
seed7_P_C2_warm_step400,7,P_C2_warm,400,hard,20070081,8,1.1690353809695504,1.1805704787611966,1.1689567606497362,0.5,0.5,0.5,0.011535097791646187
seed7_P_C2_warm_step400,7,P_C2_warm,400,hard,20070082,8,1.8556842668806812,1.3887376656617108,1.3887376656617108,0,0,0,-0.46694660121897047
seed7_P_C2_warm_step400,7,P_C2_warm,400,hard,20070083,8,0.8738824464904673,1.0351241637264539,0.8083997601874284,0.75,0.375,0.75,0.16124171723598657
seed7_P_C2_warm_step400,7,P_C2_warm,400,hard,20070084,8,1.2946381314916118,1.3207813519502856,1.2346298655334143,0.375,0.375,0.375,0.026143220458673788
seed7_P_C2_warm_step400,7,P_C2_warm,400,hard,20070085,8,1.7853710401357992,1.415399237552016,1.3858359621892065,0.25,0.25,0.25,-0.36997180258378326
seed7_P_C2_warm_step400,7,P_C2_warm,400,hard,20070086,8,1.570107592072964,1.3282131722487163,1.3282131722487163,0.125,0.625,0.625,-0.24189441982424764
seed7_P_C2_warm_step400,7,P_C2_warm,400,hard,20070087,8,0.8971264968149624,1.1310715916984955,0.8971264968149624,1,1,1,0.2339450948835331
seed7_P_C2_warm_step400,7,P_C2_warm,400,hard,20070088,8,0.5668457144340535,0.7482628243098789,0.5344263419638524,1,0.625,1,0.18141710987582538
seed7_P_C2_warm_step400,7,P_C2_warm,400,hard,20070089,8,2.576299554554841,2.1046923258022203,2.1046923258022203,0,0,0,-0.4716072287526205
seed7_P_C2_warm_step400,7,P_C2_warm,400,hard,20070090,8,1.0559121568744643,0.9000512470700087,0.8786652780441837,0.25,0.375,0.375,-0.15586090980445555
seed7_P_C2_warm_step400,7,P_C2_warm,400,hard,20070091,8,1.194681358793484,1.1109919995719781,1.1109919995719781,0.25,0.875,0.875,-0.08368935922150578
seed7_P_C2_warm_step400,7,P_C2_warm,400,hard,20070092,8,1.706149440913655,1.4969806835844226,1.4969806835844226,0,0.25,0.25,-0.20916875732923246
seed7_P_C2_warm_step400,7,P_C2_warm,400,hard,20070093,8,0.7654146588712674,0.7202467448537023,0.7202467448537023,0.875,0.875,0.875,-0.045167914017565036
seed7_P_C2_warm_step400,7,P_C2_warm,400,hard,20070094,8,1.2731967870680536,0.9451395313626954,0.9451395313626954,0.625,0.75,0.75,-0.32805725570535826
seed7_P_C2_warm_step400,7,P_C2_warm,400,hard,20070095,8,1.2829605785553884,0.9995957052378962,0.9995957052378962,0,0.75,0.75,-0.28336487331749216
seed7_P_C2_warm_step400,7,P_C2_warm,400,hard,20070096,8,1.0364995581803291,1.1488746273892756,1.0364995581803291,0.625,0.625,0.625,0.11237506920894647
seed7_P_C2_warm_step400,7,P_C2_warm,400,hard,20070097,8,1.2262847794801675,1.1862350842440719,1.1547988755932652,0.375,0.25,0.25,-0.040049695236095584
seed7_P_C2_warm_step400,7,P_C2_warm,400,hard,20070098,8,1.411241065812277,1.2525855227698022,1.2525855227698022,0,0.625,0.625,-0.15865554304247476
seed7_P_C2_warm_step400,7,P_C2_warm,400,hard,20070099,8,1.6812738628187571,1.5327439619311736,1.5094234827950395,0.25,0.25,0.25,-0.14852990088758355
seed17_original_P,17,original_P,0,easy,20170000,8,1.0494740099145652,0.47318519027038924,0.43725840687274115,0.625,0.875,0.875,-0.576288819644176
seed17_original_P,17,original_P,0,easy,20170001,8,1.1733263178833255,0.19513826778562177,0.14273525874879708,0.375,1,1,-0.9781880500977038
seed17_original_P,17,original_P,0,easy,20170002,8,0.9014183203114908,0.18248133832308835,0.18248133832308835,0.625,1,1,-0.7189369819884025
seed17_original_P,17,original_P,0,easy,20170003,8,0.02886222621266822,0.016258578774063833,0.013272797280380222,1,1,1,-0.012603647438604388
seed17_original_P,17,original_P,0,easy,20170004,8,0.7692965528245866,0.19879068032546693,0.18299531323544652,0.75,0.875,0.875,-0.5705058724991197
seed17_original_P,17,original_P,0,easy,20170005,8,0.8904699767257529,0.20516832854943196,0.13903205072366676,0.625,1,1,-0.685301648176321
seed17_original_P,17,original_P,0,easy,20170006,8,0.6796367841657448,0.33906750985557454,0.3280269745518221,0.75,0.75,0.75,-0.34056927431017026
seed17_original_P,17,original_P,0,easy,20170007,8,1.5810346956513153,1.0254997574582596,1.0228791990481474,0.375,0.375,0.375,-0.5555349381930557
seed17_original_P,17,original_P,0,easy,20170008,8,0.16656610236863978,0.37923471434602746,0.005063195542516771,0.875,0.875,1,0.21266861197738768
seed17_original_P,17,original_P,0,easy,20170009,8,0.015583741677226226,0.210728265784499,0.015583741677226226,1,1,1,0.19514452410727276
seed17_original_P,17,original_P,0,easy,20170010,8,0.9057619458734041,0.07616828082983246,0.07616828082983246,0.5,1,1,-0.8295936650435716
seed17_original_P,17,original_P,0,easy,20170011,8,0.17007766918122402,0.2270004536025768,0.12660270632879983,1,0.875,1,0.05692278442135279
seed17_original_P,17,original_P,0,easy,20170012,8,1.4775767591564626,0.9612006043609443,0.27956634351686266,0.375,0.625,1,-0.5163761547955182
seed17_original_P,17,original_P,0,easy,20170013,8,0.13253700563253304,0.1366772603077529,0.014140038548962747,1,1,1,0.004140254675219862
seed17_original_P,17,original_P,0,easy,20170014,8,0.5572298518687203,0.1688453846094155,0.1659748396635956,0.625,1,1,-0.3883844672593048
seed17_original_P,17,original_P,0,easy,20170015,8,1.7526805853017384,0.7435059189159967,0.32868855875308955,0.375,0.75,1,-1.0091746663857417
seed17_original_P,17,original_P,0,easy,20170016,8,0.062858520207953,0.23715960474405146,0.062858520207953,1,1,1,0.17430108453609844
seed17_original_P,17,original_P,0,easy,20170017,8,0.8741798104885651,0.26647944923255035,0.09515213675623585,0.625,1,1,-0.6077003612560148
seed17_original_P,17,original_P,0,easy,20170018,8,0.39576305833841813,0.15995141153683287,0.10544997768812168,0.75,1,1,-0.23581164680158526
seed17_original_P,17,original_P,0,easy,20170019,8,0.15016644993546746,0.6085955671141362,0.15016644993546746,1,0.625,1,0.45842911717866874
seed17_original_P,17,original_P,0,easy,20170020,8,0.017575993256026025,0.039021743891853714,0.015298200536853164,1,1,1,0.02144575063582769
seed17_original_P,17,original_P,0,easy,20170021,8,0.0671669495941798,0.1120907513204179,0.0491075504207422,1,1,1,0.0449238017262381
seed17_original_P,17,original_P,0,easy,20170022,8,2.1777601436511262,0.6851477063239356,0.5929716032376887,0.375,0.625,0.625,-1.4926124373271907
seed17_original_P,17,original_P,0,easy,20170023,8,1.0751732162972425,0.5487649925920228,0.2568486568316142,0.625,0.875,0.875,-0.5264082237052197
seed17_original_P,17,original_P,0,easy,20170024,8,0.01596291948187979,0.06212010318268826,0.01046357589433723,1,1,1,0.04615718370080847
seed17_original_P,17,original_P,0,easy,20170025,8,1.8651857961783713,0.6547519050300606,0.6545839869181267,0.375,0.625,0.625,-1.2104338911483108
seed17_original_P,17,original_P,0,easy,20170026,8,2.069081945293282,0.39510201910139287,0.3818207065743432,0.375,1,1,-1.673979926191889
seed17_original_P,17,original_P,0,easy,20170027,8,0.5385974579168695,0.11963235986336614,0.11963235986336614,0.625,1,1,-0.4189650980535034
seed17_original_P,17,original_P,0,easy,20170028,8,0.01660056414563816,0.043595325423106256,0.01660056414563816,1,1,1,0.026994761277468096
seed17_original_P,17,original_P,0,easy,20170029,8,1.185710596213787,0.11492018376523126,0.11492018376523126,0.125,1,1,-1.0707904124485559
seed17_original_P,17,original_P,0,easy,20170030,8,0.09312947340965924,0.11291374089392672,0.07783454134596741,1,1,1,0.01978426748426748
seed17_original_P,17,original_P,0,easy,20170031,8,0.6916118768131969,0.17012153592339593,0.07257325067685569,0.5,1,1,-0.521490340889801
seed17_original_P,17,original_P,0,easy,20170032,8,0.3650946566375634,0.068962474530606,0.06827370835289105,0.75,1,1,-0.2961321821069574
seed17_original_P,17,original_P,0,easy,20170033,8,0.13423853561321505,0.05303353732395073,0.027851447676883245,1,1,1,-0.08120499828926432
seed17_original_P,17,original_P,0,easy,20170034,8,0.9830704113885869,0.2768069764456713,0.2768069764456713,0.625,0.875,0.875,-0.7062634349429155
seed17_original_P,17,original_P,0,easy,20170035,8,1.0766925144106252,0.3444380109679106,0.3444380109679106,0.625,1,1,-0.7322545034427146
seed17_original_P,17,original_P,0,easy,20170036,8,0.27038542951953504,0.6030367927569232,0.030668438619101446,0.75,0.625,1,0.3326513632373882
seed17_original_P,17,original_P,0,easy,20170037,8,0.006643719878837644,0.11964005059434346,0.006643719878837644,1,1,1,0.11299633071550581
seed17_original_P,17,original_P,0,easy,20170038,8,0.1943782445656535,0.12587824497186992,0.08601572717141658,1,1,1,-0.06849999959378358
seed17_original_P,17,original_P,0,easy,20170039,8,1.5933557815008397,0.6773307220146527,0.6696087415905995,0.25,0.625,0.625,-0.916025059486187
seed17_original_P,17,original_P,0,easy,20170040,8,0.2846513890341035,0.5419986583415516,0.13439342437442936,0.875,0.875,0.875,0.2573472693074481
seed17_original_P,17,original_P,0,easy,20170041,8,1.137053137962855,0.4284570559471524,0.40756048669923634,0.5,0.75,0.75,-0.7085960820157027
seed17_original_P,17,original_P,0,easy,20170042,8,2.256320250075714,0.7392108639589012,0.7274902587092587,0.25,0.25,0.25,-1.5171093861168128
seed17_original_P,17,original_P,0,easy,20170043,8,0.5828550218235447,0.050660069118469854,0.016853222761377587,0.5,1,1,-0.5321949527050748
seed17_original_P,17,original_P,0,easy,20170044,8,0.31329923236121887,0.28427918428018084,0.1963590238850232,0.875,1,1,-0.02902004808103803
seed17_original_P,17,original_P,0,easy,20170045,8,0.1584097877963901,0.077340650173905,0.02667590323618028,1,1,1,-0.08106913762248509
seed17_original_P,17,original_P,0,easy,20170046,8,0.08723855055198369,0.060671664454675256,0.043455764280732806,1,1,1,-0.026566886097308437
seed17_original_P,17,original_P,0,easy,20170047,8,0.45920264723658666,0.16675082976820946,0.16423704113440166,0.875,1,1,-0.29245181746837723
seed17_original_P,17,original_P,0,easy,20170048,8,0.9846133723030495,0.3158604972370922,0.3158604972370922,0.625,0.875,0.875,-0.6687528750659573
seed17_original_P,17,original_P,0,easy,20170049,8,1.478429605228615,1.1281538313756583,0.6104938943422622,0.625,0.25,0.75,-0.3502757738529567
seed17_original_P,17,original_P,0,easy,20170050,8,0.09479634653819395,0.05490282231430833,0.04016273538639844,1,1,1,-0.03989352422388562
seed17_original_P,17,original_P,0,easy,20170051,8,0.9343184965789266,0.2566424859190383,0.046295526827878505,0.375,1,1,-0.6776760106598883
seed17_original_P,17,original_P,0,easy,20170052,8,0.0764570411073534,0.17151755447500353,0.0648961064837697,1,1,1,0.09506051336765013
seed17_original_P,17,original_P,0,easy,20170053,8,1.8967787691602116,1.0329532970801563,1.028924104144087,0.5,0.5,0.5,-0.8638254720800553
seed17_original_P,17,original_P,0,easy,20170054,8,0.005686501024394227,0.042324363177458246,0.00440420472760468,1,1,1,0.03663786215306402
seed17_original_P,17,original_P,0,easy,20170055,8,0.12155831993286215,0.08087006840843027,0.022785178568164782,1,1,1,-0.04068825152443188
seed17_original_P,17,original_P,0,easy,20170056,8,0.8500048428114167,0.2968621672067434,0.29367911836190996,0.75,0.75,0.75,-0.5531426756046733
seed17_original_P,17,original_P,0,easy,20170057,8,0.05747640415733709,0.02767877288866745,0.009510655258723737,1,1,1,-0.02979763126866964
seed17_original_P,17,original_P,0,easy,20170058,8,0.11736460865556173,0.02061027140683068,0.020549864602857307,1,1,1,-0.09675433724873105
seed17_original_P,17,original_P,0,easy,20170059,8,1.2736148918677308,0.30978845326999344,0.30978845326999344,0.5,0.875,0.875,-0.9638264385977373
seed17_original_P,17,original_P,0,easy,20170060,8,1.5785649261396204,0.4411412498773719,0.4213798577860194,0.375,0.875,0.875,-1.1374236762622485
seed17_original_P,17,original_P,0,easy,20170061,8,1.7952572259189978,0.3437059590904012,0.04038357686441818,0.5,1,1,-1.4515512668285966
seed17_original_P,17,original_P,0,easy,20170062,8,0.6458863770031845,0.13388212258527799,0.13388212258527799,0.625,1,1,-0.5120042544179065
seed17_original_P,17,original_P,0,easy,20170063,8,0.665892934321063,0.11006255796793364,0.09431091936532664,0.625,1,1,-0.5558303763531294
seed17_original_P,17,original_P,0,easy,20170064,8,0.16764775775460125,1.4473608373421534,0.15117366136089888,0.875,0.125,1,1.2797130795875522
seed17_original_P,17,original_P,0,easy,20170065,8,0.7746143238405826,0.2930811771391159,0.23880592107185145,0.75,0.875,0.875,-0.4815331467014667
seed17_original_P,17,original_P,0,easy,20170066,8,0.051559236636263946,0.014710982260146969,0.0077881367121520485,1,1,1,-0.036848254376116975
seed17_original_P,17,original_P,0,easy,20170067,8,0.09998245570293458,0.05404414774519909,0.04373090234049671,1,1,1,-0.04593830795773549
seed17_original_P,17,original_P,0,easy,20170068,8,0.10743248678829172,0.12323956445265026,0.09393189890219165,1,1,1,0.015807077664358543
seed17_original_P,17,original_P,0,easy,20170069,8,0.4366939422392663,0.2748752866104456,0.0713983632007249,0.875,1,1,-0.1618186556288207
seed17_original_P,17,original_P,0,easy,20170070,8,0.411986850377265,0.4908004278640129,0.3318868577612068,0.75,0.75,0.75,0.07881357748674789
seed17_original_P,17,original_P,0,easy,20170071,8,0.7132977137644736,0.32289004243072,0.3173552354088469,0.75,0.75,0.75,-0.3904076713337536
seed17_original_P,17,original_P,0,easy,20170072,8,0.5455365612136318,0.28254843151594145,0.04306697615511176,0.625,1,1,-0.26298812969769036
seed17_original_P,17,original_P,0,easy,20170073,8,0.16699199597059,0.036279584352357126,0.03563386068556079,1,1,1,-0.13071241161823288
seed17_original_P,17,original_P,0,easy,20170074,8,1.1897952244958803,0.6598156618739645,0.5149775612076031,0.625,0.625,0.625,-0.5299795626219158
seed17_original_P,17,original_P,0,easy,20170075,8,0.008243698283045633,0.5768905957560723,0.008243698283045633,1,0.875,1,0.5686468974730267
seed17_original_P,17,original_P,0,easy,20170076,8,0.04315479543811045,0.03904562941857627,0.009440809902989289,1,1,1,-0.004109166019534184
seed17_original_P,17,original_P,0,easy,20170077,8,1.4342773166737823,0.189343634240997,0.10461822126329436,0.375,1,1,-1.2449336824327852
seed17_original_P,17,original_P,0,easy,20170078,8,1.9126457567032298,0.13540598353586794,0.13540598353586794,0.5,1,1,-1.777239773167362
seed17_original_P,17,original_P,0,easy,20170079,8,0.1024837946423874,0.1285117650996353,0.016100514860852153,1,1,1,0.026027970457247904
seed17_original_P,17,original_P,0,easy,20170080,8,1.2680983220289757,0.5243780712248783,0.5243780712248783,0.5,0.625,0.625,-0.7437202508040973
seed17_original_P,17,original_P,0,easy,20170081,8,1.1816244373226557,0.25560561768532797,0.23145242828059182,0.5,1,1,-0.9260188196373277
seed17_original_P,17,original_P,0,easy,20170082,8,0.8142169065661977,0.17863278179040748,0.12800837024107267,0.625,1,1,-0.6355841247757903
seed17_original_P,17,original_P,0,easy,20170083,8,0.017409639730538117,0.1794749394639521,0.017409639730538117,1,1,1,0.162065299733414
seed17_original_P,17,original_P,0,easy,20170084,8,0.286094266894633,0.05967787975230842,0.02770135465847448,0.875,1,1,-0.2264163871423246
seed17_original_P,17,original_P,0,easy,20170085,8,0.014772439545742668,0.41826783917885507,0.014772439545742668,1,1,1,0.40349539963311243
seed17_original_P,17,original_P,0,easy,20170086,8,0.05480044025555567,0.062051117871915216,0.012754127259450214,1,1,1,0.007250677616359544
seed17_original_P,17,original_P,0,easy,20170087,8,2.0713924652270883,1.3227621025641672,1.3143300679693044,0.25,0.25,0.25,-0.7486303626629212
seed17_original_P,17,original_P,0,easy,20170088,8,0.13876645842676552,0.04760858299433928,0.024954927087122797,1,1,1,-0.09115787543242623
seed17_original_P,17,original_P,0,easy,20170089,8,1.420058296533801,0.27284697829305093,0.27284697829305093,0.375,1,1,-1.14721131824075
seed17_original_P,17,original_P,0,easy,20170090,8,1.478604491726703,0.45052023024431775,0.40508980594723804,0.25,1,1,-1.0280842614823853
seed17_original_P,17,original_P,0,easy,20170091,8,0.0173008579077407,0.07550402443654061,0.0173008579077407,1,1,1,0.05820316652879991
seed17_original_P,17,original_P,0,easy,20170092,8,0.5346361723125609,0.08015925634527483,0.05325841712450572,0.75,1,1,-0.45447691596728607
seed17_original_P,17,original_P,0,easy,20170093,8,2.920063848636639,0.6833109934088907,0.6833109934088907,0.375,0.625,0.625,-2.2367528552277482
seed17_original_P,17,original_P,0,easy,20170094,8,1.8823695136515985,0.32519173547514413,0.32519173547514413,0.375,0.875,0.875,-1.5571777781764544
seed17_original_P,17,original_P,0,easy,20170095,8,1.0119889449091228,0.375650599635298,0.15768506856838066,0.625,1,1,-0.6363383452738248
seed17_original_P,17,original_P,0,easy,20170096,8,1.1114236748810105,0.4434678597763494,0.38991363790593775,0.625,0.75,0.75,-0.6679558151046611
seed17_original_P,17,original_P,0,easy,20170097,8,1.287254491333565,0.3071961356401874,0.3070083924594403,0.375,0.875,0.875,-0.9800583556933777
seed17_original_P,17,original_P,0,easy,20170098,8,0.5083307775485999,0.4079741455186913,0.11923286371902578,0.75,1,1,-0.10035663202990858
seed17_original_P,17,original_P,0,easy,20170099,8,0.413951003717061,0.1686024278864128,0.008474758096197651,0.75,1,1,-0.2453485758306482
seed17_original_P,17,original_P,0,hard,20170000,8,1.3770921361435264,1.0502392409525496,0.806505902320564,0,0.75,0.75,-0.3268528951909768
seed17_original_P,17,original_P,0,hard,20170001,8,1.183821933820807,1.258508140875349,1.1693112877681904,0.5,0.5,0.5,0.07468620705454199
seed17_original_P,17,original_P,0,hard,20170002,8,1.0677380862589474,0.8832144347420081,0.7541306430338983,0.375,0.75,1,-0.18452365151693928
seed17_original_P,17,original_P,0,hard,20170003,8,0.6076538321485998,1.0201261007375793,0.4251237203683522,1,0.5,1,0.41247226858897945
seed17_original_P,17,original_P,0,hard,20170004,8,1.1893573515142624,0.9661236664011305,0.9344071377197913,0.375,1,1,-0.2232336851131319
seed17_original_P,17,original_P,0,hard,20170005,8,1.0693083866039537,0.9613305706341471,0.9199790121442806,0.5,0.875,0.875,-0.1079778159698066
seed17_original_P,17,original_P,0,hard,20170006,8,1.1966044514518053,1.3584996516468597,1.1291612765807801,0.125,0.25,0.25,0.16189520019505443
seed17_original_P,17,original_P,0,hard,20170007,8,1.033420486506699,1.4444401321819988,0.9033513970435096,0.5,0.375,0.625,0.4110196456752999
seed17_original_P,17,original_P,0,hard,20170008,8,1.3580602746647235,1.156715785315843,1.156715785315843,0,0.125,0.125,-0.2013444893488805
seed17_original_P,17,original_P,0,hard,20170009,8,1.8294159094680758,1.117211534064465,0.9118054904748301,0.375,1,1,-0.7122043754036107
seed17_original_P,17,original_P,0,hard,20170010,8,1.1735189008846054,1.4911360996895546,1.1372890548861756,0.5,0,0.5,0.3176171988049492
seed17_original_P,17,original_P,0,hard,20170011,8,0.8668961282491917,1.2273273044751147,0.5483686433678163,0.5,0.5,1,0.360431176225923
seed17_original_P,17,original_P,0,hard,20170012,8,1.106290291366475,0.8046768418198804,0.7823515895611455,0.375,0.875,0.875,-0.3016134495465945
seed17_original_P,17,original_P,0,hard,20170013,8,1.3094556906748898,1.0696051950015442,1.0624793172563327,0.375,0.375,0.5,-0.2398504956733456
seed17_original_P,17,original_P,0,hard,20170014,8,0.89800803227093,2.281836055686064,0.5210179290393686,0.75,0,0.75,1.3838280234151341
seed17_original_P,17,original_P,0,hard,20170015,8,0.9687431553331667,2.297487404991371,0.8117761260946343,0.5,0,0.5,1.3287442496582043
seed17_original_P,17,original_P,0,hard,20170016,8,0.8896596163159627,1.5326528229235417,0.8896596163159627,0.375,0,0.375,0.642993206607579
seed17_original_P,17,original_P,0,hard,20170017,8,0.6391161040408866,1.6034711991007062,0.6210626762443306,1,0.375,1,0.9643550950598196
seed17_original_P,17,original_P,0,hard,20170018,8,1.4613005011663573,0.8184827859054601,0.8184827859054601,0,0.875,0.875,-0.6428177152608973
seed17_original_P,17,original_P,0,hard,20170019,8,1.2230221655546731,1.2484773300436292,1.0737705823090793,0.25,0.5,0.75,0.025455164488956017
seed17_original_P,17,original_P,0,hard,20170020,8,1.1524101887797866,0.9922070398325732,0.9922070398325732,0.375,0.5,0.5,-0.16020314894721344
seed17_original_P,17,original_P,0,hard,20170021,8,0.8106363327158609,1.3715811210697302,0.6315019209712058,0.625,0.25,0.875,0.5609447883538693
seed17_original_P,17,original_P,0,hard,20170022,8,1.7045606265133224,1.217996277097197,0.989454829407558,0.25,0.375,0.625,-0.48656434941612536
seed17_original_P,17,original_P,0,hard,20170023,8,2.5038267000219925,1.0131139526686788,0.9629791446258509,0.125,0.25,0.375,-1.4907127473533137
seed17_original_P,17,original_P,0,hard,20170024,8,1.562034739919665,1.0917081042688752,1.0917081042688752,0.25,0.375,0.375,-0.4703266356507898
seed17_original_P,17,original_P,0,hard,20170025,8,1.2719769473304363,1.0141873187352168,0.6474341714968836,0.5,0.75,1,-0.2577896285952195
seed17_original_P,17,original_P,0,hard,20170026,8,1.0717230490964444,0.9190306136439836,0.8561597057026067,0.75,0.75,1,-0.1526924354524608
seed17_original_P,17,original_P,0,hard,20170027,8,1.2573588681849133,0.9265322693423261,0.9265322693423261,0.25,1,1,-0.33082659884258714
seed17_original_P,17,original_P,0,hard,20170028,8,1.4813467275331635,1.3566166533964974,1.3566166533964974,0,0.25,0.25,-0.12473007413666615
seed17_original_P,17,original_P,0,hard,20170029,8,1.5544522606291309,1.1907788962568249,0.8522893477230019,0.125,0.625,0.75,-0.363673364372306
seed17_original_P,17,original_P,0,hard,20170030,8,1.2171888738189225,0.8492941223491777,0.6417670446867951,0.5,1,1,-0.3678947514697448
seed17_original_P,17,original_P,0,hard,20170031,8,0.6583930289507124,1.7310259447779925,0.6583930289507124,0.875,0,0.875,1.0726329158272803
seed17_original_P,17,original_P,0,hard,20170032,8,1.3754939218641709,1.3351735710517234,1.3149046924697378,0.375,0.375,0.375,-0.04032035081244745
seed17_original_P,17,original_P,0,hard,20170033,8,1.0216115241616524,1.067130352266282,0.9756572175227668,0.875,0.625,0.875,0.045518828104629705
seed17_original_P,17,original_P,0,hard,20170034,8,1.265636752781046,0.8906228477067926,0.8906228477067926,0,0.5,0.5,-0.37501390507425336
seed17_original_P,17,original_P,0,hard,20170035,8,1.3243511938716404,1.414341216040456,1.2666189321024994,0.625,0,0.625,0.08999002216881569
seed17_original_P,17,original_P,0,hard,20170036,8,3.038221968508469,1.027288256538895,1.027288256538895,0,0.625,0.625,-2.010933711969574
seed17_original_P,17,original_P,0,hard,20170037,8,1.001799602500443,0.7582407111714478,0.7034353101657856,0.5,0.75,0.875,-0.24355889132899522
seed17_original_P,17,original_P,0,hard,20170038,8,1.558031963560076,1.9977094927358683,0.5062551607484256,0.5,0.5,1,0.4396775291757924
seed17_original_P,17,original_P,0,hard,20170039,8,1.334100723333077,1.8350468814216718,1.1251790408803457,0.25,0,0.25,0.5009461580885948
seed17_original_P,17,original_P,0,hard,20170040,8,1.0395184461133555,1.3923505937714047,0.9177956384208658,0.375,0.5,0.875,0.35283214765804916
seed17_original_P,17,original_P,0,hard,20170041,8,1.3221391232863038,1.302232717801036,1.0892478044886604,0.625,0.25,0.875,-0.019906405485267786
seed17_original_P,17,original_P,0,hard,20170042,8,1.003993587902375,2.0726004637374587,1.003993587902375,0.5,0,0.5,1.0686068758350837
seed17_original_P,17,original_P,0,hard,20170043,8,1.0029856700605742,1.4275658496429222,1.0029856700605742,0.875,0.125,0.875,0.42458017958234806
seed17_original_P,17,original_P,0,hard,20170044,8,3.2413070475884034,1.2469336847374135,1.2469336847374135,0,0.5,0.5,-1.9943733628509899
seed17_original_P,17,original_P,0,hard,20170045,8,0.9428852305446657,1.1735703422323358,0.8823176337778794,0.75,0.5,1,0.23068511168767014
seed17_original_P,17,original_P,0,hard,20170046,8,0.972997975483182,0.822210676884546,0.8129147267115556,0.5,0.5,0.5,-0.15078729859863604
seed17_original_P,17,original_P,0,hard,20170047,8,1.3712603294060457,1.422360554366143,1.19492247522481,0.375,0.5,0.5,0.05110022496009736
seed17_original_P,17,original_P,0,hard,20170048,8,1.0755221646974455,0.7400591464938263,0.7400591464938263,0.625,0.625,0.625,-0.33546301820361923
seed17_original_P,17,original_P,0,hard,20170049,8,1.8112603939201868,1.7502477848036893,1.7094734434592846,0,0,0,-0.06101260911649753
seed17_original_P,17,original_P,0,hard,20170050,8,0.8775523047735734,0.9143741600418946,0.8556690023265654,0.875,0.875,0.875,0.03682185526832127
seed17_original_P,17,original_P,0,hard,20170051,8,1.5343025785393574,1.0962742006346275,1.0962742006346275,0,0.625,0.625,-0.4380283779047298
seed17_original_P,17,original_P,0,hard,20170052,8,0.9225709439592383,1.0127178091727267,0.791642711235665,0.75,0.875,0.875,0.09014686521348836
seed17_original_P,17,original_P,0,hard,20170053,8,0.5953990576547354,0.637959059757062,0.5023925886753151,0.875,1,1,0.04256000210232658
seed17_original_P,17,original_P,0,hard,20170054,8,1.5543346885728795,0.9243277856856572,0.9243277856856572,0.25,0.75,0.75,-0.6300069028872223
seed17_original_P,17,original_P,0,hard,20170055,8,0.6599091293720143,0.9375369422963064,0.586251890026786,0.625,0.875,1,0.27762781292429206
seed17_original_P,17,original_P,0,hard,20170056,8,1.454526989585492,1.025301736638061,1.025301736638061,0.125,0.875,0.875,-0.42922525294743097
seed17_original_P,17,original_P,0,hard,20170057,8,1.3813960609044358,1.107459269633649,1.107459269633649,0,0.625,0.625,-0.27393679127078685
seed17_original_P,17,original_P,0,hard,20170058,8,3.1296921040210592,1.1423176007060942,1.1423176007060942,0,0.375,0.375,-1.987374503314965
seed17_original_P,17,original_P,0,hard,20170059,8,0.8881296672988233,0.8809063530328637,0.7649584793111126,0.875,1,1,-0.007223314265959568
seed17_original_P,17,original_P,0,hard,20170060,8,1.5092526424276935,1.5173874719250708,0.6494824355622699,0.625,0.125,0.75,0.008134829497377316
seed17_original_P,17,original_P,0,hard,20170061,8,2.0069103702958384,1.1841310548175212,1.1841310548175212,0,0.125,0.125,-0.8227793154783172
seed17_original_P,17,original_P,0,hard,20170062,8,1.1841998387316002,1.0312169299963043,1.0312169299963043,0.5,0.625,0.625,-0.15298290873529585
seed17_original_P,17,original_P,0,hard,20170063,8,1.0437286753183617,1.0731529073527704,0.9737613745994734,0.5,0.5,0.5,0.029424232034408693
seed17_original_P,17,original_P,0,hard,20170064,8,0.8953565535747033,0.8115439488112197,0.8079367530931636,0.625,0.875,0.875,-0.08381260476348362
seed17_original_P,17,original_P,0,hard,20170065,8,1.3336511030071754,0.9622321564816843,0.9494456669593114,0,0.875,0.75,-0.3714189465254911
seed17_original_P,17,original_P,0,hard,20170066,8,0.6004110630562414,0.9522391946876407,0.6004110630562414,1,0.5,1,0.35182813163139937
seed17_original_P,17,original_P,0,hard,20170067,8,1.2117590573051127,1.0866862784984226,1.080065867677249,0.5,0.5,0.5,-0.1250727788066901
seed17_original_P,17,original_P,0,hard,20170068,8,1.267298590342893,1.7357436768015027,1.162492616754772,0.5,0.25,0.625,0.4684450864586096
seed17_original_P,17,original_P,0,hard,20170069,8,1.359706986773353,1.5391194598642681,1.030846810142218,0.25,0.625,0.875,0.17941247309091501
seed17_original_P,17,original_P,0,hard,20170070,8,0.9802410628964264,0.894019273702205,0.894019273702205,0.625,0.75,0.75,-0.08622178919422141
seed17_original_P,17,original_P,0,hard,20170071,8,0.4955211822506069,0.9426819074119382,0.29233106886431104,0.875,0.5,1,0.4471607251613314
seed17_original_P,17,original_P,0,hard,20170072,8,1.429254356167109,1.5656039113784703,1.4185480056084796,0.25,0,0,0.13634955521136138
seed17_original_P,17,original_P,0,hard,20170073,8,1.209783756843642,0.7949868314890546,0.6825276939461828,0.375,0.75,1,-0.41479692535458745
seed17_original_P,17,original_P,0,hard,20170074,8,1.2912361740045648,1.4980044417660376,1.2439459767534187,0.375,0,0.375,0.20676826776147283
seed17_original_P,17,original_P,0,hard,20170075,8,1.7174873713249537,1.0518797455459132,0.9603828098727756,0.375,0.75,0.75,-0.6656076257790404
seed17_original_P,17,original_P,0,hard,20170076,8,1.590419339871105,0.7681719649797484,0.7681719649797484,0.625,0.625,0.625,-0.8222473748913567
seed17_original_P,17,original_P,0,hard,20170077,8,1.6022602667863723,1.5963661388564383,1.397109045668172,0,0,0,-0.0058941279299340454
seed17_original_P,17,original_P,0,hard,20170078,8,1.0819008779244177,0.9797446448716045,0.9797446448716045,0.75,0.75,0.75,-0.10215623305281318
seed17_original_P,17,original_P,0,hard,20170079,8,1.1029528071916923,1.247241017425337,1.0091872804809778,0.5,0,0.375,0.1442882102336447
seed17_original_P,17,original_P,0,hard,20170080,8,0.7320758453186492,1.6636204307490854,0.7320758453186492,1,0,1,0.9315445854304362
seed17_original_P,17,original_P,0,hard,20170081,8,1.430115136249615,2.150598334948236,0.5395955091460057,0.625,0.125,0.75,0.7204831986986209
seed17_original_P,17,original_P,0,hard,20170082,8,1.241315487428124,1.030332197598073,1.030332197598073,0.375,0.625,0.625,-0.210983289830051
seed17_original_P,17,original_P,0,hard,20170083,8,2.4325709277090146,1.10661162133968,1.10661162133968,0,0.75,0.75,-1.3259593063693347
seed17_original_P,17,original_P,0,hard,20170084,8,1.4960714854812256,1.543565255983169,1.4118571009591085,0.125,0,0.125,0.047493770501943366
seed17_original_P,17,original_P,0,hard,20170085,8,1.3359019708087583,0.7405405162486708,0.6903073301665898,0,0.75,0.75,-0.5953614545600875
seed17_original_P,17,original_P,0,hard,20170086,8,1.2568444004178716,1.7850680960441718,1.2115042993397473,0.375,0.25,0.5,0.5282236956263002
seed17_original_P,17,original_P,0,hard,20170087,8,2.3840088199792024,0.836438691481962,0.836438691481962,0,0.25,0.25,-1.5475701284972403
seed17_original_P,17,original_P,0,hard,20170088,8,0.903899982398839,1.0187879367348855,0.8649420295377012,0.75,0.625,0.75,0.1148879543360466
seed17_original_P,17,original_P,0,hard,20170089,8,1.7119463308005518,0.9626002801390307,0.9626002801390307,0,0.5,0.5,-0.7493460506615212
seed17_original_P,17,original_P,0,hard,20170090,8,0.7108731373221073,0.9260066786162671,0.7091153269280788,0.625,0.875,0.625,0.21513354129415974
seed17_original_P,17,original_P,0,hard,20170091,8,1.5594866427665364,1.1395038160416913,1.1395038160416913,0,0.625,0.625,-0.4199828267248451
seed17_original_P,17,original_P,0,hard,20170092,8,1.0446590127475597,1.420266436584316,1.0446590127475597,1,0,1,0.3756074238367564
seed17_original_P,17,original_P,0,hard,20170093,8,1.232186580578753,0.8600824715509414,0.8600824715509414,0.75,0.75,0.75,-0.37210410902781166
seed17_original_P,17,original_P,0,hard,20170094,8,1.1089633027938162,1.204407367380008,0.9596798427136859,0.5,0.625,1,0.09544406458619181
seed17_original_P,17,original_P,0,hard,20170095,8,0.8885130408326242,2.175912100658226,0.572653050308965,0.5,0.375,0.875,1.287399059825602
seed17_original_P,17,original_P,0,hard,20170096,8,1.1699183227141439,1.0529188419203885,0.9259732805614002,0.5,0.5,0.5,-0.11699948079375533
seed17_original_P,17,original_P,0,hard,20170097,8,1.1004829200861603,1.2143613493462369,1.044012515257757,0.875,0.375,1,0.11387842926007652
seed17_original_P,17,original_P,0,hard,20170098,8,1.4178432352355712,1.088117685917428,1.088117685917428,0,0.625,0.625,-0.32972554931814324
seed17_original_P,17,original_P,0,hard,20170099,8,1.8530854280386038,1.144314134108111,1.144314134108111,0.5,0.5,0.5,-0.7087712939304929
seed17_P_O0_resume_step50,17,P_O0_resume,50,easy,20170000,8,1.0662496833845707,0.49551163329376535,0.35118995921463053,0.625,0.875,0.875,-0.5707380500908054
seed17_P_O0_resume_step50,17,P_O0_resume,50,easy,20170001,8,1.0165931055357023,0.12309349049949168,0.08744716512682206,0.5,1,1,-0.8934996150362106
seed17_P_O0_resume_step50,17,P_O0_resume,50,easy,20170002,8,0.6413670580214024,0.2009293085697849,0.2009293085697849,0.625,1,1,-0.4404377494516175
seed17_P_O0_resume_step50,17,P_O0_resume,50,easy,20170003,8,0.05597790456334174,0.030434866816142617,0.02035896980168435,1,1,1,-0.025543037747199127
seed17_P_O0_resume_step50,17,P_O0_resume,50,easy,20170004,8,0.7330913794235597,0.2284543525853917,0.22093118475122536,0.75,0.875,0.875,-0.504637026838168
seed17_P_O0_resume_step50,17,P_O0_resume,50,easy,20170005,8,1.061849413796847,0.3325606213621505,0.08815856996572613,0.625,1,1,-0.7292887924346966
seed17_P_O0_resume_step50,17,P_O0_resume,50,easy,20170006,8,0.7909292095759755,0.41866165842705827,0.4174997663671455,0.75,0.75,0.75,-0.3722675511489172
seed17_P_O0_resume_step50,17,P_O0_resume,50,easy,20170007,8,1.4367149356456108,1.0001943853215751,0.9989126527192396,0.375,0.375,0.375,-0.4365205503240357
seed17_P_O0_resume_step50,17,P_O0_resume,50,easy,20170008,8,0.1732777040777054,2.3373206882349686,0.004115813251976428,0.875,0.375,1,2.164042984157263
seed17_P_O0_resume_step50,17,P_O0_resume,50,easy,20170009,8,0.019989508853716132,0.0690965530136126,0.019989508853716132,1,1,1,0.049107044159896474
seed17_P_O0_resume_step50,17,P_O0_resume,50,easy,20170010,8,0.8624002581776188,0.02560917097252165,0.02560917097252165,0.5,1,1,-0.8367910872050971
seed17_P_O0_resume_step50,17,P_O0_resume,50,easy,20170011,8,0.20061175232672004,0.276633818429815,0.15930869241790555,1,0.875,1,0.07602206610309495
seed17_P_O0_resume_step50,17,P_O0_resume,50,easy,20170012,8,1.569787050825802,2.1065217560856135,0.3091492965931044,0.375,0.625,1,0.5367347052598115
seed17_P_O0_resume_step50,17,P_O0_resume,50,easy,20170013,8,0.07584886784481727,0.06654970130402124,0.009723268065891353,1,1,1,-0.00929916654079603
seed17_P_O0_resume_step50,17,P_O0_resume,50,easy,20170014,8,0.4860386654793913,0.1635791486761815,0.16201065181433022,0.625,1,1,-0.3224595168032098
seed17_P_O0_resume_step50,17,P_O0_resume,50,easy,20170015,8,1.6922537944494294,0.7315002185958495,0.43203526338558457,0.375,0.875,1,-0.9607535758535799
seed17_P_O0_resume_step50,17,P_O0_resume,50,easy,20170016,8,0.07008593477195524,0.15927706747658177,0.04736817244224432,1,1,1,0.08919113270462653
seed17_P_O0_resume_step50,17,P_O0_resume,50,easy,20170017,8,0.9146353346102523,0.22250354113937576,0.10678572548557765,0.625,1,1,-0.6921317934708765
seed17_P_O0_resume_step50,17,P_O0_resume,50,easy,20170018,8,0.4251788367959659,0.10521551021645484,0.06019854602258835,0.625,1,1,-0.3199633265795111
seed17_P_O0_resume_step50,17,P_O0_resume,50,easy,20170019,8,0.19423224919666365,0.1978326775463393,0.17077411339138232,1,1,1,0.0036004283496756384
seed17_P_O0_resume_step50,17,P_O0_resume,50,easy,20170020,8,0.02858970000733006,0.0937726276090944,0.01982467649347799,1,1,1,0.06518292760176433
seed17_P_O0_resume_step50,17,P_O0_resume,50,easy,20170021,8,0.08972521923580787,0.2606649080943209,0.06410360978556276,1,1,1,0.17093968885851304
seed17_P_O0_resume_step50,17,P_O0_resume,50,easy,20170022,8,2.280906865805837,0.815638316739814,0.7854310603653669,0.375,0.5,0.5,-1.465268549066023
seed17_P_O0_resume_step50,17,P_O0_resume,50,easy,20170023,8,1.1232131069067972,0.34928538371220286,0.17953606852102047,0.625,1,1,-0.7739277231945944
seed17_P_O0_resume_step50,17,P_O0_resume,50,easy,20170024,8,0.02457548685871144,0.05764474456878697,0.01287541915218832,1,1,1,0.03306925771007553
seed17_P_O0_resume_step50,17,P_O0_resume,50,easy,20170025,8,1.8882799442257918,0.38718991203548814,0.38718991203548814,0.375,0.875,0.875,-1.5010900321903038
seed17_P_O0_resume_step50,17,P_O0_resume,50,easy,20170026,8,2.0417376218007037,0.36048064742524916,0.35104684218138155,0.375,0.875,0.875,-1.6812569743754546
seed17_P_O0_resume_step50,17,P_O0_resume,50,easy,20170027,8,0.5823748968790184,0.04979599618071905,0.04979599618071905,0.5,1,1,-0.5325789006982994
seed17_P_O0_resume_step50,17,P_O0_resume,50,easy,20170028,8,0.01868073609479691,0.13636949241899662,0.01868073609479691,1,1,1,0.11768875632419971
seed17_P_O0_resume_step50,17,P_O0_resume,50,easy,20170029,8,1.0650135908982057,0.12864594157907244,0.12864594157907244,0.125,1,1,-0.9363676493191333
seed17_P_O0_resume_step50,17,P_O0_resume,50,easy,20170030,8,0.1367030294534215,0.19511608857641113,0.10570115192668833,1,1,1,0.058413059122989636
seed17_P_O0_resume_step50,17,P_O0_resume,50,easy,20170031,8,0.859098820082115,0.1922842180224495,0.12525156096393522,0.5,1,1,-0.6668146020596655
seed17_P_O0_resume_step50,17,P_O0_resume,50,easy,20170032,8,0.35188705823657196,0.039162688505741984,0.03170826185882336,0.75,1,1,-0.31272436973082995
seed17_P_O0_resume_step50,17,P_O0_resume,50,easy,20170033,8,0.13981052568214275,0.02999912373847305,0.028473726852696127,1,1,1,-0.1098114019436697
seed17_P_O0_resume_step50,17,P_O0_resume,50,easy,20170034,8,0.9982435382270037,0.27432737174168287,0.27432737174168287,0.625,0.875,0.875,-0.7239161664853209
seed17_P_O0_resume_step50,17,P_O0_resume,50,easy,20170035,8,1.1301931075421026,0.4724131443832913,0.41018265148222005,0.625,0.875,1,-0.6577799631588113
seed17_P_O0_resume_step50,17,P_O0_resume,50,easy,20170036,8,0.30221646747420255,0.44474161268457063,0.03431129212402922,0.75,0.875,1,0.14252514521036808
seed17_P_O0_resume_step50,17,P_O0_resume,50,easy,20170037,8,0.008580124046044309,0.0850766150348333,0.008580124046044309,1,1,1,0.076496490988789
seed17_P_O0_resume_step50,17,P_O0_resume,50,easy,20170038,8,0.2372208475698515,0.1265656487497459,0.10587782984325994,1,1,1,-0.1106551988201056
seed17_P_O0_resume_step50,17,P_O0_resume,50,easy,20170039,8,1.653366472992195,0.7200673387591818,0.7154971120608368,0.25,0.375,0.375,-0.9332991342330133
seed17_P_O0_resume_step50,17,P_O0_resume,50,easy,20170040,8,0.30638294813338457,0.3006040631108787,0.09544403235590718,0.875,1,1,-0.005778885022505842
seed17_P_O0_resume_step50,17,P_O0_resume,50,easy,20170041,8,0.9939187220159823,0.40869258941652015,0.38284679734903226,0.5,0.75,0.75,-0.5852261325994621
seed17_P_O0_resume_step50,17,P_O0_resume,50,easy,20170042,8,2.1009388878047672,0.3052867291035498,0.24754899221820656,0.25,1,1,-1.7956521587012175
seed17_P_O0_resume_step50,17,P_O0_resume,50,easy,20170043,8,0.5537553886579563,0.03616423898405224,0.016635907478106716,0.5,1,1,-0.5175911496739041
seed17_P_O0_resume_step50,17,P_O0_resume,50,easy,20170044,8,0.5115156461461865,0.39161583550719886,0.33642042041488596,0.875,0.75,0.875,-0.11989981063898764
seed17_P_O0_resume_step50,17,P_O0_resume,50,easy,20170045,8,0.17640606112277218,0.3716767690857312,0.020855021367694564,1,0.875,1,0.19527070796295903
seed17_P_O0_resume_step50,17,P_O0_resume,50,easy,20170046,8,0.12373112374066632,0.03351071230275705,0.03351071230275705,1,1,1,-0.09022041143790926
seed17_P_O0_resume_step50,17,P_O0_resume,50,easy,20170047,8,0.5251287716339879,0.19617910565906677,0.19617910565906677,0.875,0.875,0.875,-0.3289496659749211
seed17_P_O0_resume_step50,17,P_O0_resume,50,easy,20170048,8,1.0747820826185164,0.37673434497943875,0.37673434497943875,0.625,0.875,0.875,-0.6980477376390777
seed17_P_O0_resume_step50,17,P_O0_resume,50,easy,20170049,8,1.5275143124519182,1.636374436058833,0.7883935118608717,0.625,0.125,0.625,0.10886012360691488
seed17_P_O0_resume_step50,17,P_O0_resume,50,easy,20170050,8,0.06056702324620655,0.17587457935379863,0.022296181272504007,1,1,1,0.11530755610759208
seed17_P_O0_resume_step50,17,P_O0_resume,50,easy,20170051,8,0.8165630824486695,0.14476022773384478,0.0198810695512263,0.375,1,1,-0.6718028547148247
seed17_P_O0_resume_step50,17,P_O0_resume,50,easy,20170052,8,0.13817919516062938,0.12674509914714616,0.07509732343137458,0.875,1,1,-0.01143409601348322
seed17_P_O0_resume_step50,17,P_O0_resume,50,easy,20170053,8,1.8530879817457815,0.5748338788923343,0.568386150203917,0.5,0.5,0.5,-1.278254102853447
seed17_P_O0_resume_step50,17,P_O0_resume,50,easy,20170054,8,0.007841089100635332,0.3917116170690407,0.007841089100635332,1,1,1,0.3838705279684053
seed17_P_O0_resume_step50,17,P_O0_resume,50,easy,20170055,8,0.1576423276959639,0.4174851486740058,0.017630988875041498,1,0.625,1,0.2598428209780419
seed17_P_O0_resume_step50,17,P_O0_resume,50,easy,20170056,8,0.8786463271526417,0.3648339771464967,0.3648339771464967,0.75,0.75,0.75,-0.513812350006145
seed17_P_O0_resume_step50,17,P_O0_resume,50,easy,20170057,8,0.07411694948593808,0.024469641030322547,0.0075974222209655475,1,1,1,-0.04964730845561553
seed17_P_O0_resume_step50,17,P_O0_resume,50,easy,20170058,8,0.13860065838915986,0.019102385292085126,0.019102385292085126,1,1,1,-0.11949827309707473
seed17_P_O0_resume_step50,17,P_O0_resume,50,easy,20170059,8,1.3421117888881293,0.13518027957467862,0.13518027957467862,0.5,1,1,-1.2069315093134507
seed17_P_O0_resume_step50,17,P_O0_resume,50,easy,20170060,8,1.5600756021422375,0.2959138650029739,0.19866764823887528,0.375,1,1,-1.2641617371392635
seed17_P_O0_resume_step50,17,P_O0_resume,50,easy,20170061,8,1.7048440014687802,0.17385201788472435,0.05817076853160592,0.5,1,1,-1.530991983584056
seed17_P_O0_resume_step50,17,P_O0_resume,50,easy,20170062,8,0.5793204644567959,0.12106424859996434,0.12106424859996434,0.625,1,1,-0.4582562158568315
seed17_P_O0_resume_step50,17,P_O0_resume,50,easy,20170063,8,0.538684073531925,0.12221367633348257,0.11462466153316199,0.75,1,1,-0.4164703971984425
seed17_P_O0_resume_step50,17,P_O0_resume,50,easy,20170064,8,0.14104243269312294,0.423764185153103,0.10906952250723982,1,1,1,0.28272175245998005
seed17_P_O0_resume_step50,17,P_O0_resume,50,easy,20170065,8,0.7823490813039814,0.44320934697274234,0.18465586735137732,0.75,0.875,0.875,-0.33913973433123906
seed17_P_O0_resume_step50,17,P_O0_resume,50,easy,20170066,8,0.026300133635607733,0.009556138383046885,0.004627106285877523,1,1,1,-0.01674399525256085
seed17_P_O0_resume_step50,17,P_O0_resume,50,easy,20170067,8,0.12949153851353987,0.045485311126731764,0.04212521065072324,1,1,1,-0.0840062273868081
seed17_P_O0_resume_step50,17,P_O0_resume,50,easy,20170068,8,0.13811837226244128,0.1211729867648303,0.1059336552135231,1,1,1,-0.016945385497610974
seed17_P_O0_resume_step50,17,P_O0_resume,50,easy,20170069,8,0.4064357785990451,0.22676101992709818,0.07404289830394896,0.875,1,1,-0.17967475867194693
seed17_P_O0_resume_step50,17,P_O0_resume,50,easy,20170070,8,0.4079775029213798,1.0607174563280561,0.3224625288205984,0.75,0.125,0.75,0.6527399534066763
seed17_P_O0_resume_step50,17,P_O0_resume,50,easy,20170071,8,0.7131597865901068,0.33670171440452284,0.3352019990503875,0.75,0.75,0.75,-0.37645807218558397
seed17_P_O0_resume_step50,17,P_O0_resume,50,easy,20170072,8,0.5677565771875239,0.22376434192597747,0.060177439007800634,0.625,1,1,-0.34399223526154643
seed17_P_O0_resume_step50,17,P_O0_resume,50,easy,20170073,8,0.22076558718577974,0.036898495100685214,0.03239186098857831,1,1,1,-0.18386709208509452
seed17_P_O0_resume_step50,17,P_O0_resume,50,easy,20170074,8,1.191443689585987,0.7982473034425264,0.2534719496784359,0.625,0.75,0.875,-0.39319638614346064
seed17_P_O0_resume_step50,17,P_O0_resume,50,easy,20170075,8,0.011635868685247738,0.32308778260467746,0.011635868685247738,1,1,1,0.3114519139194297
seed17_P_O0_resume_step50,17,P_O0_resume,50,easy,20170076,8,0.059663921482498064,0.03189840084466428,0.0054123656382617695,1,1,1,-0.02776552063783378
seed17_P_O0_resume_step50,17,P_O0_resume,50,easy,20170077,8,1.5049627959009337,0.1927947586367457,0.14969429337871945,0.375,1,1,-1.312168037264188
seed17_P_O0_resume_step50,17,P_O0_resume,50,easy,20170078,8,1.9625472022981558,0.20266734515025792,0.20266734515025792,0.5,1,1,-1.759879857147898
seed17_P_O0_resume_step50,17,P_O0_resume,50,easy,20170079,8,0.09514278934103211,0.09478529012345709,0.013680373637357607,1,1,1,-0.0003574992175750247
seed17_P_O0_resume_step50,17,P_O0_resume,50,easy,20170080,8,1.2085337421360849,0.5434386196479316,0.5434386196479316,0.5,0.625,0.625,-0.6650951224881533
seed17_P_O0_resume_step50,17,P_O0_resume,50,easy,20170081,8,1.0622531673540998,0.2529464814831949,0.23888557623547327,0.5,1,1,-0.8093066858709049
seed17_P_O0_resume_step50,17,P_O0_resume,50,easy,20170082,8,0.9014887001198948,0.5460015364845744,0.10964061889974401,0.625,0.625,1,-0.3554871636353204
seed17_P_O0_resume_step50,17,P_O0_resume,50,easy,20170083,8,0.02331271558735418,0.1431215923515262,0.02313712815124476,1,1,1,0.11980887676417201
seed17_P_O0_resume_step50,17,P_O0_resume,50,easy,20170084,8,0.28177407371123003,0.049590763657059805,0.023762771167135162,0.875,1,1,-0.23218331005417023
seed17_P_O0_resume_step50,17,P_O0_resume,50,easy,20170085,8,0.01790415820911075,0.32311092980443695,0.01790415820911075,1,1,1,0.3052067715953262
seed17_P_O0_resume_step50,17,P_O0_resume,50,easy,20170086,8,0.05519373061087401,0.042553840079450705,0.013272565572058928,1,1,1,-0.012639890531423302
seed17_P_O0_resume_step50,17,P_O0_resume,50,easy,20170087,8,2.2767162348184127,1.6002929882644248,1.5938063353171743,0.25,0.25,0.25,-0.6764232465539879
seed17_P_O0_resume_step50,17,P_O0_resume,50,easy,20170088,8,0.13501634153558284,0.2463931216776083,0.04525735247999348,1,1,1,0.11137678014202546
seed17_P_O0_resume_step50,17,P_O0_resume,50,easy,20170089,8,1.338535458331567,0.33114651023101144,0.33114651023101144,0.375,1,1,-1.0073889481005556
seed17_P_O0_resume_step50,17,P_O0_resume,50,easy,20170090,8,1.335631172005365,0.5565764253256604,0.5449968787368141,0.25,0.625,0.625,-0.7790547466797046
seed17_P_O0_resume_step50,17,P_O0_resume,50,easy,20170091,8,0.022725043036248022,0.07019846647703039,0.021625836453081096,1,1,1,0.04747342344078237
seed17_P_O0_resume_step50,17,P_O0_resume,50,easy,20170092,8,0.3920776605874111,0.062394130778473056,0.04787316396118224,0.75,1,1,-0.32968352980893806
seed17_P_O0_resume_step50,17,P_O0_resume,50,easy,20170093,8,2.967944181699518,0.1313245844250751,0.1313245844250751,0.25,1,1,-2.8366195972744426
seed17_P_O0_resume_step50,17,P_O0_resume,50,easy,20170094,8,1.8612945423234366,0.3783133709482323,0.3783133709482323,0.375,0.875,0.875,-1.4829811713752044
seed17_P_O0_resume_step50,17,P_O0_resume,50,easy,20170095,8,0.9528547494700917,1.0170280129153215,0.04568679890250777,0.625,0.375,1,0.06417326344522978
seed17_P_O0_resume_step50,17,P_O0_resume,50,easy,20170096,8,1.202637893465497,0.5657441646199936,0.5358521674680277,0.625,0.625,0.625,-0.6368937288455035
seed17_P_O0_resume_step50,17,P_O0_resume,50,easy,20170097,8,1.3133085223966166,0.34781765976501894,0.34781765976501894,0.375,0.875,0.875,-0.9654908626315977
seed17_P_O0_resume_step50,17,P_O0_resume,50,easy,20170098,8,0.49883761124471987,0.3646807793879424,0.13918296209941275,0.75,1,1,-0.13415683185677746
seed17_P_O0_resume_step50,17,P_O0_resume,50,easy,20170099,8,0.4979107811821967,0.11534389449819121,0.010283556589644407,0.75,1,1,-0.3825668866840055
seed17_P_O0_resume_step50,17,P_O0_resume,50,hard,20170000,8,1.318717765908631,0.9690324843397687,0.778406122334232,0,0.75,0.75,-0.34968528156886236
seed17_P_O0_resume_step50,17,P_O0_resume,50,hard,20170001,8,1.1693252470329283,1.2031730162188063,1.163321558829615,0.5,0.5,0.5,0.03384776918587806
seed17_P_O0_resume_step50,17,P_O0_resume,50,hard,20170002,8,1.2472568155136914,0.9480774984527249,0.8675879119698253,0.375,0.875,1,-0.29917931706096645
seed17_P_O0_resume_step50,17,P_O0_resume,50,hard,20170003,8,0.6410240037537066,0.9162728450565306,0.428640016886886,1,0.5,1,0.275248841302824
seed17_P_O0_resume_step50,17,P_O0_resume,50,hard,20170004,8,1.189857081509966,1.0033772140715294,0.9667771092775618,0.375,0.5,0.5,-0.1864798674384367
seed17_P_O0_resume_step50,17,P_O0_resume,50,hard,20170005,8,1.0324843970149817,0.9204648215769027,0.9106742316933649,0.75,1,1,-0.11201957543807906
seed17_P_O0_resume_step50,17,P_O0_resume,50,hard,20170006,8,1.21718062862728,1.3449802573611294,1.1542900810421333,0.125,0.25,0.25,0.12779962873384942
seed17_P_O0_resume_step50,17,P_O0_resume,50,hard,20170007,8,1.0655234033268401,1.3930092410491746,0.9713924469476443,0.5,0.375,0.625,0.3274858377223344
seed17_P_O0_resume_step50,17,P_O0_resume,50,hard,20170008,8,1.411285480572395,1.1367562958732937,1.1367562958732937,0,0.25,0.25,-0.27452918469910115
seed17_P_O0_resume_step50,17,P_O0_resume,50,hard,20170009,8,1.8489784897178128,1.207540488456103,1.0619703740578308,0.375,0.5,0.5,-0.6414380012617098
seed17_P_O0_resume_step50,17,P_O0_resume,50,hard,20170010,8,1.326573680161279,1.800546862446322,1.2459003579472618,0.375,0,0.375,0.4739731822850428
seed17_P_O0_resume_step50,17,P_O0_resume,50,hard,20170011,8,0.944727078217812,0.8150342483682985,0.5675174765962757,0.5,0.75,1,-0.12969282984951347
seed17_P_O0_resume_step50,17,P_O0_resume,50,hard,20170012,8,1.01224488974957,0.71324629395177,0.70864121310257,0.625,1,1,-0.29899859579779997
seed17_P_O0_resume_step50,17,P_O0_resume,50,hard,20170013,8,1.1762687630366477,1.3666801560429864,1.035822405993695,0.375,0,0.375,0.1904113930063387
seed17_P_O0_resume_step50,17,P_O0_resume,50,hard,20170014,8,0.8794037300194085,1.7980686097968943,0.5250746063034726,0.75,0,0.75,0.9186648797774858
seed17_P_O0_resume_step50,17,P_O0_resume,50,hard,20170015,8,1.0077533845799496,2.158857888334802,0.8003102041504805,0.5,0,0.5,1.1511045037548524
seed17_P_O0_resume_step50,17,P_O0_resume,50,hard,20170016,8,0.9179680838185105,1.3470698433591715,0.9143893596252759,0.375,0.25,0.375,0.429101759540661
seed17_P_O0_resume_step50,17,P_O0_resume,50,hard,20170017,8,0.5948160106916827,1.0361579157473433,0.5868216348672795,1,0.5,1,0.4413419050556606
seed17_P_O0_resume_step50,17,P_O0_resume,50,hard,20170018,8,1.4222030693973482,0.827697656551929,0.827697656551929,0,0.875,0.875,-0.5945054128454192
seed17_P_O0_resume_step50,17,P_O0_resume,50,hard,20170019,8,1.3035393043951788,1.215149384283218,1.1476485872905478,0.125,0.5,0.625,-0.0883899201119609
seed17_P_O0_resume_step50,17,P_O0_resume,50,hard,20170020,8,1.0959093005045653,0.9362443286827864,0.9362443286827864,0.625,0.5,0.5,-0.15966497182177886
seed17_P_O0_resume_step50,17,P_O0_resume,50,hard,20170021,8,0.8819495193818887,0.8163881357318081,0.687075355935102,0.375,0.875,0.875,-0.06556138365008057
seed17_P_O0_resume_step50,17,P_O0_resume,50,hard,20170022,8,1.4744180704968184,1.2713020822665526,1.0659100203376781,0.25,0.125,0.375,-0.20311598823026578
seed17_P_O0_resume_step50,17,P_O0_resume,50,hard,20170023,8,2.6568686939857864,1.3793414460090516,1.246741841555085,0.125,0,0.125,-1.2775272479767348
seed17_P_O0_resume_step50,17,P_O0_resume,50,hard,20170024,8,1.559038288543195,1.1569158346361978,1.1569158346361978,0.25,0.375,0.375,-0.4021224539069972
seed17_P_O0_resume_step50,17,P_O0_resume,50,hard,20170025,8,1.3749878201480041,1.0439308016573938,0.7280513825919379,0.5,1,1,-0.3310570184906103
seed17_P_O0_resume_step50,17,P_O0_resume,50,hard,20170026,8,1.0828859572389946,0.9595281211831024,0.9595281211831024,0.75,1,1,-0.12335783605589223
seed17_P_O0_resume_step50,17,P_O0_resume,50,hard,20170027,8,1.2822193781667623,0.976821948246037,0.976821948246037,0.125,0.875,0.875,-0.3053974299207254
seed17_P_O0_resume_step50,17,P_O0_resume,50,hard,20170028,8,1.4386524260587576,1.3270400363794603,1.3270400363794603,0,0.25,0.25,-0.11161238967929732
seed17_P_O0_resume_step50,17,P_O0_resume,50,hard,20170029,8,1.521445254619502,1.06351473122077,1.0471721397957934,0,0.75,0.5,-0.4579305233987321
seed17_P_O0_resume_step50,17,P_O0_resume,50,hard,20170030,8,1.2848571517812493,0.9640914189629114,0.7550473340190602,0.5,0.625,0.625,-0.32076573281833787
seed17_P_O0_resume_step50,17,P_O0_resume,50,hard,20170031,8,0.6040260768417971,1.3449335121029642,0.6040260768417971,0.875,0,0.875,0.7409074352611671
seed17_P_O0_resume_step50,17,P_O0_resume,50,hard,20170032,8,1.2785221521981953,1.3017991724694795,1.193217819706746,0.375,0.5,0.5,0.0232770202712842
seed17_P_O0_resume_step50,17,P_O0_resume,50,hard,20170033,8,0.920699826251647,1.2320341880469705,0.920699826251647,0.875,0.25,0.875,0.3113343617953235
seed17_P_O0_resume_step50,17,P_O0_resume,50,hard,20170034,8,1.348794702771587,0.9826457291701567,0.9826457291701567,0,0.5,0.5,-0.3661489736014303
seed17_P_O0_resume_step50,17,P_O0_resume,50,hard,20170035,8,1.3986448830325233,1.4455295490158868,1.340308534401514,0.25,0,0.25,0.046884665983363494
seed17_P_O0_resume_step50,17,P_O0_resume,50,hard,20170036,8,3.2319998166178445,1.2486966428502153,1.2486966428502153,0,0.5,0.5,-1.9833031737676292
seed17_P_O0_resume_step50,17,P_O0_resume,50,hard,20170037,8,1.114470385574071,0.7177452465349735,0.7177452465349735,0.125,0.75,0.75,-0.39672513903909745
seed17_P_O0_resume_step50,17,P_O0_resume,50,hard,20170038,8,1.580281634499106,1.4954224934301665,0.3973651243367051,0.5,0.5,1,-0.08485914106893944
seed17_P_O0_resume_step50,17,P_O0_resume,50,hard,20170039,8,1.4526601012746332,1.8591548207847288,1.2704124277649231,0,0,0,0.40649471951009564
seed17_P_O0_resume_step50,17,P_O0_resume,50,hard,20170040,8,1.1876859444274053,1.2939721149366343,0.9250705437415404,0.375,0.375,0.75,0.10628617050922906
seed17_P_O0_resume_step50,17,P_O0_resume,50,hard,20170041,8,1.3658236819170586,1.3111621685100152,1.165666225470386,0.125,0,0.125,-0.054661513407043394
seed17_P_O0_resume_step50,17,P_O0_resume,50,hard,20170042,8,1.0637411868586788,1.9830916572476849,1.0637411868586788,0.25,0.125,0.25,0.9193504703890061
seed17_P_O0_resume_step50,17,P_O0_resume,50,hard,20170043,8,1.0934289133166577,1.114089965749452,0.9824774297701193,0.625,0.875,1,0.02066105243279437
seed17_P_O0_resume_step50,17,P_O0_resume,50,hard,20170044,8,3.463600195596428,1.5555643847615706,1.5555643847615706,0,0.5,0.5,-1.9080358108348574
seed17_P_O0_resume_step50,17,P_O0_resume,50,hard,20170045,8,0.9780410248453545,1.1354525032826632,0.9114959953943754,0.75,0.625,0.875,0.15741147843730874
seed17_P_O0_resume_step50,17,P_O0_resume,50,hard,20170046,8,0.9832741245892863,0.8521677483940499,0.8475477408824804,0.5,0.5,0.5,-0.13110637619523646
seed17_P_O0_resume_step50,17,P_O0_resume,50,hard,20170047,8,1.263158488835375,1.4070991054924946,1.225636060163737,0.5,0.5,0.5,0.14394061665711955
seed17_P_O0_resume_step50,17,P_O0_resume,50,hard,20170048,8,1.0332181117018302,0.7886265137409136,0.7886265137409136,0.625,0.625,0.625,-0.24459159796091656
seed17_P_O0_resume_step50,17,P_O0_resume,50,hard,20170049,8,1.7664871877905004,1.688672465385713,1.6730002472173122,0,0,0,-0.07781472240478737
seed17_P_O0_resume_step50,17,P_O0_resume,50,hard,20170050,8,0.8361133827292964,0.9121683016276563,0.8083888451853024,0.875,0.875,0.875,0.07605491889835991
seed17_P_O0_resume_step50,17,P_O0_resume,50,hard,20170051,8,1.5255818419903775,1.1704175118623195,1.1704175118623195,0,0.5,0.5,-0.35516433012805804
seed17_P_O0_resume_step50,17,P_O0_resume,50,hard,20170052,8,0.8704538870789555,1.013080017103281,0.8155216923240256,0.75,0.875,0.875,0.14262613002432545
seed17_P_O0_resume_step50,17,P_O0_resume,50,hard,20170053,8,0.6138850370648865,0.6428230112660943,0.5249891838518637,0.75,1,1,0.028937974201207806
seed17_P_O0_resume_step50,17,P_O0_resume,50,hard,20170054,8,1.5351845091056129,0.9813745071857032,0.9813745071857032,0.25,0.75,0.75,-0.5538100019199097
seed17_P_O0_resume_step50,17,P_O0_resume,50,hard,20170055,8,0.6679998830902258,1.3134390932565645,0.5050087211444813,0.625,0.375,1,0.6454392101663387
seed17_P_O0_resume_step50,17,P_O0_resume,50,hard,20170056,8,1.3766183643534449,1.0875955232306282,1.0875955232306282,0,0.75,0.75,-0.2890228411228166
seed17_P_O0_resume_step50,17,P_O0_resume,50,hard,20170057,8,1.3690046497846353,1.1763549388537804,1.1763549388537804,0,0.5,0.5,-0.19264971093085492
seed17_P_O0_resume_step50,17,P_O0_resume,50,hard,20170058,8,3.3880139716240514,1.3189600554690173,1.3189600554690173,0,0.375,0.375,-2.069053916155034
seed17_P_O0_resume_step50,17,P_O0_resume,50,hard,20170059,8,0.8974149609031015,0.8731979282916322,0.7782207645661787,0.75,1,1,-0.024217032611469236
seed17_P_O0_resume_step50,17,P_O0_resume,50,hard,20170060,8,1.4876121938369464,1.5332365656620224,0.6755501695209849,0.625,0,0.625,0.04562437182507595
seed17_P_O0_resume_step50,17,P_O0_resume,50,hard,20170061,8,2.104628928494101,1.3741513669986607,1.3741513669986607,0,0,0,-0.7304775614954404
seed17_P_O0_resume_step50,17,P_O0_resume,50,hard,20170062,8,1.310506459866479,1.1194109226921145,1.1194109226921145,0.375,0.625,0.625,-0.19109553717436456
seed17_P_O0_resume_step50,17,P_O0_resume,50,hard,20170063,8,1.128441111376183,1.122296431671276,1.0601410674911205,0.25,0.25,0.25,-0.006144679704906952
seed17_P_O0_resume_step50,17,P_O0_resume,50,hard,20170064,8,0.9294877387579494,0.7561699008720983,0.7561699008720983,0.5,0.875,0.875,-0.1733178378858511
seed17_P_O0_resume_step50,17,P_O0_resume,50,hard,20170065,8,1.386598357327393,0.8720700652024996,0.867195649921008,0,0.75,0.75,-0.5145282921248934
seed17_P_O0_resume_step50,17,P_O0_resume,50,hard,20170066,8,0.6441420004290666,0.8543318552257407,0.60258870473017,0.625,0.875,1,0.21018985479667418
seed17_P_O0_resume_step50,17,P_O0_resume,50,hard,20170067,8,1.2633585895019002,0.9779200370507648,0.939862823400243,0.5,0.625,0.75,-0.28543855245113536
seed17_P_O0_resume_step50,17,P_O0_resume,50,hard,20170068,8,1.2535687942527693,1.6527616127319353,1.1985482281424449,0.75,0.25,0.625,0.399192818479166
seed17_P_O0_resume_step50,17,P_O0_resume,50,hard,20170069,8,1.468681567861325,1.602536048607048,1.155543737292559,0,0.125,0.125,0.13385448074572293
seed17_P_O0_resume_step50,17,P_O0_resume,50,hard,20170070,8,1.1040281994409273,0.9433913303798451,0.9433913303798451,0.625,0.75,0.75,-0.1606368690610822
seed17_P_O0_resume_step50,17,P_O0_resume,50,hard,20170071,8,0.47392169885952773,0.6704675115263605,0.2681832034133159,0.875,0.75,1,0.1965458126668328
seed17_P_O0_resume_step50,17,P_O0_resume,50,hard,20170072,8,1.4282412212225581,1.5394317974819995,1.4115272408989477,0.125,0,0,0.1111905762594414
seed17_P_O0_resume_step50,17,P_O0_resume,50,hard,20170073,8,1.1822028157108533,0.7967010432749667,0.7162550638064716,0.625,0.75,1,-0.38550177243588657
seed17_P_O0_resume_step50,17,P_O0_resume,50,hard,20170074,8,1.2353141932313867,1.4145179751326673,1.2043150581082411,0.375,0,0.375,0.1792037819012806
seed17_P_O0_resume_step50,17,P_O0_resume,50,hard,20170075,8,1.5309406745676004,1.0771515491603396,0.982178577583027,0.375,0.75,0.75,-0.4537891254072608
seed17_P_O0_resume_step50,17,P_O0_resume,50,hard,20170076,8,1.5426741744272487,0.8440774622239371,0.8440774622239371,0.625,0.625,0.625,-0.6985967122033117
seed17_P_O0_resume_step50,17,P_O0_resume,50,hard,20170077,8,1.6127064141803253,1.5690659590733596,1.4481355997212808,0,0,0,-0.04364045510696579
seed17_P_O0_resume_step50,17,P_O0_resume,50,hard,20170078,8,1.0884531289040975,0.9639661458768718,0.9639661458768718,0.875,0.875,0.875,-0.12448698302722572
seed17_P_O0_resume_step50,17,P_O0_resume,50,hard,20170079,8,1.17042857247691,1.2308196176553934,1.0589633835015049,0.375,0,0.25,0.06039104517848348
seed17_P_O0_resume_step50,17,P_O0_resume,50,hard,20170080,8,0.736023336086745,1.5285544523080514,0.736023336086745,0.875,0,0.875,0.7925311162213065
seed17_P_O0_resume_step50,17,P_O0_resume,50,hard,20170081,8,1.5064749586846347,1.6029742967090617,0.6133981910868488,0.625,0,0.625,0.096499338024427
seed17_P_O0_resume_step50,17,P_O0_resume,50,hard,20170082,8,1.1588283592559678,1.00639017379737,1.00639017379737,0.5,0.625,0.625,-0.15243818545859789
seed17_P_O0_resume_step50,17,P_O0_resume,50,hard,20170083,8,2.1724846985271182,1.0605484918834758,1.0605484918834758,0,0.875,0.875,-1.1119362066436425
seed17_P_O0_resume_step50,17,P_O0_resume,50,hard,20170084,8,1.4865761218490172,1.6244054065564344,1.4033859244760825,0,0,0,0.13782928470741718
seed17_P_O0_resume_step50,17,P_O0_resume,50,hard,20170085,8,1.395150643359542,0.7085896444308541,0.6438416210285466,0,0.75,0.75,-0.6865609989286878
seed17_P_O0_resume_step50,17,P_O0_resume,50,hard,20170086,8,1.3926938433002904,1.78432816512555,1.3563862214358138,0,0.125,0.125,0.3916343218252596
seed17_P_O0_resume_step50,17,P_O0_resume,50,hard,20170087,8,2.604148144625556,1.126098906666332,1.126098906666332,0,0.25,0.25,-1.4780492379592238
seed17_P_O0_resume_step50,17,P_O0_resume,50,hard,20170088,8,0.9182512124287868,0.9403398347829663,0.8720199479959049,0.625,0.625,0.75,0.02208862235417952
seed17_P_O0_resume_step50,17,P_O0_resume,50,hard,20170089,8,1.8823221756160242,0.8761999294987405,0.8761999294987405,0,0.5,0.5,-1.0061222461172838
seed17_P_O0_resume_step50,17,P_O0_resume,50,hard,20170090,8,0.7491278405260083,0.8142744408477597,0.6885187730648396,0.625,0.75,0.75,0.06514660032175135
seed17_P_O0_resume_step50,17,P_O0_resume,50,hard,20170091,8,1.534796628071947,1.1536118040201722,1.1536118040201722,0,0.625,0.625,-0.3811848240517748
seed17_P_O0_resume_step50,17,P_O0_resume,50,hard,20170092,8,1.1490928987940014,1.4509335179633334,1.1490928987940014,0.875,0,0.875,0.3018406191693319
seed17_P_O0_resume_step50,17,P_O0_resume,50,hard,20170093,8,1.2400410433394033,0.9769821161259858,0.9769821161259858,0.75,0.75,0.75,-0.2630589272134175
seed17_P_O0_resume_step50,17,P_O0_resume,50,hard,20170094,8,1.1050651857942595,1.3158825040679265,0.876632106290139,0.5,0.5,1,0.210817318273667
seed17_P_O0_resume_step50,17,P_O0_resume,50,hard,20170095,8,0.9371281933144763,2.129464650918958,0.5991354910551697,0.5,0.375,0.875,1.1923364576044815
seed17_P_O0_resume_step50,17,P_O0_resume,50,hard,20170096,8,1.1618986806006288,1.0424619633352346,0.9374519462565055,0.5,0.5,0.5,-0.11943671726539429
seed17_P_O0_resume_step50,17,P_O0_resume,50,hard,20170097,8,1.1709218188051569,1.3920110728265793,1.099198164449318,0.75,0.125,0.75,0.22108925402142243
seed17_P_O0_resume_step50,17,P_O0_resume,50,hard,20170098,8,1.3557898244238147,1.1255908822098466,1.1255908822098466,0.125,0.5,0.5,-0.23019894221396808
seed17_P_O0_resume_step50,17,P_O0_resume,50,hard,20170099,8,1.837910746941771,1.2266978802547608,1.2266978802547608,0.5,0.5,0.5,-0.6112128666870102
seed17_P_O0_resume_step100,17,P_O0_resume,100,easy,20170000,8,0.7913020533336208,0.36387861051759596,0.06680119667981593,0.625,1,1,-0.42742344281602485
seed17_P_O0_resume_step100,17,P_O0_resume,100,easy,20170001,8,0.4667122308552843,0.1665844918823316,0.050097121529573595,0.75,1,1,-0.3001277389729527
seed17_P_O0_resume_step100,17,P_O0_resume,100,easy,20170002,8,0.39224389186191755,0.3830012299922224,0.33280506392273457,0.75,0.75,0.75,-0.009242661869695135
seed17_P_O0_resume_step100,17,P_O0_resume,100,easy,20170003,8,0.03515853839680019,0.04973214281423156,0.027670365374495496,1,1,1,0.014573604417431364
seed17_P_O0_resume_step100,17,P_O0_resume,100,easy,20170004,8,0.5422613719677231,0.52439659184302,0.1279166636741149,0.75,0.875,1,-0.01786478012470305
seed17_P_O0_resume_step100,17,P_O0_resume,100,easy,20170005,8,0.7894715883693012,0.40565825567687225,0.3461512094650721,0.625,0.625,0.625,-0.38381333269242895
seed17_P_O0_resume_step100,17,P_O0_resume,100,easy,20170006,8,0.5465473363139696,0.5032672495796732,0.27966205907445896,0.75,0.875,1,-0.0432800867342964
seed17_P_O0_resume_step100,17,P_O0_resume,100,easy,20170007,8,1.1031111645977087,1.151513912975189,1.0483441204198536,0.375,0.25,0.375,0.048402748377480265
seed17_P_O0_resume_step100,17,P_O0_resume,100,easy,20170008,8,0.05122990148067024,1.695675688396659,0.006534357747466926,1,0.375,1,1.6444457869159887
seed17_P_O0_resume_step100,17,P_O0_resume,100,easy,20170009,8,0.017622410452260866,0.18441925853319366,0.017622410452260866,1,1,1,0.16679684808093279
seed17_P_O0_resume_step100,17,P_O0_resume,100,easy,20170010,8,0.30975085977619227,0.05053398689944439,0.05053398689944439,0.875,1,1,-0.2592168728767479
seed17_P_O0_resume_step100,17,P_O0_resume,100,easy,20170011,8,0.1560498928694907,0.15216412368703047,0.132191122149655,1,1,1,-0.0038857691824602247
seed17_P_O0_resume_step100,17,P_O0_resume,100,easy,20170012,8,1.1689886414895045,0.4355493654185883,0.11768693527459255,0.375,0.75,1,-0.7334392760709163
seed17_P_O0_resume_step100,17,P_O0_resume,100,easy,20170013,8,0.021735157712804685,0.03513652168955307,0.00537326072583741,1,1,1,0.013401363976748387
seed17_P_O0_resume_step100,17,P_O0_resume,100,easy,20170014,8,0.28203648546830484,0.14559261628980644,0.1448534094408844,0.75,1,1,-0.1364438691784984
seed17_P_O0_resume_step100,17,P_O0_resume,100,easy,20170015,8,1.3446965340992876,1.538554147734315,1.3446965340992876,0.375,0.25,0.375,0.1938576136350274
seed17_P_O0_resume_step100,17,P_O0_resume,100,easy,20170016,8,0.049286987202055675,0.10704167227260095,0.037305071118760844,1,1,1,0.05775468507054527
seed17_P_O0_resume_step100,17,P_O0_resume,100,easy,20170017,8,0.7096484547463864,0.2702155506184596,0.23926263359971187,0.625,1,1,-0.4394329041279268
seed17_P_O0_resume_step100,17,P_O0_resume,100,easy,20170018,8,0.2881181159796025,0.16934427070866762,0.024713506145486046,1,1,1,-0.1187738452709349
seed17_P_O0_resume_step100,17,P_O0_resume,100,easy,20170019,8,0.10800410477395299,0.3706499537746536,0.10800410477395299,1,0.875,1,0.2626458490007006
seed17_P_O0_resume_step100,17,P_O0_resume,100,easy,20170020,8,0.025747981014360988,0.03304142369367805,0.018987560420355248,1,1,1,0.007293442679317065
seed17_P_O0_resume_step100,17,P_O0_resume,100,easy,20170021,8,0.06697893473879553,0.1621463045854357,0.05040374823358424,1,1,1,0.09516736984664016
seed17_P_O0_resume_step100,17,P_O0_resume,100,easy,20170022,8,1.8106357897542689,1.1314345706150728,1.0803515595904194,0.375,0.375,0.375,-0.6792012191391961
seed17_P_O0_resume_step100,17,P_O0_resume,100,easy,20170023,8,0.8113832491890587,0.23671061651684386,0.15449103255673868,0.625,1,1,-0.5746726326722148
seed17_P_O0_resume_step100,17,P_O0_resume,100,easy,20170024,8,0.020187936135953943,0.037625475513844646,0.014635545203230979,1,1,1,0.017437539377890703
seed17_P_O0_resume_step100,17,P_O0_resume,100,easy,20170025,8,1.4300569746856804,0.520659936202118,0.3692391102311779,0.375,1,1,-0.9093970384835623
seed17_P_O0_resume_step100,17,P_O0_resume,100,easy,20170026,8,1.4412813008166103,0.1312851758229707,0.0446634002174595,0.375,1,1,-1.3099961249936396
seed17_P_O0_resume_step100,17,P_O0_resume,100,easy,20170027,8,0.33505084009754904,0.0910679469678529,0.07148010218098358,0.625,1,1,-0.24398289312969612
seed17_P_O0_resume_step100,17,P_O0_resume,100,easy,20170028,8,0.019046451598235432,0.06500006202418278,0.019046451598235432,1,1,1,0.045953610425947346
seed17_P_O0_resume_step100,17,P_O0_resume,100,easy,20170029,8,0.4722953632581347,0.10139714657833118,0.10139714657833118,0.875,1,1,-0.3708982166798035
seed17_P_O0_resume_step100,17,P_O0_resume,100,easy,20170030,8,0.10848553751537668,0.18507974311162187,0.10848553751537668,1,0.875,1,0.07659420559624519
seed17_P_O0_resume_step100,17,P_O0_resume,100,easy,20170031,8,0.6203152516732471,0.30544491909572075,0.18500414855375788,0.5,1,1,-0.31487033257752634
seed17_P_O0_resume_step100,17,P_O0_resume,100,easy,20170032,8,0.18258586002677804,0.05029570076804413,0.03497723901134712,1,1,1,-0.1322901592587339
seed17_P_O0_resume_step100,17,P_O0_resume,100,easy,20170033,8,0.04411865628488877,0.09021439210360223,0.04411865628488877,1,1,1,0.04609573581871346
seed17_P_O0_resume_step100,17,P_O0_resume,100,easy,20170034,8,0.7269943583176575,0.2554668688146594,0.22310298287034883,0.625,1,1,-0.47152748950299805
seed17_P_O0_resume_step100,17,P_O0_resume,100,easy,20170035,8,0.7649724329154204,1.6159414995150607,0.7649724329154204,0.625,0,0.625,0.8509690665996403
seed17_P_O0_resume_step100,17,P_O0_resume,100,easy,20170036,8,0.1346868767663748,0.21373198228815454,0.04498275816133472,1,1,1,0.07904510552177973
seed17_P_O0_resume_step100,17,P_O0_resume,100,easy,20170037,8,0.008982252057301528,0.4483431805977884,0.008982252057301528,1,0.875,1,0.43936092854048686
seed17_P_O0_resume_step100,17,P_O0_resume,100,easy,20170038,8,0.13373490591965476,0.7245207771305666,0.13373490591965476,1,0.75,1,0.5907858712109119
seed17_P_O0_resume_step100,17,P_O0_resume,100,easy,20170039,8,1.0895126226985896,0.44928743705304874,0.37667770109559706,0.25,1,1,-0.6402251856455409
seed17_P_O0_resume_step100,17,P_O0_resume,100,easy,20170040,8,0.20961423241521146,0.1434525537722704,0.05830156916334518,0.875,1,1,-0.06616167864294106
seed17_P_O0_resume_step100,17,P_O0_resume,100,easy,20170041,8,0.6779623106322276,0.22766748507088624,0.1811297567560517,0.5,1,1,-0.4502948255613413
seed17_P_O0_resume_step100,17,P_O0_resume,100,easy,20170042,8,1.6792362904696654,0.5123230399644265,0.42639397885174646,0.25,0.875,0.875,-1.1669132505052389
seed17_P_O0_resume_step100,17,P_O0_resume,100,easy,20170043,8,0.23766990162706572,0.06926528987886331,0.022865925240576644,1,1,1,-0.16840461174820243
seed17_P_O0_resume_step100,17,P_O0_resume,100,easy,20170044,8,0.40286388145209595,0.28170867630811264,0.2134631115675765,0.875,1,1,-0.12115520514398331
seed17_P_O0_resume_step100,17,P_O0_resume,100,easy,20170045,8,0.0923149076480792,0.14129140878932867,0.02360475485834548,1,1,1,0.04897650114124946
seed17_P_O0_resume_step100,17,P_O0_resume,100,easy,20170046,8,0.05621924182940081,0.21441623571502402,0.05621924182940081,1,1,1,0.15819699388562322
seed17_P_O0_resume_step100,17,P_O0_resume,100,easy,20170047,8,0.3783948250853749,0.18965272744846037,0.18965272744846037,0.875,1,1,-0.18874209763691455
seed17_P_O0_resume_step100,17,P_O0_resume,100,easy,20170048,8,0.7258122699458154,0.5041762347728448,0.29666283596968956,0.625,0.75,0.875,-0.2216360351729706
seed17_P_O0_resume_step100,17,P_O0_resume,100,easy,20170049,8,1.162657113515829,2.5499103863121895,1.162657113515829,0.625,0.125,0.625,1.3872532727963605
seed17_P_O0_resume_step100,17,P_O0_resume,100,easy,20170050,8,0.021533370057799497,0.0723667227676671,0.016109180538942187,1,1,1,0.05083335270986761
seed17_P_O0_resume_step100,17,P_O0_resume,100,easy,20170051,8,0.23083515656711065,0.06534821715002972,0.015644749836784384,1,1,1,-0.16548693941708092
seed17_P_O0_resume_step100,17,P_O0_resume,100,easy,20170052,8,0.10182018483958145,0.0796075507375358,0.049771543509636,0.875,1,1,-0.02221263410204566
seed17_P_O0_resume_step100,17,P_O0_resume,100,easy,20170053,8,1.4610012805936095,0.4616354724796968,0.4317056981899028,0.5,0.5,0.5,-0.9993658081139127
seed17_P_O0_resume_step100,17,P_O0_resume,100,easy,20170054,8,0.004933527231618781,0.17702581481639795,0.004933527231618781,1,1,1,0.17209228758477918
seed17_P_O0_resume_step100,17,P_O0_resume,100,easy,20170055,8,0.06611232427983257,0.07475045280321052,0.028823006583285633,1,1,1,0.008638128523377947
seed17_P_O0_resume_step100,17,P_O0_resume,100,easy,20170056,8,0.6425887876847811,0.3323316912705114,0.33058998808514634,0.75,0.75,0.75,-0.31025709641426974
seed17_P_O0_resume_step100,17,P_O0_resume,100,easy,20170057,8,0.028537008439288688,0.01788760087430513,0.009879916098963297,1,1,1,-0.01064940756498356
seed17_P_O0_resume_step100,17,P_O0_resume,100,easy,20170058,8,0.05323287855383444,0.02016906333713361,0.016503129114053453,1,1,1,-0.033063815216700834
seed17_P_O0_resume_step100,17,P_O0_resume,100,easy,20170059,8,0.9694889145829626,0.27209569898825886,0.27209569898825886,0.5,1,1,-0.6973932155947038
seed17_P_O0_resume_step100,17,P_O0_resume,100,easy,20170060,8,1.1613143752373773,0.21601412938765416,0.19323013424413582,0.375,1,1,-0.9453002458497232
seed17_P_O0_resume_step100,17,P_O0_resume,100,easy,20170061,8,1.261018170541087,0.19244163436616746,0.14011149942364978,0.5,1,1,-1.0685765361749195
seed17_P_O0_resume_step100,17,P_O0_resume,100,easy,20170062,8,0.31186821412304305,0.2448104937959755,0.19575007875905656,1,1,1,-0.06705772032706755
seed17_P_O0_resume_step100,17,P_O0_resume,100,easy,20170063,8,0.2841370643624135,0.22095821200686763,0.20261678566140923,0.875,0.875,0.875,-0.06317885235554585
seed17_P_O0_resume_step100,17,P_O0_resume,100,easy,20170064,8,0.0717511160165439,0.3291995004232425,0.0717511160165439,1,1,1,0.2574483844066986
seed17_P_O0_resume_step100,17,P_O0_resume,100,easy,20170065,8,0.6551908050379979,0.4226076990632903,0.06433557181867812,0.75,1,1,-0.23258310597470755
seed17_P_O0_resume_step100,17,P_O0_resume,100,easy,20170066,8,0.01227557540905646,0.019961956860429488,0.002862450795086332,1,1,1,0.007686381451373028
seed17_P_O0_resume_step100,17,P_O0_resume,100,easy,20170067,8,0.07819779844094972,0.1803788091314647,0.07819779844094972,1,0.875,1,0.10218101069051498
seed17_P_O0_resume_step100,17,P_O0_resume,100,easy,20170068,8,0.08689973307492263,0.22141464974821037,0.08588571134579066,1,1,1,0.13451491667328774
seed17_P_O0_resume_step100,17,P_O0_resume,100,easy,20170069,8,0.3220681541916592,0.15245450596898005,0.08430855602624984,0.875,1,1,-0.16961364822267913
seed17_P_O0_resume_step100,17,P_O0_resume,100,easy,20170070,8,0.2927292957954681,1.3324805180490207,0.2927292957954681,0.875,0.125,0.875,1.0397512222535525
seed17_P_O0_resume_step100,17,P_O0_resume,100,easy,20170071,8,0.5670194815693754,0.9150973410652502,0.3600079547774229,0.75,0.375,0.75,0.3480778594958748
seed17_P_O0_resume_step100,17,P_O0_resume,100,easy,20170072,8,0.41010736625012784,0.23091239685675616,0.11261453020532959,0.75,1,1,-0.17919496939337168
seed17_P_O0_resume_step100,17,P_O0_resume,100,easy,20170073,8,0.07452100536408858,0.03696991869928985,0.03373382061493724,1,1,1,-0.03755108666479873
seed17_P_O0_resume_step100,17,P_O0_resume,100,easy,20170074,8,0.88682081495137,0.6356870616875133,0.5283001540369698,0.625,0.625,0.625,-0.2511337532638567
seed17_P_O0_resume_step100,17,P_O0_resume,100,easy,20170075,8,0.012025054751889487,0.37678312676432546,0.012025054751889487,1,1,1,0.364758072012436
seed17_P_O0_resume_step100,17,P_O0_resume,100,easy,20170076,8,0.02930657009147538,0.21967691853194202,0.02930657009147538,1,1,1,0.19037034844046663
seed17_P_O0_resume_step100,17,P_O0_resume,100,easy,20170077,8,1.0957743348634166,0.15783172222106556,0.05932230441082286,0.375,1,1,-0.937942612642351
seed17_P_O0_resume_step100,17,P_O0_resume,100,easy,20170078,8,1.3040716780320087,0.8343462766029466,0.26576434986893216,0.625,0.625,1,-0.46972540142906216
seed17_P_O0_resume_step100,17,P_O0_resume,100,easy,20170079,8,0.0314320223590484,0.0480053619231484,0.015588875388703807,1,1,1,0.016573339564100002
seed17_P_O0_resume_step100,17,P_O0_resume,100,easy,20170080,8,0.8437588495126378,1.1283335095437272,0.8183866907723278,0.5,0.25,0.5,0.28457466003108944
seed17_P_O0_resume_step100,17,P_O0_resume,100,easy,20170081,8,0.7106564267157116,0.3228063087246973,0.19141881640852543,0.5,1,1,-0.3878501179910143
seed17_P_O0_resume_step100,17,P_O0_resume,100,easy,20170082,8,0.6237246252679597,1.511449228158964,0.2601504471225862,0.625,0.25,0.875,0.8877246028910043
seed17_P_O0_resume_step100,17,P_O0_resume,100,easy,20170083,8,0.020702966117030184,0.09348623869753411,0.020702966117030184,1,1,1,0.07278327258050393
seed17_P_O0_resume_step100,17,P_O0_resume,100,easy,20170084,8,0.0750188069691508,0.12346086707872017,0.07484199038247791,1,1,1,0.048442060109569376
seed17_P_O0_resume_step100,17,P_O0_resume,100,easy,20170085,8,0.02009659113599394,0.13201637667223406,0.02009659113599394,1,1,1,0.11191978553624013
seed17_P_O0_resume_step100,17,P_O0_resume,100,easy,20170086,8,0.018028041782652517,0.11555480237829968,0.017812409240464153,1,1,1,0.09752676059564716
seed17_P_O0_resume_step100,17,P_O0_resume,100,easy,20170087,8,1.888830591587886,1.1678463868456912,1.1678463868456912,0.25,0.25,0.25,-0.7209842047421948
seed17_P_O0_resume_step100,17,P_O0_resume,100,easy,20170088,8,0.061018874126169236,0.3860631945804366,0.061018874126169236,1,0.75,1,0.32504432045426734
seed17_P_O0_resume_step100,17,P_O0_resume,100,easy,20170089,8,0.8865294443371593,0.16868024859377156,0.16815755146890998,0.375,1,1,-0.7178491957433877
seed17_P_O0_resume_step100,17,P_O0_resume,100,easy,20170090,8,1.0316153581856058,1.0895623497643903,0.9955320403954111,0.25,0.25,0.25,0.05794699157878447
seed17_P_O0_resume_step100,17,P_O0_resume,100,easy,20170091,8,0.019622142228647155,0.03726237691554992,0.01938747309182691,1,1,1,0.017640234686902765
seed17_P_O0_resume_step100,17,P_O0_resume,100,easy,20170092,8,0.25046923810008015,0.05518843214709153,0.04042756334454216,0.75,1,1,-0.19528080595298863
seed17_P_O0_resume_step100,17,P_O0_resume,100,easy,20170093,8,2.2877203901423235,3.456941255560933,1.47693522365095,0.5,0,0.5,1.1692208654186094
seed17_P_O0_resume_step100,17,P_O0_resume,100,easy,20170094,8,1.320747499219793,0.6352515498274827,0.6352515498274827,0.5,0.5,0.5,-0.6854959493923103
seed17_P_O0_resume_step100,17,P_O0_resume,100,easy,20170095,8,0.7406001460554312,0.4873467701638042,0.057148896555922715,0.625,0.75,1,-0.25325337589162705
seed17_P_O0_resume_step100,17,P_O0_resume,100,easy,20170096,8,0.8645796174573673,0.5769304651383758,0.563158521533372,0.625,0.625,0.625,-0.2876491523189916
seed17_P_O0_resume_step100,17,P_O0_resume,100,easy,20170097,8,0.8690551662191826,0.2317231013523524,0.22428191215300639,0.375,1,1,-0.6373320648668301
seed17_P_O0_resume_step100,17,P_O0_resume,100,easy,20170098,8,0.37036860881942346,0.5296171778072913,0.08112678196286979,0.75,1,1,0.15924856898786788
seed17_P_O0_resume_step100,17,P_O0_resume,100,easy,20170099,8,0.21359202593393148,0.09184994366410122,0.016508693617127684,0.875,1,1,-0.12174208226983026
seed17_P_O0_resume_step100,17,P_O0_resume,100,hard,20170000,8,1.2253486151696158,0.951951266757104,0.926075551762585,0,0.75,0.75,-0.27339734841251184
seed17_P_O0_resume_step100,17,P_O0_resume,100,hard,20170001,8,1.1877891195319952,1.2283109650113881,1.1744969403909753,0.5,0.5,0.5,0.04052184547939297
seed17_P_O0_resume_step100,17,P_O0_resume,100,hard,20170002,8,1.26943315495197,0.9474535458553157,0.8925828425060094,0.375,0.875,0.875,-0.32197960909665424
seed17_P_O0_resume_step100,17,P_O0_resume,100,hard,20170003,8,0.6151352107228866,0.8880584921340204,0.42709844327003893,1,0.5,1,0.27292328141113387
seed17_P_O0_resume_step100,17,P_O0_resume,100,hard,20170004,8,1.1303106351349865,0.9850162921841983,0.9584962871137215,0.375,0.5,0.5,-0.14529434295078825
seed17_P_O0_resume_step100,17,P_O0_resume,100,hard,20170005,8,0.9770376365909529,0.9236764110960601,0.9236764110960601,0.875,0.875,0.875,-0.05336122549489275
seed17_P_O0_resume_step100,17,P_O0_resume,100,hard,20170006,8,1.247728016628481,1.3345837094851984,1.2034072865790086,0.125,0.25,0.25,0.08685569285671746
seed17_P_O0_resume_step100,17,P_O0_resume,100,hard,20170007,8,1.073772212352295,1.3793076530877935,1.0200387867332752,0.375,0.375,0.5,0.30553544073549843
seed17_P_O0_resume_step100,17,P_O0_resume,100,hard,20170008,8,1.3035972102286892,1.173809149245945,1.162938531493647,0,0.25,0.125,-0.1297880609827442
seed17_P_O0_resume_step100,17,P_O0_resume,100,hard,20170009,8,1.814591872514073,1.3927917269326078,1.3084579521103599,0.375,0.375,0.375,-0.4218001455814653
seed17_P_O0_resume_step100,17,P_O0_resume,100,hard,20170010,8,1.3311220897261442,1.7196264079988923,1.2370698385025802,0.25,0,0.25,0.3885043182727481
seed17_P_O0_resume_step100,17,P_O0_resume,100,hard,20170011,8,0.9111311392529916,0.9223059952881077,0.5261122885413412,0.5,0.625,1,0.011174856035116143
seed17_P_O0_resume_step100,17,P_O0_resume,100,hard,20170012,8,0.9266542769624667,0.655866105923224,0.6479377356447745,0.625,1,1,-0.2707881710392427
seed17_P_O0_resume_step100,17,P_O0_resume,100,hard,20170013,8,1.245971913396903,1.0074732505820505,0.9941593034797921,0.375,0.5,0.625,-0.23849866281485244
seed17_P_O0_resume_step100,17,P_O0_resume,100,hard,20170014,8,0.8707196991340447,1.5310497075039913,0.5573508180412774,0.75,0,0.75,0.6603300083699466
seed17_P_O0_resume_step100,17,P_O0_resume,100,hard,20170015,8,0.9247481280168274,1.556445191773498,0.7896142894352162,0.5,0.25,0.625,0.6316970637566707
seed17_P_O0_resume_step100,17,P_O0_resume,100,hard,20170016,8,0.8328563728455637,1.1808204895500083,0.8328563728455637,0.5,0.375,0.5,0.3479641167044446
seed17_P_O0_resume_step100,17,P_O0_resume,100,hard,20170017,8,0.579156899078909,0.9249345303835357,0.5703021940013198,1,0.75,1,0.3457776313046267
seed17_P_O0_resume_step100,17,P_O0_resume,100,hard,20170018,8,1.2843063135906667,0.8178160979872294,0.8178160979872294,0,0.875,0.875,-0.4664902156034373
seed17_P_O0_resume_step100,17,P_O0_resume,100,hard,20170019,8,1.278961008806782,1.220074564722561,1.1470659723098038,0.125,0.5,0.625,-0.058886444084220946
seed17_P_O0_resume_step100,17,P_O0_resume,100,hard,20170020,8,1.035799473650973,0.9332834536530402,0.9262150773390474,0.625,0.5,0.625,-0.1025160199979328
seed17_P_O0_resume_step100,17,P_O0_resume,100,hard,20170021,8,0.8947674707715637,0.7187345020818275,0.6992213929921253,0.5,0.875,0.75,-0.17603296868973617
seed17_P_O0_resume_step100,17,P_O0_resume,100,hard,20170022,8,1.3392160260233397,1.277824731463826,1.1603494161877002,0.375,0.125,0.375,-0.06139129455951364
seed17_P_O0_resume_step100,17,P_O0_resume,100,hard,20170023,8,2.6342742389868965,1.2501892481244026,1.2081034023833537,0.125,0.25,0.25,-1.384084990862494
seed17_P_O0_resume_step100,17,P_O0_resume,100,hard,20170024,8,1.558739368794184,1.1158411675511277,1.1158411675511277,0.375,0.375,0.375,-0.44289820124305623
seed17_P_O0_resume_step100,17,P_O0_resume,100,hard,20170025,8,1.287418813242871,1.0120448257788146,0.6617573297004127,0.5,0.875,0.875,-0.2753739874640564
seed17_P_O0_resume_step100,17,P_O0_resume,100,hard,20170026,8,0.9886949414761596,0.9124053586560945,0.9124053586560945,0.75,0.75,0.75,-0.07628958282006504
seed17_P_O0_resume_step100,17,P_O0_resume,100,hard,20170027,8,1.213880768335239,0.9481903345638104,0.9481903345638104,0.25,1,1,-0.26569043377142865
seed17_P_O0_resume_step100,17,P_O0_resume,100,hard,20170028,8,1.3976427629008943,1.3129412780237488,1.3129412780237488,0,0.25,0.25,-0.08470148487714546
seed17_P_O0_resume_step100,17,P_O0_resume,100,hard,20170029,8,1.5580607683077399,1.09310558844309,1.09310558844309,0,0.75,0.75,-0.46495517986464985
seed17_P_O0_resume_step100,17,P_O0_resume,100,hard,20170030,8,1.1902625623075735,0.9707157992982018,0.7155841312167441,0.5,0.75,0.75,-0.2195467630093717
seed17_P_O0_resume_step100,17,P_O0_resume,100,hard,20170031,8,0.563900684069871,1.2713320677067104,0.563900684069871,1,0.125,1,0.7074313836368393
seed17_P_O0_resume_step100,17,P_O0_resume,100,hard,20170032,8,1.2628993942576305,1.2841476978640625,1.2133839702855882,0.375,0.375,0.375,0.02124830360643193
seed17_P_O0_resume_step100,17,P_O0_resume,100,hard,20170033,8,0.9402820220656012,1.494548570575032,0.9402820220656012,0.875,0.125,0.875,0.5542665485094309
seed17_P_O0_resume_step100,17,P_O0_resume,100,hard,20170034,8,1.287490263464082,1.0637852191622656,1.0637852191622656,0,0.5,0.5,-0.22370504430181626
seed17_P_O0_resume_step100,17,P_O0_resume,100,hard,20170035,8,1.3426546942008988,1.3574486079166086,1.3202522038453608,0.125,0,0.125,0.014793913715709817
seed17_P_O0_resume_step100,17,P_O0_resume,100,hard,20170036,8,3.228952820632319,1.2095402219623674,1.2095402219623674,0,0.625,0.625,-2.019412598669952
seed17_P_O0_resume_step100,17,P_O0_resume,100,hard,20170037,8,1.0210937705002598,0.8041492034745367,0.8041492034745367,0.5,0.75,0.75,-0.21694456702572318
seed17_P_O0_resume_step100,17,P_O0_resume,100,hard,20170038,8,1.6053208965749195,1.4167705367534076,0.39739911309080733,0.5,0.5,1,-0.18855035982151191
seed17_P_O0_resume_step100,17,P_O0_resume,100,hard,20170039,8,1.4383829920259152,1.9041433179489378,1.3098626666006565,0,0,0,0.4657603259230225
seed17_P_O0_resume_step100,17,P_O0_resume,100,hard,20170040,8,1.1123291378805213,1.315985524002534,0.9480982284714812,0.375,0.5,0.875,0.20365638612201264
seed17_P_O0_resume_step100,17,P_O0_resume,100,hard,20170041,8,1.34803540791851,1.2971591743356756,1.1597711894802065,0.125,0,0.125,-0.05087623358283433
seed17_P_O0_resume_step100,17,P_O0_resume,100,hard,20170042,8,1.087154518168294,2.0325416415455266,1.087154518168294,0.25,0.125,0.25,0.9453871233772326
seed17_P_O0_resume_step100,17,P_O0_resume,100,hard,20170043,8,1.1423163168506818,1.2668264290355822,1.0738409891666714,0.5,0.25,0.5,0.12451011218490038
seed17_P_O0_resume_step100,17,P_O0_resume,100,hard,20170044,8,3.4391492103452013,1.5640403048452087,1.5640403048452087,0,0.5,0.5,-1.8751089054999925
seed17_P_O0_resume_step100,17,P_O0_resume,100,hard,20170045,8,1.013166070688921,1.1231251755433844,0.9640393873296125,0.75,0.75,0.875,0.10995910485446347
seed17_P_O0_resume_step100,17,P_O0_resume,100,hard,20170046,8,0.9235938806460383,0.8606756992534241,0.860440207023723,0.5,0.5,0.5,-0.06291818139261418
seed17_P_O0_resume_step100,17,P_O0_resume,100,hard,20170047,8,1.2379518617340932,1.2852290076781387,1.1523798248155703,0.5,0.5,0.5,0.04727714594404553
seed17_P_O0_resume_step100,17,P_O0_resume,100,hard,20170048,8,0.9684592721330104,0.7851996506729279,0.7851996506729279,0.625,0.625,0.625,-0.18325962146008257
seed17_P_O0_resume_step100,17,P_O0_resume,100,hard,20170049,8,1.7081154251071207,1.4621800255223885,1.4621800255223885,0,0,0,-0.2459353995847322
seed17_P_O0_resume_step100,17,P_O0_resume,100,hard,20170050,8,0.8124717577904114,0.9029239850981261,0.8124717577904114,0.875,0.625,0.875,0.09045222730771474
seed17_P_O0_resume_step100,17,P_O0_resume,100,hard,20170051,8,1.4158783383666256,1.2379681231369468,1.2379681231369468,0.125,0.25,0.25,-0.17791021522967876
seed17_P_O0_resume_step100,17,P_O0_resume,100,hard,20170052,8,0.8807779061537093,0.9524567828237354,0.8362711471348503,0.75,0.875,0.875,0.07167887667002604
seed17_P_O0_resume_step100,17,P_O0_resume,100,hard,20170053,8,0.6296816275474217,0.659001241689184,0.5421047575059186,0.875,1,1,0.029319614141762207
seed17_P_O0_resume_step100,17,P_O0_resume,100,hard,20170054,8,1.4328839612105626,1.0102107661269677,1.0102107661269677,0.5,0.75,0.75,-0.4226731950835949
seed17_P_O0_resume_step100,17,P_O0_resume,100,hard,20170055,8,0.6479955948830677,1.1997475304515997,0.4634311301465501,0.625,0.375,1,0.551751935568532
seed17_P_O0_resume_step100,17,P_O0_resume,100,hard,20170056,8,1.2948858754238806,1.09136506306732,1.09136506306732,0.375,0.75,0.75,-0.2035208123565606
seed17_P_O0_resume_step100,17,P_O0_resume,100,hard,20170057,8,1.3317517400493575,1.163291874560427,1.163291874560427,0.25,0.75,0.75,-0.16845986548893044
seed17_P_O0_resume_step100,17,P_O0_resume,100,hard,20170058,8,3.397897999375193,1.401092721368596,1.401092721368596,0,0.375,0.375,-1.9968052780065972
seed17_P_O0_resume_step100,17,P_O0_resume,100,hard,20170059,8,0.9007584003304281,0.8709271642212542,0.809969775572299,0.875,1,1,-0.02983123610917393
seed17_P_O0_resume_step100,17,P_O0_resume,100,hard,20170060,8,1.4482595627977157,1.5107427752377578,0.6560590576140541,0.625,0.125,0.75,0.06248321244004207
seed17_P_O0_resume_step100,17,P_O0_resume,100,hard,20170061,8,2.0692766332273593,1.5766121914303157,1.5766121914303157,0,0,0,-0.4926644417970436
seed17_P_O0_resume_step100,17,P_O0_resume,100,hard,20170062,8,1.2826360500015568,1.1272422632270387,1.096410994912859,0.5,0.625,0.625,-0.1553937867745181
seed17_P_O0_resume_step100,17,P_O0_resume,100,hard,20170063,8,1.1279531571694124,1.1506961150820763,1.0588061297611613,0.125,0.125,0.125,0.022742957912663897
seed17_P_O0_resume_step100,17,P_O0_resume,100,hard,20170064,8,0.9108246063098326,0.8328240045307693,0.8119280798724859,0.5,0.75,0.75,-0.07800060177906332
seed17_P_O0_resume_step100,17,P_O0_resume,100,hard,20170065,8,1.28481536412645,0.7838719376860516,0.7838719376860516,0,0.875,0.875,-0.5009434264403984
seed17_P_O0_resume_step100,17,P_O0_resume,100,hard,20170066,8,0.6839317640657276,0.8202785308212701,0.5616409774770662,0.625,1,1,0.13634676675554247
seed17_P_O0_resume_step100,17,P_O0_resume,100,hard,20170067,8,1.1887108089463037,1.051914775727257,1.031421165087752,0.5,0.5,0.625,-0.13679603321904676
seed17_P_O0_resume_step100,17,P_O0_resume,100,hard,20170068,8,1.29243751241308,1.6593855206063461,1.263271578293174,0.625,0,0.25,0.3669480081932661
seed17_P_O0_resume_step100,17,P_O0_resume,100,hard,20170069,8,1.4507815056359885,1.6424755870187329,1.1839027971911043,0,0,0,0.19169408138274435
seed17_P_O0_resume_step100,17,P_O0_resume,100,hard,20170070,8,1.1532660341984122,1.0455696490989461,1.0455696490989461,0.375,0.375,0.375,-0.10769638509946611
seed17_P_O0_resume_step100,17,P_O0_resume,100,hard,20170071,8,0.4044326582216308,0.5925162693339301,0.23840221449098006,1,0.875,1,0.18808361111229926
seed17_P_O0_resume_step100,17,P_O0_resume,100,hard,20170072,8,1.4474185242058586,1.5287282055847278,1.4351153913215784,0.125,0,0,0.08130968137886918
seed17_P_O0_resume_step100,17,P_O0_resume,100,hard,20170073,8,1.0297215830956197,0.7572884569213533,0.6649305906416081,0.75,0.75,0.75,-0.2724331261742664
seed17_P_O0_resume_step100,17,P_O0_resume,100,hard,20170074,8,1.2493424666061574,1.3772838387944635,1.2289129535920427,0.375,0,0.375,0.12794137218830604
seed17_P_O0_resume_step100,17,P_O0_resume,100,hard,20170075,8,1.4036073402541185,1.146727998035649,1.1102153668355335,0.375,0.5,0.5,-0.2568793422184694
seed17_P_O0_resume_step100,17,P_O0_resume,100,hard,20170076,8,1.5119204568092683,0.9240414530137786,0.9240414530137786,0.625,0.625,0.625,-0.5878790037954897
seed17_P_O0_resume_step100,17,P_O0_resume,100,hard,20170077,8,1.602272024696309,1.5297186537964862,1.4630435763689331,0,0,0,-0.07255337089982272
seed17_P_O0_resume_step100,17,P_O0_resume,100,hard,20170078,8,1.0681506471406734,0.9808213450224594,0.9808213450224594,0.875,0.875,0.875,-0.08732930211821399
seed17_P_O0_resume_step100,17,P_O0_resume,100,hard,20170079,8,1.1730038672199405,1.2954963012376814,1.1055565443836817,0.125,0,0,0.1224924340177409
seed17_P_O0_resume_step100,17,P_O0_resume,100,hard,20170080,8,0.7478961177647965,1.530619792516355,0.7478961177647965,0.75,0,0.75,0.7827236747515585
seed17_P_O0_resume_step100,17,P_O0_resume,100,hard,20170081,8,1.4768397573752472,1.6057786259928868,0.6442804814630302,0.625,0,0.625,0.1289388686176396
seed17_P_O0_resume_step100,17,P_O0_resume,100,hard,20170082,8,1.1114225376006959,1.159278403335618,1.0478084835814467,0.5,0.5,0.625,0.047855865734922176
seed17_P_O0_resume_step100,17,P_O0_resume,100,hard,20170083,8,1.8344250368818664,0.8329186310759598,0.7833495944664748,0,0.75,0.75,-1.0015064058059067
seed17_P_O0_resume_step100,17,P_O0_resume,100,hard,20170084,8,1.4809312968446946,1.577940627606115,1.444314588252248,0,0,0,0.09700933076142038
seed17_P_O0_resume_step100,17,P_O0_resume,100,hard,20170085,8,1.2260784518087051,0.7297932074098861,0.5570012249929212,0,0.75,0.75,-0.49628524439881905
seed17_P_O0_resume_step100,17,P_O0_resume,100,hard,20170086,8,1.4126162830441547,1.7285613256095316,1.3794381749719324,0.125,0.25,0.25,0.3159450425653769
seed17_P_O0_resume_step100,17,P_O0_resume,100,hard,20170087,8,2.5418408239202708,0.9980636400225009,0.9980636400225009,0,0.25,0.25,-1.5437771838977699
seed17_P_O0_resume_step100,17,P_O0_resume,100,hard,20170088,8,0.9177090354903105,1.457357076455564,0.8714505985279238,0.75,0.25,0.75,0.5396480409652534
seed17_P_O0_resume_step100,17,P_O0_resume,100,hard,20170089,8,1.7846486700980602,0.805096093935974,0.805096093935974,0,0.5,0.5,-0.9795525761620861
seed17_P_O0_resume_step100,17,P_O0_resume,100,hard,20170090,8,0.7231566499731867,0.8234628917009869,0.7231566499731867,0.625,0.625,0.625,0.10030624172780012
seed17_P_O0_resume_step100,17,P_O0_resume,100,hard,20170091,8,1.4001500652204346,1.10072007070806,1.0933339685818877,0.25,0.625,0.625,-0.2994299945123746
seed17_P_O0_resume_step100,17,P_O0_resume,100,hard,20170092,8,1.1702530709388836,1.4028641178980623,1.1702530709388836,0.875,0,0.875,0.23261104695917867
seed17_P_O0_resume_step100,17,P_O0_resume,100,hard,20170093,8,1.244541040111118,1.1575128061418436,1.155655141785535,0.75,0.75,0.75,-0.0870282339692745
seed17_P_O0_resume_step100,17,P_O0_resume,100,hard,20170094,8,1.0950079286231504,1.2606699318949992,0.9243143947736066,0.5,0.5,1,0.16566200327184877
seed17_P_O0_resume_step100,17,P_O0_resume,100,hard,20170095,8,0.8070297133877146,1.3114275194754763,0.5356779819862265,0.5,0.5,1,0.5043978060877617
seed17_P_O0_resume_step100,17,P_O0_resume,100,hard,20170096,8,1.1676349263270125,1.0146224196915408,0.9652508818288827,0.5,0.5,0.5,-0.15301250663547172
seed17_P_O0_resume_step100,17,P_O0_resume,100,hard,20170097,8,1.2013653989725028,1.2861409719979966,1.1760233289023767,0.75,0.25,0.75,0.08477557302549377
seed17_P_O0_resume_step100,17,P_O0_resume,100,hard,20170098,8,1.2991232563663149,1.1319303508958467,1.1319303508958467,0.25,0.5,0.5,-0.16719290547046817
seed17_P_O0_resume_step100,17,P_O0_resume,100,hard,20170099,8,1.8166297802545486,1.5678056809295635,1.5678056809295635,0.5,0.5,0.5,-0.24882409932498506
seed17_P_O0_resume_step200,17,P_O0_resume,200,easy,20170000,8,0.8672608727357204,0.20333477496357552,0.07373566829093042,0.625,1,1,-0.6639260977721448
seed17_P_O0_resume_step200,17,P_O0_resume,200,easy,20170001,8,0.9792693353608825,0.10197741895216202,0.0257332615385462,0.625,1,1,-0.8772919164087204
seed17_P_O0_resume_step200,17,P_O0_resume,200,easy,20170002,8,0.4248521098974816,0.4466615216939442,0.29000321138119817,0.75,0.75,0.75,0.021809411796462563
seed17_P_O0_resume_step200,17,P_O0_resume,200,easy,20170003,8,0.03654328774555526,0.1150223787728504,0.03654328774555526,1,1,1,0.07847909102729514
seed17_P_O0_resume_step200,17,P_O0_resume,200,easy,20170004,8,0.5438845008345324,0.41882200923310886,0.188356016699608,0.75,0.875,0.875,-0.12506249160142358
seed17_P_O0_resume_step200,17,P_O0_resume,200,easy,20170005,8,0.9797321052371484,0.37386667818573605,0.34165138255536526,0.625,0.625,0.625,-0.6058654270514123
seed17_P_O0_resume_step200,17,P_O0_resume,200,easy,20170006,8,0.6959565449231141,1.617560404157449,0.25232272556791224,0.625,0.25,0.875,0.9216038592343349
seed17_P_O0_resume_step200,17,P_O0_resume,200,easy,20170007,8,1.1417468729615465,1.279758049611505,0.9166344689288208,0.375,0.125,0.375,0.13801117664995854
seed17_P_O0_resume_step200,17,P_O0_resume,200,easy,20170008,8,0.1788082464350151,0.9039484030114486,0.0037784842337672945,0.875,0.5,1,0.7251401565764335
seed17_P_O0_resume_step200,17,P_O0_resume,200,easy,20170009,8,0.013104491323978605,0.2760193639406476,0.013104491323978605,1,1,1,0.26291487261666896
seed17_P_O0_resume_step200,17,P_O0_resume,200,easy,20170010,8,0.5152626216578815,0.05597054161773465,0.05597054161773465,0.75,1,1,-0.4592920800401469
seed17_P_O0_resume_step200,17,P_O0_resume,200,easy,20170011,8,0.195749526338269,0.19214991173522014,0.11960647841132507,1,0.875,1,-0.003599614603048862
seed17_P_O0_resume_step200,17,P_O0_resume,200,easy,20170012,8,1.3131936485464901,0.276743789429103,0.11698719619322165,0.375,1,1,-1.0364498591173872
seed17_P_O0_resume_step200,17,P_O0_resume,200,easy,20170013,8,0.025828843403883642,0.010383180800941819,0.0035658376136139193,1,1,1,-0.015445662602941824
seed17_P_O0_resume_step200,17,P_O0_resume,200,easy,20170014,8,0.2929716582378939,0.10562383202033927,0.09829198007026693,0.75,1,1,-0.18734782621755464
seed17_P_O0_resume_step200,17,P_O0_resume,200,easy,20170015,8,1.377104453766262,1.4955741146276769,1.2630820888076524,0.375,0.25,0.375,0.11846966086141486
seed17_P_O0_resume_step200,17,P_O0_resume,200,easy,20170016,8,0.03839943974629191,0.32496996884702295,0.03839943974629191,1,1,1,0.28657052910073105
seed17_P_O0_resume_step200,17,P_O0_resume,200,easy,20170017,8,0.9241985631981419,0.3240955173731935,0.3101725769530089,0.625,0.75,0.75,-0.6001030458249483
seed17_P_O0_resume_step200,17,P_O0_resume,200,easy,20170018,8,0.377098387826568,0.11197481513390378,0.017374623679763262,0.625,1,1,-0.26512357269266423
seed17_P_O0_resume_step200,17,P_O0_resume,200,easy,20170019,8,0.2384670087281297,0.6770414753424084,0.2384670087281297,1,1,1,0.43857446661427874
seed17_P_O0_resume_step200,17,P_O0_resume,200,easy,20170020,8,0.03060544074787713,0.03223390784173722,0.014653860096240668,1,1,1,0.0016284670938600913
seed17_P_O0_resume_step200,17,P_O0_resume,200,easy,20170021,8,0.06957758299286634,0.12375335061613744,0.04285975122379523,1,1,1,0.0541757676232711
seed17_P_O0_resume_step200,17,P_O0_resume,200,easy,20170022,8,2.21171168089252,1.213571545897117,0.9579162794369218,0.375,0.25,0.375,-0.9981401349954029
seed17_P_O0_resume_step200,17,P_O0_resume,200,easy,20170023,8,0.9152633789614243,0.2358731703368508,0.19554661046181285,0.625,0.875,0.875,-0.6793902086245736
seed17_P_O0_resume_step200,17,P_O0_resume,200,easy,20170024,8,0.01750773462209195,0.021457905428137775,0.010450875710172218,1,1,1,0.003950170806045823
seed17_P_O0_resume_step200,17,P_O0_resume,200,easy,20170025,8,1.5212741814858934,1.2612866527286926,0.3639794034192444,0.375,0.625,1,-0.2599875287572009
seed17_P_O0_resume_step200,17,P_O0_resume,200,easy,20170026,8,1.5174259914210186,0.1491682313321432,0.14283594963905652,0.375,1,1,-1.3682577600888755
seed17_P_O0_resume_step200,17,P_O0_resume,200,easy,20170027,8,0.3750444293822375,0.09185265297490264,0.0707431726422938,0.625,1,1,-0.28319177640733484
seed17_P_O0_resume_step200,17,P_O0_resume,200,easy,20170028,8,0.012020496532842803,0.04211581005548918,0.012020496532842803,1,1,1,0.030095313522646376
seed17_P_O0_resume_step200,17,P_O0_resume,200,easy,20170029,8,0.7304538884310559,0.09984434461807527,0.09984434461807527,0.625,1,1,-0.6306095438129806
seed17_P_O0_resume_step200,17,P_O0_resume,200,easy,20170030,8,0.14378387093873907,0.30058527303510374,0.14378387093873907,0.875,0.875,0.875,0.15680140209636467
seed17_P_O0_resume_step200,17,P_O0_resume,200,easy,20170031,8,0.7375797679736014,0.24478333381657297,0.06221036172723696,0.5,1,1,-0.4927964341570284
seed17_P_O0_resume_step200,17,P_O0_resume,200,easy,20170032,8,0.16551424615138544,0.0525518750716714,0.04318068754412162,1,1,1,-0.11296237107971403
seed17_P_O0_resume_step200,17,P_O0_resume,200,easy,20170033,8,0.14950142645084183,0.26965974662479714,0.1307710078876073,1,1,1,0.12015832017395531
seed17_P_O0_resume_step200,17,P_O0_resume,200,easy,20170034,8,0.8827273537272058,0.1455533452074323,0.1455533452074323,0.625,1,1,-0.7371740085197735
seed17_P_O0_resume_step200,17,P_O0_resume,200,easy,20170035,8,1.3424540225956922,2.179366579004223,1.1401738318296064,0.125,0,0.125,0.8369125564085309
seed17_P_O0_resume_step200,17,P_O0_resume,200,easy,20170036,8,0.3044227314871023,0.13535041266287864,0.03866257807106269,0.75,1,1,-0.16907231882422366
seed17_P_O0_resume_step200,17,P_O0_resume,200,easy,20170037,8,0.006232120341667327,0.22137307977568116,0.006232120341667327,1,1,1,0.21514095943401385
seed17_P_O0_resume_step200,17,P_O0_resume,200,easy,20170038,8,0.3892403865210746,1.3986129506552798,0.3793807790478455,0.75,0.25,0.875,1.009372564134205
seed17_P_O0_resume_step200,17,P_O0_resume,200,easy,20170039,8,1.255350112708291,0.4890989853800053,0.2617403567239777,0.25,0.75,1,-0.7662511273282858
seed17_P_O0_resume_step200,17,P_O0_resume,200,easy,20170040,8,0.23423536439687537,0.07901581746553399,0.056958272588710425,0.875,1,1,-0.15521954693134138
seed17_P_O0_resume_step200,17,P_O0_resume,200,easy,20170041,8,0.6268122993813063,0.20557913561800897,0.16720699983513304,0.5,1,1,-0.42123316376329734
seed17_P_O0_resume_step200,17,P_O0_resume,200,easy,20170042,8,1.613388778964322,0.5846830070903899,0.540878406143931,0.25,0.5,0.5,-1.028705771873932
seed17_P_O0_resume_step200,17,P_O0_resume,200,easy,20170043,8,0.6419798190190944,0.05960186843688859,0.030760929307713902,0.375,1,1,-0.5823779505822058
seed17_P_O0_resume_step200,17,P_O0_resume,200,easy,20170044,8,0.6025610472173192,0.2674624571124662,0.26111706137862667,0.625,1,1,-0.335098590104853
seed17_P_O0_resume_step200,17,P_O0_resume,200,easy,20170045,8,0.30318198830735804,0.12987504372173558,0.017767481389579398,0.75,1,1,-0.17330694458562246
seed17_P_O0_resume_step200,17,P_O0_resume,200,easy,20170046,8,0.17852670443508517,0.2144833070816396,0.07305986962911924,0.875,1,1,0.035956602646554425
seed17_P_O0_resume_step200,17,P_O0_resume,200,easy,20170047,8,0.437118190979797,0.4261670485930054,0.25083073125093797,0.875,1,1,-0.010951142386791568
seed17_P_O0_resume_step200,17,P_O0_resume,200,easy,20170048,8,1.0413590343299044,0.1838396541576032,0.1838396541576032,0.5,1,1,-0.8575193801723012
seed17_P_O0_resume_step200,17,P_O0_resume,200,easy,20170049,8,1.3723165533673203,2.5225232683656946,0.9697311080219988,0.625,0,0.625,1.1502067149983743
seed17_P_O0_resume_step200,17,P_O0_resume,200,easy,20170050,8,0.07330704177085917,0.25139652737453816,0.028948527999913702,1,1,1,0.178089485603679
seed17_P_O0_resume_step200,17,P_O0_resume,200,easy,20170051,8,0.829713094874307,0.031638892122001896,0.008860153153225542,0.375,1,1,-0.7980742027523051
seed17_P_O0_resume_step200,17,P_O0_resume,200,easy,20170052,8,0.1343419071139811,0.06414226152186311,0.0523159295828873,0.875,1,1,-0.070199645592118
seed17_P_O0_resume_step200,17,P_O0_resume,200,easy,20170053,8,1.5102840000999729,1.0577717198778291,0.9268669658243244,0.5,0.5,0.5,-0.45251228022214374
seed17_P_O0_resume_step200,17,P_O0_resume,200,easy,20170054,8,0.005105913915787838,0.0445899878099238,0.005105913915787838,1,1,1,0.03948407389413596
seed17_P_O0_resume_step200,17,P_O0_resume,200,easy,20170055,8,0.17187111725125892,0.13264373361858878,0.02062090120816984,0.875,1,1,-0.03922738363267014
seed17_P_O0_resume_step200,17,P_O0_resume,200,easy,20170056,8,0.6477609663504618,0.24219715371251466,0.23362702703568844,0.75,0.875,0.875,-0.4055638126379471
seed17_P_O0_resume_step200,17,P_O0_resume,200,easy,20170057,8,0.14873178414198834,0.030331631137450757,0.008578341629636114,1,1,1,-0.11840015300453759
seed17_P_O0_resume_step200,17,P_O0_resume,200,easy,20170058,8,0.191596157604868,0.02767660522730177,0.024798580907739294,1,1,1,-0.16391955237756622
seed17_P_O0_resume_step200,17,P_O0_resume,200,easy,20170059,8,1.0484366136202437,0.30729015691578754,0.30729015691578754,0.5,1,1,-0.7411464567044561
seed17_P_O0_resume_step200,17,P_O0_resume,200,easy,20170060,8,1.1243123428678732,0.26548874665538563,0.2561432148986552,0.375,0.875,0.875,-0.8588235962124875
seed17_P_O0_resume_step200,17,P_O0_resume,200,easy,20170061,8,1.3704365614245997,0.23517264249740924,0.04184697296032944,0.5,1,1,-1.1352639189271905
seed17_P_O0_resume_step200,17,P_O0_resume,200,easy,20170062,8,0.37692550532978086,0.3180911429945307,0.19043254440588972,1,0.875,1,-0.05883436233525019
seed17_P_O0_resume_step200,17,P_O0_resume,200,easy,20170063,8,0.5008708040919815,0.28116518245102884,0.2611209704757724,0.75,0.875,0.875,-0.21970562164095264
seed17_P_O0_resume_step200,17,P_O0_resume,200,easy,20170064,8,0.21503709291510076,1.0174499813610252,0.21503709291510076,1,0.375,1,0.8024128884459244
seed17_P_O0_resume_step200,17,P_O0_resume,200,easy,20170065,8,0.689202254023182,0.2579884473723538,0.06927172682893182,0.75,1,1,-0.4312138066508282
seed17_P_O0_resume_step200,17,P_O0_resume,200,easy,20170066,8,0.017614235009174844,0.009379226125810535,0.001481317376086219,1,1,1,-0.008235008883364309
seed17_P_O0_resume_step200,17,P_O0_resume,200,easy,20170067,8,0.2584500814952264,0.23479951721957004,0.17383224886325094,0.875,0.875,0.875,-0.02365056427565637
seed17_P_O0_resume_step200,17,P_O0_resume,200,easy,20170068,8,0.10083982480034691,0.24026895347363936,0.08563408222440304,1,1,1,0.13942912867329244
seed17_P_O0_resume_step200,17,P_O0_resume,200,easy,20170069,8,0.3426021547781083,0.13233079930642536,0.11372011898892874,0.875,0.875,0.875,-0.21027135547168294
seed17_P_O0_resume_step200,17,P_O0_resume,200,easy,20170070,8,0.37310203114238943,1.2004576567905225,0.36357258475346377,0.875,0.125,0.875,0.8273556256481331
seed17_P_O0_resume_step200,17,P_O0_resume,200,easy,20170071,8,0.5734134791831647,1.1748619734304857,0.39000700342382016,0.75,0.25,0.75,0.601448494247321
seed17_P_O0_resume_step200,17,P_O0_resume,200,easy,20170072,8,0.4594830557446394,0.18932839321148845,0.035254193244820535,0.75,1,1,-0.2701546625331509
seed17_P_O0_resume_step200,17,P_O0_resume,200,easy,20170073,8,0.30507824210196033,0.03251048688407186,0.03251048688407186,0.875,1,1,-0.27256775521788845
seed17_P_O0_resume_step200,17,P_O0_resume,200,easy,20170074,8,0.8971684207031729,0.6821086246362478,0.6222074196067461,0.625,0.625,0.625,-0.21505979606692516
seed17_P_O0_resume_step200,17,P_O0_resume,200,easy,20170075,8,0.010283372974970785,0.2786360796589268,0.010283372974970785,1,1,1,0.268352706683956
seed17_P_O0_resume_step200,17,P_O0_resume,200,easy,20170076,8,0.11283592221539754,0.06920849915493034,0.03036238399895263,1,1,1,-0.0436274230604672
seed17_P_O0_resume_step200,17,P_O0_resume,200,easy,20170077,8,1.2042448770451324,0.11494364476019221,0.08408979922884276,0.375,1,1,-1.0893012322849402
seed17_P_O0_resume_step200,17,P_O0_resume,200,easy,20170078,8,1.8138228584735478,0.47098064959619734,0.47098064959619734,0.375,0.875,0.875,-1.3428422088773506
seed17_P_O0_resume_step200,17,P_O0_resume,200,easy,20170079,8,0.07299235125092494,0.03569332839984233,0.013032838293958262,1,1,1,-0.037299022851082615
seed17_P_O0_resume_step200,17,P_O0_resume,200,easy,20170080,8,1.0800304451463214,0.8052387483589775,0.7864854262362414,0.375,0.375,0.375,-0.27479169678734394
seed17_P_O0_resume_step200,17,P_O0_resume,200,easy,20170081,8,0.669493913358645,0.2423453683880633,0.14815513591198504,0.5,1,1,-0.42714854497058174
seed17_P_O0_resume_step200,17,P_O0_resume,200,easy,20170082,8,0.7101878930220878,2.2021834225688357,0.16591996840307457,0.625,0.375,1,1.491995529546748
seed17_P_O0_resume_step200,17,P_O0_resume,200,easy,20170083,8,0.018376140552613572,0.24246771635232922,0.018376140552613572,1,1,1,0.22409157579971564
seed17_P_O0_resume_step200,17,P_O0_resume,200,easy,20170084,8,0.28894678883518016,0.08939689626778477,0.08212323045427593,0.875,1,1,-0.1995498925673954
seed17_P_O0_resume_step200,17,P_O0_resume,200,easy,20170085,8,0.007810072530696476,0.06463953165442073,0.007810072530696476,1,1,1,0.05682945912372425
seed17_P_O0_resume_step200,17,P_O0_resume,200,easy,20170086,8,0.041641750694435306,0.8749070596501004,0.030075533822136742,1,0.375,1,0.8332653089556651
seed17_P_O0_resume_step200,17,P_O0_resume,200,easy,20170087,8,2.173060077890384,1.3940635887050932,1.3940635887050932,0.25,0.25,0.25,-0.7789964891852907
seed17_P_O0_resume_step200,17,P_O0_resume,200,easy,20170088,8,0.26741831828325713,0.24907509694699848,0.18202712921199474,0.875,1,1,-0.018343221336258653
seed17_P_O0_resume_step200,17,P_O0_resume,200,easy,20170089,8,0.7740906814342216,0.15339223467967228,0.15339223467967228,0.375,1,1,-0.6206984467545493
seed17_P_O0_resume_step200,17,P_O0_resume,200,easy,20170090,8,1.2486950239256254,1.5105871124641177,0.9669958573692344,0.25,0,0.25,0.26189208853849233
seed17_P_O0_resume_step200,17,P_O0_resume,200,easy,20170091,8,0.011376632524407728,0.028027007610151713,0.010649435513860179,1,1,1,0.016650375085743983
seed17_P_O0_resume_step200,17,P_O0_resume,200,easy,20170092,8,0.23204444886695108,0.06011262219738184,0.04915618320556369,0.75,1,1,-0.17193182666956924
seed17_P_O0_resume_step200,17,P_O0_resume,200,easy,20170093,8,2.879769171137312,1.6489395323139202,1.3411082792934597,0.25,0.125,0.25,-1.2308296388233917
seed17_P_O0_resume_step200,17,P_O0_resume,200,easy,20170094,8,1.6509456823394206,0.3554976950449496,0.3554976950449496,0.375,0.875,0.875,-1.295447987294471
seed17_P_O0_resume_step200,17,P_O0_resume,200,easy,20170095,8,0.7955063746161888,0.2267977418559059,0.0920653329918298,0.625,1,1,-0.5687086327602828
seed17_P_O0_resume_step200,17,P_O0_resume,200,easy,20170096,8,1.0017464165133747,0.588104111655949,0.4929864679526332,0.625,0.625,0.625,-0.4136423048574257
seed17_P_O0_resume_step200,17,P_O0_resume,200,easy,20170097,8,0.9771971084607473,0.30120458622202245,0.29834417484953984,0.375,1,1,-0.6759925222387249
seed17_P_O0_resume_step200,17,P_O0_resume,200,easy,20170098,8,0.40547874309285553,0.26981258423512233,0.08465749242527083,0.75,1,1,-0.1356661588577332
seed17_P_O0_resume_step200,17,P_O0_resume,200,easy,20170099,8,0.522275089687128,0.056955300654771834,0.029568503099411506,0.75,1,1,-0.46531978903235616
seed17_P_O0_resume_step200,17,P_O0_resume,200,hard,20170000,8,1.1083593908528555,0.9455488419646281,0.9125113689439366,0.25,0.75,0.75,-0.16281054888822744
seed17_P_O0_resume_step200,17,P_O0_resume,200,hard,20170001,8,1.1605207364716432,1.2495181493435341,1.1444758596394669,0.5,0.5,0.5,0.08899741287189089
seed17_P_O0_resume_step200,17,P_O0_resume,200,hard,20170002,8,1.4862603625268729,1.0926105399919843,1.0808419655953525,0.375,0.375,0.375,-0.39364982253488856
seed17_P_O0_resume_step200,17,P_O0_resume,200,hard,20170003,8,0.6048323368975855,1.0065985358388805,0.4495872536566414,1,0.5,1,0.40176619894129495
seed17_P_O0_resume_step200,17,P_O0_resume,200,hard,20170004,8,1.1561533529926402,0.9399832786846937,0.8274597929974806,0.375,0.75,1,-0.21617007430794655
seed17_P_O0_resume_step200,17,P_O0_resume,200,hard,20170005,8,0.9842276131872219,0.8848324104383637,0.8848324104383637,0.875,0.875,0.875,-0.09939520274885816
seed17_P_O0_resume_step200,17,P_O0_resume,200,hard,20170006,8,1.3040980052267759,1.3626757837415127,1.24255621425955,0.125,0.25,0.25,0.05857777851473678
seed17_P_O0_resume_step200,17,P_O0_resume,200,hard,20170007,8,1.2048790782840295,1.3923295193141028,1.1701166621450878,0.25,0.375,0.375,0.18745044103007324
seed17_P_O0_resume_step200,17,P_O0_resume,200,hard,20170008,8,1.3549658550982564,1.324145097708235,1.2775023279147275,0,0,0,-0.030820757390021436
seed17_P_O0_resume_step200,17,P_O0_resume,200,hard,20170009,8,1.8651222828244984,1.471718437068626,1.3357006262291262,0.375,0.375,0.375,-0.3934038457558724
seed17_P_O0_resume_step200,17,P_O0_resume,200,hard,20170010,8,1.4899885512505464,1.6553177090325897,1.3757517781952167,0.125,0,0.125,0.16532915778204327
seed17_P_O0_resume_step200,17,P_O0_resume,200,hard,20170011,8,0.8590332831610044,0.6927716914464683,0.6285608731826624,0.5,0.875,0.875,-0.16626159171453603
seed17_P_O0_resume_step200,17,P_O0_resume,200,hard,20170012,8,0.8099929611042043,0.7005206128164293,0.7005206128164293,0.875,0.875,0.875,-0.10947234828777497
seed17_P_O0_resume_step200,17,P_O0_resume,200,hard,20170013,8,1.0224502790340728,1.454035798089495,0.9286904182090105,0.5,0.125,0.5,0.4315855190554221
seed17_P_O0_resume_step200,17,P_O0_resume,200,hard,20170014,8,0.8540290509304409,1.1479893466969338,0.5767725883380228,0.75,0.75,0.875,0.29396029576649285
seed17_P_O0_resume_step200,17,P_O0_resume,200,hard,20170015,8,1.0125005372902742,2.1054357021919707,0.8810003558319286,0.5,0.125,0.625,1.0929351649016965
seed17_P_O0_resume_step200,17,P_O0_resume,200,hard,20170016,8,0.8703123882854937,0.9512583450643631,0.8456779251993747,0.5,0.5,0.5,0.0809459567788694
seed17_P_O0_resume_step200,17,P_O0_resume,200,hard,20170017,8,0.5881924449809908,0.7909107881674319,0.5881924449809908,0.875,0.625,0.875,0.2027183431864411
seed17_P_O0_resume_step200,17,P_O0_resume,200,hard,20170018,8,1.3895774844200597,0.9777348393215576,0.9777348393215576,0,0.625,0.625,-0.4118426450985021
seed17_P_O0_resume_step200,17,P_O0_resume,200,hard,20170019,8,1.3451104192688506,1.1159684660271176,1.1159684660271176,0.125,0.625,0.625,-0.22914195324173292
seed17_P_O0_resume_step200,17,P_O0_resume,200,hard,20170020,8,1.0230967241626812,0.9363150232300881,0.933974294171136,0.625,0.625,0.625,-0.08678170093259308
seed17_P_O0_resume_step200,17,P_O0_resume,200,hard,20170021,8,0.9819648701459974,0.6036658273919286,0.6036658273919286,0.125,1,1,-0.3782990427540688
seed17_P_O0_resume_step200,17,P_O0_resume,200,hard,20170022,8,0.979314729501623,1.2142548628389496,0.9156886276777114,0.625,0.375,0.625,0.23494013333732655
seed17_P_O0_resume_step200,17,P_O0_resume,200,hard,20170023,8,2.7428232480699557,1.9699580513505879,1.7832886775959755,0.125,0,0.125,-0.7728651967193678
seed17_P_O0_resume_step200,17,P_O0_resume,200,hard,20170024,8,1.5046345351079817,1.0652004666786867,1.0652004666786867,0.25,0.375,0.375,-0.439434068429295
seed17_P_O0_resume_step200,17,P_O0_resume,200,hard,20170025,8,1.1937362192934182,0.9604464679279949,0.6501155698433123,0.5,1,1,-0.2332897513654233
seed17_P_O0_resume_step200,17,P_O0_resume,200,hard,20170026,8,1.1664102447504663,1.007763896163449,1.007763896163449,0.625,0.75,0.75,-0.15864634858701732
seed17_P_O0_resume_step200,17,P_O0_resume,200,hard,20170027,8,1.1862580336760913,0.8988449715618966,0.8988449715618966,0.5,1,1,-0.2874130621141947
seed17_P_O0_resume_step200,17,P_O0_resume,200,hard,20170028,8,1.3881853815007137,1.2328018284307274,1.2328018284307274,0,0.25,0.25,-0.1553835530699863
seed17_P_O0_resume_step200,17,P_O0_resume,200,hard,20170029,8,1.4355655296471501,1.1414044657275917,1.1414044657275917,0,0.5,0.5,-0.29416106391955843
seed17_P_O0_resume_step200,17,P_O0_resume,200,hard,20170030,8,1.3070427516967695,1.0190350493535587,0.8371173028962139,0.5,0.625,0.625,-0.2880077023432108
seed17_P_O0_resume_step200,17,P_O0_resume,200,hard,20170031,8,0.5686948541144624,1.0340838756061932,0.5686948541144624,1,0.375,1,0.4653890214917308
seed17_P_O0_resume_step200,17,P_O0_resume,200,hard,20170032,8,1.1245025017756018,1.2588989977932776,1.0660536470026258,0.625,0.5,0.75,0.13439649601767578
seed17_P_O0_resume_step200,17,P_O0_resume,200,hard,20170033,8,0.913602697606695,1.5638983979786296,0.913602697606695,0.75,0.125,0.75,0.6502957003719346
seed17_P_O0_resume_step200,17,P_O0_resume,200,hard,20170034,8,1.2443477243764645,1.0195142700763515,1.0195142700763515,0.125,1,1,-0.22483345430011292
seed17_P_O0_resume_step200,17,P_O0_resume,200,hard,20170035,8,1.3421166556399182,1.4576583852482898,1.3209938774710193,0.125,0,0.125,0.11554172960837161
seed17_P_O0_resume_step200,17,P_O0_resume,200,hard,20170036,8,3.3472472743018877,1.3212239732586717,1.3212239732586717,0,0.625,0.625,-2.026023301043216
seed17_P_O0_resume_step200,17,P_O0_resume,200,hard,20170037,8,1.04999734893744,0.8537415548935714,0.8498961575500753,0.625,0.75,0.875,-0.1962557940438685
seed17_P_O0_resume_step200,17,P_O0_resume,200,hard,20170038,8,1.6378196010255277,1.3547427177832558,0.589294203560477,0.5,0.125,0.625,-0.28307688324227187
seed17_P_O0_resume_step200,17,P_O0_resume,200,hard,20170039,8,1.5713934234078726,1.8693242998379083,1.4687762692767965,0,0,0,0.2979308764300357
seed17_P_O0_resume_step200,17,P_O0_resume,200,hard,20170040,8,1.2177738987641433,1.317502307805514,1.0494548080711252,0.375,0,0.375,0.09972840904137059
seed17_P_O0_resume_step200,17,P_O0_resume,200,hard,20170041,8,1.30592672743986,1.297171734841377,1.1920319595760225,0,0,0,-0.008754992598483113
seed17_P_O0_resume_step200,17,P_O0_resume,200,hard,20170042,8,1.2394931338669257,1.7998175213789274,1.2394931338669257,0.25,0.25,0.25,0.5603243875120016
seed17_P_O0_resume_step200,17,P_O0_resume,200,hard,20170043,8,1.1952837501570182,1.5331877853346456,1.1952837501570182,0.375,0.25,0.375,0.33790403517762746
seed17_P_O0_resume_step200,17,P_O0_resume,200,hard,20170044,8,3.5711265645004326,1.7316293827571525,1.7316293827571525,0,0.5,0.5,-1.8394971817432801
seed17_P_O0_resume_step200,17,P_O0_resume,200,hard,20170045,8,1.0349803825893376,1.230850030118281,0.906619616005107,0.75,0.25,1,0.19586964752894342
seed17_P_O0_resume_step200,17,P_O0_resume,200,hard,20170046,8,0.9120760509208167,0.815347338110116,0.815347338110116,0.5,0.5,0.5,-0.09672871281070072
seed17_P_O0_resume_step200,17,P_O0_resume,200,hard,20170047,8,1.111956763827461,1.206282839798667,1.0835930198619774,0.875,0.625,0.875,0.0943260759712059
seed17_P_O0_resume_step200,17,P_O0_resume,200,hard,20170048,8,0.9388321843515873,0.8191938195468065,0.818655229849494,0.625,0.625,0.625,-0.11963836480478085
seed17_P_O0_resume_step200,17,P_O0_resume,200,hard,20170049,8,1.7152370741626368,1.5818893662539437,1.5640632798200405,0,0,0,-0.1333477079086931
seed17_P_O0_resume_step200,17,P_O0_resume,200,hard,20170050,8,0.8413002460167216,0.9280731711937671,0.833984217310424,0.875,0.75,0.875,0.08677292517704549
seed17_P_O0_resume_step200,17,P_O0_resume,200,hard,20170051,8,1.411871758735278,1.1137795769541736,1.1137795769541736,0.125,0.5,0.5,-0.2980921817811044
seed17_P_O0_resume_step200,17,P_O0_resume,200,hard,20170052,8,0.8678015640307096,0.9790911082483045,0.8668192797651101,0.875,0.875,0.875,0.11128954421759485
seed17_P_O0_resume_step200,17,P_O0_resume,200,hard,20170053,8,0.6285033116179558,0.6408802559074347,0.5882527862743085,0.875,1,1,0.012376944289478886
seed17_P_O0_resume_step200,17,P_O0_resume,200,hard,20170054,8,1.3326200327565807,1.1197951691295491,1.093607469282898,0.625,0.75,0.75,-0.21282486362703157
seed17_P_O0_resume_step200,17,P_O0_resume,200,hard,20170055,8,0.6493089050407335,0.9200608091655527,0.4140454299833595,0.625,0.375,1,0.2707519041248192
seed17_P_O0_resume_step200,17,P_O0_resume,200,hard,20170056,8,1.2539351487582346,1.1278443027319767,1.1278443027319767,0.5,0.625,0.625,-0.12609084602625797
seed17_P_O0_resume_step200,17,P_O0_resume,200,hard,20170057,8,1.3812382789827424,1.2510886345794234,1.2087332731819251,0.5,0.375,0.5,-0.130149644403319
seed17_P_O0_resume_step200,17,P_O0_resume,200,hard,20170058,8,3.5335384960922815,1.4986232971838997,1.4986232971838997,0,0.375,0.375,-2.034915198908382
seed17_P_O0_resume_step200,17,P_O0_resume,200,hard,20170059,8,0.9474652316960182,0.8958084056570643,0.848033889507834,0.875,1,1,-0.05165682603895383
seed17_P_O0_resume_step200,17,P_O0_resume,200,hard,20170060,8,1.433902321435274,1.2649705479197886,0.7180811493737377,0.625,0.625,0.625,-0.16893177351548538
seed17_P_O0_resume_step200,17,P_O0_resume,200,hard,20170061,8,2.095219422667132,1.8450753891321139,1.8450753891321139,0,0,0,-0.25014403353501824
seed17_P_O0_resume_step200,17,P_O0_resume,200,hard,20170062,8,1.3646761528906481,1.20974240681389,1.0892411234136272,0.125,0.5,0.625,-0.15493374607675814
seed17_P_O0_resume_step200,17,P_O0_resume,200,hard,20170063,8,1.1120192808109288,1.1069440216783906,1.073548111242151,0.25,0.625,0.25,-0.005075259132538257
seed17_P_O0_resume_step200,17,P_O0_resume,200,hard,20170064,8,0.8854322712047571,1.0709309943701066,0.8583547465098752,0.625,0.375,0.75,0.18549872316534954
seed17_P_O0_resume_step200,17,P_O0_resume,200,hard,20170065,8,1.3065961256473086,0.6912913290064054,0.6912913290064054,0,1,1,-0.6153047966409032
seed17_P_O0_resume_step200,17,P_O0_resume,200,hard,20170066,8,0.7269414736630796,0.7846121874615882,0.5844600857066733,0.625,1,1,0.05767071379850863
seed17_P_O0_resume_step200,17,P_O0_resume,200,hard,20170067,8,1.2874538366563637,1.0079287818671456,0.9875099693362666,0.375,0.625,0.75,-0.2795250547892181
seed17_P_O0_resume_step200,17,P_O0_resume,200,hard,20170068,8,1.3293893114451532,1.6044476708236166,1.2654293410728237,0.25,0.125,0.375,0.27505835937846346
seed17_P_O0_resume_step200,17,P_O0_resume,200,hard,20170069,8,1.431219453652169,1.5562298871027027,1.220772999776924,0,0,0,0.12501043345053375
seed17_P_O0_resume_step200,17,P_O0_resume,200,hard,20170070,8,0.9737772279333107,1.2226167648388069,0.9737772279333107,0.625,0.25,0.625,0.2488395369054962
seed17_P_O0_resume_step200,17,P_O0_resume,200,hard,20170071,8,0.3781942804897588,0.7962191922994961,0.23667314311336107,1,0.625,1,0.41802491180973733
seed17_P_O0_resume_step200,17,P_O0_resume,200,hard,20170072,8,1.3473797417860167,1.4692929808688384,1.308533482456863,0.375,0,0.125,0.1219132390828217
seed17_P_O0_resume_step200,17,P_O0_resume,200,hard,20170073,8,1.0824555121482977,0.7940967597812946,0.7478979095462306,0.625,0.75,0.75,-0.28835875236700315
seed17_P_O0_resume_step200,17,P_O0_resume,200,hard,20170074,8,1.209278817610136,1.3009019190065905,1.1978065746676994,0.75,0.375,0.75,0.09162310139645458
seed17_P_O0_resume_step200,17,P_O0_resume,200,hard,20170075,8,1.185483589308497,1.0697393961048804,1.0183755227189755,0.5,0.625,0.625,-0.11574419320361651
seed17_P_O0_resume_step200,17,P_O0_resume,200,hard,20170076,8,1.485752690393755,1.131882414903413,1.131882414903413,0.625,0.625,0.625,-0.353870275490342
seed17_P_O0_resume_step200,17,P_O0_resume,200,hard,20170077,8,1.5818193780893155,1.6463779238501648,1.4824859845072802,0,0,0,0.0645585457608493
seed17_P_O0_resume_step200,17,P_O0_resume,200,hard,20170078,8,1.1458433244776929,1.0342872547620006,1.0342872547620006,0.75,0.75,0.75,-0.11155606971569232
seed17_P_O0_resume_step200,17,P_O0_resume,200,hard,20170079,8,1.0614365928215082,1.2702599580258225,1.0361722954919994,0.5,0.125,0.125,0.20882336520431433
seed17_P_O0_resume_step200,17,P_O0_resume,200,hard,20170080,8,0.8245294120413923,1.3161920041337851,0.8245294120413923,0.625,0,0.625,0.4916625920923928
seed17_P_O0_resume_step200,17,P_O0_resume,200,hard,20170081,8,1.5607497639286814,1.465266049387636,0.783944740033881,0.625,0,0.625,-0.09548371454104543
seed17_P_O0_resume_step200,17,P_O0_resume,200,hard,20170082,8,1.1739039935582165,1.4022697406852627,1.1739039935582165,0.5,0.375,0.5,0.22836574712704616
seed17_P_O0_resume_step200,17,P_O0_resume,200,hard,20170083,8,1.6370231433506073,1.0439691276146983,0.9434612078217645,0,0.375,0.375,-0.593054015735909
seed17_P_O0_resume_step200,17,P_O0_resume,200,hard,20170084,8,1.422774087310414,1.4744277494008828,1.4100407204174707,0,0,0,0.051653662090468844
seed17_P_O0_resume_step200,17,P_O0_resume,200,hard,20170085,8,1.0622057200535824,0.7172932869319267,0.5474152460813907,0.125,0.75,0.75,-0.34491243312165565
seed17_P_O0_resume_step200,17,P_O0_resume,200,hard,20170086,8,1.5128412802956297,1.8836147661943317,1.4398251209152362,0,0.25,0.25,0.37077348589870196
seed17_P_O0_resume_step200,17,P_O0_resume,200,hard,20170087,8,2.6344964406897855,1.3695957630157156,1.3695957630157156,0,0.25,0.25,-1.2649006776740699
seed17_P_O0_resume_step200,17,P_O0_resume,200,hard,20170088,8,0.9513836199412559,2.313622224629046,0.8826208301636989,0.625,0.125,0.75,1.3622386046877901
seed17_P_O0_resume_step200,17,P_O0_resume,200,hard,20170089,8,1.927403748573634,0.8067211044059674,0.8067211044059674,0,0.5,0.5,-1.1206826441676665
seed17_P_O0_resume_step200,17,P_O0_resume,200,hard,20170090,8,0.7410789444340623,0.8011867915433131,0.7410789444340623,0.625,0.625,0.625,0.06010784710925077
seed17_P_O0_resume_step200,17,P_O0_resume,200,hard,20170091,8,1.3380068672869136,1.1396171160114204,1.12913988833995,0.25,0.625,0.625,-0.1983897512754933
seed17_P_O0_resume_step200,17,P_O0_resume,200,hard,20170092,8,1.3593233853554674,1.4900537997111707,1.3593233853554674,0,0,0,0.13073041435570332
seed17_P_O0_resume_step200,17,P_O0_resume,200,hard,20170093,8,1.2355101765587413,1.2299217833197305,1.1950455274314855,0.75,0.75,0.75,-0.005588393239010836
seed17_P_O0_resume_step200,17,P_O0_resume,200,hard,20170094,8,1.1150440020033132,1.235338676815372,0.883069234862502,0.5,0.5,1,0.1202946748120588
seed17_P_O0_resume_step200,17,P_O0_resume,200,hard,20170095,8,0.7550332668168318,1.0912250084630424,0.5388978572999672,0.5,0.625,1,0.3361917416462106
seed17_P_O0_resume_step200,17,P_O0_resume,200,hard,20170096,8,1.0815028345467697,1.045096236026465,0.948735615919355,0.75,0.5,0.75,-0.03640659852030459
seed17_P_O0_resume_step200,17,P_O0_resume,200,hard,20170097,8,1.3058499724177914,1.346267874833819,1.274125244191348,0,0,0,0.04041790241602761
seed17_P_O0_resume_step200,17,P_O0_resume,200,hard,20170098,8,1.3043422100089128,1.1529787228247252,1.1529787228247252,0.25,0.5,0.5,-0.15136348718418757
seed17_P_O0_resume_step200,17,P_O0_resume,200,hard,20170099,8,1.7466497632748523,1.6590693569727222,1.6590693569727222,0.5,0.5,0.5,-0.08758040630213015
seed17_P_O0_resume_step400,17,P_O0_resume,400,easy,20170000,8,0.7107162229617271,0.20602384398131063,0.18998430631399432,0.625,1,1,-0.5046923789804165
seed17_P_O0_resume_step400,17,P_O0_resume,400,easy,20170001,8,1.7146112268046414,0.5001051804588119,0.4831040113803626,0.375,0.75,0.75,-1.2145060463458295
seed17_P_O0_resume_step400,17,P_O0_resume,400,easy,20170002,8,0.6036588667803267,1.2249902401856296,0.4420494143548099,0.625,0.5,0.875,0.621331373405303
seed17_P_O0_resume_step400,17,P_O0_resume,400,easy,20170003,8,0.04316666844739312,1.4462851822750895,0.04316666844739312,1,0.5,1,1.4031185138276965
seed17_P_O0_resume_step400,17,P_O0_resume,400,easy,20170004,8,0.32463810611301275,1.8646487581573967,0.23369621292875417,0.75,0.125,0.875,1.540010652044384
seed17_P_O0_resume_step400,17,P_O0_resume,400,easy,20170005,8,0.9518426678806436,0.9224750810592895,0.9208459888576769,0.625,0.625,0.625,-0.029367586821354097
seed17_P_O0_resume_step400,17,P_O0_resume,400,easy,20170006,8,0.5322717966619758,1.5404445672999112,0.5322717966619758,0.625,0,0.625,1.0081727706379353
seed17_P_O0_resume_step400,17,P_O0_resume,400,easy,20170007,8,0.77288921972305,1.163710826505743,0.7529067582675972,0.375,0.125,0.375,0.39082160678269295
seed17_P_O0_resume_step400,17,P_O0_resume,400,easy,20170008,8,0.376085529430592,0.05406010503261578,0.012627695876869988,0.75,1,1,-0.3220254243979762
seed17_P_O0_resume_step400,17,P_O0_resume,400,easy,20170009,8,0.016478812907785124,0.2511830561373732,0.016478812907785124,1,1,1,0.23470424322958805
seed17_P_O0_resume_step400,17,P_O0_resume,400,easy,20170010,8,0.5546439181583985,4.525918004777846,0.5091297297492333,0.75,0.25,0.75,3.971274086619447
seed17_P_O0_resume_step400,17,P_O0_resume,400,easy,20170011,8,0.4447517933131535,0.1810766750289472,0.1767802027042331,0.75,1,1,-0.2636751182842063
seed17_P_O0_resume_step400,17,P_O0_resume,400,easy,20170012,8,0.9121154174431966,0.15085913983038896,0.14088102106026745,0.375,1,1,-0.7612562776128076
seed17_P_O0_resume_step400,17,P_O0_resume,400,easy,20170013,8,0.19798693132976825,0.016034809424456634,0.012934775258770109,1,1,1,-0.18195212190531163
seed17_P_O0_resume_step400,17,P_O0_resume,400,easy,20170014,8,0.15712428835849054,0.1261003348096082,0.07635812344024913,1,1,1,-0.03102395354888235
seed17_P_O0_resume_step400,17,P_O0_resume,400,easy,20170015,8,1.1166059385311988,1.2155456249957848,1.045585518015377,0.25,0.125,0.25,0.09893968646458595
seed17_P_O0_resume_step400,17,P_O0_resume,400,easy,20170016,8,0.056038501408893805,0.14416146739192912,0.056038501408893805,1,1,1,0.08812296598303532
seed17_P_O0_resume_step400,17,P_O0_resume,400,easy,20170017,8,0.5971620855061086,0.18493940196083825,0.16913327525769814,0.625,1,1,-0.41222268354527036
seed17_P_O0_resume_step400,17,P_O0_resume,400,easy,20170018,8,0.24364827470462486,0.04388429113805561,0.03257782340122533,1,1,1,-0.19976398356656924
seed17_P_O0_resume_step400,17,P_O0_resume,400,easy,20170019,8,0.6306053943483779,1.4130658443008397,0.6306053943483779,0.625,0.375,0.625,0.7824604499524618
seed17_P_O0_resume_step400,17,P_O0_resume,400,easy,20170020,8,0.03343498138799858,0.0896416524229896,0.03343498138799858,1,1,1,0.056206671034991024
seed17_P_O0_resume_step400,17,P_O0_resume,400,easy,20170021,8,0.10160006263453558,0.09750723954452646,0.053338795652377105,1,1,1,-0.004092823090009121
seed17_P_O0_resume_step400,17,P_O0_resume,400,easy,20170022,8,1.5457361772316238,1.6626096260274483,1.1510279670194337,0.375,0.125,0.375,0.11687344879582451
seed17_P_O0_resume_step400,17,P_O0_resume,400,easy,20170023,8,0.5296751588771136,0.14086114946673456,0.09744001499007243,0.625,1,1,-0.388814009410379
seed17_P_O0_resume_step400,17,P_O0_resume,400,easy,20170024,8,0.019834965353047785,0.024058430078099706,0.0159320243323005,1,1,1,0.004223464725051921
seed17_P_O0_resume_step400,17,P_O0_resume,400,easy,20170025,8,1.1942189002944117,2.5339634822199724,1.1942189002944117,0.375,0,0.375,1.3397445819255607
seed17_P_O0_resume_step400,17,P_O0_resume,400,easy,20170026,8,0.6559182981681713,0.06711510619835899,0.04476409876627693,0.625,1,1,-0.5888031919698122
seed17_P_O0_resume_step400,17,P_O0_resume,400,easy,20170027,8,0.1698136982961116,0.6325131685571774,0.1698136982961116,1,0.625,1,0.46269947026106584
seed17_P_O0_resume_step400,17,P_O0_resume,400,easy,20170028,8,0.012803270239376757,0.04240670095675025,0.012803270239376757,1,1,1,0.02960343071737349
seed17_P_O0_resume_step400,17,P_O0_resume,400,easy,20170029,8,0.7079811320095735,2.488945001922843,0.6287122991409791,0.5,0.375,0.5,1.7809638699132695
seed17_P_O0_resume_step400,17,P_O0_resume,400,easy,20170030,8,0.1970167749385184,0.638602642469442,0.1970167749385184,0.875,0.75,0.875,0.44158586753092355
seed17_P_O0_resume_step400,17,P_O0_resume,400,easy,20170031,8,0.5727649812967583,0.21222039044468097,0.19126875828112933,0.5,1,1,-0.36054459085207735
seed17_P_O0_resume_step400,17,P_O0_resume,400,easy,20170032,8,0.0751989176995221,0.07085729022511797,0.024320092739035275,1,1,1,-0.004341627474404128
seed17_P_O0_resume_step400,17,P_O0_resume,400,easy,20170033,8,0.20908012715815755,0.7676085648181591,0.20908012715815755,0.875,0.75,0.875,0.5585284376600015
seed17_P_O0_resume_step400,17,P_O0_resume,400,easy,20170034,8,0.954315974988638,0.425892050137809,0.425892050137809,0.375,1,1,-0.5284239248508289
seed17_P_O0_resume_step400,17,P_O0_resume,400,easy,20170035,8,1.4993311616480065,2.8229224686288084,1.4993311616480065,0,0,0,1.3235913069808019
seed17_P_O0_resume_step400,17,P_O0_resume,400,easy,20170036,8,0.34819564020013355,0.3283882811407496,0.30434683649741856,0.75,0.875,0.875,-0.019807359059383967
seed17_P_O0_resume_step400,17,P_O0_resume,400,easy,20170037,8,0.010244013345761927,0.11411335043604515,0.010244013345761927,1,1,1,0.10386933709028322
seed17_P_O0_resume_step400,17,P_O0_resume,400,easy,20170038,8,0.7438944920979113,5.453024706253847,0.7438944920979113,0.625,0,0.625,4.709130214155936
seed17_P_O0_resume_step400,17,P_O0_resume,400,easy,20170039,8,0.6544765207902714,0.9674432320235221,0.42592900096290803,0.5,0.625,0.875,0.3129667112332507
seed17_P_O0_resume_step400,17,P_O0_resume,400,easy,20170040,8,0.10574355266268684,0.03651669477269881,0.02381442338057293,0.875,1,1,-0.06922685788998803
seed17_P_O0_resume_step400,17,P_O0_resume,400,easy,20170041,8,0.26579724624163165,0.1335004200270173,0.0738800596541909,1,1,1,-0.13229682621461433
seed17_P_O0_resume_step400,17,P_O0_resume,400,easy,20170042,8,1.0527630840741633,0.5400902898235548,0.3217410688943315,0.25,0.875,1,-0.5126727942506085
seed17_P_O0_resume_step400,17,P_O0_resume,400,easy,20170043,8,0.920259462277109,0.23234092265165876,0.22881494951083559,0.375,1,1,-0.6879185396254502
seed17_P_O0_resume_step400,17,P_O0_resume,400,easy,20170044,8,0.8250645714179525,0.3142050085489734,0.3091752202523405,0.625,0.875,0.875,-0.5108595628689792
seed17_P_O0_resume_step400,17,P_O0_resume,400,easy,20170045,8,0.8183282363502801,0.10512958289867962,0.033743192106738366,0.5,1,1,-0.7131986534516005
seed17_P_O0_resume_step400,17,P_O0_resume,400,easy,20170046,8,0.37151449186316643,1.5142126292544276,0.37151449186316643,0.875,0,0.875,1.1426981373912612
seed17_P_O0_resume_step400,17,P_O0_resume,400,easy,20170047,8,0.47219046810057275,1.6527097355713394,0.42816821979888703,0.75,0.125,0.75,1.1805192674707667
seed17_P_O0_resume_step400,17,P_O0_resume,400,easy,20170048,8,1.674299527076986,0.41179420364456215,0.41179420364456215,0.125,1,1,-1.262505323432424
seed17_P_O0_resume_step400,17,P_O0_resume,400,easy,20170049,8,1.0192579547716503,2.2415235770024418,0.9460418841637451,0.375,0,0.375,1.2222656222307915
seed17_P_O0_resume_step400,17,P_O0_resume,400,easy,20170050,8,0.44922564727068,0.7791289708558974,0.32508529934936253,0.75,0.5,0.75,0.3299033235852174
seed17_P_O0_resume_step400,17,P_O0_resume,400,easy,20170051,8,1.5173844348897751,0.2673855970940272,0.2652033357494261,0.375,1,1,-1.249998837795748
seed17_P_O0_resume_step400,17,P_O0_resume,400,easy,20170052,8,0.17872551800380623,0.08838092462762909,0.07718371289860057,0.875,1,1,-0.09034459337617715
seed17_P_O0_resume_step400,17,P_O0_resume,400,easy,20170053,8,1.0653832150008018,1.7054756336350947,1.0653832150008018,0.5,0.25,0.5,0.6400924186342929
seed17_P_O0_resume_step400,17,P_O0_resume,400,easy,20170054,8,0.003257596017246115,0.008809018006922475,0.003257596017246115,1,1,1,0.00555142198967636
seed17_P_O0_resume_step400,17,P_O0_resume,400,easy,20170055,8,0.40816095034629546,0.16867576983297206,0.15364723223206375,0.875,1,1,-0.2394851805133234
seed17_P_O0_resume_step400,17,P_O0_resume,400,easy,20170056,8,0.4295873821642383,0.9154347569579472,0.21859994498426807,0.75,0.5,1,0.4858473747937089
seed17_P_O0_resume_step400,17,P_O0_resume,400,easy,20170057,8,0.8447769187478411,0.24457753218550074,0.23689439049428485,0.375,1,1,-0.6001993865623404
seed17_P_O0_resume_step400,17,P_O0_resume,400,easy,20170058,8,0.7664168003969075,0.1600084119839961,0.1600084119839961,0.5,1,1,-0.6064083884129114
seed17_P_O0_resume_step400,17,P_O0_resume,400,easy,20170059,8,0.6596843479818636,0.5780268591324005,0.3824868154601414,0.5,0.75,0.875,-0.08165748884946311
seed17_P_O0_resume_step400,17,P_O0_resume,400,easy,20170060,8,0.7035559287020035,0.21740357190998885,0.21298189905499057,0.5,1,1,-0.48615235679201463
seed17_P_O0_resume_step400,17,P_O0_resume,400,easy,20170061,8,0.7408143624746257,0.10674757820592883,0.07426907041232102,0.5,1,1,-0.6340667842686969
seed17_P_O0_resume_step400,17,P_O0_resume,400,easy,20170062,8,0.4044893002196069,0.5128079342801503,0.3308677408238962,0.875,0.75,0.875,0.10831863406054337
seed17_P_O0_resume_step400,17,P_O0_resume,400,easy,20170063,8,0.8263694061696668,0.8431839212835377,0.7582865020687926,0.625,0.625,0.625,0.016814515113870887
seed17_P_O0_resume_step400,17,P_O0_resume,400,easy,20170064,8,0.3920427893281026,1.9304571993429382,0.3920427893281026,0.75,0,0.75,1.5384144100148356
seed17_P_O0_resume_step400,17,P_O0_resume,400,easy,20170065,8,0.4961603751879835,0.16028753330383158,0.14071358274026247,0.75,1,1,-0.3358728418841519
seed17_P_O0_resume_step400,17,P_O0_resume,400,easy,20170066,8,0.27243392712603337,0.009161128074775976,0.0020323850154492637,0.875,1,1,-0.2632727990512574
seed17_P_O0_resume_step400,17,P_O0_resume,400,easy,20170067,8,0.5263423868456364,0.8014672613190899,0.5049320326252826,0.75,0.625,0.75,0.27512487447345346
seed17_P_O0_resume_step400,17,P_O0_resume,400,easy,20170068,8,0.30702302302592116,1.1442396512640365,0.2709358945325958,0.875,0.5,0.875,0.8372166282381153
seed17_P_O0_resume_step400,17,P_O0_resume,400,easy,20170069,8,0.22496947280654173,0.07818721221381125,0.06993590137584903,0.875,1,1,-0.14678226059273047
seed17_P_O0_resume_step400,17,P_O0_resume,400,easy,20170070,8,0.2793926915822386,2.026039596353548,0.2793926915822386,0.875,0.125,0.875,1.7466469047713091
seed17_P_O0_resume_step400,17,P_O0_resume,400,easy,20170071,8,0.4419198873842335,1.555821519667546,0.39340213210394104,0.75,0.125,0.75,1.1139016322833126
seed17_P_O0_resume_step400,17,P_O0_resume,400,easy,20170072,8,0.3044075948174571,0.09897140909716656,0.05854536035066459,0.875,1,1,-0.20543618572029054
seed17_P_O0_resume_step400,17,P_O0_resume,400,easy,20170073,8,0.6156972486658764,1.2876878325969892,0.6156972486658764,0.75,0.25,0.75,0.6719905839311128
seed17_P_O0_resume_step400,17,P_O0_resume,400,easy,20170074,8,0.6640683505673393,1.2689620722509223,0.48358330039575276,0.625,0.375,0.625,0.604893721683583
seed17_P_O0_resume_step400,17,P_O0_resume,400,easy,20170075,8,0.012532291610365547,0.9141700253198258,0.012532291610365547,1,0.375,1,0.9016377337094603
seed17_P_O0_resume_step400,17,P_O0_resume,400,easy,20170076,8,0.34413814588919034,0.16216427403144748,0.15779504984524875,0.75,1,1,-0.18197387185774286
seed17_P_O0_resume_step400,17,P_O0_resume,400,easy,20170077,8,0.6442585261761667,0.08632956804997706,0.05487836790435098,0.5,1,1,-0.5579289581261897
seed17_P_O0_resume_step400,17,P_O0_resume,400,easy,20170078,8,1.4230628786334059,5.23987092017391,0.9214196744528166,0.25,0.25,0.5,3.8168080415405043
seed17_P_O0_resume_step400,17,P_O0_resume,400,easy,20170079,8,0.0871574137456608,0.05834693375229735,0.035339188863317,1,1,1,-0.028810479993363447
seed17_P_O0_resume_step400,17,P_O0_resume,400,easy,20170080,8,0.9706898515523811,1.3357633438501262,0.8546336621510727,0.25,0.125,0.25,0.3650734922977451
seed17_P_O0_resume_step400,17,P_O0_resume,400,easy,20170081,8,0.2946343093298823,0.4783781602773255,0.1202320566886414,0.875,0.875,1,0.18374385094744317
seed17_P_O0_resume_step400,17,P_O0_resume,400,easy,20170082,8,0.4261264240478225,2.336755917757169,0.24232948443358074,0.625,0.375,1,1.9106294937093464
seed17_P_O0_resume_step400,17,P_O0_resume,400,easy,20170083,8,0.027586682015853542,0.14043362479343027,0.027586682015853542,1,1,1,0.11284694277757673
seed17_P_O0_resume_step400,17,P_O0_resume,400,easy,20170084,8,0.41539905559777524,0.49214520293310754,0.41539905559777524,0.75,0.875,0.75,0.0767461473353323
seed17_P_O0_resume_step400,17,P_O0_resume,400,easy,20170085,8,0.005696724342259527,0.052393509284205345,0.005696724342259527,1,1,1,0.04669678494194582
seed17_P_O0_resume_step400,17,P_O0_resume,400,easy,20170086,8,0.13136583011134018,0.5444560750990892,0.13136583011134018,1,0.875,1,0.41309024498774904
seed17_P_O0_resume_step400,17,P_O0_resume,400,easy,20170087,8,1.7442010317231782,0.9761671995188689,0.8687015447943573,0.25,0.125,0.25,-0.7680338322043093
seed17_P_O0_resume_step400,17,P_O0_resume,400,easy,20170088,8,0.6918681447229699,0.761477485861258,0.6569111537499793,0.625,0.625,0.625,0.0696093411382881
seed17_P_O0_resume_step400,17,P_O0_resume,400,easy,20170089,8,0.3309596253887497,0.183961312943531,0.15879230479757428,1,1,1,-0.1469983124452187
seed17_P_O0_resume_step400,17,P_O0_resume,400,easy,20170090,8,0.9530772912077615,1.8131440547935898,0.9530772912077615,0.25,0,0.25,0.8600667635858282
seed17_P_O0_resume_step400,17,P_O0_resume,400,easy,20170091,8,0.01646841336601966,0.10619339393079416,0.01646841336601966,1,1,1,0.0897249805647745
seed17_P_O0_resume_step400,17,P_O0_resume,400,easy,20170092,8,0.13392049265547173,0.07454877917648078,0.027151167502288243,1,1,1,-0.05937171347899095
seed17_P_O0_resume_step400,17,P_O0_resume,400,easy,20170093,8,2.103933022419526,3.4500044178051725,2.011980438487436,0.125,0,0.125,1.3460713953856467
seed17_P_O0_resume_step400,17,P_O0_resume,400,easy,20170094,8,1.4021454394734725,1.9726899175577906,1.123208898428545,0.25,0.125,0.25,0.5705444780843181
seed17_P_O0_resume_step400,17,P_O0_resume,400,easy,20170095,8,0.5057894584004903,0.11934640685640792,0.07075159968449372,0.625,1,1,-0.38644305154408237
seed17_P_O0_resume_step400,17,P_O0_resume,400,easy,20170096,8,0.6813565917701818,1.9400089100924034,0.4798456067428553,0.625,0,0.625,1.2586523183222216
seed17_P_O0_resume_step400,17,P_O0_resume,400,easy,20170097,8,0.48090767943237667,0.4581847874053148,0.320004288234858,0.75,0.875,0.875,-0.022722892027061847
seed17_P_O0_resume_step400,17,P_O0_resume,400,easy,20170098,8,0.21947713954770637,0.16323039063403474,0.05308920900652431,0.875,1,1,-0.056246748913671624
seed17_P_O0_resume_step400,17,P_O0_resume,400,easy,20170099,8,1.0518263738127074,0.3575334546048937,0.3256529928445583,0.375,0.875,0.875,-0.6942929192078137
seed17_P_O0_resume_step400,17,P_O0_resume,400,hard,20170000,8,1.153669514905569,1.07909305691222,1.0763583313534848,0.25,0.5,0.5,-0.074576457993349
seed17_P_O0_resume_step400,17,P_O0_resume,400,hard,20170001,8,1.22884505830126,1.2753309290850439,1.203097134352444,0.5,0.5,0.5,0.046485870783783856
seed17_P_O0_resume_step400,17,P_O0_resume,400,hard,20170002,8,1.5316631029978678,1.4351457891620476,1.4111616540083662,0.375,0.375,0.375,-0.09651731383582018
seed17_P_O0_resume_step400,17,P_O0_resume,400,hard,20170003,8,0.7125379240634734,0.8209402826946498,0.67958527857753,0.75,0.5,0.75,0.10840235863117642
seed17_P_O0_resume_step400,17,P_O0_resume,400,hard,20170004,8,1.1608292070015658,1.051692099657008,0.9909646031504378,0.375,0.5,0.5,-0.10913710734455773
seed17_P_O0_resume_step400,17,P_O0_resume,400,hard,20170005,8,0.9977445562950651,1.0351076137339836,0.9714784628373944,0.875,0.5,0.875,0.037363057438918545
seed17_P_O0_resume_step400,17,P_O0_resume,400,hard,20170006,8,1.369449822453091,1.3166859160996938,1.3166859160996938,0.125,0.125,0.125,-0.05276390635339734
seed17_P_O0_resume_step400,17,P_O0_resume,400,hard,20170007,8,1.3017447337336474,1.4203063030391478,1.2946705712576456,0.125,0.25,0.25,0.11856156930550044
seed17_P_O0_resume_step400,17,P_O0_resume,400,hard,20170008,8,1.4740051950616269,1.5873455483653867,1.4589049175013424,0,0,0,0.1133403533037598
seed17_P_O0_resume_step400,17,P_O0_resume,400,hard,20170009,8,1.7682970200245356,1.8522305171321805,1.7682970200245356,0.375,0.375,0.375,0.08393349710764486
seed17_P_O0_resume_step400,17,P_O0_resume,400,hard,20170010,8,1.5228867365360823,1.5726265943612092,1.4903635983555545,0,0,0,0.04973985782512691
seed17_P_O0_resume_step400,17,P_O0_resume,400,hard,20170011,8,0.8211251731564528,0.8554283038098159,0.8211251731564528,0.5,0.5,0.5,0.0343031306533631
seed17_P_O0_resume_step400,17,P_O0_resume,400,hard,20170012,8,0.8594077502017692,0.6887696508250924,0.6887696508250924,0.625,0.625,0.625,-0.17063809937667673
seed17_P_O0_resume_step400,17,P_O0_resume,400,hard,20170013,8,1.4761197189977926,1.5374904991349179,1.4347442094807938,0,0,0,0.06137078013712527
seed17_P_O0_resume_step400,17,P_O0_resume,400,hard,20170014,8,0.7855397610634343,0.83692232456762,0.5639919670039009,0.75,0.75,0.75,0.051382563504185685
seed17_P_O0_resume_step400,17,P_O0_resume,400,hard,20170015,8,1.019185849533468,1.5995369312932695,0.9402778290190291,0.625,0.125,0.5,0.5803510817598014
seed17_P_O0_resume_step400,17,P_O0_resume,400,hard,20170016,8,1.0995258941504982,1.1403555685403548,1.0740433719561155,0.375,0.5,0.5,0.04082967438985663
seed17_P_O0_resume_step400,17,P_O0_resume,400,hard,20170017,8,0.8242929704104751,0.8022102397120945,0.7692484211355327,0.625,0.5,0.625,-0.022082730698380626
seed17_P_O0_resume_step400,17,P_O0_resume,400,hard,20170018,8,1.7003097726291767,1.2281256726945573,1.2281256726945573,0,0.375,0.375,-0.4721840999346194
seed17_P_O0_resume_step400,17,P_O0_resume,400,hard,20170019,8,1.3510570336408634,1.1645634148790833,1.1645634148790833,0,0.5,0.5,-0.18649361876178006
seed17_P_O0_resume_step400,17,P_O0_resume,400,hard,20170020,8,1.344710761256295,1.0492144649932245,1.0492144649932245,0.25,0.5,0.5,-0.2954962962630705
seed17_P_O0_resume_step400,17,P_O0_resume,400,hard,20170021,8,0.9671605990850353,0.7124046856562447,0.7124046856562447,0.25,0.875,0.875,-0.25475591342879056
seed17_P_O0_resume_step400,17,P_O0_resume,400,hard,20170022,8,1.0711550567677635,1.2639996525614885,1.0600709701518514,0.375,0.375,0.375,0.19284459579372504
seed17_P_O0_resume_step400,17,P_O0_resume,400,hard,20170023,8,2.8813456993654443,2.4035419584273394,2.3552867371487602,0,0,0,-0.47780374093810485
seed17_P_O0_resume_step400,17,P_O0_resume,400,hard,20170024,8,1.8540495820313911,1.2582946708911376,1.2582946708911376,0,0.375,0.375,-0.5957549111402536
seed17_P_O0_resume_step400,17,P_O0_resume,400,hard,20170025,8,1.1301883103099961,0.9011628509421254,0.7638040031226723,0.5,0.625,0.625,-0.22902545936787067
seed17_P_O0_resume_step400,17,P_O0_resume,400,hard,20170026,8,1.1943065371226653,1.0521049336551194,0.9698956379154666,0.625,0.75,0.75,-0.14220160346754596
seed17_P_O0_resume_step400,17,P_O0_resume,400,hard,20170027,8,1.1290430257186237,1.0272861766018875,1.0272861766018875,0.5,0.75,0.75,-0.10175684911673621
seed17_P_O0_resume_step400,17,P_O0_resume,400,hard,20170028,8,1.3136799033994253,1.1727175017163218,1.1727175017163218,0.125,1,1,-0.14096240168310348
seed17_P_O0_resume_step400,17,P_O0_resume,400,hard,20170029,8,1.540711436130395,1.233264828296406,1.2278766329775574,0,0.125,0.125,-0.307446607833989
seed17_P_O0_resume_step400,17,P_O0_resume,400,hard,20170030,8,1.3095445993482473,1.0212937960846409,0.9423691683315176,0.5,0.625,0.625,-0.2882508032636064
seed17_P_O0_resume_step400,17,P_O0_resume,400,hard,20170031,8,0.737065610117817,0.8251069358779813,0.6806348929915209,0.625,0.625,0.875,0.08804132576016432
seed17_P_O0_resume_step400,17,P_O0_resume,400,hard,20170032,8,1.1921269077738648,1.215279047143972,1.1702695689787208,0.75,0.375,0.75,0.023152139370107294
seed17_P_O0_resume_step400,17,P_O0_resume,400,hard,20170033,8,1.3067976792028775,2.351506250074817,1.3067976792028775,0.5,0,0.5,1.0447085708719395
seed17_P_O0_resume_step400,17,P_O0_resume,400,hard,20170034,8,1.250538301981958,1.0910291148903755,1.0910291148903755,0,0.75,0.75,-0.15950918709158257
seed17_P_O0_resume_step400,17,P_O0_resume,400,hard,20170035,8,1.28689264907488,1.4190397640279386,1.28689264907488,0.625,0,0.625,0.13214711495305864
seed17_P_O0_resume_step400,17,P_O0_resume,400,hard,20170036,8,3.075544942436457,1.5888777063217905,1.5888777063217905,0,0,0,-1.4866672361146667
seed17_P_O0_resume_step400,17,P_O0_resume,400,hard,20170037,8,1.1622660193929881,1.3545802006819254,1.1622660193929881,0.375,0.125,0.375,0.1923141812889373
seed17_P_O0_resume_step400,17,P_O0_resume,400,hard,20170038,8,1.546965668248877,1.1757868869395092,0.8459012086228417,0.5,0.375,0.5,-0.3711787813093679
seed17_P_O0_resume_step400,17,P_O0_resume,400,hard,20170039,8,1.544089643917627,1.7533824758828396,1.5365603727189137,0,0,0,0.20929283196521253
seed17_P_O0_resume_step400,17,P_O0_resume,400,hard,20170040,8,1.266608086749647,1.4416438259136215,1.1525285883728258,0.125,0,0.125,0.17503573916397452
seed17_P_O0_resume_step400,17,P_O0_resume,400,hard,20170041,8,1.2420568291777179,1.2679872259448888,1.2034236515154961,0.625,0,0.625,0.025930396767170905
seed17_P_O0_resume_step400,17,P_O0_resume,400,hard,20170042,8,1.3004128361872351,1.5490789560655243,1.3004128361872351,0.25,0.25,0.25,0.24866611987828913
seed17_P_O0_resume_step400,17,P_O0_resume,400,hard,20170043,8,1.3703208748932734,2.0988961337873993,1.3612157260747628,0.375,0.375,0.375,0.7285752588941259
seed17_P_O0_resume_step400,17,P_O0_resume,400,hard,20170044,8,3.355816313713482,2.0284198226166694,2.0284198226166694,0,0,0,-1.3273964910968128
seed17_P_O0_resume_step400,17,P_O0_resume,400,hard,20170045,8,1.1224587647532704,1.2128995728212157,1.077984977944596,0.75,0.875,0.875,0.0904408080679453
seed17_P_O0_resume_step400,17,P_O0_resume,400,hard,20170046,8,0.9286547509484306,0.9490258142966261,0.919927298283239,0.5,0.5,0.5,0.020371063348195495
seed17_P_O0_resume_step400,17,P_O0_resume,400,hard,20170047,8,1.058318816214489,0.9944230766908514,0.9749329723516575,1,0.875,1,-0.06389573952363758
seed17_P_O0_resume_step400,17,P_O0_resume,400,hard,20170048,8,0.9821223405504838,0.9522386859086708,0.9522386859086708,0.625,0.625,0.625,-0.029883654641812973
seed17_P_O0_resume_step400,17,P_O0_resume,400,hard,20170049,8,1.6480927857067098,1.6006319773578537,1.5448823450192632,0,0,0,-0.04746080834885613
seed17_P_O0_resume_step400,17,P_O0_resume,400,hard,20170050,8,0.825405930074594,0.873348098953338,0.825405930074594,0.875,0.75,0.875,0.04794216887874403
seed17_P_O0_resume_step400,17,P_O0_resume,400,hard,20170051,8,1.503448583945635,1.439864184940861,1.4127389582722387,0,0.25,0.25,-0.06358439900477397
seed17_P_O0_resume_step400,17,P_O0_resume,400,hard,20170052,8,0.8900719619996511,0.926548872240607,0.8562319848959536,0.875,0.75,1,0.036476910240955895
seed17_P_O0_resume_step400,17,P_O0_resume,400,hard,20170053,8,0.6925138480248666,0.6771659357220434,0.662151752916392,1,1,1,-0.015347912302823175
seed17_P_O0_resume_step400,17,P_O0_resume,400,hard,20170054,8,1.3027366311319615,1.2792499236901,1.1250333018711047,0.625,0.75,0.75,-0.023486707441861432
seed17_P_O0_resume_step400,17,P_O0_resume,400,hard,20170055,8,0.5702292146289755,0.7254605946795274,0.43343538721262226,0.625,0.75,1,0.15523138005055193
seed17_P_O0_resume_step400,17,P_O0_resume,400,hard,20170056,8,1.190005355094937,1.1499763176688436,1.1293904215770694,0.625,0.75,0.625,-0.04002903742609343
seed17_P_O0_resume_step400,17,P_O0_resume,400,hard,20170057,8,1.409519405695203,1.38911778603816,1.328813825342185,0.5,0.5,0.5,-0.020401619657042902
seed17_P_O0_resume_step400,17,P_O0_resume,400,hard,20170058,8,3.3101264696128987,1.7875217864789192,1.7875217864789192,0,0.25,0.25,-1.5226046831339795
seed17_P_O0_resume_step400,17,P_O0_resume,400,hard,20170059,8,1.1433581968398214,1.1121733926510116,1.088486916778472,0.625,0.75,0.75,-0.031184804188809867
seed17_P_O0_resume_step400,17,P_O0_resume,400,hard,20170060,8,1.3961970025438513,1.097377704926623,0.9114498303761092,0.625,0.625,0.625,-0.29881929761722836
seed17_P_O0_resume_step400,17,P_O0_resume,400,hard,20170061,8,2.03924660124117,2.060287068349309,2.0252730163355244,0,0,0,0.021040467108139005
seed17_P_O0_resume_step400,17,P_O0_resume,400,hard,20170062,8,1.3617757442012963,1.364142500631198,1.3445558232412316,0.375,0.375,0.375,0.002366756429901695
seed17_P_O0_resume_step400,17,P_O0_resume,400,hard,20170063,8,1.177420096678496,1.164294651079738,1.141576147770642,0.125,0.25,0.25,-0.013125445598757945
seed17_P_O0_resume_step400,17,P_O0_resume,400,hard,20170064,8,1.2348106487355182,1.2657720228238694,1.1601658098326726,0.25,0.125,0.25,0.0309613740883512
seed17_P_O0_resume_step400,17,P_O0_resume,400,hard,20170065,8,1.1773101326104136,0.6498749274979588,0.6498749274979588,0,1,1,-0.5274352051124548
seed17_P_O0_resume_step400,17,P_O0_resume,400,hard,20170066,8,0.7907387507190744,0.8758965710750942,0.767496124398595,0.625,0.75,0.75,0.08515782035601982
seed17_P_O0_resume_step400,17,P_O0_resume,400,hard,20170067,8,1.0541763745734132,0.9689076728362733,0.9625287249150658,0.875,0.75,0.875,-0.08526870173713985
seed17_P_O0_resume_step400,17,P_O0_resume,400,hard,20170068,8,1.3834300185090884,1.4398529899245092,1.339956351743135,0,0.125,0.125,0.05642297141542074
seed17_P_O0_resume_step400,17,P_O0_resume,400,hard,20170069,8,1.375007962090239,1.4370506474552103,1.279391907392731,0,0,0,0.06204268536497137
seed17_P_O0_resume_step400,17,P_O0_resume,400,hard,20170070,8,1.2898782049963953,1.3617706737097788,1.270446931776672,0.125,0,0.125,0.0718924687133835
seed17_P_O0_resume_step400,17,P_O0_resume,400,hard,20170071,8,0.5250330261307719,0.3600467911643494,0.2498794912224685,0.75,1,1,-0.16498623496642245
seed17_P_O0_resume_step400,17,P_O0_resume,400,hard,20170072,8,1.2732301099854255,1.3137423919366182,1.2732301099854255,0.75,0.5,0.75,0.04051228195119272
seed17_P_O0_resume_step400,17,P_O0_resume,400,hard,20170073,8,0.9965159381947339,0.8466680385129104,0.810825592718718,0.75,0.75,0.75,-0.14984789968182355
seed17_P_O0_resume_step400,17,P_O0_resume,400,hard,20170074,8,1.176354312712425,1.1667250881327063,1.1299416491220975,1,0.625,1,-0.00962922457971871
seed17_P_O0_resume_step400,17,P_O0_resume,400,hard,20170075,8,1.1144282856194674,0.9899863119711828,0.857100891571956,0.5,0.75,0.875,-0.12444197364828458
seed17_P_O0_resume_step400,17,P_O0_resume,400,hard,20170076,8,1.4052457367598006,1.3645880313200784,1.3592041738412743,0.625,0.625,0.625,-0.040657705439722136
seed17_P_O0_resume_step400,17,P_O0_resume,400,hard,20170077,8,1.622727001997474,1.6537678766423267,1.579112148179815,0,0,0,0.031040874644852723
seed17_P_O0_resume_step400,17,P_O0_resume,400,hard,20170078,8,1.0962413964503992,1.1293189287095209,1.081516964710116,1,0.75,1,0.03307753225912169
seed17_P_O0_resume_step400,17,P_O0_resume,400,hard,20170079,8,1.2379646480646387,1.6494903610898255,1.2379646480646387,0.125,0,0.125,0.4115257130251868
seed17_P_O0_resume_step400,17,P_O0_resume,400,hard,20170080,8,0.8822640699534975,1.0260259873025046,0.8822640699534975,0.625,0.625,0.625,0.14376191734900712
seed17_P_O0_resume_step400,17,P_O0_resume,400,hard,20170081,8,1.5722975303756936,1.353880479021798,1.0736957243995733,0.625,0.5,0.625,-0.21841705135389566
seed17_P_O0_resume_step400,17,P_O0_resume,400,hard,20170082,8,1.4705584391367679,1.4585921879393562,1.415655113688583,0.125,0.375,0.375,-0.011966251197411681
seed17_P_O0_resume_step400,17,P_O0_resume,400,hard,20170083,8,1.734577942924842,1.2861413848630623,1.2345158156702076,0,0,0,-0.44843655806177973
seed17_P_O0_resume_step400,17,P_O0_resume,400,hard,20170084,8,1.3472688599252045,1.29165186826228,1.29165186826228,0,0.25,0.25,-0.05561699166292455
seed17_P_O0_resume_step400,17,P_O0_resume,400,hard,20170085,8,1.1883549521859695,0.8552772541024181,0.7876208068965903,0.125,0.75,0.75,-0.3330776980835515
seed17_P_O0_resume_step400,17,P_O0_resume,400,hard,20170086,8,1.5344521278859347,1.6655702093721665,1.4924206150384673,0.125,0.125,0.125,0.13111808148623183
seed17_P_O0_resume_step400,17,P_O0_resume,400,hard,20170087,8,2.7314949027622166,1.584184874565893,1.584184874565893,0,0.25,0.25,-1.1473100281963236
seed17_P_O0_resume_step400,17,P_O0_resume,400,hard,20170088,8,1.4334418787569914,2.1187028057088915,1.3921496433800222,0.375,0,0.375,0.6852609269519001
seed17_P_O0_resume_step400,17,P_O0_resume,400,hard,20170089,8,1.9851676382339067,0.9399064222699931,0.9399064222699931,0,0.75,0.75,-1.0452612159639136
seed17_P_O0_resume_step400,17,P_O0_resume,400,hard,20170090,8,0.8157159388188348,0.8674309219435943,0.8076369303834222,0.625,0.625,0.625,0.05171498312475953
seed17_P_O0_resume_step400,17,P_O0_resume,400,hard,20170091,8,1.332643663923155,1.2274584768007542,1.1919387311816942,0.25,0.625,0.625,-0.10518518712240077
seed17_P_O0_resume_step400,17,P_O0_resume,400,hard,20170092,8,1.4333240352787586,1.546601641818898,1.4333240352787586,0,0,0,0.1132776065401393
seed17_P_O0_resume_step400,17,P_O0_resume,400,hard,20170093,8,1.3181832154666269,1.385606200187648,1.308556520444738,0.625,0.75,0.75,0.06742298472102104
seed17_P_O0_resume_step400,17,P_O0_resume,400,hard,20170094,8,1.1103297382411474,1.1577382198588182,1.007965673796665,0.5,0.625,0.75,0.04740848161767075
seed17_P_O0_resume_step400,17,P_O0_resume,400,hard,20170095,8,0.6659686795595449,1.1039295111743368,0.5463130741236928,0.625,0.5,1,0.43796083161479193
seed17_P_O0_resume_step400,17,P_O0_resume,400,hard,20170096,8,1.1225922243078577,1.05917514545354,1.05917514545354,0.5,0.5,0.5,-0.06341707885431758
seed17_P_O0_resume_step400,17,P_O0_resume,400,hard,20170097,8,1.263420893211908,1.314864840195984,1.2620555097014718,0.25,0,0.25,0.05144394698407595
seed17_P_O0_resume_step400,17,P_O0_resume,400,hard,20170098,8,1.2993244904936732,1.1887760134213856,1.1887760134213856,0.375,0.5,0.5,-0.11054847707228754
seed17_P_O0_resume_step400,17,P_O0_resume,400,hard,20170099,8,1.6528919220219958,1.7873830133846338,1.6323412194555251,0.5,0.5,0.5,0.13449109136263804
seed17_P_C2_warm_step50,17,P_C2_warm,50,easy,20170000,8,1.0412787155961953,0.6604550470096535,0.5387369844406489,0.625,0.625,0.625,-0.3808236685865418
seed17_P_C2_warm_step50,17,P_C2_warm,50,easy,20170001,8,2.159047872486017,0.36552416403357696,0.27030541199238317,0.375,0.875,0.875,-1.79352370845244
seed17_P_C2_warm_step50,17,P_C2_warm,50,easy,20170002,8,1.2853220973494066,0.3071979587146549,0.3071979587146549,0.125,0.875,0.875,-0.9781241386347517
seed17_P_C2_warm_step50,17,P_C2_warm,50,easy,20170003,8,0.04375924897876935,0.020676211856992095,0.011232525476566568,1,1,1,-0.023083037121777256
seed17_P_C2_warm_step50,17,P_C2_warm,50,easy,20170004,8,0.8721216192484381,0.14297526324240464,0.14066599847602726,0.75,1,1,-0.7291463560060335
seed17_P_C2_warm_step50,17,P_C2_warm,50,easy,20170005,8,1.0033082750175633,0.2290018725721928,0.19180538419519258,0.625,1,1,-0.7743064024453705
seed17_P_C2_warm_step50,17,P_C2_warm,50,easy,20170006,8,0.8888801137002869,0.3008996418389637,0.3008996418389637,0.625,0.75,0.75,-0.5879804718613231
seed17_P_C2_warm_step50,17,P_C2_warm,50,easy,20170007,8,1.7814861235024766,0.7874361702531768,0.7864007789645858,0.375,0.375,0.375,-0.9940499532492998
seed17_P_C2_warm_step50,17,P_C2_warm,50,easy,20170008,8,0.5825118360816364,6.116533554470332,0.014428634555730955,0.625,0.375,1,5.534021718388696
seed17_P_C2_warm_step50,17,P_C2_warm,50,easy,20170009,8,0.012053267354706933,0.03379596765940543,0.012053267354706933,1,1,1,0.021742700304698496
seed17_P_C2_warm_step50,17,P_C2_warm,50,easy,20170010,8,1.7268615600013013,0.05017981915777967,0.05017981915777967,0,1,1,-1.6766817408435217
seed17_P_C2_warm_step50,17,P_C2_warm,50,easy,20170011,8,0.3328640835640182,0.2710740153636639,0.1197574295696466,1,0.875,1,-0.06179006820035432
seed17_P_C2_warm_step50,17,P_C2_warm,50,easy,20170012,8,1.7212573720653124,0.7395945819705192,0.6517725314207918,0.375,0.75,0.75,-0.9816627900947932
seed17_P_C2_warm_step50,17,P_C2_warm,50,easy,20170013,8,0.5026617519523412,0.25996305913540907,0.03269065174946369,0.625,1,1,-0.24269869281693213
seed17_P_C2_warm_step50,17,P_C2_warm,50,easy,20170014,8,0.6839402710824162,0.15563147715158088,0.15424317075412433,0.625,1,1,-0.5283087939308353
seed17_P_C2_warm_step50,17,P_C2_warm,50,easy,20170015,8,2.211166384304207,0.9665333517351349,0.9665333517351349,0.25,0.375,0.375,-1.2446330325690722
seed17_P_C2_warm_step50,17,P_C2_warm,50,easy,20170016,8,0.057483104632678035,0.3474938321433294,0.03672191310316653,1,1,1,0.2900107275106514
seed17_P_C2_warm_step50,17,P_C2_warm,50,easy,20170017,8,0.9249239105775177,0.4447724710353651,0.08547570409805469,0.625,1,1,-0.48015143954215256
seed17_P_C2_warm_step50,17,P_C2_warm,50,easy,20170018,8,0.5305075628294614,0.29149361310020855,0.11412555363767449,0.5,1,1,-0.23901394972925288
seed17_P_C2_warm_step50,17,P_C2_warm,50,easy,20170019,8,0.5302469045814651,0.11632972691632229,0.11386821635203585,0.75,1,1,-0.4139171776651428
seed17_P_C2_warm_step50,17,P_C2_warm,50,easy,20170020,8,0.030152823324797937,0.3282407652810612,0.022809765609429405,1,1,1,0.29808794195626326
seed17_P_C2_warm_step50,17,P_C2_warm,50,easy,20170021,8,0.07220334118795667,0.10324332303314741,0.04097666888330543,1,1,1,0.031039981845190745
seed17_P_C2_warm_step50,17,P_C2_warm,50,easy,20170022,8,2.410841537085202,0.2745241140978467,0.24513513606014836,0.375,1,1,-2.1363174229873554
seed17_P_C2_warm_step50,17,P_C2_warm,50,easy,20170023,8,1.2253805940831017,0.630408071254071,0.18503383470692034,0.625,1,1,-0.5949725228290308
seed17_P_C2_warm_step50,17,P_C2_warm,50,easy,20170024,8,0.017248786284457196,0.16825565588262442,0.0095156583222441,1,1,1,0.15100686959816723
seed17_P_C2_warm_step50,17,P_C2_warm,50,easy,20170025,8,1.8975746945403604,0.3714077648652628,0.3714077648652628,0.375,1,1,-1.5261669296750977
seed17_P_C2_warm_step50,17,P_C2_warm,50,easy,20170026,8,2.187165450311435,0.3867867898958268,0.3216792420356401,0.375,1,1,-1.8003786604156082
seed17_P_C2_warm_step50,17,P_C2_warm,50,easy,20170027,8,0.6342307122071339,0.08567657452503359,0.08567657452503359,0.5,1,1,-0.5485541376821003
seed17_P_C2_warm_step50,17,P_C2_warm,50,easy,20170028,8,0.0170407767791064,0.45683369624580816,0.0170407767791064,1,1,1,0.43979291946670174
seed17_P_C2_warm_step50,17,P_C2_warm,50,easy,20170029,8,1.8863426667370915,0.03889300662675127,0.03889300662675127,0,1,1,-1.8474496601103403
seed17_P_C2_warm_step50,17,P_C2_warm,50,easy,20170030,8,0.1312742329420668,0.1250420635763478,0.07141231953081469,1,1,1,-0.0062321693657189925
seed17_P_C2_warm_step50,17,P_C2_warm,50,easy,20170031,8,0.8341989928582906,0.18551192809804035,0.10169260430031105,0.5,1,1,-0.6486870647602503
seed17_P_C2_warm_step50,17,P_C2_warm,50,easy,20170032,8,0.4757340378756741,0.029594846116937364,0.021882622861023292,0.625,1,1,-0.44613919175873673
seed17_P_C2_warm_step50,17,P_C2_warm,50,easy,20170033,8,0.4837424443344267,0.03466648563282155,0.03437274463380072,0.75,1,1,-0.44907595870160516
seed17_P_C2_warm_step50,17,P_C2_warm,50,easy,20170034,8,1.7549261025398666,0.3639154179593254,0.3639154179593254,0.375,0.75,0.75,-1.3910106845805412
seed17_P_C2_warm_step50,17,P_C2_warm,50,easy,20170035,8,1.8177312688683054,0.7784369942487971,0.7784369942487971,0,0.625,0.625,-1.0392942746195084
seed17_P_C2_warm_step50,17,P_C2_warm,50,easy,20170036,8,0.5010422857314133,0.9134300902657729,0.03741645526891254,0.75,0.25,1,0.41238780453435964
seed17_P_C2_warm_step50,17,P_C2_warm,50,easy,20170037,8,0.005744808778361364,0.1693217871071491,0.005744808778361364,1,1,1,0.16357697832878773
seed17_P_C2_warm_step50,17,P_C2_warm,50,easy,20170038,8,0.628590431173985,0.09354946923709336,0.08630051300241709,0.625,1,1,-0.5350409619368917
seed17_P_C2_warm_step50,17,P_C2_warm,50,easy,20170039,8,1.8950395468452934,0.5118400879533666,0.5006525686358684,0.125,1,1,-1.383199458891927
seed17_P_C2_warm_step50,17,P_C2_warm,50,easy,20170040,8,0.3950679572804948,0.6577475431176079,0.0762490467710152,0.875,1,1,0.26267958583711304
seed17_P_C2_warm_step50,17,P_C2_warm,50,easy,20170041,8,1.3689420007993676,0.42877813085631983,0.38786352366221644,0.5,0.75,0.75,-0.9401638699430477
seed17_P_C2_warm_step50,17,P_C2_warm,50,easy,20170042,8,2.61267474416078,0.17316422723191585,0.104167287969114,0.25,1,1,-2.439510516928864
seed17_P_C2_warm_step50,17,P_C2_warm,50,easy,20170043,8,1.6342620954107479,0.10218129707772174,0.04127966182593625,0.25,1,1,-1.532080798333026
seed17_P_C2_warm_step50,17,P_C2_warm,50,easy,20170044,8,0.40482774326337,0.5909083162401844,0.3049170423458328,0.875,0.5,0.875,0.18608057297681435
seed17_P_C2_warm_step50,17,P_C2_warm,50,easy,20170045,8,0.5670393335465354,0.1541696544053477,0.019595876487433838,0.75,1,1,-0.41286967914118766
seed17_P_C2_warm_step50,17,P_C2_warm,50,easy,20170046,8,0.29575196625852845,0.031463336665303696,0.031107898885140244,0.875,1,1,-0.26428862959322474
seed17_P_C2_warm_step50,17,P_C2_warm,50,easy,20170047,8,0.4577838121228323,0.14867318624365106,0.13934118085931624,0.875,1,1,-0.30911062587918126
seed17_P_C2_warm_step50,17,P_C2_warm,50,easy,20170048,8,1.3521774084264044,0.44848892660815515,0.44848892660815515,0.375,0.75,0.75,-0.9036884818182493
seed17_P_C2_warm_step50,17,P_C2_warm,50,easy,20170049,8,2.2706880880011546,0.3795760261614285,0.3795760261614285,0.125,0.75,0.75,-1.8911120618397261
seed17_P_C2_warm_step50,17,P_C2_warm,50,easy,20170050,8,0.38139271307587636,0.11512714210408087,0.03264292277394794,0.75,1,1,-0.2662655709717955
seed17_P_C2_warm_step50,17,P_C2_warm,50,easy,20170051,8,2.0304159876723014,0.4747238106371702,0.11318636808540809,0.375,0.625,1,-1.555692177035131
seed17_P_C2_warm_step50,17,P_C2_warm,50,easy,20170052,8,0.09110963195442699,0.2162770921463617,0.043924073804685236,1,1,1,0.1251674601919347
seed17_P_C2_warm_step50,17,P_C2_warm,50,easy,20170053,8,1.946184830302049,0.835952397482075,0.8342193731418764,0.5,0.5,0.5,-1.110232432819974
seed17_P_C2_warm_step50,17,P_C2_warm,50,easy,20170054,8,0.007655412667265322,1.2981346941775491,0.007655412667265322,1,0.5,1,1.290479281510284
seed17_P_C2_warm_step50,17,P_C2_warm,50,easy,20170055,8,0.6279574622606958,0.7032581783398072,0.02707048160470709,0.625,0.5,1,0.07530071607911137
seed17_P_C2_warm_step50,17,P_C2_warm,50,easy,20170056,8,0.9420721849993772,0.1473807078419373,0.11810731260397762,0.75,1,1,-0.7946914771574398
seed17_P_C2_warm_step50,17,P_C2_warm,50,easy,20170057,8,0.423143862408852,0.07772507851559263,0.012003229848830456,0.75,1,1,-0.34541878389325936
seed17_P_C2_warm_step50,17,P_C2_warm,50,easy,20170058,8,0.5531427856900024,0.02240510418670347,0.02240510418670347,0.5,1,1,-0.5307376815032989
seed17_P_C2_warm_step50,17,P_C2_warm,50,easy,20170059,8,1.385818931409092,0.1026112395148944,0.1026112395148944,0.5,1,1,-1.2832076918941977
seed17_P_C2_warm_step50,17,P_C2_warm,50,easy,20170060,8,1.9201503373885689,0.46348933529779285,0.41127677077398844,0.375,1,1,-1.456661002090776
seed17_P_C2_warm_step50,17,P_C2_warm,50,easy,20170061,8,1.843814788694961,0.39373130145427937,0.37453567805271,0.5,0.875,0.875,-1.4500834872406816
seed17_P_C2_warm_step50,17,P_C2_warm,50,easy,20170062,8,0.9516890062191601,0.14389395039211605,0.14389395039211605,0.25,1,1,-0.807795055827044
seed17_P_C2_warm_step50,17,P_C2_warm,50,easy,20170063,8,1.1351106967520592,0.12474746982355853,0.040010067362645195,0.625,1,1,-1.0103632269285008
seed17_P_C2_warm_step50,17,P_C2_warm,50,easy,20170064,8,0.4117889693753639,0.21067038871872795,0.04584200803100647,0.75,1,1,-0.20111858065663596
seed17_P_C2_warm_step50,17,P_C2_warm,50,easy,20170065,8,0.7966668547081465,0.5121590610029044,0.2758541933655515,0.75,0.875,0.875,-0.28450779370524204
seed17_P_C2_warm_step50,17,P_C2_warm,50,easy,20170066,8,0.16997678643405012,0.5172960437385723,0.0036667849721802467,1,0.875,1,0.3473192573045222
seed17_P_C2_warm_step50,17,P_C2_warm,50,easy,20170067,8,0.33102649070708023,0.03617889926597741,0.03394580273471389,0.875,1,1,-0.29484759144110284
seed17_P_C2_warm_step50,17,P_C2_warm,50,easy,20170068,8,0.19227404419559194,0.13285765702737432,0.08924048613907123,1,1,1,-0.05941638716821762
seed17_P_C2_warm_step50,17,P_C2_warm,50,easy,20170069,8,0.47419351449977576,0.5282598106751251,0.059785587951583126,0.875,1,1,0.054066296175349304
seed17_P_C2_warm_step50,17,P_C2_warm,50,easy,20170070,8,0.48852886108582916,0.3537696372762666,0.15397534775520155,0.75,0.875,0.875,-0.13475922380956257
seed17_P_C2_warm_step50,17,P_C2_warm,50,easy,20170071,8,0.8758156783454808,0.39571617860681324,0.39571617860681324,0.75,0.75,0.75,-0.48009949973866756
seed17_P_C2_warm_step50,17,P_C2_warm,50,easy,20170072,8,0.5886249194276104,0.22717902050000613,0.06551218760510527,0.625,1,1,-0.36144589892760426
seed17_P_C2_warm_step50,17,P_C2_warm,50,easy,20170073,8,0.7078559938381319,0.049250434638483644,0.039209920348694215,0.625,1,1,-0.6586055591996482
seed17_P_C2_warm_step50,17,P_C2_warm,50,easy,20170074,8,1.3667526657423086,0.3490645108022176,0.34215624465602495,0.625,0.875,0.875,-1.017688154940091
seed17_P_C2_warm_step50,17,P_C2_warm,50,easy,20170075,8,0.007519775402265651,0.6047912533106317,0.007519775402265651,1,0.625,1,0.597271477908366
seed17_P_C2_warm_step50,17,P_C2_warm,50,easy,20170076,8,0.31179139335918304,0.2092292041651752,0.005302745327105289,0.75,1,1,-0.10256218919400784
seed17_P_C2_warm_step50,17,P_C2_warm,50,easy,20170077,8,1.604972361536657,0.25526525959883684,0.08850063585250127,0.375,1,1,-1.34970710193782
seed17_P_C2_warm_step50,17,P_C2_warm,50,easy,20170078,8,2.4358579619695657,0.12338223070813133,0.12338223070813133,0,1,1,-2.3124757312614346
seed17_P_C2_warm_step50,17,P_C2_warm,50,easy,20170079,8,0.26823273204185927,0.22564754231073136,0.0203727710696307,0.75,1,1,-0.042585189731127904
seed17_P_C2_warm_step50,17,P_C2_warm,50,easy,20170080,8,2.1138102696866135,0.33222491164465084,0.33222491164465084,0,1,1,-1.7815853580419625
seed17_P_C2_warm_step50,17,P_C2_warm,50,easy,20170081,8,1.3996234016438682,0.25145343898859895,0.22173542166398383,0.5,1,1,-1.1481699626552693
seed17_P_C2_warm_step50,17,P_C2_warm,50,easy,20170082,8,1.0009597620647355,0.13999872702610963,0.13351820223930216,0.625,1,1,-0.8609610350386259
seed17_P_C2_warm_step50,17,P_C2_warm,50,easy,20170083,8,0.02245990314187416,0.4053304230951946,0.020800389363262242,1,1,1,0.38287051995332044
seed17_P_C2_warm_step50,17,P_C2_warm,50,easy,20170084,8,1.1350043907161054,0.14494673030409402,0.04221031034237604,0.25,1,1,-0.9900576604120114
seed17_P_C2_warm_step50,17,P_C2_warm,50,easy,20170085,8,0.018124333766266213,3.8442251509367105,0.018124333766266213,1,0,1,3.826100817170444
seed17_P_C2_warm_step50,17,P_C2_warm,50,easy,20170086,8,0.23685027204372602,0.04599928970979867,0.015432012524081327,0.875,1,1,-0.19085098233392736
seed17_P_C2_warm_step50,17,P_C2_warm,50,easy,20170087,8,2.1766216426479064,1.0754869595368495,1.0754869595368495,0.25,0.25,0.25,-1.1011346831110569
seed17_P_C2_warm_step50,17,P_C2_warm,50,easy,20170088,8,0.6598387281988729,0.04081137631837928,0.01448473904302827,0.625,1,1,-0.6190273518804936
seed17_P_C2_warm_step50,17,P_C2_warm,50,easy,20170089,8,1.669394222691374,0.23728976345574365,0.23728976345574365,0.375,1,1,-1.4321044592356305
seed17_P_C2_warm_step50,17,P_C2_warm,50,easy,20170090,8,1.7484262476541639,0.6100108528789554,0.6100108528789554,0.25,0.5,0.5,-1.1384153947752085
seed17_P_C2_warm_step50,17,P_C2_warm,50,easy,20170091,8,0.01761763393603755,0.15981003152194,0.016664740309929753,1,1,1,0.14219239758590246
seed17_P_C2_warm_step50,17,P_C2_warm,50,easy,20170092,8,0.583265310670264,0.049652266580342906,0.03695251986115597,0.75,1,1,-0.533613044089921
seed17_P_C2_warm_step50,17,P_C2_warm,50,easy,20170093,8,3.6018334960915803,0.41917216680349706,0.41917216680349706,0,0.875,0.875,-3.1826613292880834
seed17_P_C2_warm_step50,17,P_C2_warm,50,easy,20170094,8,2.564674647764644,0.3130560946128077,0.3130560946128077,0.125,1,1,-2.251618553151836
seed17_P_C2_warm_step50,17,P_C2_warm,50,easy,20170095,8,1.0099561785642666,0.5484343398188758,0.11120123587513564,0.625,0.75,1,-0.46152183874539077
seed17_P_C2_warm_step50,17,P_C2_warm,50,easy,20170096,8,1.3337749752767127,0.31151531745234606,0.18991258850443204,0.625,0.875,1,-1.0222596578243666
seed17_P_C2_warm_step50,17,P_C2_warm,50,easy,20170097,8,1.5084345005346351,0.27425349079006917,0.27425349079006917,0.375,1,1,-1.234181009744566
seed17_P_C2_warm_step50,17,P_C2_warm,50,easy,20170098,8,0.6294341692932783,0.581323393340516,0.13440315065889558,0.75,1,1,-0.048110775952762364
seed17_P_C2_warm_step50,17,P_C2_warm,50,easy,20170099,8,1.4444221640172024,0.20058032387497632,0.013729566665296154,0.375,1,1,-1.243841840142226
seed17_P_C2_warm_step50,17,P_C2_warm,50,hard,20170000,8,1.2784096838247958,0.9763940026732624,0.8401653055611166,0,0.75,0.75,-0.30201568115153343
seed17_P_C2_warm_step50,17,P_C2_warm,50,hard,20170001,8,1.2103010260496818,1.2347757092306835,1.190929732252042,0.5,0.5,0.5,0.024474683181001655
seed17_P_C2_warm_step50,17,P_C2_warm,50,hard,20170002,8,1.1346750041319136,1.0177263129913368,0.9432354160250714,0.375,0.375,0.375,-0.11694869114057682
seed17_P_C2_warm_step50,17,P_C2_warm,50,hard,20170003,8,0.6493976647642401,0.8133106061686632,0.5955134075298787,1,0.5,1,0.16391294140442314
seed17_P_C2_warm_step50,17,P_C2_warm,50,hard,20170004,8,1.1133885329810682,0.9458395590440699,0.9032778318694304,0.5,0.75,1,-0.1675489739369983
seed17_P_C2_warm_step50,17,P_C2_warm,50,hard,20170005,8,1.1275836431218256,1.0042013010234243,1.0040290669739829,0.375,0.625,0.625,-0.12338234209840127
seed17_P_C2_warm_step50,17,P_C2_warm,50,hard,20170006,8,1.2873075187525451,1.4226465483093464,1.2061928427279205,0.125,0.25,0.25,0.13533902955680133
seed17_P_C2_warm_step50,17,P_C2_warm,50,hard,20170007,8,1.0433301819201712,1.4317226090933075,0.9550601198527117,0.625,0.375,0.625,0.38839242717313627
seed17_P_C2_warm_step50,17,P_C2_warm,50,hard,20170008,8,1.3310698975627813,1.2763523596501818,1.2586025585089708,0,0.125,0.125,-0.05471753791259948
seed17_P_C2_warm_step50,17,P_C2_warm,50,hard,20170009,8,1.7470953664944122,1.1194370741098196,0.8600319369375171,0.375,0.875,1,-0.6276582923845926
seed17_P_C2_warm_step50,17,P_C2_warm,50,hard,20170010,8,1.229748229653948,1.5384448557671566,1.1776179533660653,0.5,0,0.5,0.3086966261132087
seed17_P_C2_warm_step50,17,P_C2_warm,50,hard,20170011,8,0.9387608782331678,0.9398672167816383,0.649429264906794,0.5,0.625,1,0.0011063385484705313
seed17_P_C2_warm_step50,17,P_C2_warm,50,hard,20170012,8,0.9181981103333592,1.0069257454563985,0.7841655063549569,0.75,0.625,0.875,0.08872763512303927
seed17_P_C2_warm_step50,17,P_C2_warm,50,hard,20170013,8,1.188531097902588,0.9445949231997083,0.9445949231997083,0.375,0.75,0.75,-0.24393617470287976
seed17_P_C2_warm_step50,17,P_C2_warm,50,hard,20170014,8,0.8974643163135679,1.5481349991838746,0.5615024763280922,0.75,0,0.75,0.6506706828703067
seed17_P_C2_warm_step50,17,P_C2_warm,50,hard,20170015,8,0.974187663247255,1.6693848652420842,0.779635744005439,0.5,0.125,0.625,0.6951972019948292
seed17_P_C2_warm_step50,17,P_C2_warm,50,hard,20170016,8,0.9430705589498307,1.6013153725140308,0.9425786379762274,0.375,0,0.375,0.6582448135642001
seed17_P_C2_warm_step50,17,P_C2_warm,50,hard,20170017,8,0.7221060405506393,1.4770022680740715,0.4227322529350471,0.625,0.5,1,0.7548962275234322
seed17_P_C2_warm_step50,17,P_C2_warm,50,hard,20170018,8,1.5873625772540094,0.793926947834324,0.793926947834324,0,0.875,0.875,-0.7934356294196854
seed17_P_C2_warm_step50,17,P_C2_warm,50,hard,20170019,8,1.2289580580569817,1.1683572596924212,1.1613132313398342,0,0.5,0.5,-0.06060079836456045
seed17_P_C2_warm_step50,17,P_C2_warm,50,hard,20170020,8,1.2218914452894527,1.0237087671278604,1.0237087671278604,0.125,0.625,0.625,-0.1981826781615923
seed17_P_C2_warm_step50,17,P_C2_warm,50,hard,20170021,8,1.0101618289886654,0.8327204675953224,0.8030190845114976,0,0.875,0.5,-0.177441361393343
seed17_P_C2_warm_step50,17,P_C2_warm,50,hard,20170022,8,1.6831951690027993,1.0538741986895366,0.8681992352326993,0.25,0.375,0.625,-0.6293209703132627
seed17_P_C2_warm_step50,17,P_C2_warm,50,hard,20170023,8,2.6713721754294713,1.5326114672169104,1.511558691456227,0.125,0.125,0.125,-1.1387607082125608
seed17_P_C2_warm_step50,17,P_C2_warm,50,hard,20170024,8,1.818589387183182,1.1933675840134477,1.1933675840134477,0,0.375,0.375,-0.6252218031697343
seed17_P_C2_warm_step50,17,P_C2_warm,50,hard,20170025,8,1.289109216684563,0.9938665174436214,0.7785516275436611,0.5,0.625,0.625,-0.2952426992409416
seed17_P_C2_warm_step50,17,P_C2_warm,50,hard,20170026,8,1.1642106803679477,1.0402474395708872,0.8999026963687917,0.75,0.75,1,-0.12396324079706056
seed17_P_C2_warm_step50,17,P_C2_warm,50,hard,20170027,8,1.2740991175479668,0.9925450527161513,0.9925450527161513,0.5,0.875,0.875,-0.28155406483181544
seed17_P_C2_warm_step50,17,P_C2_warm,50,hard,20170028,8,1.576583779689022,1.412542441742726,1.412542441742726,0,0.25,0.25,-0.16404133794629616
seed17_P_C2_warm_step50,17,P_C2_warm,50,hard,20170029,8,1.5165794503600147,1.2249513001247694,1.2249513001247694,0,0.25,0.25,-0.29162815023524535
seed17_P_C2_warm_step50,17,P_C2_warm,50,hard,20170030,8,1.3242323820495718,0.8913243625342423,0.7743170353211153,0.5,0.75,0.75,-0.43290801951532953
seed17_P_C2_warm_step50,17,P_C2_warm,50,hard,20170031,8,0.7824228626167375,1.3205180047385905,0.7624286738817785,0.625,0,0.625,0.5380951421218529
seed17_P_C2_warm_step50,17,P_C2_warm,50,hard,20170032,8,1.5012501899324413,1.3667750382351596,1.3667750382351596,0.25,0.375,0.375,-0.13447515169728175
seed17_P_C2_warm_step50,17,P_C2_warm,50,hard,20170033,8,1.1281461347753179,0.9420955261267807,0.8397620036018514,0.375,0.75,1,-0.18605060864853717
seed17_P_C2_warm_step50,17,P_C2_warm,50,hard,20170034,8,1.3130921061496856,0.9664284448602238,0.9664284448602238,0,0.5,0.5,-0.3466636612894618
seed17_P_C2_warm_step50,17,P_C2_warm,50,hard,20170035,8,1.3330603279423034,1.3919279471703228,1.2576986713010228,0.375,0,0.375,0.05886761922801931
seed17_P_C2_warm_step50,17,P_C2_warm,50,hard,20170036,8,3.2684794365259373,1.2558486133087843,1.2558486133087843,0,0.375,0.375,-2.012630823217153
seed17_P_C2_warm_step50,17,P_C2_warm,50,hard,20170037,8,0.9259378867309958,1.0288843781882013,0.9246410941927338,0.75,0.625,0.75,0.10294649145720558
seed17_P_C2_warm_step50,17,P_C2_warm,50,hard,20170038,8,1.72799455244992,1.4597340846931477,0.7140203414422135,0.5,0,0.5,-0.26826046775677237
seed17_P_C2_warm_step50,17,P_C2_warm,50,hard,20170039,8,1.3452244436842395,1.5177345986120343,1.2043897010694922,0.125,0,0.125,0.17251015492779476
seed17_P_C2_warm_step50,17,P_C2_warm,50,hard,20170040,8,1.0445736528265486,1.5218832348140066,0.9966723005287615,0.375,0.125,0.5,0.477309581987458
seed17_P_C2_warm_step50,17,P_C2_warm,50,hard,20170041,8,1.2829654270490414,1.2614067384524335,1.1772565244545383,0.125,0.25,0.375,-0.021558688596607922
seed17_P_C2_warm_step50,17,P_C2_warm,50,hard,20170042,8,1.0391139509843212,1.4869575798067405,1.0391139509843212,0.5,0.25,0.5,0.44784362882241924
seed17_P_C2_warm_step50,17,P_C2_warm,50,hard,20170043,8,0.9708471361490209,1.0989711842744239,0.9203919695287562,0.875,0.5,0.875,0.128124048125403
seed17_P_C2_warm_step50,17,P_C2_warm,50,hard,20170044,8,3.4754893540188956,1.520549955751397,1.520549955751397,0,0.25,0.25,-1.9549393982674985
seed17_P_C2_warm_step50,17,P_C2_warm,50,hard,20170045,8,0.9766954319854128,1.1639944267833273,0.9468828462112048,0.75,0.375,0.875,0.18729899479791456
seed17_P_C2_warm_step50,17,P_C2_warm,50,hard,20170046,8,0.9548939905292068,0.7922039419303537,0.7684257836325624,0.5,0.5,0.5,-0.16269004859885305
seed17_P_C2_warm_step50,17,P_C2_warm,50,hard,20170047,8,1.3997036364119277,1.3794247074331165,1.3156392773211858,0.375,0.375,0.375,-0.020278928978811228
seed17_P_C2_warm_step50,17,P_C2_warm,50,hard,20170048,8,1.0547362285020236,0.8627343983887521,0.8627343983887521,0.625,0.625,0.625,-0.19200183011327154
seed17_P_C2_warm_step50,17,P_C2_warm,50,hard,20170049,8,1.9565716633121566,1.8774722739443692,1.852100255315114,0,0,0,-0.07909938936778738
seed17_P_C2_warm_step50,17,P_C2_warm,50,hard,20170050,8,0.8010617013838913,0.9001069307698498,0.7262628732602334,1,0.875,1,0.0990452293859585
seed17_P_C2_warm_step50,17,P_C2_warm,50,hard,20170051,8,1.4884837364769294,1.0320713565681414,1.0320713565681414,0,0.75,0.75,-0.456412379908788
seed17_P_C2_warm_step50,17,P_C2_warm,50,hard,20170052,8,0.8996984407240911,0.9552417303935314,0.8174182965676512,0.75,0.75,0.75,0.05554328966944033
seed17_P_C2_warm_step50,17,P_C2_warm,50,hard,20170053,8,0.6199670055430399,0.6653034418022672,0.5908346463345875,0.875,1,1,0.04533643625922734
seed17_P_C2_warm_step50,17,P_C2_warm,50,hard,20170054,8,1.47698690330188,0.8655010807737917,0.8655010807737917,0.25,0.75,0.75,-0.6114858225280884
seed17_P_C2_warm_step50,17,P_C2_warm,50,hard,20170055,8,0.618551524527336,1.0318271443950646,0.618551524527336,0.625,0.625,0.625,0.41327561986772865
seed17_P_C2_warm_step50,17,P_C2_warm,50,hard,20170056,8,1.454591909687912,1.1980189517564106,1.1980189517564106,0.25,0.625,0.625,-0.2565729579315015
seed17_P_C2_warm_step50,17,P_C2_warm,50,hard,20170057,8,1.4734417611872728,1.2694061323763184,1.2694061323763184,0,0.25,0.25,-0.20403562881095438
seed17_P_C2_warm_step50,17,P_C2_warm,50,hard,20170058,8,3.3404193492305247,1.3658835944829597,1.3658835944829597,0,0,0,-1.974535754747565
seed17_P_C2_warm_step50,17,P_C2_warm,50,hard,20170059,8,0.9575583277992333,0.9348095456006817,0.8208356253479023,0.75,1,1,-0.022748782198551587
seed17_P_C2_warm_step50,17,P_C2_warm,50,hard,20170060,8,1.519508793812206,1.2771209525178795,0.8244213951560617,0.625,0.625,0.625,-0.24238784129432656
seed17_P_C2_warm_step50,17,P_C2_warm,50,hard,20170061,8,1.8149298698498644,1.3450136957374,1.3450136957374,0,0.25,0.25,-0.46991617411246445
seed17_P_C2_warm_step50,17,P_C2_warm,50,hard,20170062,8,1.307235948024051,1.151456610601808,1.151456610601808,0.375,0.625,0.625,-0.15577933742224293
seed17_P_C2_warm_step50,17,P_C2_warm,50,hard,20170063,8,0.981994682774432,1.0055859695831315,0.9572582841333472,0.75,1,1,0.023591286808699485
seed17_P_C2_warm_step50,17,P_C2_warm,50,hard,20170064,8,1.0158977824351263,0.9615571152950785,0.9615571152950785,0.625,0.875,0.875,-0.054340667140047816
seed17_P_C2_warm_step50,17,P_C2_warm,50,hard,20170065,8,1.390876547796666,1.1873164200165467,0.9880628354133922,0,0.375,0.375,-0.20356012778011934
seed17_P_C2_warm_step50,17,P_C2_warm,50,hard,20170066,8,0.7190153227326277,0.763284549031085,0.6436015745663374,0.625,1,1,0.04426922629845731
seed17_P_C2_warm_step50,17,P_C2_warm,50,hard,20170067,8,1.3772329593762072,1.0749368886555877,1.0695863113546182,0.375,0.625,0.625,-0.3022960707206195
seed17_P_C2_warm_step50,17,P_C2_warm,50,hard,20170068,8,1.4418959109609335,1.5488748842209714,1.2951811785487943,0.25,0,0.25,0.10697897326003791
seed17_P_C2_warm_step50,17,P_C2_warm,50,hard,20170069,8,1.1960106823043695,1.257934693349548,0.9991263947509628,0.125,0.625,0.75,0.06192401104517864
seed17_P_C2_warm_step50,17,P_C2_warm,50,hard,20170070,8,1.0441280772117103,0.9590447586355045,0.9574771491228652,0.625,0.75,0.75,-0.08508331857620577
seed17_P_C2_warm_step50,17,P_C2_warm,50,hard,20170071,8,0.5341298759542273,1.0761311266986717,0.28660696924587137,0.625,0.5,1,0.5420012507444444
seed17_P_C2_warm_step50,17,P_C2_warm,50,hard,20170072,8,1.4879859263014446,1.4075506547174765,1.3797144595791764,0.125,0.375,0.125,-0.08043527158396802
seed17_P_C2_warm_step50,17,P_C2_warm,50,hard,20170073,8,1.0655773754551683,0.9462074959401899,0.8977995094510589,0.875,0.75,1,-0.11936987951497835
seed17_P_C2_warm_step50,17,P_C2_warm,50,hard,20170074,8,1.4157728269397971,1.566534379302691,1.3231910279034733,0.25,0,0.25,0.1507615523628938
seed17_P_C2_warm_step50,17,P_C2_warm,50,hard,20170075,8,1.835025176966778,1.0661060418680484,0.9957546864001909,0.25,0.75,0.75,-0.7689191350987297
seed17_P_C2_warm_step50,17,P_C2_warm,50,hard,20170076,8,1.5312790553834086,1.0003311021716743,1.0003311021716743,0.625,0.625,0.625,-0.5309479532117343
seed17_P_C2_warm_step50,17,P_C2_warm,50,hard,20170077,8,1.6315107487486693,1.58408975140985,1.501822754207836,0,0,0,-0.047420997338819326
seed17_P_C2_warm_step50,17,P_C2_warm,50,hard,20170078,8,1.0254894912436296,0.9810196594284089,0.9610160625401933,0.75,0.75,0.75,-0.044469831815220795
seed17_P_C2_warm_step50,17,P_C2_warm,50,hard,20170079,8,0.9714147787629999,1.1848555498081572,0.9611121557469683,0.875,0.125,0.75,0.21344077104515735
seed17_P_C2_warm_step50,17,P_C2_warm,50,hard,20170080,8,0.8529266758246723,1.2899027982986921,0.8529266758246723,1,0,1,0.43697612247401985
seed17_P_C2_warm_step50,17,P_C2_warm,50,hard,20170081,8,1.5323003789825793,1.3549434387150594,0.6792342329059393,0.625,0,0.625,-0.1773569402675199
seed17_P_C2_warm_step50,17,P_C2_warm,50,hard,20170082,8,1.3712335428016227,0.9837749647691497,0.9837749647691497,0.25,0.625,0.625,-0.38745857803247297
seed17_P_C2_warm_step50,17,P_C2_warm,50,hard,20170083,8,2.4165789437718375,1.492025628038587,1.492025628038587,0,0,0,-0.9245533157332504
seed17_P_C2_warm_step50,17,P_C2_warm,50,hard,20170084,8,1.5856029322333047,1.5788516854364374,1.4147579566523167,0,0,0,-0.006751246796867338
seed17_P_C2_warm_step50,17,P_C2_warm,50,hard,20170085,8,1.304834075580774,0.7394369755653631,0.7394369755653631,0,0.75,0.75,-0.5653971000154108
seed17_P_C2_warm_step50,17,P_C2_warm,50,hard,20170086,8,1.2848061463071572,1.7448872887327402,1.273665305245433,0.25,0.25,0.25,0.46008114242558307
seed17_P_C2_warm_step50,17,P_C2_warm,50,hard,20170087,8,2.634749960728232,1.1846893009108008,1.1846893009108008,0,0.25,0.25,-1.450060659817431
seed17_P_C2_warm_step50,17,P_C2_warm,50,hard,20170088,8,0.9127460174731747,1.118390673360445,0.880212075613036,0.75,0.625,0.75,0.2056446558872702
seed17_P_C2_warm_step50,17,P_C2_warm,50,hard,20170089,8,1.9432099164739527,0.939472300083622,0.939472300083622,0,0.5,0.5,-1.0037376163903307
seed17_P_C2_warm_step50,17,P_C2_warm,50,hard,20170090,8,0.6759220994974187,0.748091942455384,0.6341525630072327,0.625,0.875,0.875,0.07216984295796536
seed17_P_C2_warm_step50,17,P_C2_warm,50,hard,20170091,8,1.55233119786184,1.1067559128262303,1.1067559128262303,0,0.625,0.625,-0.4455752850356096
seed17_P_C2_warm_step50,17,P_C2_warm,50,hard,20170092,8,1.032660983232282,1.520786811329376,1.032660983232282,0.875,0,0.875,0.48812582809709415
seed17_P_C2_warm_step50,17,P_C2_warm,50,hard,20170093,8,1.1899463404085031,0.8662670002551234,0.8662670002551234,0.75,0.75,0.75,-0.32367934015337974
seed17_P_C2_warm_step50,17,P_C2_warm,50,hard,20170094,8,1.0076399788254686,1.134988597365781,0.9047742627933584,0.625,0.5,1,0.12734861854031232
seed17_P_C2_warm_step50,17,P_C2_warm,50,hard,20170095,8,0.7894063963565354,1.404608153533313,0.5107473717229082,0.5,0.5,1,0.6152017571767776
seed17_P_C2_warm_step50,17,P_C2_warm,50,hard,20170096,8,1.112370063516154,1.076150475482412,0.9865582832254834,0.5,0.5,0.5,-0.03621958803374192
seed17_P_C2_warm_step50,17,P_C2_warm,50,hard,20170097,8,1.0822627893891752,1.2080359025708114,1.0557778823679507,0.5,0.375,0.5,0.1257731131816362
seed17_P_C2_warm_step50,17,P_C2_warm,50,hard,20170098,8,1.4855558968071718,1.231251143804954,1.231251143804954,0,0.625,0.625,-0.2543047530022178
seed17_P_C2_warm_step50,17,P_C2_warm,50,hard,20170099,8,1.7526699735786802,1.3077576680637422,1.3077576680637422,0.5,0.5,0.5,-0.444912305514938
seed17_P_C2_warm_step100,17,P_C2_warm,100,easy,20170000,8,0.9647704502890746,0.48580531416575007,0.44929775280747386,0.625,0.875,0.875,-0.47896513612332453
seed17_P_C2_warm_step100,17,P_C2_warm,100,easy,20170001,8,1.9036057072600747,0.5201931335604477,0.19211872411204203,0.375,0.625,1,-1.383412573699627
seed17_P_C2_warm_step100,17,P_C2_warm,100,easy,20170002,8,1.051930254791298,0.16138520769454862,0.16138520769454862,0.5,1,1,-0.8905450470967495
seed17_P_C2_warm_step100,17,P_C2_warm,100,easy,20170003,8,0.020343082912383816,0.036084947826930294,0.010309119413535942,1,1,1,0.015741864914546478
seed17_P_C2_warm_step100,17,P_C2_warm,100,easy,20170004,8,0.8720688837893791,0.08146148063519502,0.06072031192262357,0.75,1,1,-0.7906074031541841
seed17_P_C2_warm_step100,17,P_C2_warm,100,easy,20170005,8,1.01861038741605,0.3838922038874949,0.3700383788486046,0.625,0.625,0.625,-0.634718183528555
seed17_P_C2_warm_step100,17,P_C2_warm,100,easy,20170006,8,0.7713307687146245,0.16827471142794792,0.16445729220992347,0.75,1,1,-0.6030560572866766
seed17_P_C2_warm_step100,17,P_C2_warm,100,easy,20170007,8,1.655848712374807,1.0303176995574788,1.0298032861756818,0.375,0.375,0.375,-0.6255310128173281
seed17_P_C2_warm_step100,17,P_C2_warm,100,easy,20170008,8,0.55080684731628,4.873071255356714,0.01210008974712909,0.625,0.375,1,4.322264408040434
seed17_P_C2_warm_step100,17,P_C2_warm,100,easy,20170009,8,0.007652817109591254,0.041455790905048966,0.007652817109591254,1,1,1,0.033802973795457714
seed17_P_C2_warm_step100,17,P_C2_warm,100,easy,20170010,8,1.5389356566696883,0.04959812899003186,0.04959812899003186,0,1,1,-1.4893375276796565
seed17_P_C2_warm_step100,17,P_C2_warm,100,easy,20170011,8,0.20596706620575483,0.32778334583259505,0.0641857674193777,1,0.875,1,0.12181627962684022
seed17_P_C2_warm_step100,17,P_C2_warm,100,easy,20170012,8,1.6682039892364233,0.6493455394238268,0.4590717540679541,0.375,1,1,-1.0188584498125965
seed17_P_C2_warm_step100,17,P_C2_warm,100,easy,20170013,8,0.41130548790221,1.0714118162094033,0.01908387432983344,0.625,0.375,1,0.6601063283071933
seed17_P_C2_warm_step100,17,P_C2_warm,100,easy,20170014,8,0.5627808121873713,0.09351917102892673,0.09013641216833583,0.625,1,1,-0.4692616411584446
seed17_P_C2_warm_step100,17,P_C2_warm,100,easy,20170015,8,2.1048662611819755,1.2226993676486704,1.2226993676486704,0.25,0.375,0.375,-0.8821668935333051
seed17_P_C2_warm_step100,17,P_C2_warm,100,easy,20170016,8,0.029608483910488113,1.1972962302987142,0.029608483910488113,1,0.125,1,1.167687746388226
seed17_P_C2_warm_step100,17,P_C2_warm,100,easy,20170017,8,0.8290901494282703,0.281858486126168,0.1609509120814208,0.625,1,1,-0.5472316633021024
seed17_P_C2_warm_step100,17,P_C2_warm,100,easy,20170018,8,0.36511535484764585,0.11891771974602194,0.07110349024606931,0.75,1,1,-0.2461976351016239
seed17_P_C2_warm_step100,17,P_C2_warm,100,easy,20170019,8,0.395506080496744,0.09255505052154712,0.09171933753448097,0.875,1,1,-0.3029510299751969
seed17_P_C2_warm_step100,17,P_C2_warm,100,easy,20170020,8,0.027417576803555374,0.1463250556463547,0.019652266336063103,1,1,1,0.11890747884279933
seed17_P_C2_warm_step100,17,P_C2_warm,100,easy,20170021,8,0.03639220454164175,0.1402379532388091,0.02794793420135571,1,1,1,0.10384574869716737
seed17_P_C2_warm_step100,17,P_C2_warm,100,easy,20170022,8,2.2515341271864124,0.5886610111722274,0.579740232115574,0.375,0.5,0.5,-1.6628731160141852
seed17_P_C2_warm_step100,17,P_C2_warm,100,easy,20170023,8,1.157174908619437,1.617145132412941,0.24108091776112694,0.625,0.25,0.875,0.45997022379350416
seed17_P_C2_warm_step100,17,P_C2_warm,100,easy,20170024,8,0.011422357450211923,0.055776261345856316,0.008013283394828633,1,1,1,0.04435390389564439
seed17_P_C2_warm_step100,17,P_C2_warm,100,easy,20170025,8,1.7617140883557738,0.20739029101346224,0.2071728824808924,0.375,1,1,-1.5543237973423116
seed17_P_C2_warm_step100,17,P_C2_warm,100,easy,20170026,8,1.9561022442235163,0.3673809130464275,0.3479993982619164,0.375,1,1,-1.588721331177089
seed17_P_C2_warm_step100,17,P_C2_warm,100,easy,20170027,8,0.5119268709709649,0.0396899611367446,0.0396899611367446,0.625,1,1,-0.4722369098342203
seed17_P_C2_warm_step100,17,P_C2_warm,100,easy,20170028,8,0.015016403784911266,0.13327122994440796,0.015016403784911266,1,1,1,0.1182548261594967
seed17_P_C2_warm_step100,17,P_C2_warm,100,easy,20170029,8,1.6553455546046612,0.0538543182936055,0.0538543182936055,0,1,1,-1.6014912363110556
seed17_P_C2_warm_step100,17,P_C2_warm,100,easy,20170030,8,0.06489400988473677,0.1923491302298888,0.0616616799828921,1,1,1,0.12745512034515205
seed17_P_C2_warm_step100,17,P_C2_warm,100,easy,20170031,8,0.7466009369181366,0.22756722377227961,0.19466835621232384,0.5,1,1,-0.5190337131458569
seed17_P_C2_warm_step100,17,P_C2_warm,100,easy,20170032,8,0.3644245851731072,0.028768728946823315,0.028149809943709487,0.75,1,1,-0.3356558562262839
seed17_P_C2_warm_step100,17,P_C2_warm,100,easy,20170033,8,0.4438583530414345,0.04055418803127617,0.04055418803127617,0.75,1,1,-0.4033041650101583
seed17_P_C2_warm_step100,17,P_C2_warm,100,easy,20170034,8,1.6807015139163657,0.34896169669858534,0.34896169669858534,0.375,0.875,0.875,-1.3317398172177803
seed17_P_C2_warm_step100,17,P_C2_warm,100,easy,20170035,8,1.6722434646183368,0.6079191469550143,0.6079191469550143,0,0.625,0.625,-1.0643243176633226
seed17_P_C2_warm_step100,17,P_C2_warm,100,easy,20170036,8,0.4413890205581393,2.0014446591198287,0.036629224097266926,0.75,0.25,1,1.5600556385616895
seed17_P_C2_warm_step100,17,P_C2_warm,100,easy,20170037,8,0.004495972585860903,0.6122199120222162,0.004495972585860903,1,0.625,1,0.6077239394363553
seed17_P_C2_warm_step100,17,P_C2_warm,100,easy,20170038,8,0.4444564210460858,0.0958605255411732,0.05501972634979382,0.75,1,1,-0.3485958955049126
seed17_P_C2_warm_step100,17,P_C2_warm,100,easy,20170039,8,1.6264424589894912,0.5828875016427253,0.582477447513748,0.25,0.625,0.625,-1.043554957346766
seed17_P_C2_warm_step100,17,P_C2_warm,100,easy,20170040,8,0.4008100637556153,0.23840196411421274,0.07298063541228637,0.875,1,1,-0.16240809964140254
seed17_P_C2_warm_step100,17,P_C2_warm,100,easy,20170041,8,1.3563479987684963,0.35226929655442885,0.23216814118573992,0.5,1,1,-1.0040787022140676
seed17_P_C2_warm_step100,17,P_C2_warm,100,easy,20170042,8,2.4617147770585954,0.2786343517562139,0.26045158595984463,0.25,1,1,-2.1830804253023817
seed17_P_C2_warm_step100,17,P_C2_warm,100,easy,20170043,8,1.4913653521497592,0.30412086899679336,0.025012587997200273,0.25,0.75,1,-1.1872444831529658
seed17_P_C2_warm_step100,17,P_C2_warm,100,easy,20170044,8,0.2015173721284797,0.1680334626811199,0.11323935026774612,0.875,1,1,-0.033483909447359794
seed17_P_C2_warm_step100,17,P_C2_warm,100,easy,20170045,8,0.49879092196126457,0.42511823471434995,0.016024042399696663,0.75,1,1,-0.07367268724691461
seed17_P_C2_warm_step100,17,P_C2_warm,100,easy,20170046,8,0.2248986342291268,0.05926229715673378,0.02831625280967937,0.875,1,1,-0.165636337072393
seed17_P_C2_warm_step100,17,P_C2_warm,100,easy,20170047,8,0.3513856478205366,0.11782409017800403,0.11638987639447877,0.875,1,1,-0.23356155764253256
seed17_P_C2_warm_step100,17,P_C2_warm,100,easy,20170048,8,1.1759506220789744,0.3053617169829245,0.3053617169829245,0.375,0.875,0.875,-0.8705889050960498
seed17_P_C2_warm_step100,17,P_C2_warm,100,easy,20170049,8,2.0927601034454666,0.6473499003005019,0.6473499003005019,0.125,0.625,0.625,-1.4454102031449647
seed17_P_C2_warm_step100,17,P_C2_warm,100,easy,20170050,8,0.3100878518594495,0.07369382552490637,0.049686682038913264,0.75,1,1,-0.2363940263345431
seed17_P_C2_warm_step100,17,P_C2_warm,100,easy,20170051,8,1.7096226437611575,1.132478531749636,0.10368916142144022,0.375,0.625,1,-0.5771441120115215
seed17_P_C2_warm_step100,17,P_C2_warm,100,easy,20170052,8,0.047372110564014865,0.0694462983151834,0.017789353203275276,1,1,1,0.022074187751168532
seed17_P_C2_warm_step100,17,P_C2_warm,100,easy,20170053,8,1.8666677609565212,0.47885170444164704,0.47475782116820986,0.5,0.625,0.625,-1.387816056514874
seed17_P_C2_warm_step100,17,P_C2_warm,100,easy,20170054,8,0.006080784402449692,0.383498417998059,0.005872964287013024,1,1,1,0.3774176335956093
seed17_P_C2_warm_step100,17,P_C2_warm,100,easy,20170055,8,0.5999698320759128,0.27177582554005053,0.03239709630682364,0.625,1,1,-0.3281940065358623
seed17_P_C2_warm_step100,17,P_C2_warm,100,easy,20170056,8,0.8688867133941086,0.1274680425100749,0.12347752686047557,0.75,1,1,-0.7414186708840337
seed17_P_C2_warm_step100,17,P_C2_warm,100,easy,20170057,8,0.31878903621521876,0.04188076652283362,0.017060469112692978,1,1,1,-0.27690826969238513
seed17_P_C2_warm_step100,17,P_C2_warm,100,easy,20170058,8,0.376136747735846,0.0186219331707483,0.01588705114287623,0.75,1,1,-0.3575148145650977
seed17_P_C2_warm_step100,17,P_C2_warm,100,easy,20170059,8,1.2216573554288668,0.11554315872426281,0.11554315872426281,0.5,1,1,-1.106114196704604
seed17_P_C2_warm_step100,17,P_C2_warm,100,easy,20170060,8,1.738845690389383,0.42632268619715186,0.27098179280605866,0.375,1,1,-1.3125230041922311
seed17_P_C2_warm_step100,17,P_C2_warm,100,easy,20170061,8,1.611307953212221,0.24341331302708746,0.1936992062765542,0.5,1,1,-1.3678946401851335
seed17_P_C2_warm_step100,17,P_C2_warm,100,easy,20170062,8,0.7236741823613283,0.06950498677117799,0.06950498677117799,0.5,1,1,-0.6541691955901503
seed17_P_C2_warm_step100,17,P_C2_warm,100,easy,20170063,8,0.961903502240764,0.06983303219729063,0.04283482176899935,0.625,1,1,-0.8920704700434734
seed17_P_C2_warm_step100,17,P_C2_warm,100,easy,20170064,8,0.39081876283060685,0.09464466255814433,0.060099923267756934,0.75,1,1,-0.2961741002724625
seed17_P_C2_warm_step100,17,P_C2_warm,100,easy,20170065,8,0.7009184422215555,0.330893485855519,0.2588008046139973,0.75,0.875,0.875,-0.37002495636603655
seed17_P_C2_warm_step100,17,P_C2_warm,100,easy,20170066,8,0.12950937063325346,0.09126460612937527,0.0062996190000803275,1,1,1,-0.03824476450387819
seed17_P_C2_warm_step100,17,P_C2_warm,100,easy,20170067,8,0.24604115193310058,0.024201295103849562,0.01774028248504535,0.875,1,1,-0.22183985682925103
seed17_P_C2_warm_step100,17,P_C2_warm,100,easy,20170068,8,0.13353963882545114,0.04516438591464102,0.036443383620839626,1,1,1,-0.08837525291081012
seed17_P_C2_warm_step100,17,P_C2_warm,100,easy,20170069,8,0.453392248547016,0.22574627845712542,0.0926704090409242,0.875,1,1,-0.22764597008989057
seed17_P_C2_warm_step100,17,P_C2_warm,100,easy,20170070,8,0.40524463451863996,0.3380003391391182,0.2255090356376983,0.75,0.875,0.875,-0.06724429537952176
seed17_P_C2_warm_step100,17,P_C2_warm,100,easy,20170071,8,0.7876343348952016,0.2577788156042184,0.25763337831397476,0.75,0.75,0.75,-0.5298555192909833
seed17_P_C2_warm_step100,17,P_C2_warm,100,easy,20170072,8,0.46041598960813257,0.16705274886573176,0.11201472322302505,0.625,1,1,-0.29336324074240083
seed17_P_C2_warm_step100,17,P_C2_warm,100,easy,20170073,8,0.5874439087208142,0.029872612373945756,0.02909627286262476,0.75,1,1,-0.5575712963468684
seed17_P_C2_warm_step100,17,P_C2_warm,100,easy,20170074,8,1.3175035405212483,0.26678310550703116,0.24412213912910619,0.625,1,1,-1.0507204350142172
seed17_P_C2_warm_step100,17,P_C2_warm,100,easy,20170075,8,0.006760570858049966,0.17426446723952127,0.006760570858049966,1,1,1,0.1675038963814713
seed17_P_C2_warm_step100,17,P_C2_warm,100,easy,20170076,8,0.24173937756581523,0.04521089463700771,0.005829358220217166,0.75,1,1,-0.19652848292880754
seed17_P_C2_warm_step100,17,P_C2_warm,100,easy,20170077,8,1.4635768956040511,0.23018638723164675,0.17517836776350726,0.375,1,1,-1.2333905083724044
seed17_P_C2_warm_step100,17,P_C2_warm,100,easy,20170078,8,2.1292999065347735,0.21787131301485538,0.21787131301485538,0,1,1,-1.9114285935199182
seed17_P_C2_warm_step100,17,P_C2_warm,100,easy,20170079,8,0.2147305572629685,0.637333224374117,0.017585816179808318,0.875,0.5,1,0.42260266711114847
seed17_P_C2_warm_step100,17,P_C2_warm,100,easy,20170080,8,2.0542351172400766,0.5777225547956275,0.5777225547956275,0.125,0.625,0.625,-1.476512562444449
seed17_P_C2_warm_step100,17,P_C2_warm,100,easy,20170081,8,1.3685073054396533,0.23987673183781313,0.23640098424257205,0.5,1,1,-1.12863057360184
seed17_P_C2_warm_step100,17,P_C2_warm,100,easy,20170082,8,0.9481673768235852,0.0994839516148398,0.08466187465777734,0.625,1,1,-0.8486834252087454
seed17_P_C2_warm_step100,17,P_C2_warm,100,easy,20170083,8,0.016336796934222086,0.14897889706195513,0.015289665832543332,1,1,1,0.13264210012773306
seed17_P_C2_warm_step100,17,P_C2_warm,100,easy,20170084,8,1.1100772173700655,0.10288719477452472,0.06938999447103343,0.25,1,1,-1.0071900225955408
seed17_P_C2_warm_step100,17,P_C2_warm,100,easy,20170085,8,0.021688840857538933,2.058558182054574,0.021688840857538933,1,0,1,2.0368693411970353
seed17_P_C2_warm_step100,17,P_C2_warm,100,easy,20170086,8,0.19152615704818463,0.2223752871307351,0.015039160058866243,0.875,1,1,0.03084913008255047
seed17_P_C2_warm_step100,17,P_C2_warm,100,easy,20170087,8,2.132679729754716,0.73994596002507,0.7338088907996514,0.25,0.25,0.25,-1.3927337697296462
seed17_P_C2_warm_step100,17,P_C2_warm,100,easy,20170088,8,0.5159994298232387,0.09407385141238264,0.005986309186621178,0.625,1,1,-0.421925578410856
seed17_P_C2_warm_step100,17,P_C2_warm,100,easy,20170089,8,1.507425803800739,0.08996697836616642,0.08996697836616642,0.375,1,1,-1.4174588254345726
seed17_P_C2_warm_step100,17,P_C2_warm,100,easy,20170090,8,1.4840987869347921,0.35481140815676054,0.3238885831126395,0.25,1,1,-1.1292873787780315
seed17_P_C2_warm_step100,17,P_C2_warm,100,easy,20170091,8,0.00978941908329342,0.3572164959834717,0.00978941908329342,1,0.625,1,0.3474270769001783
seed17_P_C2_warm_step100,17,P_C2_warm,100,easy,20170092,8,0.532746770978294,0.05822568198722759,0.0566216709810714,0.75,1,1,-0.47452108899106643
seed17_P_C2_warm_step100,17,P_C2_warm,100,easy,20170093,8,3.345999159890048,0.6079009596422073,0.6079009596422073,0.125,0.625,0.625,-2.7380982002478405
seed17_P_C2_warm_step100,17,P_C2_warm,100,easy,20170094,8,2.3842938737593404,0.5904129964312825,0.5904129964312825,0.125,0.5,0.5,-1.793880877328058
seed17_P_C2_warm_step100,17,P_C2_warm,100,easy,20170095,8,0.9697737949268895,0.3948396993906766,0.2106669170967414,0.625,1,1,-0.574934095536213
seed17_P_C2_warm_step100,17,P_C2_warm,100,easy,20170096,8,1.226498700247217,0.218847439479796,0.1924766027129264,0.625,1,1,-1.007651260767421
seed17_P_C2_warm_step100,17,P_C2_warm,100,easy,20170097,8,1.3055351564444582,0.41767859461348333,0.41767859461348333,0.375,0.875,0.875,-0.8878565618309748
seed17_P_C2_warm_step100,17,P_C2_warm,100,easy,20170098,8,0.6397766729081076,1.1051960234219027,0.11241202925539585,0.75,0.25,1,0.4654193505137951
seed17_P_C2_warm_step100,17,P_C2_warm,100,easy,20170099,8,1.345278162508152,0.6964603388891745,0.010156845412331384,0.375,0.625,1,-0.6488178236189776
seed17_P_C2_warm_step100,17,P_C2_warm,100,hard,20170000,8,1.350301267656494,1.047662936687852,0.9571236796778135,0,0.625,0.625,-0.302638330968642
seed17_P_C2_warm_step100,17,P_C2_warm,100,hard,20170001,8,1.188128118333286,1.205213552014586,1.1637405407833967,0.5,0.5,0.5,0.0170854336813
seed17_P_C2_warm_step100,17,P_C2_warm,100,hard,20170002,8,1.1550024189111046,1.054207493854771,1.007538146927806,0.375,0.375,0.375,-0.10079492505633358
seed17_P_C2_warm_step100,17,P_C2_warm,100,hard,20170003,8,0.6520528758575725,0.7232715940877541,0.6244270072749114,1,0.75,1,0.07121871823018155
seed17_P_C2_warm_step100,17,P_C2_warm,100,hard,20170004,8,1.1141565192175624,0.9795134826010502,0.9515839776744464,0.5,1,1,-0.13464303661651222
seed17_P_C2_warm_step100,17,P_C2_warm,100,hard,20170005,8,1.2110724257365983,1.0439841484615267,1.0246569421908147,0,0.5,0.5,-0.1670882772750717
seed17_P_C2_warm_step100,17,P_C2_warm,100,hard,20170006,8,1.2836293678436848,1.3929478218723654,1.2131135368628254,0.125,0.25,0.25,0.10931845402868068
seed17_P_C2_warm_step100,17,P_C2_warm,100,hard,20170007,8,0.9932854780690454,1.2354246628357384,0.9388117335599856,0.625,0.375,0.625,0.24213918476669294
seed17_P_C2_warm_step100,17,P_C2_warm,100,hard,20170008,8,1.2443779414382696,1.25616197141009,1.2186002412493933,0,0,0,0.011784029971820376
seed17_P_C2_warm_step100,17,P_C2_warm,100,hard,20170009,8,1.6741605825038997,1.1818139212716017,1.0180042653342751,0.375,0.5,0.5,-0.492346661232298
seed17_P_C2_warm_step100,17,P_C2_warm,100,hard,20170010,8,1.2268648788761687,1.4501922121729058,1.1889132935937055,0.5,0,0.5,0.22332733329673715
seed17_P_C2_warm_step100,17,P_C2_warm,100,hard,20170011,8,0.9384323913420353,0.8837233951249082,0.7216230942943234,0.5,1,1,-0.054708996217127104
seed17_P_C2_warm_step100,17,P_C2_warm,100,hard,20170012,8,0.8806689647350616,1.0237151621184788,0.852004165711846,0.75,0.75,0.875,0.14304619738341717
seed17_P_C2_warm_step100,17,P_C2_warm,100,hard,20170013,8,1.1058782598905592,0.9950455191100203,0.9842881825540115,0.5,0.875,0.875,-0.11083274078053895
seed17_P_C2_warm_step100,17,P_C2_warm,100,hard,20170014,8,0.9286175274014633,1.298421677208048,0.664031686961395,0.75,0.375,0.75,0.3698041498065846
seed17_P_C2_warm_step100,17,P_C2_warm,100,hard,20170015,8,1.0012416788378788,1.3924118799231981,0.7968642289961351,0.5,0.125,0.625,0.3911702010853193
seed17_P_C2_warm_step100,17,P_C2_warm,100,hard,20170016,8,0.843144244080237,1.1606122411544186,0.819599773773053,0.375,0.375,0.375,0.3174679970741816
seed17_P_C2_warm_step100,17,P_C2_warm,100,hard,20170017,8,0.7159843036944159,1.2004645941614625,0.4640767749709387,0.625,0.5,1,0.48448029046704655
seed17_P_C2_warm_step100,17,P_C2_warm,100,hard,20170018,8,1.3936578551868601,0.8123185453472253,0.8123185453472253,0,1,1,-0.5813393098396349
seed17_P_C2_warm_step100,17,P_C2_warm,100,hard,20170019,8,1.2337682601544457,1.1642773888511506,1.1642773888511506,0,0.5,0.5,-0.06949087130329512
seed17_P_C2_warm_step100,17,P_C2_warm,100,hard,20170020,8,1.1634100980249098,0.9595706761875632,0.9595706761875632,0.625,0.75,0.75,-0.2038394218373466
seed17_P_C2_warm_step100,17,P_C2_warm,100,hard,20170021,8,1.1037489461013446,0.8499306696766353,0.8499306696766353,0,0.625,0.625,-0.2538182764247092
seed17_P_C2_warm_step100,17,P_C2_warm,100,hard,20170022,8,1.6922318314851696,1.1346738026059935,0.9817018856286985,0.25,0.5,0.625,-0.5575580288791762
seed17_P_C2_warm_step100,17,P_C2_warm,100,hard,20170023,8,2.637617579240751,1.8559940972831284,1.8157988330718697,0.125,0.125,0.125,-0.7816234819576227
seed17_P_C2_warm_step100,17,P_C2_warm,100,hard,20170024,8,1.751621640515641,1.1709477663926235,1.1709477663926235,0.25,0.375,0.375,-0.5806738741230175
seed17_P_C2_warm_step100,17,P_C2_warm,100,hard,20170025,8,1.243651309990529,1.0116078518762612,0.8563920837449532,0.5,0.625,0.625,-0.23204345811426785
seed17_P_C2_warm_step100,17,P_C2_warm,100,hard,20170026,8,1.2195236244062158,1.0838014151572477,0.9600994194345855,0.5,0.75,1,-0.13572220924896805
seed17_P_C2_warm_step100,17,P_C2_warm,100,hard,20170027,8,1.3083675850514742,1.064882654201759,1.064882654201759,0.5,0.625,0.625,-0.24348493084971512
seed17_P_C2_warm_step100,17,P_C2_warm,100,hard,20170028,8,1.6289307269536155,1.4879805301649296,1.4879805301649296,0,0.25,0.25,-0.14095019678868592
seed17_P_C2_warm_step100,17,P_C2_warm,100,hard,20170029,8,1.52970831688575,1.3452030303076485,1.3452030303076485,0,0,0,-0.1845052865781014
seed17_P_C2_warm_step100,17,P_C2_warm,100,hard,20170030,8,1.3065072627105145,0.9425227430821767,0.8625528661851689,0.5,0.625,0.625,-0.3639845196283379
seed17_P_C2_warm_step100,17,P_C2_warm,100,hard,20170031,8,0.7521878696811742,1.1004792626864943,0.7355698411661906,0.625,0.25,0.75,0.3482913930053201
seed17_P_C2_warm_step100,17,P_C2_warm,100,hard,20170032,8,1.5401361345284477,1.4298166733114637,1.4298166733114637,0.125,0.25,0.25,-0.110319461216984
seed17_P_C2_warm_step100,17,P_C2_warm,100,hard,20170033,8,1.01788608699699,0.8917671941530192,0.82189406958379,0.5,1,1,-0.1261188928439707
seed17_P_C2_warm_step100,17,P_C2_warm,100,hard,20170034,8,1.273174614711881,1.0420233406442427,1.0420233406442427,0,0.5,0.5,-0.23115127406763825
seed17_P_C2_warm_step100,17,P_C2_warm,100,hard,20170035,8,1.4097846189135796,1.407265172133759,1.3460598194434163,0.25,0,0.25,-0.0025194467798206333
seed17_P_C2_warm_step100,17,P_C2_warm,100,hard,20170036,8,3.295040707533826,1.5589084200861842,1.5589084200861842,0,0,0,-1.7361322874476417
seed17_P_C2_warm_step100,17,P_C2_warm,100,hard,20170037,8,0.9153448654339333,1.065915124877766,0.9153448654339333,0.75,0.625,0.75,0.15057025944383273
seed17_P_C2_warm_step100,17,P_C2_warm,100,hard,20170038,8,1.7681152409746386,1.3180130142882436,0.893982624792069,0.5,0.125,0.5,-0.450102226686395
seed17_P_C2_warm_step100,17,P_C2_warm,100,hard,20170039,8,1.388801592275069,1.4837363261341008,1.2655858400705593,0.125,0,0.125,0.09493473385903184
seed17_P_C2_warm_step100,17,P_C2_warm,100,hard,20170040,8,1.0095629164624926,1.283331838262101,0.9600835483874058,0.375,0.25,0.625,0.27376892179960843
seed17_P_C2_warm_step100,17,P_C2_warm,100,hard,20170041,8,1.3093920093452445,1.2790635791219551,1.232848180439875,0,0.25,0.25,-0.03032843022328935
seed17_P_C2_warm_step100,17,P_C2_warm,100,hard,20170042,8,1.0327029073942495,1.3272830625796708,1.0326812211641765,0.625,0.25,0.625,0.29458015518542124
seed17_P_C2_warm_step100,17,P_C2_warm,100,hard,20170043,8,0.9296793956015958,1.188341846851754,0.8222729718340249,0.875,0.375,0.875,0.2586624512501581
seed17_P_C2_warm_step100,17,P_C2_warm,100,hard,20170044,8,3.5104185686380363,1.857569118950964,1.857569118950964,0,0,0,-1.6528494496870723
seed17_P_C2_warm_step100,17,P_C2_warm,100,hard,20170045,8,0.9695685378406792,1.084493024549971,0.9441857086263321,0.75,0.875,0.875,0.1149244867092919
seed17_P_C2_warm_step100,17,P_C2_warm,100,hard,20170046,8,1.0179612934661513,0.8473530224509711,0.8452069452353121,0.5,0.5,0.5,-0.17060827101518017
seed17_P_C2_warm_step100,17,P_C2_warm,100,hard,20170047,8,1.3716139095129842,1.4080965552145004,1.3601031636007226,0.375,0.375,0.375,0.03648264570151616
seed17_P_C2_warm_step100,17,P_C2_warm,100,hard,20170048,8,1.107637538354991,0.9424252934631311,0.9424252934631311,0.625,0.625,0.625,-0.16521224489185993
seed17_P_C2_warm_step100,17,P_C2_warm,100,hard,20170049,8,2.006415353025764,1.906934015465342,1.9067546013736087,0,0,0,-0.09948133756042177
seed17_P_C2_warm_step100,17,P_C2_warm,100,hard,20170050,8,0.7798362672110751,0.8407017647224508,0.7293750625491101,1,0.875,1,0.06086549751137571
seed17_P_C2_warm_step100,17,P_C2_warm,100,hard,20170051,8,1.5319867998426269,1.1477239681652245,1.1477239681652245,0,0.75,0.75,-0.3842628316774024
seed17_P_C2_warm_step100,17,P_C2_warm,100,hard,20170052,8,0.8601430864398959,0.9111580629464696,0.8107055527918416,0.75,0.75,0.75,0.05101497650657372
seed17_P_C2_warm_step100,17,P_C2_warm,100,hard,20170053,8,0.5962908592298658,0.6252659255455519,0.5675937320005526,0.875,1,1,0.028975066315686138
seed17_P_C2_warm_step100,17,P_C2_warm,100,hard,20170054,8,1.4937592696140887,0.9229284871482133,0.9229284871482133,0.25,0.75,0.75,-0.5708307824658754
seed17_P_C2_warm_step100,17,P_C2_warm,100,hard,20170055,8,0.6461187259554433,0.8556628796612489,0.6359050244469442,0.625,0.625,0.625,0.2095441537058056
seed17_P_C2_warm_step100,17,P_C2_warm,100,hard,20170056,8,1.4684966024392296,1.2827098352829318,1.2827098352829318,0.25,0.375,0.375,-0.18578676715629783
seed17_P_C2_warm_step100,17,P_C2_warm,100,hard,20170057,8,1.4805041789206457,1.3324683989684603,1.3324683989684603,0,0,0,-0.14803577995218542
seed17_P_C2_warm_step100,17,P_C2_warm,100,hard,20170058,8,3.3545029612269586,1.6364916725588092,1.6364916725588092,0,0,0,-1.7180112886681493
seed17_P_C2_warm_step100,17,P_C2_warm,100,hard,20170059,8,0.9723453625225496,0.9379989154451533,0.8588011221481598,0.625,1,1,-0.0343464470773962
seed17_P_C2_warm_step100,17,P_C2_warm,100,hard,20170060,8,1.4933284862673257,1.2454620890211323,0.9583325051192034,0.625,0.625,0.625,-0.24786639724619342
seed17_P_C2_warm_step100,17,P_C2_warm,100,hard,20170061,8,1.7507037484975299,1.4314610181844127,1.4314610181844127,0.25,0.25,0.25,-0.3192427303131171
seed17_P_C2_warm_step100,17,P_C2_warm,100,hard,20170062,8,1.3802205440888828,1.2342888812848167,1.2342888812848167,0,0.5,0.5,-0.1459316628040661
seed17_P_C2_warm_step100,17,P_C2_warm,100,hard,20170063,8,0.9387390116426676,0.9454977864668679,0.9110820066889579,0.75,1,1,0.0067587748242002865
seed17_P_C2_warm_step100,17,P_C2_warm,100,hard,20170064,8,1.0115362232386718,1.0475479803987748,0.9981308065412409,0.625,0.5,0.75,0.036011757160103075
seed17_P_C2_warm_step100,17,P_C2_warm,100,hard,20170065,8,1.4126102152963924,1.1565714937879037,1.0810236837136102,0,0.375,0.375,-0.2560387215084887
seed17_P_C2_warm_step100,17,P_C2_warm,100,hard,20170066,8,0.7788987496487787,0.7489911015056132,0.6672826240086084,0.625,0.625,0.625,-0.02990764814316549
seed17_P_C2_warm_step100,17,P_C2_warm,100,hard,20170067,8,1.4845558228252103,1.0592262897823888,1.0507411064228918,0.25,0.625,0.625,-0.4253295330428215
seed17_P_C2_warm_step100,17,P_C2_warm,100,hard,20170068,8,1.4488682238677244,1.514231601835899,1.3240683899983403,0.25,0,0.25,0.0653633779681746
seed17_P_C2_warm_step100,17,P_C2_warm,100,hard,20170069,8,1.181569570695221,1.203137948123697,1.0217737033744043,0.125,0.5,0.625,0.02156837742847606
seed17_P_C2_warm_step100,17,P_C2_warm,100,hard,20170070,8,1.0131641458184306,1.0995343748009179,1.008919852234956,0.625,0.625,0.625,0.08637022898248725
seed17_P_C2_warm_step100,17,P_C2_warm,100,hard,20170071,8,0.49039895485786067,0.7724703913670008,0.2874251843297133,0.875,0.75,1,0.2820714365091401
seed17_P_C2_warm_step100,17,P_C2_warm,100,hard,20170072,8,1.4924546726022012,1.4167107689198737,1.3965746698167196,0.375,0.375,0.375,-0.07574390368232753
seed17_P_C2_warm_step100,17,P_C2_warm,100,hard,20170073,8,1.0690980470500473,0.9474214002977221,0.9132321389681426,0.75,0.75,0.875,-0.12167664675232515
seed17_P_C2_warm_step100,17,P_C2_warm,100,hard,20170074,8,1.4455311616767057,1.553010340338362,1.3574708482850344,0.375,0,0.375,0.10747917866165624
seed17_P_C2_warm_step100,17,P_C2_warm,100,hard,20170075,8,1.8456477576020627,1.147228280158165,1.1178788910319892,0.25,0.75,0.75,-0.6984194774438977
seed17_P_C2_warm_step100,17,P_C2_warm,100,hard,20170076,8,1.5333469923557197,1.1274536085853484,1.1274536085853484,0.625,0.625,0.625,-0.4058933837703713
seed17_P_C2_warm_step100,17,P_C2_warm,100,hard,20170077,8,1.6203709551158152,1.5772608675205007,1.521408712032417,0,0,0,-0.04311008759531454
seed17_P_C2_warm_step100,17,P_C2_warm,100,hard,20170078,8,1.0233512526716142,0.9928226060302747,0.9740752329314221,0.625,0.75,0.75,-0.030528646641339474
seed17_P_C2_warm_step100,17,P_C2_warm,100,hard,20170079,8,0.9380399781655174,1.1070275924593365,0.9115108312612992,0.875,0.375,0.875,0.16898761429381903
seed17_P_C2_warm_step100,17,P_C2_warm,100,hard,20170080,8,0.8770948757092045,1.1651687163170406,0.8770948757092045,1,0.125,1,0.28807384060783603
seed17_P_C2_warm_step100,17,P_C2_warm,100,hard,20170081,8,1.539706111090627,1.1986772351401787,0.8429899281636462,0.625,0.5,0.625,-0.3410288759504483
seed17_P_C2_warm_step100,17,P_C2_warm,100,hard,20170082,8,1.3075673929249831,1.02711570769429,1.02711570769429,0.25,0.625,0.625,-0.2804516852306931
seed17_P_C2_warm_step100,17,P_C2_warm,100,hard,20170083,8,2.4923675352007524,1.765302904145283,1.7627090822325189,0,0,0,-0.7270646310554694
seed17_P_C2_warm_step100,17,P_C2_warm,100,hard,20170084,8,1.6048012910260476,1.5826418828915876,1.4528162998321075,0,0,0,-0.022159408134460046
seed17_P_C2_warm_step100,17,P_C2_warm,100,hard,20170085,8,1.1797429788507283,0.7406083942219505,0.7406083942219505,0.125,0.75,0.75,-0.43913458462877786
seed17_P_C2_warm_step100,17,P_C2_warm,100,hard,20170086,8,1.2728533058597278,1.6041043518915938,1.2690639632462892,0.25,0.25,0.25,0.33125104603186606
seed17_P_C2_warm_step100,17,P_C2_warm,100,hard,20170087,8,2.604021681678291,1.4466999304873194,1.4466999304873194,0,0.25,0.25,-1.1573217511909717
seed17_P_C2_warm_step100,17,P_C2_warm,100,hard,20170088,8,0.8372962168380153,1.1313974250267316,0.8010173563042601,0.625,0.625,0.75,0.2941012081887163
seed17_P_C2_warm_step100,17,P_C2_warm,100,hard,20170089,8,1.901360656766124,0.9933748157523374,0.9933748157523374,0,0.5,0.5,-0.9079858410137867
seed17_P_C2_warm_step100,17,P_C2_warm,100,hard,20170090,8,0.6972387128237236,0.7208915590593353,0.6478751073851063,0.625,0.875,0.875,0.023652846235611702
seed17_P_C2_warm_step100,17,P_C2_warm,100,hard,20170091,8,1.6471576139194113,1.2389678296925832,1.2389678296925832,0,0.5,0.5,-0.40818978422682806
seed17_P_C2_warm_step100,17,P_C2_warm,100,hard,20170092,8,1.0081480495289639,1.3514842649946808,1.0081480495289639,0.625,0.25,0.625,0.3433362154657169
seed17_P_C2_warm_step100,17,P_C2_warm,100,hard,20170093,8,1.1320995131079128,0.945181226684134,0.945181226684134,0.75,0.75,0.75,-0.18691828642377883
seed17_P_C2_warm_step100,17,P_C2_warm,100,hard,20170094,8,0.9778695274297695,1.050213904290188,0.8953877481179372,0.5,0.625,1,0.07234437686041839
seed17_P_C2_warm_step100,17,P_C2_warm,100,hard,20170095,8,0.7640874609128053,1.1023858699003006,0.5223755432613335,0.5,0.5,1,0.3382984089874953
seed17_P_C2_warm_step100,17,P_C2_warm,100,hard,20170096,8,1.0768323324336286,1.050015172327842,0.9755866341349134,0.5,0.5,0.5,-0.02681716010578672
seed17_P_C2_warm_step100,17,P_C2_warm,100,hard,20170097,8,1.0560890617049201,1.140448711334593,1.0319349379589913,0.625,0.375,0.625,0.0843596496296728
seed17_P_C2_warm_step100,17,P_C2_warm,100,hard,20170098,8,1.513049375163266,1.3134339250247071,1.3134339250247071,0,0.25,0.25,-0.19961545013855897
seed17_P_C2_warm_step100,17,P_C2_warm,100,hard,20170099,8,1.72968513553442,1.4047031834166397,1.4047031834166397,0.5,0.5,0.5,-0.32498195211778036
seed17_P_C2_warm_step200,17,P_C2_warm,200,easy,20170000,8,0.7957495543833217,0.33640159427997535,0.27126161203415683,0.625,1,1,-0.4593479601033464
seed17_P_C2_warm_step200,17,P_C2_warm,200,easy,20170001,8,1.428806835916508,0.23354337179956172,0.12275642445251879,0.5,1,1,-1.1952634641169464
seed17_P_C2_warm_step200,17,P_C2_warm,200,easy,20170002,8,0.731654896114187,0.248314804167408,0.248314804167408,0.625,0.875,0.875,-0.48334009194677896
seed17_P_C2_warm_step200,17,P_C2_warm,200,easy,20170003,8,0.010885593968083737,0.013805155880476733,0.0059434989212298365,1,1,1,0.0029195619123929956
seed17_P_C2_warm_step200,17,P_C2_warm,200,easy,20170004,8,0.8088578321960196,0.12304599275465261,0.11946307941132635,0.75,1,1,-0.685811839441367
seed17_P_C2_warm_step200,17,P_C2_warm,200,easy,20170005,8,0.8622574723661901,0.22678414604748834,0.20194643109040755,0.625,1,1,-0.6354733263187018
seed17_P_C2_warm_step200,17,P_C2_warm,200,easy,20170006,8,0.6382984319907176,0.22107072675001824,0.22011582934217974,0.75,0.75,0.75,-0.4172277052406993
seed17_P_C2_warm_step200,17,P_C2_warm,200,easy,20170007,8,1.5336985421500096,0.7975075317286058,0.7963718172289511,0.375,0.375,0.375,-0.7361910104214038
seed17_P_C2_warm_step200,17,P_C2_warm,200,easy,20170008,8,0.48204261461268316,3.319402917329006,0.010676083284726946,0.625,0.375,1,2.8373603027163226
seed17_P_C2_warm_step200,17,P_C2_warm,200,easy,20170009,8,0.006906338680507999,0.019946171614276708,0.006906338680507999,1,1,1,0.01303983293376871
seed17_P_C2_warm_step200,17,P_C2_warm,200,easy,20170010,8,1.158366717991416,0.06127119546237393,0.06127119546237393,0.125,1,1,-1.0970955225290422
seed17_P_C2_warm_step200,17,P_C2_warm,200,easy,20170011,8,0.09641413934866416,0.15184753060840506,0.03697701814677293,1,0.875,1,0.055433391259740894
seed17_P_C2_warm_step200,17,P_C2_warm,200,easy,20170012,8,1.5124938722343513,0.42300533101513677,0.3528745684307095,0.375,1,1,-1.0894885412192146
seed17_P_C2_warm_step200,17,P_C2_warm,200,easy,20170013,8,0.21215321375611815,0.27986512455397144,0.012289189713058615,0.875,1,1,0.0677119107978533
seed17_P_C2_warm_step200,17,P_C2_warm,200,easy,20170014,8,0.4452975363394414,0.09910060082513472,0.09823085861035848,0.625,1,1,-0.3461969355143067
seed17_P_C2_warm_step200,17,P_C2_warm,200,easy,20170015,8,1.9515088181045919,0.8817902822271056,0.8817902822271056,0.375,0.375,0.375,-1.0697185358774863
seed17_P_C2_warm_step200,17,P_C2_warm,200,easy,20170016,8,0.019580014393192305,0.4338237802169839,0.019580014393192305,1,1,1,0.41424376582379163
seed17_P_C2_warm_step200,17,P_C2_warm,200,easy,20170017,8,0.7370853724408304,0.3099362846971976,0.2600991543091451,0.625,0.875,0.875,-0.4271490877436328
seed17_P_C2_warm_step200,17,P_C2_warm,200,easy,20170018,8,0.2595420195987976,0.17568626636472406,0.06477293798531461,1,1,1,-0.08385575323407352
seed17_P_C2_warm_step200,17,P_C2_warm,200,easy,20170019,8,0.32968012384526796,0.057024343446944126,0.04531598411189405,0.875,1,1,-0.27265578039832383
seed17_P_C2_warm_step200,17,P_C2_warm,200,easy,20170020,8,0.028038674336181273,0.0912304747165473,0.0222760994843967,1,1,1,0.06319180038036602
seed17_P_C2_warm_step200,17,P_C2_warm,200,easy,20170021,8,0.024867131294286183,0.06305558529949662,0.02010339207280642,1,1,1,0.03818845400521044
seed17_P_C2_warm_step200,17,P_C2_warm,200,easy,20170022,8,2.1270596351826536,0.3180275386391938,0.3023889815961892,0.375,0.875,0.875,-1.8090320965434599
seed17_P_C2_warm_step200,17,P_C2_warm,200,easy,20170023,8,1.021355623836468,0.6383979658986785,0.12289386298913742,0.625,0.5,1,-0.3829576579377896
seed17_P_C2_warm_step200,17,P_C2_warm,200,easy,20170024,8,0.009865033632853503,0.028413876795615415,0.008079691009720837,1,1,1,0.01854884316276191
seed17_P_C2_warm_step200,17,P_C2_warm,200,easy,20170025,8,1.5354423114394606,0.35080967987720935,0.35080967987720935,0.375,0.875,0.875,-1.1846326315622513
seed17_P_C2_warm_step200,17,P_C2_warm,200,easy,20170026,8,1.6368116623634796,0.42881613728413276,0.4196828899279598,0.375,0.75,0.75,-1.2079955250793468
seed17_P_C2_warm_step200,17,P_C2_warm,200,easy,20170027,8,0.37238989187894084,0.07016309045247844,0.07016309045247844,0.75,1,1,-0.3022268014264624
seed17_P_C2_warm_step200,17,P_C2_warm,200,easy,20170028,8,0.014284402167002353,0.31667872133098574,0.014284402167002353,1,1,1,0.3023943191639834
seed17_P_C2_warm_step200,17,P_C2_warm,200,easy,20170029,8,1.3161698154996437,0.0998860194478737,0.0998860194478737,0.125,1,1,-1.21628379605177
seed17_P_C2_warm_step200,17,P_C2_warm,200,easy,20170030,8,0.03904629875848669,0.07488368516217284,0.032367817712185984,1,1,1,0.035837386403686146
seed17_P_C2_warm_step200,17,P_C2_warm,200,easy,20170031,8,0.5781437620425929,0.16630410369756787,0.1088573981685052,0.5,1,1,-0.411839658345025
seed17_P_C2_warm_step200,17,P_C2_warm,200,easy,20170032,8,0.24677745529837664,0.018141530001137694,0.013910535105754846,1,1,1,-0.22863592529723895
seed17_P_C2_warm_step200,17,P_C2_warm,200,easy,20170033,8,0.29295137136557453,0.025444925255096385,0.020763784760107238,0.75,1,1,-0.26750644611047814
seed17_P_C2_warm_step200,17,P_C2_warm,200,easy,20170034,8,1.6327892624513118,0.2276869860861879,0.2276869860861879,0.375,1,1,-1.405102276365124
seed17_P_C2_warm_step200,17,P_C2_warm,200,easy,20170035,8,1.5137573498000145,0.4846581153047544,0.4846581153047544,0.125,0.625,0.625,-1.02909923449526
seed17_P_C2_warm_step200,17,P_C2_warm,200,easy,20170036,8,0.3500292508077807,0.9423351071029159,0.04014032017227838,0.75,0.25,1,0.5923058562951352
seed17_P_C2_warm_step200,17,P_C2_warm,200,easy,20170037,8,0.0045186051774483505,0.14479370761107666,0.0045186051774483505,1,1,1,0.1402751024336283
seed17_P_C2_warm_step200,17,P_C2_warm,200,easy,20170038,8,0.28827672913199553,0.05723969976639759,0.03534215044805636,0.75,1,1,-0.23103702936559795
seed17_P_C2_warm_step200,17,P_C2_warm,200,easy,20170039,8,1.3780223196240085,0.32501925672181103,0.3207042509992583,0.25,1,1,-1.0530030629021974
seed17_P_C2_warm_step200,17,P_C2_warm,200,easy,20170040,8,0.4068602860558175,0.5642453973022249,0.04901208754971062,0.875,1,1,0.15738511124640742
seed17_P_C2_warm_step200,17,P_C2_warm,200,easy,20170041,8,1.2840399091144643,0.3874311889603451,0.3328115401216725,0.5,0.875,0.875,-0.8966087201541192
seed17_P_C2_warm_step200,17,P_C2_warm,200,easy,20170042,8,2.3368234313724203,0.17163520688778258,0.09874197986089436,0.25,1,1,-2.1651882244846377
seed17_P_C2_warm_step200,17,P_C2_warm,200,easy,20170043,8,1.1091427158867204,0.09953183162777593,0.023035946386156282,0.375,1,1,-1.0096108842589444
seed17_P_C2_warm_step200,17,P_C2_warm,200,easy,20170044,8,0.10421166863128968,0.06841759474468201,0.051889703005448436,1,1,1,-0.03579407388660767
seed17_P_C2_warm_step200,17,P_C2_warm,200,easy,20170045,8,0.4535751539494834,0.12665393566972896,0.01549219585880447,0.75,1,1,-0.3269212182797544
seed17_P_C2_warm_step200,17,P_C2_warm,200,easy,20170046,8,0.1760813364047453,0.016802497786715873,0.014338405201760671,0.875,1,1,-0.15927883861802944
seed17_P_C2_warm_step200,17,P_C2_warm,200,easy,20170047,8,0.30713713069337695,0.0786746133212625,0.07162851818642726,0.875,1,1,-0.22846251737211445
seed17_P_C2_warm_step200,17,P_C2_warm,200,easy,20170048,8,0.9599241010628001,0.14657588361693777,0.14657588361693777,0.5,1,1,-0.8133482174458624
seed17_P_C2_warm_step200,17,P_C2_warm,200,easy,20170049,8,1.861311388899614,0.3640558071232385,0.3640558071232385,0.25,0.75,0.75,-1.4972555817763755
seed17_P_C2_warm_step200,17,P_C2_warm,200,easy,20170050,8,0.1649834693705473,0.10876452253164533,0.021292487950273033,1,1,1,-0.05621894683890198
seed17_P_C2_warm_step200,17,P_C2_warm,200,easy,20170051,8,1.2509291546135137,0.47438103090299133,0.057443496901238324,0.375,0.625,1,-0.7765481237105224
seed17_P_C2_warm_step200,17,P_C2_warm,200,easy,20170052,8,0.02713885250531345,0.19147604619635142,0.02713885250531345,1,1,1,0.16433719369103797
seed17_P_C2_warm_step200,17,P_C2_warm,200,easy,20170053,8,1.7485698628464283,0.7541011983650444,0.7524034475774086,0.5,0.5,0.5,-0.9944686644813839
seed17_P_C2_warm_step200,17,P_C2_warm,200,easy,20170054,8,0.005100386499491384,0.10909741865617402,0.004222174464710648,1,1,1,0.10399703215668263
seed17_P_C2_warm_step200,17,P_C2_warm,200,easy,20170055,8,0.475037958525053,0.8773076770202475,0.02504306468129927,0.625,0.375,1,0.4022697184951945
seed17_P_C2_warm_step200,17,P_C2_warm,200,easy,20170056,8,0.7414563060620816,0.18344326867833327,0.1828125875627955,0.75,0.875,0.875,-0.5580130373837483
seed17_P_C2_warm_step200,17,P_C2_warm,200,easy,20170057,8,0.24700372506551466,0.06925494405596631,0.011877716467925223,1,1,1,-0.17774878100954833
seed17_P_C2_warm_step200,17,P_C2_warm,200,easy,20170058,8,0.22668677432608494,0.010283617854336093,0.010283617854336093,1,1,1,-0.21640315647174885
seed17_P_C2_warm_step200,17,P_C2_warm,200,easy,20170059,8,1.060966423215229,0.05612215579657882,0.055939396356973356,0.5,1,1,-1.0048442674186502
seed17_P_C2_warm_step200,17,P_C2_warm,200,easy,20170060,8,1.5818342616501575,0.24801939990524777,0.2047918182653955,0.375,1,1,-1.3338148617449097
seed17_P_C2_warm_step200,17,P_C2_warm,200,easy,20170061,8,1.3613447197877517,0.25341034220966463,0.23679822131390196,0.5,1,1,-1.1079343775780872
seed17_P_C2_warm_step200,17,P_C2_warm,200,easy,20170062,8,0.5034355622136407,0.09730400717445938,0.09730400717445938,0.625,1,1,-0.40613155503918136
seed17_P_C2_warm_step200,17,P_C2_warm,200,easy,20170063,8,0.7048412981596274,0.06476351597863973,0.05538281498488534,0.75,1,1,-0.6400777821809877
seed17_P_C2_warm_step200,17,P_C2_warm,200,easy,20170064,8,0.24974473383749957,0.06115252741821489,0.05633986794016901,0.875,1,1,-0.18859220641928467
seed17_P_C2_warm_step200,17,P_C2_warm,200,easy,20170065,8,0.6189611112553975,0.34919727755470775,0.18778012244252004,0.75,0.875,0.875,-0.2697638337006898
seed17_P_C2_warm_step200,17,P_C2_warm,200,easy,20170066,8,0.06120253721150829,0.4701493186841689,0.0037490836466225726,1,0.875,1,0.4089467814726606
seed17_P_C2_warm_step200,17,P_C2_warm,200,easy,20170067,8,0.16830624051843457,0.01641944991117445,0.013941867142912491,0.875,1,1,-0.15188679060726012
seed17_P_C2_warm_step200,17,P_C2_warm,200,easy,20170068,8,0.08110411377306884,0.074977771564984,0.01744950383810501,1,1,1,-0.006126342208084834
seed17_P_C2_warm_step200,17,P_C2_warm,200,easy,20170069,8,0.4279629920230761,0.45461535761247374,0.04075171757359553,0.875,1,1,0.026652365589397653
seed17_P_C2_warm_step200,17,P_C2_warm,200,easy,20170070,8,0.3467827241654899,0.3957164213018904,0.1893504709050817,0.75,0.875,0.875,0.0489336971364005
seed17_P_C2_warm_step200,17,P_C2_warm,200,easy,20170071,8,0.7307656903337613,0.3592602901438736,0.35925256910217557,0.75,0.75,0.75,-0.37150540018988765
seed17_P_C2_warm_step200,17,P_C2_warm,200,easy,20170072,8,0.35726764220477003,0.146987288432491,0.06744075743517632,0.75,1,1,-0.21028035377227902
seed17_P_C2_warm_step200,17,P_C2_warm,200,easy,20170073,8,0.4731710431261164,0.027307498216355815,0.01978782575173248,0.875,1,1,-0.4458635449097606
seed17_P_C2_warm_step200,17,P_C2_warm,200,easy,20170074,8,1.1538884126011872,0.24259140268276908,0.2384368788418435,0.625,0.875,0.875,-0.9112970099184181
seed17_P_C2_warm_step200,17,P_C2_warm,200,easy,20170075,8,0.0065590486540083905,0.5404796975212789,0.0065590486540083905,1,0.625,1,0.5339206488672705
seed17_P_C2_warm_step200,17,P_C2_warm,200,easy,20170076,8,0.18164523168734878,0.20676634798028265,0.004944864496104484,0.875,1,1,0.02512111629293387
seed17_P_C2_warm_step200,17,P_C2_warm,200,easy,20170077,8,1.2951965478526652,0.35134682185731364,0.32965606078519333,0.375,1,1,-0.9438497259953516
seed17_P_C2_warm_step200,17,P_C2_warm,200,easy,20170078,8,1.7564341810913968,0.10347276654548981,0.10347276654548981,0.25,1,1,-1.652961414545907
seed17_P_C2_warm_step200,17,P_C2_warm,200,easy,20170079,8,0.14923753878229712,0.1810882506339036,0.01551065367420216,0.875,1,1,0.031850711851606484
seed17_P_C2_warm_step200,17,P_C2_warm,200,easy,20170080,8,1.969017959610731,0.3234840622331392,0.3234840622331392,0.125,0.875,0.875,-1.6455338973775917
seed17_P_C2_warm_step200,17,P_C2_warm,200,easy,20170081,8,1.278411753832135,0.15231775448044155,0.14124266138581082,0.5,1,1,-1.1260939993516934
seed17_P_C2_warm_step200,17,P_C2_warm,200,easy,20170082,8,0.8482406794340878,0.07345084931464917,0.032778799514580965,0.625,1,1,-0.7747898301194386
seed17_P_C2_warm_step200,17,P_C2_warm,200,easy,20170083,8,0.014531232616448531,0.3716279712585638,0.014531232616448531,1,1,1,0.3570967386421153
seed17_P_C2_warm_step200,17,P_C2_warm,200,easy,20170084,8,0.794797845890042,0.17363242575214496,0.039790286455937345,0.375,1,1,-0.621165420137897
seed17_P_C2_warm_step200,17,P_C2_warm,200,easy,20170085,8,0.025344977066325897,0.9002316312111425,0.025344977066325897,1,0,1,0.8748866541448166
seed17_P_C2_warm_step200,17,P_C2_warm,200,easy,20170086,8,0.14317431510209308,0.03515711477015592,0.010069382285694598,1,1,1,-0.10801720033193715
seed17_P_C2_warm_step200,17,P_C2_warm,200,easy,20170087,8,1.9764137607596377,0.9561296399698004,0.9553674029217489,0.25,0.25,0.25,-1.0202841207898374
seed17_P_C2_warm_step200,17,P_C2_warm,200,easy,20170088,8,0.3543584780886744,0.03057726779927726,0.005283253229168779,0.75,1,1,-0.3237812102893971
seed17_P_C2_warm_step200,17,P_C2_warm,200,easy,20170089,8,1.3052864116993625,0.16272337407991908,0.16272337407991908,0.375,1,1,-1.1425630376194436
seed17_P_C2_warm_step200,17,P_C2_warm,200,easy,20170090,8,1.31060827556623,0.5566256309240277,0.5482422543559227,0.25,0.5,0.5,-0.7539826446422023
seed17_P_C2_warm_step200,17,P_C2_warm,200,easy,20170091,8,0.008643024333209287,0.0923248885081906,0.008643024333209287,1,1,1,0.0836818641749813
seed17_P_C2_warm_step200,17,P_C2_warm,200,easy,20170092,8,0.453058549173869,0.02712921202383449,0.020509137240846236,0.75,1,1,-0.4259293371500345
seed17_P_C2_warm_step200,17,P_C2_warm,200,easy,20170093,8,2.978161544450888,0.23436901563245965,0.23436901563245965,0.125,1,1,-2.743792528818428
seed17_P_C2_warm_step200,17,P_C2_warm,200,easy,20170094,8,2.171501056787937,0.27345026522658233,0.27345026522658233,0.25,1,1,-1.8980507915613547
seed17_P_C2_warm_step200,17,P_C2_warm,200,easy,20170095,8,0.8950105452518057,0.5371953404590241,0.1036940918543727,0.625,0.625,1,-0.3578152047927816
seed17_P_C2_warm_step200,17,P_C2_warm,200,easy,20170096,8,1.0618341894312087,0.30883671747893837,0.29950765669816914,0.625,0.875,0.875,-0.7529974719522703
seed17_P_C2_warm_step200,17,P_C2_warm,200,easy,20170097,8,1.1090692169001581,0.18561773040389773,0.18561773040389773,0.375,1,1,-0.9234514864962604
seed17_P_C2_warm_step200,17,P_C2_warm,200,easy,20170098,8,0.6548173131382471,0.5106224223940055,0.12840151923356935,0.75,1,1,-0.14419489074424163
seed17_P_C2_warm_step200,17,P_C2_warm,200,easy,20170099,8,1.0546403681220453,0.2530583013340854,0.009868874602918513,0.375,1,1,-0.8015820667879598
seed17_P_C2_warm_step200,17,P_C2_warm,200,hard,20170000,8,1.2449263362724992,1.0383208634050731,0.9754720904913569,0,0.625,0.625,-0.20660547286742603
seed17_P_C2_warm_step200,17,P_C2_warm,200,hard,20170001,8,1.1523915853750066,1.167254404294724,1.1394256008464352,0.5,0.5,0.5,0.014862818919717302
seed17_P_C2_warm_step200,17,P_C2_warm,200,hard,20170002,8,1.174872441177126,1.093650843449097,1.063979144492842,0.375,0.375,0.375,-0.08122159772802906
seed17_P_C2_warm_step200,17,P_C2_warm,200,hard,20170003,8,0.6426881357613687,0.6861387534168154,0.6043318535893077,1,0.875,1,0.043450617655446666
seed17_P_C2_warm_step200,17,P_C2_warm,200,hard,20170004,8,1.063164430646483,0.9784095002060155,0.9567437839701259,0.5,0.5,0.5,-0.08475493044046745
seed17_P_C2_warm_step200,17,P_C2_warm,200,hard,20170005,8,1.1964829698324426,1.0471257044829037,1.0471257044829037,0.125,0.5,0.5,-0.14935726534953897
seed17_P_C2_warm_step200,17,P_C2_warm,200,hard,20170006,8,1.379542381155167,1.4345348967024887,1.3280207018903762,0.125,0.125,0.125,0.05499251554732165
seed17_P_C2_warm_step200,17,P_C2_warm,200,hard,20170007,8,1.010102805799174,1.1645605071266574,0.9993407396239333,0.5,0.375,0.5,0.15445770132748327
seed17_P_C2_warm_step200,17,P_C2_warm,200,hard,20170008,8,1.2828161236879394,1.2626954994862771,1.2469842501374138,0,0,0,-0.020120624201662274
seed17_P_C2_warm_step200,17,P_C2_warm,200,hard,20170009,8,1.6257660151856774,1.314884182005781,1.2129290213707253,0.375,0.375,0.375,-0.31088183317989637
seed17_P_C2_warm_step200,17,P_C2_warm,200,hard,20170010,8,1.2858326236683404,1.435786196166426,1.2534045781858356,0.375,0,0.375,0.1499535724980856
seed17_P_C2_warm_step200,17,P_C2_warm,200,hard,20170011,8,0.9589242211229398,0.8712096349049688,0.8040317484644632,0.5,0.875,0.875,-0.08771458621797101
seed17_P_C2_warm_step200,17,P_C2_warm,200,hard,20170012,8,0.8830277977267154,1.0212273616671674,0.8830277977267154,0.75,0.625,0.75,0.13819956394045207
seed17_P_C2_warm_step200,17,P_C2_warm,200,hard,20170013,8,0.9921315762030988,1.0208743024676556,0.9367461386296275,0.875,0.875,0.875,0.028742726264556873
seed17_P_C2_warm_step200,17,P_C2_warm,200,hard,20170014,8,0.9775306933236286,1.1990660136391544,0.7886351507727316,0.75,0.625,0.75,0.2215353203155258
seed17_P_C2_warm_step200,17,P_C2_warm,200,hard,20170015,8,0.9594041894626377,1.198093827299922,0.8084416350895297,0.625,0.375,0.875,0.23868963783728425
seed17_P_C2_warm_step200,17,P_C2_warm,200,hard,20170016,8,0.8094283046014351,0.9631805892725146,0.7752141787452672,0.5,0.375,0.5,0.1537522846710795
seed17_P_C2_warm_step200,17,P_C2_warm,200,hard,20170017,8,0.6806377458376468,0.9860234476487344,0.5267838441749481,1,0.625,1,0.3053857018110876
seed17_P_C2_warm_step200,17,P_C2_warm,200,hard,20170018,8,1.2775797044753896,0.8562313016660341,0.8562313016660341,0.125,1,1,-0.4213484028093555
seed17_P_C2_warm_step200,17,P_C2_warm,200,hard,20170019,8,1.2643712054453127,1.1943058098390222,1.1943058098390222,0,0.375,0.375,-0.07006539560629044
seed17_P_C2_warm_step200,17,P_C2_warm,200,hard,20170020,8,1.124171266673218,0.96838682959283,0.96838682959283,0.625,0.75,0.75,-0.15578443708038803
seed17_P_C2_warm_step200,17,P_C2_warm,200,hard,20170021,8,1.1877448618233009,0.9151391687447115,0.9151391687447115,0,0.25,0.25,-0.2726056930785894
seed17_P_C2_warm_step200,17,P_C2_warm,200,hard,20170022,8,1.5782836074815623,1.1535843388182392,1.0604385702223043,0.25,0.5,0.5,-0.4246992686633231
seed17_P_C2_warm_step200,17,P_C2_warm,200,hard,20170023,8,2.544768161571676,2.0721094893380485,2.0118616136876666,0.125,0.125,0.125,-0.47265867223362745
seed17_P_C2_warm_step200,17,P_C2_warm,200,hard,20170024,8,1.5891142580292528,1.1612002823833543,1.1612002823833543,0.375,0.375,0.375,-0.4279139756458985
seed17_P_C2_warm_step200,17,P_C2_warm,200,hard,20170025,8,1.2264057017570658,1.049822062754348,0.9380232191076531,0.5,0.5,0.5,-0.17658363900271778
seed17_P_C2_warm_step200,17,P_C2_warm,200,hard,20170026,8,1.1599015076578083,1.0903238228850791,1.0379571684289772,0.625,0.75,0.875,-0.06957768477272919
seed17_P_C2_warm_step200,17,P_C2_warm,200,hard,20170027,8,1.3185698879635734,1.1106234207302972,1.1106234207302972,0.25,0.5,0.5,-0.20794646723327626
seed17_P_C2_warm_step200,17,P_C2_warm,200,hard,20170028,8,1.6286345938887454,1.5235951643631833,1.5235951643631833,0,0.125,0.125,-0.10503942952556211
seed17_P_C2_warm_step200,17,P_C2_warm,200,hard,20170029,8,1.5249994280645736,1.3999368826593261,1.3999368826593261,0,0,0,-0.12506254540524742
seed17_P_C2_warm_step200,17,P_C2_warm,200,hard,20170030,8,1.3334937818763752,1.0712908735161968,1.0136260622541273,0.5,0.5,0.5,-0.26220290836017845
seed17_P_C2_warm_step200,17,P_C2_warm,200,hard,20170031,8,0.6954317403019575,0.9125564744002479,0.6818290331623571,1,0.75,1,0.21712473409829036
seed17_P_C2_warm_step200,17,P_C2_warm,200,hard,20170032,8,1.5412320749822008,1.4611133651292776,1.4611133651292776,0,0.125,0.125,-0.08011870985292324
seed17_P_C2_warm_step200,17,P_C2_warm,200,hard,20170033,8,0.8994043692457725,0.8479985324601281,0.8018094211043096,0.875,1,1,-0.051405836785644365
seed17_P_C2_warm_step200,17,P_C2_warm,200,hard,20170034,8,1.27357270239841,1.0895842784081102,1.0895842784081102,0,0.625,0.625,-0.1839884239902998
seed17_P_C2_warm_step200,17,P_C2_warm,200,hard,20170035,8,1.4473579406372346,1.403239660206925,1.403239660206925,0,0,0,-0.04411828043030952
seed17_P_C2_warm_step200,17,P_C2_warm,200,hard,20170036,8,3.2911791583997587,2.0314257243804335,2.0314257243804335,0,0,0,-1.2597534340193253
seed17_P_C2_warm_step200,17,P_C2_warm,200,hard,20170037,8,0.9153631885872467,1.0450642196602835,0.9153631885872467,0.625,0.5,0.625,0.12970103107303677
seed17_P_C2_warm_step200,17,P_C2_warm,200,hard,20170038,8,1.7615610340256198,1.2978850856819166,1.0765462596376687,0.5,0.5,0.5,-0.4636759483437032
seed17_P_C2_warm_step200,17,P_C2_warm,200,hard,20170039,8,1.4057714931983174,1.460313886803462,1.3249206171645185,0.125,0,0.125,0.05454239360514457
seed17_P_C2_warm_step200,17,P_C2_warm,200,hard,20170040,8,1.0521085554152594,1.1674017815353985,0.9527979143045643,0.375,0.5,0.75,0.11529322612013915
seed17_P_C2_warm_step200,17,P_C2_warm,200,hard,20170041,8,1.3325955329835424,1.3029279776718574,1.285026558650813,0,0.25,0.25,-0.029667555311684968
seed17_P_C2_warm_step200,17,P_C2_warm,200,hard,20170042,8,1.0795677168759845,1.267386962632966,1.0772263677892613,0.625,0.25,0.625,0.1878192457569814
seed17_P_C2_warm_step200,17,P_C2_warm,200,hard,20170043,8,0.9778388715299877,1.1000626077172853,0.924600715346866,0.75,0.375,0.75,0.12222373618729754
seed17_P_C2_warm_step200,17,P_C2_warm,200,hard,20170044,8,3.5017998147076135,2.331745120404679,2.331745120404679,0,0,0,-1.1700546943029346
seed17_P_C2_warm_step200,17,P_C2_warm,200,hard,20170045,8,0.9662310722402299,1.0354465707375984,0.9489054146181958,0.75,0.875,0.875,0.06921549849736852
seed17_P_C2_warm_step200,17,P_C2_warm,200,hard,20170046,8,0.974692718438671,0.856660772051727,0.856660772051727,0.5,0.5,0.5,-0.11803194638694403
seed17_P_C2_warm_step200,17,P_C2_warm,200,hard,20170047,8,1.3785219030609674,1.4013924875201438,1.3710058730828647,0.375,0.375,0.375,0.022870584459176335
seed17_P_C2_warm_step200,17,P_C2_warm,200,hard,20170048,8,1.0335963367872274,0.9427869684271585,0.9427869684271585,0.625,0.625,0.625,-0.09080936836006892
seed17_P_C2_warm_step200,17,P_C2_warm,200,hard,20170049,8,2.026841824492584,1.9163688451006415,1.9163688451006415,0,0,0,-0.11047297939194256
seed17_P_C2_warm_step200,17,P_C2_warm,200,hard,20170050,8,0.8125101896893181,0.8450216925196735,0.7909193403928085,0.875,0.875,0.875,0.03251150283035542
seed17_P_C2_warm_step200,17,P_C2_warm,200,hard,20170051,8,1.415646822646207,1.1783653814573507,1.1783653814573507,0.125,0.75,0.75,-0.2372814411888562
seed17_P_C2_warm_step200,17,P_C2_warm,200,hard,20170052,8,0.8311425242600251,0.8654471600527235,0.7964131744293589,0.75,0.75,0.75,0.03430463579269838
seed17_P_C2_warm_step200,17,P_C2_warm,200,hard,20170053,8,0.5968504784312525,0.6101547197184118,0.5638397109763474,0.875,0.875,0.875,0.013304241287159346
seed17_P_C2_warm_step200,17,P_C2_warm,200,hard,20170054,8,1.3651021478936536,0.9665620031001079,0.9665620031001079,0.5,0.75,0.75,-0.3985401447935457
seed17_P_C2_warm_step200,17,P_C2_warm,200,hard,20170055,8,0.6919185626324694,0.7951585683651479,0.6582915494758828,0.625,0.625,0.625,0.10324000573267844
seed17_P_C2_warm_step200,17,P_C2_warm,200,hard,20170056,8,1.446437409937702,1.3219838084944966,1.3219838084944966,0.25,0.375,0.375,-0.12445360144320539
seed17_P_C2_warm_step200,17,P_C2_warm,200,hard,20170057,8,1.526556387782653,1.4133643144914894,1.4133643144914894,0,0,0,-0.11319207329116354
seed17_P_C2_warm_step200,17,P_C2_warm,200,hard,20170058,8,3.345336845700356,1.996987861428436,1.996987861428436,0,0,0,-1.34834898427192
seed17_P_C2_warm_step200,17,P_C2_warm,200,hard,20170059,8,0.97496290342474,0.9402992344520964,0.8907487315023429,0.625,0.875,0.875,-0.03466366897264361
seed17_P_C2_warm_step200,17,P_C2_warm,200,hard,20170060,8,1.4650061215137944,1.2831330611441127,1.0776649818470694,0.625,0.625,0.625,-0.18187306036968165
seed17_P_C2_warm_step200,17,P_C2_warm,200,hard,20170061,8,1.6785836194591295,1.4805851965991064,1.4805851965991064,0.25,0.25,0.25,-0.19799842286002312
seed17_P_C2_warm_step200,17,P_C2_warm,200,hard,20170062,8,1.357369987635181,1.258340463738333,1.258340463738333,0.125,0.5,0.5,-0.09902952389684794
seed17_P_C2_warm_step200,17,P_C2_warm,200,hard,20170063,8,0.8919602108338047,0.8972355262295002,0.8642519043453889,0.875,0.875,0.875,0.005275315395695479
seed17_P_C2_warm_step200,17,P_C2_warm,200,hard,20170064,8,1.053037313202808,1.0865852431573217,1.0426570097932162,0.5,0.375,0.5,0.03354792995451383
seed17_P_C2_warm_step200,17,P_C2_warm,200,hard,20170065,8,1.4765125870284688,1.18715336063532,1.1806902662940681,0,0.375,0.375,-0.2893592263931488
seed17_P_C2_warm_step200,17,P_C2_warm,200,hard,20170066,8,0.8274404664584251,0.7591809249378237,0.6975695258087309,0.5,0.625,0.625,-0.06825954152060132
seed17_P_C2_warm_step200,17,P_C2_warm,200,hard,20170067,8,1.5779497197721604,1.1350723726343457,1.1318762963408129,0,0.625,0.625,-0.4428773471378147
seed17_P_C2_warm_step200,17,P_C2_warm,200,hard,20170068,8,1.4725507427617686,1.50819634222399,1.3792390799845438,0.25,0.125,0.25,0.035645599462221345
seed17_P_C2_warm_step200,17,P_C2_warm,200,hard,20170069,8,1.1775262229064118,1.184005388922374,1.066817573490373,0.125,0.375,0.375,0.006479166015962212
seed17_P_C2_warm_step200,17,P_C2_warm,200,hard,20170070,8,1.0789650974884029,1.1596104198851687,1.076848873675265,0.625,0.5,0.625,0.0806453223967658
seed17_P_C2_warm_step200,17,P_C2_warm,200,hard,20170071,8,0.46207813447747187,0.6299473338049559,0.30981242964238764,1,0.875,1,0.16786919932748406
seed17_P_C2_warm_step200,17,P_C2_warm,200,hard,20170072,8,1.4988800336118207,1.4376906961097835,1.4224787247642965,0.375,0.375,0.375,-0.061189337502037144
seed17_P_C2_warm_step200,17,P_C2_warm,200,hard,20170073,8,0.9934744378197429,0.913924740782861,0.8976666900467879,0.75,0.75,0.75,-0.07954969703688186
seed17_P_C2_warm_step200,17,P_C2_warm,200,hard,20170074,8,1.458842035757296,1.5267158092010582,1.3986378547622464,0,0,0,0.06787377344376222
seed17_P_C2_warm_step200,17,P_C2_warm,200,hard,20170075,8,1.652157137642564,1.1669735025170926,1.1314392009816734,0.375,0.625,0.625,-0.48518363512547147
seed17_P_C2_warm_step200,17,P_C2_warm,200,hard,20170076,8,1.4698788516771844,1.2071118438059618,1.2071118438059618,0.625,0.625,0.625,-0.26276700787122254
seed17_P_C2_warm_step200,17,P_C2_warm,200,hard,20170077,8,1.6246981716968047,1.5611222569133933,1.549332841299895,0.125,0,0.125,-0.0635759147834114
seed17_P_C2_warm_step200,17,P_C2_warm,200,hard,20170078,8,0.9947250006929256,0.9853602801358644,0.963660880445744,0.625,0.75,0.75,-0.009364720557061168
seed17_P_C2_warm_step200,17,P_C2_warm,200,hard,20170079,8,0.9433501818742601,1.0296206891327477,0.9275344519980083,0.875,0.625,1,0.08627050725848762
seed17_P_C2_warm_step200,17,P_C2_warm,200,hard,20170080,8,0.9296864375809895,1.1203544459926926,0.9296864375809895,1,0.375,1,0.19066800841170317
seed17_P_C2_warm_step200,17,P_C2_warm,200,hard,20170081,8,1.5169713464811365,1.1823722582351421,1.0084612338789893,0.625,0.625,0.625,-0.3345990882459944
seed17_P_C2_warm_step200,17,P_C2_warm,200,hard,20170082,8,1.2298669989688156,1.0513026337034015,1.0513026337034015,0.375,0.5,0.5,-0.17856436526541408
seed17_P_C2_warm_step200,17,P_C2_warm,200,hard,20170083,8,2.3463622493573597,1.807644075660443,1.8063852535491596,0,0,0,-0.5387181736969167
seed17_P_C2_warm_step200,17,P_C2_warm,200,hard,20170084,8,1.6506028560930786,1.6208565824907262,1.5463855415507535,0,0,0,-0.02974627360235238
seed17_P_C2_warm_step200,17,P_C2_warm,200,hard,20170085,8,1.0778015677021389,0.7560589329065971,0.7560589329065971,0.125,0.75,0.75,-0.32174263479554177
seed17_P_C2_warm_step200,17,P_C2_warm,200,hard,20170086,8,1.3326264091263882,1.559342062780716,1.3312639855184905,0.25,0.25,0.25,0.22671565365432778
seed17_P_C2_warm_step200,17,P_C2_warm,200,hard,20170087,8,2.5101106032729588,1.6713464705067334,1.6713464705067334,0,0.25,0.25,-0.8387641327662254
seed17_P_C2_warm_step200,17,P_C2_warm,200,hard,20170088,8,0.8329905447424477,1.0561774630183198,0.8103238390163945,0.75,0.625,0.75,0.22318691827587211
seed17_P_C2_warm_step200,17,P_C2_warm,200,hard,20170089,8,1.8859505716514442,1.1533526583980052,1.1533526583980052,0,0.5,0.5,-0.732597913253439
seed17_P_C2_warm_step200,17,P_C2_warm,200,hard,20170090,8,0.6761859337800643,0.6919989794584025,0.6465124825235484,0.625,0.875,0.875,0.01581304567833819
seed17_P_C2_warm_step200,17,P_C2_warm,200,hard,20170091,8,1.5756349196011812,1.282696896404325,1.282696896404325,0,0.5,0.5,-0.29293802319685613
seed17_P_C2_warm_step200,17,P_C2_warm,200,hard,20170092,8,1.0569605035435032,1.287572451411112,1.0569605035435032,0.75,0.625,0.75,0.23061194786760875
seed17_P_C2_warm_step200,17,P_C2_warm,200,hard,20170093,8,1.0706889200333167,0.9986227585180832,0.9986227585180832,0.75,0.75,0.75,-0.07206616151523348
seed17_P_C2_warm_step200,17,P_C2_warm,200,hard,20170094,8,0.9615670110077084,1.0034047705177211,0.9002342725425315,0.5,1,1,0.041837759510012784
seed17_P_C2_warm_step200,17,P_C2_warm,200,hard,20170095,8,0.7162104992082284,0.9278023459076365,0.5429330031183133,0.5,0.625,1,0.21159184669940811
seed17_P_C2_warm_step200,17,P_C2_warm,200,hard,20170096,8,1.042802241466579,1.0337941912024993,0.977360998754914,0.625,0.5,0.625,-0.009008050264079692
seed17_P_C2_warm_step200,17,P_C2_warm,200,hard,20170097,8,1.0688573870674885,1.1222324039089557,1.0620779865573695,0.375,0.375,0.375,0.05337501684146728
seed17_P_C2_warm_step200,17,P_C2_warm,200,hard,20170098,8,1.5171606576465098,1.369268764001014,1.369268764001014,0,0,0,-0.14789189364549582
seed17_P_C2_warm_step200,17,P_C2_warm,200,hard,20170099,8,1.660715236700847,1.4755709167628919,1.4755709167628919,0.5,0.5,0.5,-0.18514431993795522
seed17_P_C2_warm_step400,17,P_C2_warm,400,easy,20170000,8,0.8100934148548571,0.30120490744121853,0.2792249304326189,0.625,0.875,0.875,-0.5088885074136386
seed17_P_C2_warm_step400,17,P_C2_warm,400,easy,20170001,8,1.0590247940730855,0.11931950927606709,0.06332920776944136,0.5,1,1,-0.9397052847970184
seed17_P_C2_warm_step400,17,P_C2_warm,400,easy,20170002,8,0.6069968450820186,0.14540789472654791,0.14540789472654791,0.625,1,1,-0.46158895035547065
seed17_P_C2_warm_step400,17,P_C2_warm,400,easy,20170003,8,0.010434107501265185,0.0215642358818384,0.006697713262442955,1,1,1,0.011130128380573213
seed17_P_C2_warm_step400,17,P_C2_warm,400,easy,20170004,8,0.748105151711924,0.20604553467653114,0.20289196941767948,0.75,0.875,0.875,-0.5420596170353928
seed17_P_C2_warm_step400,17,P_C2_warm,400,easy,20170005,8,0.9136539996247548,0.3232477776105668,0.3001060920609848,0.625,0.75,0.75,-0.590406222014188
seed17_P_C2_warm_step400,17,P_C2_warm,400,easy,20170006,8,0.6134063642002274,0.33657750016723476,0.33657750016723476,0.75,0.75,0.75,-0.27682886403299267
seed17_P_C2_warm_step400,17,P_C2_warm,400,easy,20170007,8,1.474798715372688,0.5831316395314818,0.5766409494204112,0.375,0.625,0.625,-0.8916670758412062
seed17_P_C2_warm_step400,17,P_C2_warm,400,easy,20170008,8,0.37742037281401397,2.1066348342049817,0.012368600083935049,0.75,0.375,1,1.7292144613909677
seed17_P_C2_warm_step400,17,P_C2_warm,400,easy,20170009,8,0.006415625885731769,0.012918033632464628,0.006415625885731769,1,1,1,0.0065024077467328596
seed17_P_C2_warm_step400,17,P_C2_warm,400,easy,20170010,8,0.7607525848203753,0.0950151866238153,0.0950151866238153,0.5,1,1,-0.66573739819656
seed17_P_C2_warm_step400,17,P_C2_warm,400,easy,20170011,8,0.060183221296165795,0.05306271022668843,0.021368334661248246,1,1,1,-0.007120511069477364
seed17_P_C2_warm_step400,17,P_C2_warm,400,easy,20170012,8,1.448383947568694,0.31998629356506697,0.18769865621131485,0.375,1,1,-1.128397654003627
seed17_P_C2_warm_step400,17,P_C2_warm,400,easy,20170013,8,0.06904957488485118,0.09271917435760642,0.009221427215255084,1,1,1,0.023669599472755237
seed17_P_C2_warm_step400,17,P_C2_warm,400,easy,20170014,8,0.39445176769423884,0.11204236922689856,0.11180164952411294,0.625,1,1,-0.28240939846734026
seed17_P_C2_warm_step400,17,P_C2_warm,400,easy,20170015,8,1.8098569346497086,1.0515965541449697,1.0515965541449697,0.375,0.375,0.375,-0.758260380504739
seed17_P_C2_warm_step400,17,P_C2_warm,400,easy,20170016,8,0.0197780408748982,0.21442270390172588,0.018952416807931777,1,1,1,0.19464466302682767
seed17_P_C2_warm_step400,17,P_C2_warm,400,easy,20170017,8,0.6997535052296253,0.24897103925044478,0.17048060435694448,0.625,1,1,-0.45078246597918054
seed17_P_C2_warm_step400,17,P_C2_warm,400,easy,20170018,8,0.21752120562836222,0.07149228325017942,0.04253549821988848,1,1,1,-0.1460289223781828
seed17_P_C2_warm_step400,17,P_C2_warm,400,easy,20170019,8,0.23632384294286068,0.04611681927588357,0.04297982520396997,0.875,1,1,-0.19020702366697712
seed17_P_C2_warm_step400,17,P_C2_warm,400,easy,20170020,8,0.031294388033221654,0.07111904355179965,0.025989315997200585,1,1,1,0.039824655518578
seed17_P_C2_warm_step400,17,P_C2_warm,400,easy,20170021,8,0.026487601011931247,0.03413085468792664,0.01724587936035423,1,1,1,0.007643253675995394
seed17_P_C2_warm_step400,17,P_C2_warm,400,easy,20170022,8,2.116610825241179,0.6851030730734078,0.6808398086807096,0.375,0.5,0.5,-1.4315077521677713
seed17_P_C2_warm_step400,17,P_C2_warm,400,easy,20170023,8,0.9595276878977107,0.3243055144721423,0.11621405839194165,0.625,1,1,-0.6352221734255684
seed17_P_C2_warm_step400,17,P_C2_warm,400,easy,20170024,8,0.010735287789880591,0.05281407418451728,0.008818357957558571,1,1,1,0.04207878639463669
seed17_P_C2_warm_step400,17,P_C2_warm,400,easy,20170025,8,1.533012358135326,0.283398863543758,0.2825800695833802,0.375,1,1,-1.2496134945915682
seed17_P_C2_warm_step400,17,P_C2_warm,400,easy,20170026,8,1.3967289885883352,0.14383528362334771,0.12152721799514687,0.375,1,1,-1.2528937049649875
seed17_P_C2_warm_step400,17,P_C2_warm,400,easy,20170027,8,0.295969943417056,0.042119621082135746,0.04197958687668729,0.75,1,1,-0.2538503223349203
seed17_P_C2_warm_step400,17,P_C2_warm,400,easy,20170028,8,0.01460059208943028,0.11707695644871464,0.01460059208943028,1,1,1,0.10247636435928437
seed17_P_C2_warm_step400,17,P_C2_warm,400,easy,20170029,8,0.948250291160899,0.12732651684065174,0.12732651684065174,0.25,1,1,-0.8209237743202472
seed17_P_C2_warm_step400,17,P_C2_warm,400,easy,20170030,8,0.040353771997936334,0.03835475518023264,0.023236970101266935,1,1,1,-0.0019990168177036957
seed17_P_C2_warm_step400,17,P_C2_warm,400,easy,20170031,8,0.5547318312346069,0.17872582045928864,0.1288571614823637,0.625,1,1,-0.37600601077531826
seed17_P_C2_warm_step400,17,P_C2_warm,400,easy,20170032,8,0.19192665171347315,0.018318065926176214,0.01605638904901653,1,1,1,-0.17360858578729693
seed17_P_C2_warm_step400,17,P_C2_warm,400,easy,20170033,8,0.13140061134982975,0.036833453313608,0.022604994989780584,1,1,1,-0.09456715803622175
seed17_P_C2_warm_step400,17,P_C2_warm,400,easy,20170034,8,1.5661852998411216,0.19721334154442796,0.19721334154442796,0.375,1,1,-1.3689719582966937
seed17_P_C2_warm_step400,17,P_C2_warm,400,easy,20170035,8,1.3437788321327502,0.8514308059677409,0.8316819877239798,0.25,0.5,0.25,-0.4923480261650093
seed17_P_C2_warm_step400,17,P_C2_warm,400,easy,20170036,8,0.22317127090896985,0.5048135230803451,0.044687042620871094,0.875,1,1,0.2816422521713753
seed17_P_C2_warm_step400,17,P_C2_warm,400,easy,20170037,8,0.004533899707495453,0.05612306741762885,0.004533899707495453,1,1,1,0.051589167710133395
seed17_P_C2_warm_step400,17,P_C2_warm,400,easy,20170038,8,0.19962817402933017,0.04385699129933858,0.032106474734803644,1,1,1,-0.15577118272999158
seed17_P_C2_warm_step400,17,P_C2_warm,400,easy,20170039,8,1.2487090875103772,0.41215516989581696,0.4118310158101442,0.25,1,1,-0.8365539176145602
seed17_P_C2_warm_step400,17,P_C2_warm,400,easy,20170040,8,0.3698273554251212,0.1862737478404009,0.04028001003275742,0.875,1,1,-0.18355360758472028
seed17_P_C2_warm_step400,17,P_C2_warm,400,easy,20170041,8,1.1280549866067004,0.4393720605207631,0.4029182807263541,0.5,0.625,0.625,-0.6886829260859373
seed17_P_C2_warm_step400,17,P_C2_warm,400,easy,20170042,8,2.225543740767743,0.29443167523945946,0.2658999463844663,0.25,1,1,-1.9311120655282838
seed17_P_C2_warm_step400,17,P_C2_warm,400,easy,20170043,8,0.7581342241772057,0.0422796127646024,0.013535977134521095,0.375,1,1,-0.7158546114126032
seed17_P_C2_warm_step400,17,P_C2_warm,400,easy,20170044,8,0.10839331743298605,0.09473058874611257,0.05220898816448338,1,1,1,-0.013662728686873488
seed17_P_C2_warm_step400,17,P_C2_warm,400,easy,20170045,8,0.4338064719781486,0.06570817225675638,0.015919726205305185,0.75,1,1,-0.3680982997213922
seed17_P_C2_warm_step400,17,P_C2_warm,400,easy,20170046,8,0.12148436401095265,0.017016233325959664,0.015173536285041608,1,1,1,-0.10446813068499299
seed17_P_C2_warm_step400,17,P_C2_warm,400,easy,20170047,8,0.2791411731307874,0.1191866025160303,0.1174401523402333,0.875,0.875,0.875,-0.1599545706147571
seed17_P_C2_warm_step400,17,P_C2_warm,400,easy,20170048,8,0.9343106278930852,0.20448807249625678,0.20448807249625678,0.375,0.875,0.875,-0.7298225553968284
seed17_P_C2_warm_step400,17,P_C2_warm,400,easy,20170049,8,1.615431450152277,0.7874788063773674,0.7874788063773674,0.5,0.75,0.75,-0.8279526437749096
seed17_P_C2_warm_step400,17,P_C2_warm,400,easy,20170050,8,0.12277085191157791,0.052594508549516375,0.02509483739414429,1,1,1,-0.07017634336206154
seed17_P_C2_warm_step400,17,P_C2_warm,400,easy,20170051,8,0.7904663320644629,0.2093373470226276,0.036650872171596405,0.375,1,1,-0.5811289850418353
seed17_P_C2_warm_step400,17,P_C2_warm,400,easy,20170052,8,0.028444817814144152,0.06240650713850436,0.014988448001160976,1,1,1,0.03396168932436021
seed17_P_C2_warm_step400,17,P_C2_warm,400,easy,20170053,8,1.6317323002745963,0.4849429121863648,0.48259688792724464,0.5,0.625,0.625,-1.1467893880882314
seed17_P_C2_warm_step400,17,P_C2_warm,400,easy,20170054,8,0.004270009634597279,0.041924937467037855,0.0036777170271626238,1,1,1,0.03765492783244058
seed17_P_C2_warm_step400,17,P_C2_warm,400,easy,20170055,8,0.2739923316142466,0.48640439829560206,0.0225311817296562,0.875,0.625,1,0.21241206668135548
seed17_P_C2_warm_step400,17,P_C2_warm,400,easy,20170056,8,0.6651041632885742,0.23117018989824953,0.2306747463789635,0.75,0.875,0.875,-0.4339339733903247
seed17_P_C2_warm_step400,17,P_C2_warm,400,easy,20170057,8,0.1642954906352334,0.03330465033662529,0.013974398165647195,1,1,1,-0.13099084029860814
seed17_P_C2_warm_step400,17,P_C2_warm,400,easy,20170058,8,0.1604166365826135,0.009788455537122948,0.009788455537122948,1,1,1,-0.15062818104549053
seed17_P_C2_warm_step400,17,P_C2_warm,400,easy,20170059,8,0.9223722486477526,0.07988371491850647,0.07987507046111038,0.5,1,1,-0.8424885337292461
seed17_P_C2_warm_step400,17,P_C2_warm,400,easy,20170060,8,1.426474608505532,0.2981127008331148,0.2834880517086219,0.375,0.875,0.875,-1.1283619076724172
seed17_P_C2_warm_step400,17,P_C2_warm,400,easy,20170061,8,1.2560958656887413,0.13241400322489955,0.10894368664499766,0.5,1,1,-1.1236818624638418
seed17_P_C2_warm_step400,17,P_C2_warm,400,easy,20170062,8,0.42050346759651297,0.1377583070546379,0.1377583070546379,0.875,1,1,-0.28274516054187504
seed17_P_C2_warm_step400,17,P_C2_warm,400,easy,20170063,8,0.5399723374598191,0.07842066881015064,0.07467909125818274,0.75,1,1,-0.46155166864966846
seed17_P_C2_warm_step400,17,P_C2_warm,400,easy,20170064,8,0.1489207539134322,0.06621236309750184,0.05525798491873066,1,1,1,-0.08270839081593037
seed17_P_C2_warm_step400,17,P_C2_warm,400,easy,20170065,8,0.5613246713871786,0.21644947601471748,0.17298722873138692,0.75,1,1,-0.3448751953724611
seed17_P_C2_warm_step400,17,P_C2_warm,400,easy,20170066,8,0.037551340953513666,0.09561667384426914,0.003482404286528926,1,1,1,0.058065332890755474
seed17_P_C2_warm_step400,17,P_C2_warm,400,easy,20170067,8,0.15333481691242992,0.016000159296972107,0.015377301508492255,0.875,1,1,-0.13733465761545782
seed17_P_C2_warm_step400,17,P_C2_warm,400,easy,20170068,8,0.047240445514601936,0.04040880380220036,0.017970191988219482,1,1,1,-0.006831641712401575
seed17_P_C2_warm_step400,17,P_C2_warm,400,easy,20170069,8,0.39460126387258676,0.2031941419448285,0.06681638451817766,0.875,1,1,-0.19140712192775827
seed17_P_C2_warm_step400,17,P_C2_warm,400,easy,20170070,8,0.3421730749287606,0.5202971427551246,0.2607532608476177,0.75,0.875,0.875,0.17812406782636403
seed17_P_C2_warm_step400,17,P_C2_warm,400,easy,20170071,8,0.6805034015765515,0.2454337181234934,0.24460762399443983,0.75,0.75,0.75,-0.43506968345305813
seed17_P_C2_warm_step400,17,P_C2_warm,400,easy,20170072,8,0.314965738281621,0.123227781908625,0.05829502181096817,0.75,1,1,-0.191737956372996
seed17_P_C2_warm_step400,17,P_C2_warm,400,easy,20170073,8,0.314698691843408,0.021288134819213576,0.02003067087452947,0.875,1,1,-0.2934105570241944
seed17_P_C2_warm_step400,17,P_C2_warm,400,easy,20170074,8,1.1421690473622836,0.3819439290507217,0.3808714959677938,0.625,0.75,0.75,-0.7602251183115619
seed17_P_C2_warm_step400,17,P_C2_warm,400,easy,20170075,8,0.007370025240875242,0.2303249870966268,0.007370025240875242,1,1,1,0.22295496185575156
seed17_P_C2_warm_step400,17,P_C2_warm,400,easy,20170076,8,0.12012761521915773,0.05825449874027671,0.0051005370557483205,1,1,1,-0.06187311647888102
seed17_P_C2_warm_step400,17,P_C2_warm,400,easy,20170077,8,1.1114585657120615,0.18667861883461986,0.15259809480968567,0.375,1,1,-0.9247799468774416
seed17_P_C2_warm_step400,17,P_C2_warm,400,easy,20170078,8,1.3768153273136845,0.2469214021662345,0.2469214021662345,0.5,1,1,-1.12989392514745
seed17_P_C2_warm_step400,17,P_C2_warm,400,easy,20170079,8,0.0803032687636986,0.0821440193542929,0.014265266356459945,1,1,1,0.0018407505905942978
seed17_P_C2_warm_step400,17,P_C2_warm,400,easy,20170080,8,1.76918860382648,0.5511275920221894,0.5511275920221894,0.25,0.625,0.625,-1.2180610118042905
seed17_P_C2_warm_step400,17,P_C2_warm,400,easy,20170081,8,1.1074351729196266,0.15225705416169055,0.14842424177297797,0.5,1,1,-0.955178118757936
seed17_P_C2_warm_step400,17,P_C2_warm,400,easy,20170082,8,0.7921812653906605,0.1882535560045727,0.13528510604962035,0.625,1,1,-0.6039277093860878
seed17_P_C2_warm_step400,17,P_C2_warm,400,easy,20170083,8,0.015714177063340596,0.1597745158110001,0.015714177063340596,1,1,1,0.1440603387476595
seed17_P_C2_warm_step400,17,P_C2_warm,400,easy,20170084,8,0.43218812730173367,0.08337665824897687,0.07319322914705635,0.875,1,1,-0.3488114690527568
seed17_P_C2_warm_step400,17,P_C2_warm,400,easy,20170085,8,0.03040022849607268,0.4865875280275518,0.03040022849607268,1,1,1,0.45618729953147913
seed17_P_C2_warm_step400,17,P_C2_warm,400,easy,20170086,8,0.09330064281535415,0.03073440592328842,0.014377575036920045,1,1,1,-0.06256623689206572
seed17_P_C2_warm_step400,17,P_C2_warm,400,easy,20170087,8,1.8904654845992708,0.5952983374351212,0.5913500393428631,0.25,0.5,0.5,-1.2951671471641495
seed17_P_C2_warm_step400,17,P_C2_warm,400,easy,20170088,8,0.27815287578542724,0.015257365698395996,0.004179119364643512,0.75,1,1,-0.26289551008703127
seed17_P_C2_warm_step400,17,P_C2_warm,400,easy,20170089,8,1.1027269148397107,0.2448500532103351,0.2448500532103351,0.375,1,1,-0.8578768616293757
seed17_P_C2_warm_step400,17,P_C2_warm,400,easy,20170090,8,1.322739965943043,0.387118925089018,0.38063006370492464,0.25,0.875,0.875,-0.935621040854025
seed17_P_C2_warm_step400,17,P_C2_warm,400,easy,20170091,8,0.007817517094870545,0.03154744107241744,0.007481328972548047,1,1,1,0.023729923977546898
seed17_P_C2_warm_step400,17,P_C2_warm,400,easy,20170092,8,0.4084596402896872,0.03311163233588113,0.030839184433224975,0.75,1,1,-0.3753480079538061
seed17_P_C2_warm_step400,17,P_C2_warm,400,easy,20170093,8,2.6850486758353855,0.39015049038296346,0.39015049038296346,0.25,0.75,0.75,-2.294898185452422
seed17_P_C2_warm_step400,17,P_C2_warm,400,easy,20170094,8,1.9227212737056736,0.501499959247841,0.501499959247841,0.5,0.5,0.5,-1.4212213144578327
seed17_P_C2_warm_step400,17,P_C2_warm,400,easy,20170095,8,0.8064330440026184,0.3558429843277527,0.2104313693306734,0.625,1,1,-0.4505900596748657
seed17_P_C2_warm_step400,17,P_C2_warm,400,easy,20170096,8,1.0140158255840528,0.43387635730710383,0.4325601764844658,0.625,0.625,0.625,-0.580139468276949
seed17_P_C2_warm_step400,17,P_C2_warm,400,easy,20170097,8,0.9772167380281146,0.24341651554980379,0.24341651554980379,0.375,1,1,-0.7338002224783108
seed17_P_C2_warm_step400,17,P_C2_warm,400,easy,20170098,8,0.6052446706342043,0.3428930359455686,0.17456733799082944,0.75,1,1,-0.2623516346886357
seed17_P_C2_warm_step400,17,P_C2_warm,400,easy,20170099,8,0.7071591028216272,0.12554331680501207,0.011731669854780743,0.625,1,1,-0.5816157860166151
seed17_P_C2_warm_step400,17,P_C2_warm,400,hard,20170000,8,1.222505280445407,1.0693698667461888,1.0198827308203642,0.25,0.625,0.625,-0.15313541369921824
seed17_P_C2_warm_step400,17,P_C2_warm,400,hard,20170001,8,1.155986515282128,1.1779048381570476,1.1427044479049329,0.625,0.5,0.625,0.02191832287491957
seed17_P_C2_warm_step400,17,P_C2_warm,400,hard,20170002,8,1.1625150567215534,1.1156214328884047,1.09147815859883,0.375,0.375,0.375,-0.04689362383314877
seed17_P_C2_warm_step400,17,P_C2_warm,400,hard,20170003,8,0.6652175535482581,0.7140032022695685,0.6447692858894636,0.875,0.75,0.875,0.048785648721310415
seed17_P_C2_warm_step400,17,P_C2_warm,400,hard,20170004,8,1.0424490487867057,0.9829635141386768,0.9672579552537764,0.5,0.5,0.5,-0.05948553464802897
seed17_P_C2_warm_step400,17,P_C2_warm,400,hard,20170005,8,1.1607730688488402,1.035713493187638,1.035713493187638,0.125,0.5,0.5,-0.1250595756612023
seed17_P_C2_warm_step400,17,P_C2_warm,400,hard,20170006,8,1.4535129237545839,1.4842866815950015,1.418073557579001,0.125,0.125,0.125,0.030773757840417693
seed17_P_C2_warm_step400,17,P_C2_warm,400,hard,20170007,8,1.0677405534706208,1.1746626966943332,1.0677405534706208,0.5,0.375,0.5,0.10692214322371241
seed17_P_C2_warm_step400,17,P_C2_warm,400,hard,20170008,8,1.2627609443272392,1.2623240277796266,1.2327608212591172,0.125,0.25,0.25,-0.0004369165476125758
seed17_P_C2_warm_step400,17,P_C2_warm,400,hard,20170009,8,1.6071357261944115,1.3871706454594328,1.3264066882417285,0.375,0.375,0.375,-0.21996508073497867
seed17_P_C2_warm_step400,17,P_C2_warm,400,hard,20170010,8,1.362948979144294,1.4747903353578937,1.340250796998191,0.25,0,0.25,0.11184135621359981
seed17_P_C2_warm_step400,17,P_C2_warm,400,hard,20170011,8,0.8955001329142471,0.8105910084266916,0.7781637036700532,0.5,0.5,0.5,-0.0849091244875555
seed17_P_C2_warm_step400,17,P_C2_warm,400,hard,20170012,8,0.8799084517011158,0.974307094166236,0.8799084517011158,0.75,0.75,0.75,0.0943986424651202
seed17_P_C2_warm_step400,17,P_C2_warm,400,hard,20170013,8,1.1082230976166874,1.180612656096299,1.0639642952241375,0.375,0.375,0.375,0.0723895584796117
seed17_P_C2_warm_step400,17,P_C2_warm,400,hard,20170014,8,0.9454936973217917,1.0640141298248191,0.793518589038734,0.75,0.75,0.75,0.11852043250302746
seed17_P_C2_warm_step400,17,P_C2_warm,400,hard,20170015,8,0.9056511886700473,1.1304872835913649,0.8048048260364021,0.5,0.5,0.875,0.2248360949213175
seed17_P_C2_warm_step400,17,P_C2_warm,400,hard,20170016,8,0.6969321877226055,0.8260195429603041,0.6695146533548163,0.625,0.75,0.875,0.12908735523769865
seed17_P_C2_warm_step400,17,P_C2_warm,400,hard,20170017,8,0.6978262181951231,0.7804370817184115,0.5520501088129681,0.625,1,1,0.08261086352328839
seed17_P_C2_warm_step400,17,P_C2_warm,400,hard,20170018,8,1.1242147582160718,0.8028236008211571,0.8028236008211571,0.125,1,1,-0.32139115739491464
seed17_P_C2_warm_step400,17,P_C2_warm,400,hard,20170019,8,1.3303376283339015,1.2678232944487873,1.2678232944487873,0,0.375,0.375,-0.06251433388511418
seed17_P_C2_warm_step400,17,P_C2_warm,400,hard,20170020,8,1.0049525188204909,0.8806937333081468,0.8806937333081468,0.625,0.75,0.75,-0.12425878551234404
seed17_P_C2_warm_step400,17,P_C2_warm,400,hard,20170021,8,1.2397878854854874,0.9872696015668103,0.9872696015668103,0,0.25,0.25,-0.25251828391867703
seed17_P_C2_warm_step400,17,P_C2_warm,400,hard,20170022,8,1.5608092418397599,1.153810696079192,1.069964629890431,0.25,0.5,0.625,-0.4069985457605678
seed17_P_C2_warm_step400,17,P_C2_warm,400,hard,20170023,8,2.588554329099169,2.2796833778567493,2.2113042580543545,0.125,0.125,0.125,-0.3088709512424197
seed17_P_C2_warm_step400,17,P_C2_warm,400,hard,20170024,8,1.610923396423519,1.1796058711284696,1.1796058711284696,0.25,0.375,0.375,-0.4313175252950494
seed17_P_C2_warm_step400,17,P_C2_warm,400,hard,20170025,8,1.1434712333877755,1.0044692569096991,0.9131024098168299,0.5,0.5,0.5,-0.13900197647807633
seed17_P_C2_warm_step400,17,P_C2_warm,400,hard,20170026,8,1.1192175125602337,1.0855911771126343,1.0435467499064122,0.625,0.75,0.75,-0.03362633544759941
seed17_P_C2_warm_step400,17,P_C2_warm,400,hard,20170027,8,1.2402378503330453,1.0826214355914285,1.0826214355914285,0.5,0.5,0.5,-0.1576164147416168
seed17_P_C2_warm_step400,17,P_C2_warm,400,hard,20170028,8,1.6379224499491822,1.5566769663528215,1.5566769663528215,0,0,0,-0.08124548359636075
seed17_P_C2_warm_step400,17,P_C2_warm,400,hard,20170029,8,1.6568637652751632,1.5525105319274677,1.5518651849112859,0,0,0,-0.10435323334769553
seed17_P_C2_warm_step400,17,P_C2_warm,400,hard,20170030,8,1.327034237509626,1.1312081213925649,1.08506069547895,0.5,0.5,0.5,-0.19582611611706113
seed17_P_C2_warm_step400,17,P_C2_warm,400,hard,20170031,8,0.7012440359908332,0.8313402046483066,0.683198508322319,1,0.875,1,0.13009616865747342
seed17_P_C2_warm_step400,17,P_C2_warm,400,hard,20170032,8,1.5473531020657203,1.4788291408018446,1.4788291408018446,0,0.125,0.125,-0.06852396126387572
seed17_P_C2_warm_step400,17,P_C2_warm,400,hard,20170033,8,0.8063050406233204,0.8141450463785782,0.7653550814828112,1,0.875,1,0.007840005755257784
seed17_P_C2_warm_step400,17,P_C2_warm,400,hard,20170034,8,1.2599802698306921,1.0959343497188418,1.0959343497188418,0,0.75,0.75,-0.16404592011185026
seed17_P_C2_warm_step400,17,P_C2_warm,400,hard,20170035,8,1.424969052664055,1.3748137710271526,1.3748137710271526,0,0.25,0.25,-0.050155281636902416
seed17_P_C2_warm_step400,17,P_C2_warm,400,hard,20170036,8,3.2625331598264795,2.277508116036369,2.277508116036369,0,0,0,-0.9850250437901105
seed17_P_C2_warm_step400,17,P_C2_warm,400,hard,20170037,8,0.906720344043023,1.0376213067615283,0.906720344043023,0.625,0.5,0.625,0.13090096271850526
seed17_P_C2_warm_step400,17,P_C2_warm,400,hard,20170038,8,1.7764920480255817,1.3937224795476553,1.2402146009213602,0.5,0.5,0.5,-0.3827695684779264
seed17_P_C2_warm_step400,17,P_C2_warm,400,hard,20170039,8,1.457279624668013,1.4982019684560564,1.396330751551281,0,0,0,0.04092234378804327
seed17_P_C2_warm_step400,17,P_C2_warm,400,hard,20170040,8,1.015219116268153,1.1002425641135147,0.927789306925032,0.375,0.625,0.875,0.08502344784536175
seed17_P_C2_warm_step400,17,P_C2_warm,400,hard,20170041,8,1.2828938579732228,1.2665041445538807,1.2509525292098103,0.25,0.25,0.25,-0.016389713419342034
seed17_P_C2_warm_step400,17,P_C2_warm,400,hard,20170042,8,1.14370584521713,1.2833712128939094,1.1405446921198579,0.5,0.25,0.5,0.1396653676767794
seed17_P_C2_warm_step400,17,P_C2_warm,400,hard,20170043,8,1.0382531621181554,1.154182560247248,0.9982311961556234,0.75,0.375,0.75,0.11592939812909253
seed17_P_C2_warm_step400,17,P_C2_warm,400,hard,20170044,8,3.494720397050532,2.598141678365879,2.598141678365879,0,0,0,-0.896578718684653
seed17_P_C2_warm_step400,17,P_C2_warm,400,hard,20170045,8,0.9924668593910929,1.0417857829046298,0.9825863584700202,0.75,0.875,0.875,0.04931892351353684
seed17_P_C2_warm_step400,17,P_C2_warm,400,hard,20170046,8,0.9831354329235831,0.8969061205894272,0.8969061205894272,0.5,0.5,0.5,-0.08622931233415587
seed17_P_C2_warm_step400,17,P_C2_warm,400,hard,20170047,8,1.4144095122949265,1.4007995278301402,1.3884379301719578,0.375,0.375,0.375,-0.01360998446478634
seed17_P_C2_warm_step400,17,P_C2_warm,400,hard,20170048,8,1.0239949776015103,0.958100185586722,0.958100185586722,0.625,0.625,0.625,-0.0658947920147882
seed17_P_C2_warm_step400,17,P_C2_warm,400,hard,20170049,8,1.962171172679631,1.8413913958879264,1.8413913958879264,0,0,0,-0.12077977679170449
seed17_P_C2_warm_step400,17,P_C2_warm,400,hard,20170050,8,0.7755239528083395,0.7938112933899634,0.7725343349634265,0.875,0.875,0.875,0.018287340581623845
seed17_P_C2_warm_step400,17,P_C2_warm,400,hard,20170051,8,1.4024826212820394,1.2483966040780186,1.2483966040780186,0.25,0.5,0.5,-0.15408601720402082
seed17_P_C2_warm_step400,17,P_C2_warm,400,hard,20170052,8,0.838669401406558,0.8591656103051294,0.8063704600358982,0.75,0.75,0.75,0.0204962088985714
seed17_P_C2_warm_step400,17,P_C2_warm,400,hard,20170053,8,0.5828638898154027,0.597580354918703,0.5541203791049846,0.875,1,1,0.01471646510330027
seed17_P_C2_warm_step400,17,P_C2_warm,400,hard,20170054,8,1.266512407147334,1.0115780494403788,1.0115780494403788,0.625,0.75,0.75,-0.25493435770695516
seed17_P_C2_warm_step400,17,P_C2_warm,400,hard,20170055,8,0.668414556565429,0.7057009807811864,0.6079133572282127,0.625,0.625,0.625,0.03728642421575734
seed17_P_C2_warm_step400,17,P_C2_warm,400,hard,20170056,8,1.4423735103875344,1.3484051667448906,1.3484051667448906,0.25,0.375,0.375,-0.09396834364264373
seed17_P_C2_warm_step400,17,P_C2_warm,400,hard,20170057,8,1.5427617279183474,1.4496512594637148,1.4496512594637148,0,0,0,-0.09311046845463267
seed17_P_C2_warm_step400,17,P_C2_warm,400,hard,20170058,8,3.3598405457166773,2.323895220445108,2.323895220445108,0,0,0,-1.0359453252715691
seed17_P_C2_warm_step400,17,P_C2_warm,400,hard,20170059,8,0.9840769112483893,0.9598069274976034,0.9263010680028653,0.625,0.875,0.875,-0.024269983750785817
seed17_P_C2_warm_step400,17,P_C2_warm,400,hard,20170060,8,1.4350599330990974,1.2606860541792582,1.1147328661537195,0.625,0.625,0.625,-0.17437387891983924
seed17_P_C2_warm_step400,17,P_C2_warm,400,hard,20170061,8,1.625294017798179,1.5037819479254255,1.5037819479254255,0.375,0.375,0.375,-0.12151206987275343
seed17_P_C2_warm_step400,17,P_C2_warm,400,hard,20170062,8,1.3385356505026884,1.271300285726611,1.271300285726611,0.25,0.5,0.5,-0.0672353647760775
seed17_P_C2_warm_step400,17,P_C2_warm,400,hard,20170063,8,0.8664327994164422,0.8836815612459261,0.8428822256932528,0.875,0.875,0.875,0.017248761829483872
seed17_P_C2_warm_step400,17,P_C2_warm,400,hard,20170064,8,1.055417358200593,1.1253233019543372,1.0534107291412755,0.5,0.375,0.5,0.06990594375374415
seed17_P_C2_warm_step400,17,P_C2_warm,400,hard,20170065,8,1.4612965674250955,1.1195361242932726,1.1195361242932726,0,0.25,0.25,-0.34176044313182286
seed17_P_C2_warm_step400,17,P_C2_warm,400,hard,20170066,8,0.8685404096211646,0.8078720155650568,0.755099114105395,0.5,0.625,0.625,-0.0606683940561078
seed17_P_C2_warm_step400,17,P_C2_warm,400,hard,20170067,8,1.4557065990340563,1.106492613061494,1.1064077225983002,0,0.625,0.625,-0.34921398597256226
seed17_P_C2_warm_step400,17,P_C2_warm,400,hard,20170068,8,1.4921544042748716,1.5249101333133193,1.4214922486252384,0.25,0,0.25,0.0327557290384477
seed17_P_C2_warm_step400,17,P_C2_warm,400,hard,20170069,8,1.1505764466324233,1.1694426463108913,1.0724919448579318,0.125,0.375,0.375,0.018866199678468032
seed17_P_C2_warm_step400,17,P_C2_warm,400,hard,20170070,8,1.1226522726293087,1.2266951192730575,1.1226522726293087,0.5,0.25,0.5,0.10404284664374885
seed17_P_C2_warm_step400,17,P_C2_warm,400,hard,20170071,8,0.4862255998054812,0.5093268128638118,0.32190991289152704,0.875,1,1,0.023101213058330572
seed17_P_C2_warm_step400,17,P_C2_warm,400,hard,20170072,8,1.5223513237614261,1.463379656198705,1.4500527072720666,0.5,0.5,0.5,-0.05897166756272121
seed17_P_C2_warm_step400,17,P_C2_warm,400,hard,20170073,8,0.8973761886239988,0.8421805289118443,0.8294762304209017,0.75,0.75,0.75,-0.055195659712154566
seed17_P_C2_warm_step400,17,P_C2_warm,400,hard,20170074,8,1.4802208603283555,1.524752020871842,1.4355689617744345,0,0,0,0.04453116054348638
seed17_P_C2_warm_step400,17,P_C2_warm,400,hard,20170075,8,1.5183900543887372,1.0846247011784829,1.023680995574021,0.375,0.75,0.75,-0.43376535321025433
seed17_P_C2_warm_step400,17,P_C2_warm,400,hard,20170076,8,1.4429127084816737,1.2433704858057635,1.2433704858057635,0.625,0.625,0.625,-0.19954222267591026
seed17_P_C2_warm_step400,17,P_C2_warm,400,hard,20170077,8,1.5909230169639976,1.5250366248215586,1.5225105825983976,0.125,0,0.125,-0.06588639214243908
seed17_P_C2_warm_step400,17,P_C2_warm,400,hard,20170078,8,0.9574903264657839,0.9576069386432109,0.9351262150408267,0.625,0.625,0.625,0.00011661217742697794
seed17_P_C2_warm_step400,17,P_C2_warm,400,hard,20170079,8,0.9896132468765751,1.0683864034810777,0.9829815914014024,0.625,0.5,0.625,0.07877315660450257
seed17_P_C2_warm_step400,17,P_C2_warm,400,hard,20170080,8,0.965483746264984,1.108787162575431,0.965483746264984,1,0.125,1,0.14330341631044707
seed17_P_C2_warm_step400,17,P_C2_warm,400,hard,20170081,8,1.5442600142023435,1.287786302319689,1.171026563328183,0.625,0.625,0.625,-0.25647371188265455
seed17_P_C2_warm_step400,17,P_C2_warm,400,hard,20170082,8,1.1161369651784654,0.9829945124799856,0.9829945124799856,0.375,0.5,0.5,-0.1331424526984798
seed17_P_C2_warm_step400,17,P_C2_warm,400,hard,20170083,8,2.2317080527961677,1.7238461135740204,1.7198160686563808,0.125,0,0.125,-0.5078619392221473
seed17_P_C2_warm_step400,17,P_C2_warm,400,hard,20170084,8,1.7145338594972641,1.6810028947716336,1.63169556942353,0,0,0,-0.03353096472563055
seed17_P_C2_warm_step400,17,P_C2_warm,400,hard,20170085,8,1.0352067880738443,0.784515192156512,0.784515192156512,0.25,0.75,0.75,-0.25069159591733226
seed17_P_C2_warm_step400,17,P_C2_warm,400,hard,20170086,8,1.455170608221569,1.6221102625236532,1.454163844269687,0.25,0.25,0.25,0.16693965430208424
seed17_P_C2_warm_step400,17,P_C2_warm,400,hard,20170087,8,2.4655736683976412,1.804008339694144,1.804008339694144,0,0.25,0.25,-0.6615653287034973
seed17_P_C2_warm_step400,17,P_C2_warm,400,hard,20170088,8,0.7740178067948046,1.0364297252159596,0.7585138008140977,0.75,0.625,0.75,0.26241191842115497
seed17_P_C2_warm_step400,17,P_C2_warm,400,hard,20170089,8,1.9444985960119678,1.3182770134759492,1.3182770134759492,0,0.25,0.25,-0.6262215825360187
seed17_P_C2_warm_step400,17,P_C2_warm,400,hard,20170090,8,0.7221022201788833,0.7381499963080534,0.7105883043807293,0.625,0.625,0.625,0.016047776129170188
seed17_P_C2_warm_step400,17,P_C2_warm,400,hard,20170091,8,1.4838776035701444,1.2731215095335966,1.2731215095335966,0,0.5,0.5,-0.21075609403654783
seed17_P_C2_warm_step400,17,P_C2_warm,400,hard,20170092,8,1.1114790625959465,1.2932339856743424,1.1114790625959465,0.625,0.25,0.625,0.1817549230783959
seed17_P_C2_warm_step400,17,P_C2_warm,400,hard,20170093,8,1.0776000708360107,1.069828508862205,1.0500360313400288,0.75,0.75,0.75,-0.007771561973805685
seed17_P_C2_warm_step400,17,P_C2_warm,400,hard,20170094,8,0.972943610790016,1.0037405216661905,0.9267246896858587,0.5,1,1,0.030796910876174532
seed17_P_C2_warm_step400,17,P_C2_warm,400,hard,20170095,8,0.650127870466708,0.8703376075314766,0.5303064590645078,0.75,0.5,1,0.22020973706476865
seed17_P_C2_warm_step400,17,P_C2_warm,400,hard,20170096,8,1.008786149756162,1.0149639392699283,0.9651211406764294,0.75,0.5,0.75,0.006177789513766241
seed17_P_C2_warm_step400,17,P_C2_warm,400,hard,20170097,8,1.0716878155461065,1.1102160073827778,1.0716878155461065,0.375,0.375,0.375,0.03852819183667133
seed17_P_C2_warm_step400,17,P_C2_warm,400,hard,20170098,8,1.5110932340511254,1.3913007909600574,1.3913007909600574,0,0,0,-0.11979244309106796
seed17_P_C2_warm_step400,17,P_C2_warm,400,hard,20170099,8,1.6231484900948312,1.523990185704606,1.523990185704606,0.5,0.5,0.5,-0.0991583043902251
seed27_original_P,27,original_P,0,easy,20270000,8,0.14779982945986678,0.11739152623999943,0.10737896234261565,1,1,1,-0.030408303219867344
seed27_original_P,27,original_P,0,easy,20270001,8,0.18423065564173846,0.19552841564551626,0.09463696869655186,1,1,1,0.011297760003777801
seed27_original_P,27,original_P,0,easy,20270002,8,0.07643286491046497,0.40500487571053184,0.07643286491046497,1,1,1,0.32857201080006687
seed27_original_P,27,original_P,0,easy,20270003,8,0.48413279775914125,1.076920606333233,0.3487723017533255,0.875,0.5,0.875,0.5927878085740919
seed27_original_P,27,original_P,0,easy,20270004,8,0.4565668716696301,0.42515242149439636,0.1003248635550275,0.75,0.75,1,-0.031414450175233755
seed27_original_P,27,original_P,0,easy,20270005,8,0.1877448204080478,0.5939686445902016,0.15922476228283183,1,0.625,1,0.4062238241821538
seed27_original_P,27,original_P,0,easy,20270006,8,0.15845556737037642,0.439167660573846,0.13465888635866877,1,0.875,1,0.28071209320346957
seed27_original_P,27,original_P,0,easy,20270007,8,0.03150589330838469,0.08022359626843867,0.03150589330838469,1,1,1,0.048717702960053975
seed27_original_P,27,original_P,0,easy,20270008,8,0.30427230544288336,0.2379191783114611,0.14521122829173816,1,1,1,-0.06635312713142227
seed27_original_P,27,original_P,0,easy,20270009,8,0.09417611877525084,0.21553112024663232,0.04797572056361883,1,1,1,0.12135500147138148
seed27_original_P,27,original_P,0,easy,20270010,8,0.6307973064096076,1.1066753943907075,0.6263042930062317,0.5,0.375,0.5,0.4758780879810999
seed27_original_P,27,original_P,0,easy,20270011,8,0.07072915095187002,0.16524354536974217,0.0527883253337307,1,1,1,0.09451439441787216
seed27_original_P,27,original_P,0,easy,20270012,8,0.11879535997581553,0.24209623156637922,0.06032477417087809,1,1,1,0.12330087159056369
seed27_original_P,27,original_P,0,easy,20270013,8,0.214816710364425,0.04534378838147685,0.04012687698992842,1,1,1,-0.16947292198294817
seed27_original_P,27,original_P,0,easy,20270014,8,0.0946859959454908,0.06989592940345529,0.034911174286755726,1,1,1,-0.024790066542035513
seed27_original_P,27,original_P,0,easy,20270015,8,0.7567629120581147,0.29025392276111384,0.2272218757971575,0.5,1,1,-0.4665089892970009
seed27_original_P,27,original_P,0,easy,20270016,8,0.11871669845847371,0.0707995910146005,0.0707995910146005,1,1,1,-0.047917107443873216
seed27_original_P,27,original_P,0,easy,20270017,8,0.10854024426137686,0.06064636764550915,0.06064636764550915,1,1,1,-0.047893876615867706
seed27_original_P,27,original_P,0,easy,20270018,8,0.06567146104756898,0.45544308405234596,0.06318440998987825,1,0.75,1,0.38977162300477697
seed27_original_P,27,original_P,0,easy,20270019,8,0.40169876868897403,0.2664199849542856,0.07561980075398361,0.875,0.875,1,-0.13527878373468843
seed27_original_P,27,original_P,0,easy,20270020,8,0.504244517772688,0.6288724447594919,0.325873124680186,1,0.625,1,0.12462792698680392
seed27_original_P,27,original_P,0,easy,20270021,8,0.04487447642652816,0.21585570369439602,0.04487447642652816,1,1,1,0.17098122726786785
seed27_original_P,27,original_P,0,easy,20270022,8,1.3435373153907377,0.6985478484115633,0.6752353382497683,0.5,0.5,0.5,-0.6449894669791745
seed27_original_P,27,original_P,0,easy,20270023,8,0.16551491404583105,0.44470588476395245,0.12078702792936527,1,0.875,1,0.2791909707181214
seed27_original_P,27,original_P,0,easy,20270024,8,0.0624487707211137,0.723352829925553,0.040584406702966466,1,0.625,1,0.6609040592044394
seed27_original_P,27,original_P,0,easy,20270025,8,0.176084799064645,0.35023459692180475,0.17381100785028294,1,1,1,0.17414979785715975
seed27_original_P,27,original_P,0,easy,20270026,8,0.22469168746088408,0.38557199865573877,0.1366617611719716,1,0.875,1,0.16088031119485469
seed27_original_P,27,original_P,0,easy,20270027,8,0.07465008861330016,0.24792683061145845,0.07465008861330016,1,1,1,0.1732767419981583
seed27_original_P,27,original_P,0,easy,20270028,8,0.2237795443602642,0.42586696698994714,0.13039247201090073,1,0.875,1,0.20208742262968293
seed27_original_P,27,original_P,0,easy,20270029,8,0.04808120600789878,0.0665191101735508,0.04808120600789878,1,1,1,0.018437904165652025
seed27_original_P,27,original_P,0,easy,20270030,8,0.5768813354020991,0.6788619689828265,0.5672092724720477,0.625,0.625,0.625,0.1019806335807274
seed27_original_P,27,original_P,0,easy,20270031,8,0.11225369643140982,1.741752870834169,0.09192382494182924,1,0.125,1,1.6294991744027592
seed27_original_P,27,original_P,0,easy,20270032,8,0.15314369851078682,0.282148672501275,0.08224840261381472,1,1,1,0.1290049739904882
seed27_original_P,27,original_P,0,easy,20270033,8,0.30968178095397714,0.48505627621006714,0.2943709799753136,0.875,0.875,0.875,0.17537449525609
seed27_original_P,27,original_P,0,easy,20270034,8,0.07191835764131566,0.1621893498267867,0.035165506148195046,1,1,1,0.09027099218547105
seed27_original_P,27,original_P,0,easy,20270035,8,0.1305845217777953,0.28948821962676435,0.0966018667886174,1,0.875,1,0.15890369784896904
seed27_original_P,27,original_P,0,easy,20270036,8,0.275786479594508,0.18172161377362833,0.11332704082508441,1,1,1,-0.0940648658208797
seed27_original_P,27,original_P,0,easy,20270037,8,0.04728759997311855,0.32226921434926736,0.04728759997311855,1,0.875,1,0.2749816143761488
seed27_original_P,27,original_P,0,easy,20270038,8,0.07507004519064712,0.1203133954430613,0.035612966668753174,1,1,1,0.045243350252414175
seed27_original_P,27,original_P,0,easy,20270039,8,0.16852117380003195,0.4514679876456858,0.1546615063702985,1,0.875,1,0.28294681384565384
seed27_original_P,27,original_P,0,easy,20270040,8,0.8235942972930764,0.7179675061184189,0.5998835438006022,0.5,0.625,0.625,-0.10562679117465756
seed27_original_P,27,original_P,0,easy,20270041,8,0.727222842123094,0.9319607054843628,0.727222842123094,0.5,0.375,0.5,0.20473786336126887
seed27_original_P,27,original_P,0,easy,20270042,8,0.2812707828576164,0.08928656691823832,0.08520597132923892,0.875,1,1,-0.1919842159393781
seed27_original_P,27,original_P,0,easy,20270043,8,0.7201695798247487,0.6874670676282113,0.6580760103846602,0.375,0.375,0.375,-0.032702512196537414
seed27_original_P,27,original_P,0,easy,20270044,8,0.13457877734059578,0.5161138529631724,0.10275253843984371,1,0.75,1,0.3815350756225766
seed27_original_P,27,original_P,0,easy,20270045,8,0.20607115867395517,0.15070632085693622,0.08533351035515824,1,1,1,-0.05536483781701895
seed27_original_P,27,original_P,0,easy,20270046,8,0.12368081032455383,0.23341166160005422,0.07713191385763384,1,1,1,0.10973085127550039
seed27_original_P,27,original_P,0,easy,20270047,8,0.3596075445148682,0.5081515092830606,0.18622844796174653,0.875,0.75,1,0.14854396476819243
seed27_original_P,27,original_P,0,easy,20270048,8,0.0668427433206003,0.8176995999711985,0.06317656850386706,1,0.75,1,0.7508568566505982
seed27_original_P,27,original_P,0,easy,20270049,8,0.3085954217411723,0.3150381377249548,0.13264890401137547,0.875,1,1,0.006442715983782488
seed27_original_P,27,original_P,0,easy,20270050,8,0.10201599389591104,0.045472366196500136,0.045472366196500136,1,1,1,-0.0565436276994109
seed27_original_P,27,original_P,0,easy,20270051,8,1.0427368213808146,1.1689541144224982,0.9628491290854003,0.5,0.375,0.5,0.1262172930416836
seed27_original_P,27,original_P,0,easy,20270052,8,0.8697983547462192,0.3317788868778451,0.29216984909100296,0.5,0.875,0.875,-0.5380194678683741
seed27_original_P,27,original_P,0,easy,20270053,8,0.19474452427136169,1.2677794651131054,0.19474452427136169,1,0.125,1,1.0730349408417437
seed27_original_P,27,original_P,0,easy,20270054,8,0.08844242289377648,0.19516446657542083,0.08336759523961113,1,1,1,0.10672204368164435
seed27_original_P,27,original_P,0,easy,20270055,8,0.2843477425275287,0.22945833447716601,0.2131238047911144,1,1,1,-0.05488940805036269
seed27_original_P,27,original_P,0,easy,20270056,8,0.6220191183292582,0.3729799203929457,0.3729799203929457,0.75,0.75,0.75,-0.24903919793631246
seed27_original_P,27,original_P,0,easy,20270057,8,0.10324872813435841,0.23734415047410504,0.09945732835681323,1,1,1,0.13409542233974664
seed27_original_P,27,original_P,0,easy,20270058,8,0.7630934744416472,1.3686870678980614,0.7428382257659445,0.5,0.5,0.5,0.6055935934564142
seed27_original_P,27,original_P,0,easy,20270059,8,0.11943681334399735,0.629256223160186,0.11042773281512983,1,0.625,1,0.5098194098161887
seed27_original_P,27,original_P,0,easy,20270060,8,0.10177106283930358,0.22164213135875993,0.092350966934804,1,1,1,0.11987106851945635
seed27_original_P,27,original_P,0,easy,20270061,8,2.025034291282276,0.5733382829103232,0.5733382829103232,0.375,0.625,0.625,-1.4516960083719526
seed27_original_P,27,original_P,0,easy,20270062,8,0.22110837542905237,0.7665181416721252,0.22110837542905237,1,0.625,1,0.5454097662430728
seed27_original_P,27,original_P,0,easy,20270063,8,0.06123542599555909,0.45898799498140797,0.06123542599555909,1,0.75,1,0.3977525689858489
seed27_original_P,27,original_P,0,easy,20270064,8,1.1115241683859902,1.104264282920626,0.8556723933850269,0.625,0.375,0.625,-0.007259885465364269
seed27_original_P,27,original_P,0,easy,20270065,8,0.09388169893237956,0.0765374343120003,0.06846348917025617,1,1,1,-0.01734426462037926
seed27_original_P,27,original_P,0,easy,20270066,8,0.3720297751367726,0.08898959847582631,0.07831305583084973,1,1,1,-0.2830401766609463
seed27_original_P,27,original_P,0,easy,20270067,8,0.3427247359149396,0.46343686986957217,0.23019970057581532,0.75,0.75,0.75,0.12071213395463254
seed27_original_P,27,original_P,0,easy,20270068,8,0.9129295812253553,1.2707323783454707,0.798914073608468,0.5,0.5,0.5,0.3578027971201154
seed27_original_P,27,original_P,0,easy,20270069,8,0.2645976031145706,0.22710869096047026,0.12546547111642983,1,1,1,-0.03748891215410033
seed27_original_P,27,original_P,0,easy,20270070,8,0.11399596041810517,0.30556588544902524,0.11399596041810517,1,1,1,0.19156992503092007
seed27_original_P,27,original_P,0,easy,20270071,8,0.07060760958809457,0.7156056383782823,0.05882530401306168,1,0.625,1,0.6449980287901877
seed27_original_P,27,original_P,0,easy,20270072,8,0.07721383234450914,0.8936395482634543,0.07710477378465366,1,0.375,1,0.8164257159189451
seed27_original_P,27,original_P,0,easy,20270073,8,0.1889430650937477,0.6623505332037846,0.17052280655774832,1,0.75,1,0.47340746811003687
seed27_original_P,27,original_P,0,easy,20270074,8,0.2023634187681529,0.684753515647809,0.2005902148808353,1,0.375,1,0.48239009687965606
seed27_original_P,27,original_P,0,easy,20270075,8,0.76998641494046,0.23362998288177958,0.0823428249109914,0.5,1,1,-0.5363564320586804
seed27_original_P,27,original_P,0,easy,20270076,8,0.16552916064685824,0.8321142462359358,0.11164743413696394,1,0.375,1,0.6665850855890776
seed27_original_P,27,original_P,0,easy,20270077,8,0.24644097384330002,0.7238181197893787,0.21155565402900361,1,0.375,1,0.4773771459460787
seed27_original_P,27,original_P,0,easy,20270078,8,0.9040258781909666,0.41237249412884186,0.3063050413955453,0.5,1,1,-0.4916533840621247
seed27_original_P,27,original_P,0,easy,20270079,8,1.8488900463307334,1.0950046443256454,0.997899871454641,0.375,0.375,0.375,-0.753885402005088
seed27_original_P,27,original_P,0,easy,20270080,8,0.05280259886256002,0.12934943897838774,0.03740986333338663,1,1,1,0.07654684011582771
seed27_original_P,27,original_P,0,easy,20270081,8,0.08112894312418208,0.3023650118753788,0.08112894312418208,1,1,1,0.22123606875119672
seed27_original_P,27,original_P,0,easy,20270082,8,0.6943468709693017,0.14915900917773772,0.08826903744865218,0.625,1,1,-0.545187861791564
seed27_original_P,27,original_P,0,easy,20270083,8,0.12176431250919961,0.4173624331705882,0.11015475013900283,1,0.875,1,0.2955981206613886
seed27_original_P,27,original_P,0,easy,20270084,8,0.5431947521917418,0.8308435921348843,0.5166821334555907,0.625,0.625,0.625,0.2876488399431425
seed27_original_P,27,original_P,0,easy,20270085,8,0.17353217074274407,0.43566806886763704,0.05881244887445919,1,1,1,0.26213589812489296
seed27_original_P,27,original_P,0,easy,20270086,8,0.15284593886808773,1.5683417006083908,0.15284593886808773,1,0,1,1.4154957617403032
seed27_original_P,27,original_P,0,easy,20270087,8,0.12178289911097769,0.3233880780347331,0.05478057745995252,1,0.875,1,0.2016051789237554
seed27_original_P,27,original_P,0,easy,20270088,8,0.23440597681623965,0.035605745229798445,0.035605745229798445,1,1,1,-0.1988002315864412
seed27_original_P,27,original_P,0,easy,20270089,8,0.4267068852987303,0.5869919775204624,0.1510540080515396,1,0.75,1,0.1602850922217321
seed27_original_P,27,original_P,0,easy,20270090,8,0.07746583282978922,0.29094045459599416,0.07746583282978922,1,1,1,0.21347462176620494
seed27_original_P,27,original_P,0,easy,20270091,8,0.3465724043606018,0.18900859767111697,0.10184177283528156,1,1,1,-0.15756380668948486
seed27_original_P,27,original_P,0,easy,20270092,8,0.11143237311055315,0.2123555193413846,0.10266338141137393,1,1,1,0.10092314623083146
seed27_original_P,27,original_P,0,easy,20270093,8,0.6934625610385411,0.5490821134271775,0.07031877353931461,0.625,1,1,-0.1443804476113636
seed27_original_P,27,original_P,0,easy,20270094,8,0.055792810810234315,0.18321396068897436,0.036064804651533354,1,1,1,0.12742114987874004
seed27_original_P,27,original_P,0,easy,20270095,8,0.08994454664245206,0.10738739523047335,0.05361653854159293,1,1,1,0.01744284858802128
seed27_original_P,27,original_P,0,easy,20270096,8,0.11902078075737248,0.3779117684287408,0.10681438116818612,1,0.875,1,0.2588909876713683
seed27_original_P,27,original_P,0,easy,20270097,8,0.23862896098774483,0.03872557907909271,0.03872557907909271,1,1,1,-0.19990338190865212
seed27_original_P,27,original_P,0,easy,20270098,8,0.3015906176899511,0.47008149857465653,0.2933943990120881,0.875,0.75,0.875,0.16849088088470543
seed27_original_P,27,original_P,0,easy,20270099,8,0.11676724028043511,0.11920312529478258,0.037371220721306816,1,1,1,0.0024358850143474664
seed27_original_P,27,original_P,0,hard,20270000,8,1.6022785855747776,2.0010718636823697,1.6022785855747776,0,0,0,0.398793278107592
seed27_original_P,27,original_P,0,hard,20270001,8,0.9370556254130441,1.1123558079982387,0.4596471456995584,0.75,0.625,1,0.17530018258519464
seed27_original_P,27,original_P,0,hard,20270002,8,1.9642931997881206,1.1857143514751698,1.1857143514751698,0,0.625,0.625,-0.7785788483129508
seed27_original_P,27,original_P,0,hard,20270003,8,2.1088912118374905,1.582276219380127,1.582276219380127,0.25,0.375,0.375,-0.5266149924573635
seed27_original_P,27,original_P,0,hard,20270004,8,1.4001156611202015,1.265735232589644,1.265735232589644,0,0.25,0.25,-0.13438042853055743
seed27_original_P,27,original_P,0,hard,20270005,8,1.6107620769351059,1.583049459371197,1.5516493408233636,0,0,0,-0.02771261756390886
seed27_original_P,27,original_P,0,hard,20270006,8,1.3106193351165596,0.9521419972657328,0.9298767119476244,0.25,0.75,0.75,-0.3584773378508268
seed27_original_P,27,original_P,0,hard,20270007,8,1.8804440010834087,1.2952323658095586,1.0177082791065841,0.375,0,0.375,-0.5852116352738501
seed27_original_P,27,original_P,0,hard,20270008,8,1.8894987461760395,1.8710395659025967,1.8654030762273286,0,0,0,-0.018459180273442843
seed27_original_P,27,original_P,0,hard,20270009,8,0.7709239217342887,0.9861191303689951,0.765982797641632,0.75,0.875,0.75,0.21519520863470643
seed27_original_P,27,original_P,0,hard,20270010,8,1.3562834158456563,1.641675928217602,1.2730768034832936,0.25,0.25,0.25,0.28539251237194585
seed27_original_P,27,original_P,0,hard,20270011,8,0.8580613356636712,1.147757228043593,0.7739628608892465,0.5,0.375,0.5,0.2896958923799219
seed27_original_P,27,original_P,0,hard,20270012,8,0.854668734450827,1.2841394626960234,0.5102268911282165,1,0.625,1,0.4294707282451964
seed27_original_P,27,original_P,0,hard,20270013,8,1.8230452136106812,0.997548009507506,0.8970082041208649,0,0.625,0.625,-0.8254972041031752
seed27_original_P,27,original_P,0,hard,20270014,8,1.2656338875012136,1.3514178941047603,1.2656338875012136,0.375,0.375,0.375,0.08578400660354668
seed27_original_P,27,original_P,0,hard,20270015,8,1.39729849035102,1.3157650214403809,1.1527072634026838,0.25,0.375,0.375,-0.08153346891063906
seed27_original_P,27,original_P,0,hard,20270016,8,0.9699697657866604,0.8609443370759238,0.8609443370759238,0.75,1,1,-0.10902542871073662
seed27_original_P,27,original_P,0,hard,20270017,8,0.9651767820242112,0.9980675530291725,0.9591843187052618,0.625,0.625,0.625,0.032890771004961294
seed27_original_P,27,original_P,0,hard,20270018,8,0.9597494963930587,1.3726815471757279,0.9597494963930587,0.625,0.5,0.625,0.41293205078266915
seed27_original_P,27,original_P,0,hard,20270019,8,1.3350880812245494,1.4704878273091417,1.1623864183080554,0.625,0.5,0.625,0.13539974608459238
seed27_original_P,27,original_P,0,hard,20270020,8,1.083718637786174,1.077093394595294,0.8955379171421005,0.75,0.75,0.875,-0.006625243190879981
seed27_original_P,27,original_P,0,hard,20270021,8,1.5468731240009301,1.5811202664164172,1.4553451054004862,0.25,0,0.25,0.0342471424154871
seed27_original_P,27,original_P,0,hard,20270022,8,1.5440422963037905,1.1862679452426368,1.1862679452426368,0,0.75,0.75,-0.35777435106115374
seed27_original_P,27,original_P,0,hard,20270023,8,0.9422018901159702,0.8057942354928772,0.6609225592032314,0.625,0.875,0.875,-0.136407654623093
seed27_original_P,27,original_P,0,hard,20270024,8,1.9349296766485162,0.43263867604343254,0.43263867604343254,0,1,1,-1.5022910006050836
seed27_original_P,27,original_P,0,hard,20270025,8,1.3116888400494304,1.0683150478398122,1.0683150478398122,0.5,0.75,0.75,-0.2433737922096182
seed27_original_P,27,original_P,0,hard,20270026,8,1.201612748307584,1.0784600750279085,1.0166365317117256,0.375,0.5,0.5,-0.1231526732796755
seed27_original_P,27,original_P,0,hard,20270027,8,0.9996807704288492,1.2109838313493402,0.9996807704288492,0.625,0.625,0.625,0.211303060920491
seed27_original_P,27,original_P,0,hard,20270028,8,0.9305217290334544,0.9057023015748021,0.831420439880429,0.5,0.5,0.5,-0.024819427458652288
seed27_original_P,27,original_P,0,hard,20270029,8,0.6969413017723951,1.5265416117133455,0.5794350222085743,0.375,0.375,0.75,0.8296003099409504
seed27_original_P,27,original_P,0,hard,20270030,8,1.1957658964048579,1.1044661370169266,0.9152793931936507,0.5,0.625,1,-0.09129975938793122
seed27_original_P,27,original_P,0,hard,20270031,8,1.6397903246029026,1.2873839002219412,1.191611721079285,0.375,0.375,0.375,-0.3524064243809615
seed27_original_P,27,original_P,0,hard,20270032,8,0.9638895219802928,1.1987582272668076,0.9638895219802928,0.75,0.625,0.75,0.23486870528651482
seed27_original_P,27,original_P,0,hard,20270033,8,1.172498324247342,1.7767001913279687,1.172498324247342,0.125,0.125,0.125,0.6042018670806268
seed27_original_P,27,original_P,0,hard,20270034,8,0.9549070640876359,1.6416199415875112,0.9549070640876359,0.625,0.25,0.625,0.6867128774998753
seed27_original_P,27,original_P,0,hard,20270035,8,1.1310512621733368,1.196334991153485,0.9238779833851438,1,0.5,1,0.06528372898014823
seed27_original_P,27,original_P,0,hard,20270036,8,1.5933787344354335,1.16589481731592,1.16589481731592,0.125,0.5,0.5,-0.4274839171195135
seed27_original_P,27,original_P,0,hard,20270037,8,1.5408255827668675,1.2896384141979187,1.2896384141979187,0,0.625,0.625,-0.25118716856894885
seed27_original_P,27,original_P,0,hard,20270038,8,1.2057147382619284,1.0314930179548167,1.0314930179548167,0.5,0.5,0.5,-0.1742217203071117
seed27_original_P,27,original_P,0,hard,20270039,8,1.4486026700400247,1.520608771867266,1.385682823180507,0.25,0.25,0.25,0.07200610182724132
seed27_original_P,27,original_P,0,hard,20270040,8,0.41721263625212457,0.754630586068072,0.41721263625212457,1,1,1,0.3374179498159474
seed27_original_P,27,original_P,0,hard,20270041,8,1.9902241178323012,1.3356307937442682,1.1037070137937264,0.375,0.125,0.5,-0.6545933240880331
seed27_original_P,27,original_P,0,hard,20270042,8,1.3379400361387577,1.0609048007151833,1.0377577986099522,0,0.75,0.75,-0.27703523542357433
seed27_original_P,27,original_P,0,hard,20270043,8,1.430607448845708,1.6812121040464263,1.430607448845708,0.25,0,0.25,0.2506046552007184
seed27_original_P,27,original_P,0,hard,20270044,8,1.215806670264291,1.0581866345111028,1.0581866345111028,0.25,0.5,0.5,-0.15762003575318806
seed27_original_P,27,original_P,0,hard,20270045,8,1.1478961699027672,0.8474679484204394,0.8230126085715115,0.5,0.875,0.875,-0.30042822148232784
seed27_original_P,27,original_P,0,hard,20270046,8,1.6005799520626338,1.274255296858529,1.1910867559030065,0.125,0.125,0.125,-0.3263246552041048
seed27_original_P,27,original_P,0,hard,20270047,8,1.0781067743380706,1.5214453202399874,1.0781067743380706,0.625,0,0.625,0.4433385459019168
seed27_original_P,27,original_P,0,hard,20270048,8,1.0808210012723776,0.938452408776481,0.5339223576591907,0.375,0.75,0.875,-0.14236859249589662
seed27_original_P,27,original_P,0,hard,20270049,8,1.3072527419789175,1.1444398467142067,1.091683953218753,0.375,0.5,0.5,-0.16281289526471077
seed27_original_P,27,original_P,0,hard,20270050,8,0.8082095683537825,0.760977116561419,0.5490725492388897,0.625,0.875,0.875,-0.04723245179236357
seed27_original_P,27,original_P,0,hard,20270051,8,1.3133845866025369,1.318489240373647,1.1659799984721495,0.375,0.25,0.375,0.005104653771110135
seed27_original_P,27,original_P,0,hard,20270052,8,1.2642518101661235,1.2957429007540557,0.8732459089499232,0.625,0.25,0.75,0.0314910905879322
seed27_original_P,27,original_P,0,hard,20270053,8,0.9828091286089752,1.6079930279476304,0.9288498345194144,0.75,0,0.75,0.6251838993386553
seed27_original_P,27,original_P,0,hard,20270054,8,0.8950196585602459,0.8699266277872146,0.7285106506234226,0.75,0.875,1,-0.025093030773031266
seed27_original_P,27,original_P,0,hard,20270055,8,1.4813573626335579,1.1847384569916017,0.9940202152504843,0.125,0.125,0.25,-0.29661890564195614
seed27_original_P,27,original_P,0,hard,20270056,8,1.0679594007542204,0.935013512844731,0.7449160578479658,0.75,0.625,1,-0.13294588790948936
seed27_original_P,27,original_P,0,hard,20270057,8,2.148570023444693,1.4846195694916577,1.4846195694916577,0,0.25,0.25,-0.6639504539530354
seed27_original_P,27,original_P,0,hard,20270058,8,1.6639563221383287,1.0438571897033113,0.6959962627981875,0.375,0.625,1,-0.6200991324350174
seed27_original_P,27,original_P,0,hard,20270059,8,0.9874280061760592,1.0631312397925001,0.9741629469204741,0.375,0.375,0.375,0.07570323361644093
seed27_original_P,27,original_P,0,hard,20270060,8,1.5534448712152082,1.6659445637875092,1.5534448712152082,0.125,0.125,0.125,0.11249969257230097
seed27_original_P,27,original_P,0,hard,20270061,8,0.8676489287856605,1.4285814272558337,0.8676489287856605,0.5,0,0.5,0.5609324984701732
seed27_original_P,27,original_P,0,hard,20270062,8,1.346095864333799,1.0776659628822127,0.635207773506756,0.5,0.625,0.875,-0.2684299014515863
seed27_original_P,27,original_P,0,hard,20270063,8,2.036760856930943,1.058458057700028,1.058458057700028,0,0.625,0.625,-0.9783027992309152
seed27_original_P,27,original_P,0,hard,20270064,8,1.0168952803258444,1.0678488791745475,0.8940872025193176,0.375,0.625,0.625,0.0509535988487031
seed27_original_P,27,original_P,0,hard,20270065,8,0.7312200399362924,1.5992910565626135,0.5559847358595141,0.75,0,0.75,0.8680710166263211
seed27_original_P,27,original_P,0,hard,20270066,8,2.520754463633267,1.6631959012937958,1.6631959012937958,0,0.125,0.125,-0.8575585623394713
seed27_original_P,27,original_P,0,hard,20270067,8,1.4958363308093958,1.2796742364168567,0.8350623450176314,0.5,0,0.5,-0.21616209439253908
seed27_original_P,27,original_P,0,hard,20270068,8,1.6204977418518483,1.692389307310787,1.5543584063782896,0.375,0,0.375,0.07189156545893871
seed27_original_P,27,original_P,0,hard,20270069,8,1.518980951965758,1.4657563237364435,1.3818084003237017,0.125,0.375,0.375,-0.05322462822931451
seed27_original_P,27,original_P,0,hard,20270070,8,0.5915627372605402,1.661530418795943,0.5915627372605402,1,0,1,1.069967681535403
seed27_original_P,27,original_P,0,hard,20270071,8,1.4899885648929116,1.5343245290076881,1.3705577196131924,0,0,0,0.04433596411477647
seed27_original_P,27,original_P,0,hard,20270072,8,0.7817866796640235,1.1122565494349472,0.7817866796640235,0.625,1,0.625,0.33046986977092374
seed27_original_P,27,original_P,0,hard,20270073,8,1.490702784882054,1.7502230705747683,1.490702784882054,0.375,0,0.375,0.25952028569271435
seed27_original_P,27,original_P,0,hard,20270074,8,1.51115525738161,1.2159740997189374,1.2159740997189374,0,0.375,0.375,-0.2951811576626726
seed27_original_P,27,original_P,0,hard,20270075,8,1.236294636134173,1.2429873417775674,1.1742577689888691,0.25,0,0.25,0.006692705643394525
seed27_original_P,27,original_P,0,hard,20270076,8,1.9421450680960546,1.3256089554946116,1.3256089554946116,0,0,0,-0.616536112601443
seed27_original_P,27,original_P,0,hard,20270077,8,1.0875078692479707,1.5830731083358696,0.8639427069104595,0.125,0.375,0.5,0.49556523908789885
seed27_original_P,27,original_P,0,hard,20270078,8,1.2510611553077866,1.0561680776654532,1.0561680776654532,0.5,0.5,0.5,-0.19489307764233343
seed27_original_P,27,original_P,0,hard,20270079,8,1.4272286524992213,0.7341594914543965,0.7341594914543965,0.25,0.75,0.75,-0.6930691610448247
seed27_original_P,27,original_P,0,hard,20270080,8,1.5523565275310445,1.1578493172674644,0.8590355278618441,0.5,0.5,0.75,-0.39450721026358004
seed27_original_P,27,original_P,0,hard,20270081,8,1.977867260191885,1.124236191020065,1.118807307672068,0,0.625,0.625,-0.8536310691718201
seed27_original_P,27,original_P,0,hard,20270082,8,1.8690996838581286,1.2828923543290722,1.2828923543290722,0,0.25,0.25,-0.5862073295290564
seed27_original_P,27,original_P,0,hard,20270083,8,0.95725660033574,0.9827860172751286,0.9564196480440635,0.5,0.5,0.5,0.025529416939388594
seed27_original_P,27,original_P,0,hard,20270084,8,1.4625909140801077,1.2509121605377198,1.0149827545157215,0.25,0,0.25,-0.21167875354238785
seed27_original_P,27,original_P,0,hard,20270085,8,0.7852966610536238,1.3639117248324686,0.6279583397707671,0.75,0.5,1,0.5786150637788448
seed27_original_P,27,original_P,0,hard,20270086,8,1.3093891138060891,0.900677766136956,0.900677766136956,0.25,1,1,-0.4087113476691331
seed27_original_P,27,original_P,0,hard,20270087,8,0.7525780349416356,0.9971087544371496,0.6628173828516132,0.875,0.875,0.875,0.24453071949551408
seed27_original_P,27,original_P,0,hard,20270088,8,2.153005835238396,1.3372511557825777,1.3372511557825777,0,0,0,-0.8157546794558184
seed27_original_P,27,original_P,0,hard,20270089,8,0.8907393989118464,1.5325508806696984,0.8905153882423154,0.875,0.125,0.875,0.641811481757852
seed27_original_P,27,original_P,0,hard,20270090,8,1.586287737790466,1.3917883721683029,1.3917883721683029,0.125,0,0,-0.1944993656221632
seed27_original_P,27,original_P,0,hard,20270091,8,2.446532821816607,1.7690889186667091,1.7690889186667091,0,0,0,-0.677443903149898
seed27_original_P,27,original_P,0,hard,20270092,8,0.7410380004238031,1.194970730427431,0.7382214339046627,0.625,0.625,0.625,0.453932730003628
seed27_original_P,27,original_P,0,hard,20270093,8,2.130917021536833,1.6844012794472376,1.2551431551504526,0.375,0,0.375,-0.4465157420895953
seed27_original_P,27,original_P,0,hard,20270094,8,0.747686955715123,0.9151506763437396,0.7232399315171484,1,1,1,0.16746372062861659
seed27_original_P,27,original_P,0,hard,20270095,8,1.27324493223441,1.1325185564337679,1.1325185564337679,0,0.25,0.25,-0.14072637580064207
seed27_original_P,27,original_P,0,hard,20270096,8,1.3777203341961788,2.0606918471635787,1.3777203341961788,0,0,0,0.6829715129673999
seed27_original_P,27,original_P,0,hard,20270097,8,1.6070593815024008,0.9422099347428571,0.9422099347428571,0,0.375,0.375,-0.6648494467595437
seed27_original_P,27,original_P,0,hard,20270098,8,1.5145393664302635,1.221851206089773,1.221851206089773,0.25,0.5,0.5,-0.2926881603404905
seed27_original_P,27,original_P,0,hard,20270099,8,1.02124455176889,1.0510837196958023,1.0086373896781051,0.625,0.625,0.625,0.029839167926912324
seed27_P_O0_resume_step50,27,P_O0_resume,50,easy,20270000,8,0.0774669213466794,0.22598761601101064,0.0774669213466794,1,1,1,0.14852069466433124
seed27_P_O0_resume_step50,27,P_O0_resume,50,easy,20270001,8,0.10434782553497136,0.3335859556179448,0.0601601948272086,1,1,1,0.22923813008297345
seed27_P_O0_resume_step50,27,P_O0_resume,50,easy,20270002,8,0.0823340722204151,0.3389880762440089,0.0823340722204151,1,1,1,0.2566540040235938
seed27_P_O0_resume_step50,27,P_O0_resume,50,easy,20270003,8,0.7050170402983518,0.8376236458891886,0.6791775012616611,0.5,0.5,0.5,0.1326066055908368
seed27_P_O0_resume_step50,27,P_O0_resume,50,easy,20270004,8,0.5674130195877786,0.47785898949829003,0.07179320785580649,0.75,0.75,1,-0.08955403008948853
seed27_P_O0_resume_step50,27,P_O0_resume,50,easy,20270005,8,0.18350591910062242,0.950072026860555,0.1816181508072375,1,0.625,1,0.7665661077599326
seed27_P_O0_resume_step50,27,P_O0_resume,50,easy,20270006,8,0.13415553261529883,0.9395288778090859,0.1325699429486462,1,0.375,1,0.805373345193787
seed27_P_O0_resume_step50,27,P_O0_resume,50,easy,20270007,8,0.030967165321255888,0.056341826289255235,0.030967165321255888,1,1,1,0.025374660967999348
seed27_P_O0_resume_step50,27,P_O0_resume,50,easy,20270008,8,0.4292172020635252,0.2837636277091121,0.11010015701258313,1,1,1,-0.14545357435441308
seed27_P_O0_resume_step50,27,P_O0_resume,50,easy,20270009,8,0.08582573820184296,0.3135252682520118,0.05822848676554877,1,0.875,1,0.22769953005016885
seed27_P_O0_resume_step50,27,P_O0_resume,50,easy,20270010,8,0.8508151109545227,0.9939099651867419,0.8494533143244646,0.375,0.375,0.375,0.14309485423221924
seed27_P_O0_resume_step50,27,P_O0_resume,50,easy,20270011,8,0.04489413276761374,0.1252491746505461,0.03084247225959454,1,1,1,0.08035504188293237
seed27_P_O0_resume_step50,27,P_O0_resume,50,easy,20270012,8,0.0843715613422174,0.42057806313417284,0.0843715613422174,1,0.875,1,0.33620650179195544
seed27_P_O0_resume_step50,27,P_O0_resume,50,easy,20270013,8,0.0794397524572123,0.05719404398614848,0.031977459964751175,1,1,1,-0.022245708471063816
seed27_P_O0_resume_step50,27,P_O0_resume,50,easy,20270014,8,0.041859497515306904,0.3941953903474558,0.041859497515306904,1,0.75,1,0.35233589283214894
seed27_P_O0_resume_step50,27,P_O0_resume,50,easy,20270015,8,1.1784608647738763,0.25701080177975916,0.08615345258230296,0.375,1,1,-0.9214500629941171
seed27_P_O0_resume_step50,27,P_O0_resume,50,easy,20270016,8,0.1234542745665865,0.07490629301887504,0.054495947193482164,1,1,1,-0.04854798154771146
seed27_P_O0_resume_step50,27,P_O0_resume,50,easy,20270017,8,0.04345551062913587,0.12789401709054513,0.03391926111357003,1,1,1,0.08443850646140925
seed27_P_O0_resume_step50,27,P_O0_resume,50,easy,20270018,8,0.04715417902526024,0.2552329300629568,0.04715417902526024,1,1,1,0.20807875103769652
seed27_P_O0_resume_step50,27,P_O0_resume,50,easy,20270019,8,0.18008868098132078,0.1657213328201573,0.06950860180081396,1,1,1,-0.014367348161163473
seed27_P_O0_resume_step50,27,P_O0_resume,50,easy,20270020,8,0.5528087399608873,0.5434220796473892,0.17058224829309646,0.625,0.875,1,-0.009386660313498107
seed27_P_O0_resume_step50,27,P_O0_resume,50,easy,20270021,8,0.05025366847909805,0.06386393482044946,0.028268267433421597,1,1,1,0.013610266341351408
seed27_P_O0_resume_step50,27,P_O0_resume,50,easy,20270022,8,1.709492319502577,0.4638597732135251,0.343262996472694,0.5,0.75,0.75,-1.2456325462890518
seed27_P_O0_resume_step50,27,P_O0_resume,50,easy,20270023,8,0.15577720985770094,0.7507200683373152,0.14989850033498758,1,0.625,1,0.5949428584796143
seed27_P_O0_resume_step50,27,P_O0_resume,50,easy,20270024,8,0.0347852569179821,0.35338586130488975,0.028745019264269218,1,1,1,0.3186006043869076
seed27_P_O0_resume_step50,27,P_O0_resume,50,easy,20270025,8,0.2883992586020927,0.3321821784108603,0.10051995742851284,0.875,1,1,0.043782919808767584
seed27_P_O0_resume_step50,27,P_O0_resume,50,easy,20270026,8,0.17283878441079145,0.6584329258447925,0.11588294342834334,1,0.625,1,0.48559414143400104
seed27_P_O0_resume_step50,27,P_O0_resume,50,easy,20270027,8,0.06538813207542238,0.088311842913543,0.06432584958784217,1,1,1,0.02292371083812063
seed27_P_O0_resume_step50,27,P_O0_resume,50,easy,20270028,8,0.14179074785017046,0.4375496570248969,0.13902208263355578,1,0.875,1,0.29575890917472647
seed27_P_O0_resume_step50,27,P_O0_resume,50,easy,20270029,8,0.040253988250970714,0.07294507613029981,0.02853063769636198,1,1,1,0.032691087879329096
seed27_P_O0_resume_step50,27,P_O0_resume,50,easy,20270030,8,0.7764815205693698,0.483474090727443,0.4760507227898201,0.5,0.75,0.75,-0.2930074298419268
seed27_P_O0_resume_step50,27,P_O0_resume,50,easy,20270031,8,0.20858241508472114,0.7678340348935598,0.20278969600092508,1,0.5,1,0.5592516198088386
seed27_P_O0_resume_step50,27,P_O0_resume,50,easy,20270032,8,0.10381429441197565,0.29225566962458116,0.0861783811967659,1,1,1,0.1884413752126055
seed27_P_O0_resume_step50,27,P_O0_resume,50,easy,20270033,8,0.34081610439679594,0.4880634048156074,0.25812050808310083,0.875,0.875,0.875,0.14724730041881146
seed27_P_O0_resume_step50,27,P_O0_resume,50,easy,20270034,8,0.051672059122540234,0.07621852884800541,0.04265560116967552,1,1,1,0.024546469725465175
seed27_P_O0_resume_step50,27,P_O0_resume,50,easy,20270035,8,0.09391349308238636,0.4276731758448428,0.09391349308238636,1,0.75,1,0.3337596827624565
seed27_P_O0_resume_step50,27,P_O0_resume,50,easy,20270036,8,0.1936888411053672,0.2346094264213508,0.1399155858164526,1,1,1,0.04092058531598361
seed27_P_O0_resume_step50,27,P_O0_resume,50,easy,20270037,8,0.14165113150566339,0.2648129398915737,0.14165113150566339,1,0.875,1,0.12316180838591029
seed27_P_O0_resume_step50,27,P_O0_resume,50,easy,20270038,8,0.03881957162797638,0.07361769552519254,0.022251535715376025,1,1,1,0.034798123897216156
seed27_P_O0_resume_step50,27,P_O0_resume,50,easy,20270039,8,0.18474616625545245,0.4373820879481417,0.17595473457394306,1,0.75,1,0.2526359216926892
seed27_P_O0_resume_step50,27,P_O0_resume,50,easy,20270040,8,0.7548564059567382,0.8769713037819091,0.5041875665992573,0.625,0.375,0.625,0.12211489782517093
seed27_P_O0_resume_step50,27,P_O0_resume,50,easy,20270041,8,0.9910395770208887,0.8615368329071647,0.7311258649023291,0.375,0.375,0.5,-0.1295027441137241
seed27_P_O0_resume_step50,27,P_O0_resume,50,easy,20270042,8,0.1530584003706182,0.06730575859548255,0.05631514171834029,1,1,1,-0.08575264177513564
seed27_P_O0_resume_step50,27,P_O0_resume,50,easy,20270043,8,1.005648262836722,0.5760104662356517,0.5345055246632772,0.25,0.625,0.625,-0.4296377966010704
seed27_P_O0_resume_step50,27,P_O0_resume,50,easy,20270044,8,0.1378357602979695,1.2121650130520107,0.12423683411387787,1,0.375,1,1.0743292527540413
seed27_P_O0_resume_step50,27,P_O0_resume,50,easy,20270045,8,0.1109101066659032,0.19957336583495502,0.1109101066659032,1,1,1,0.08866325916905182
seed27_P_O0_resume_step50,27,P_O0_resume,50,easy,20270046,8,0.06665597679022044,0.21106297219239772,0.061591110163702424,1,1,1,0.14440699540217727
seed27_P_O0_resume_step50,27,P_O0_resume,50,easy,20270047,8,0.4049213069138104,0.2576985099627576,0.2576985099627576,0.875,0.875,0.875,-0.14722279695105278
seed27_P_O0_resume_step50,27,P_O0_resume,50,easy,20270048,8,0.05277806735449504,0.3820294116701393,0.05277806735449504,1,0.875,1,0.3292513443156443
seed27_P_O0_resume_step50,27,P_O0_resume,50,easy,20270049,8,0.188263996172828,0.27492839717237544,0.17770327465428143,1,1,1,0.08666440099954745
seed27_P_O0_resume_step50,27,P_O0_resume,50,easy,20270050,8,0.04067732161954563,0.14094811760000625,0.03535004736657504,1,1,1,0.10027079598046063
seed27_P_O0_resume_step50,27,P_O0_resume,50,easy,20270051,8,1.3442333413179495,0.7699628828836248,0.7297387857704785,0.25,0.75,0.75,-0.5742704584343247
seed27_P_O0_resume_step50,27,P_O0_resume,50,easy,20270052,8,1.3657103833627042,0.3223267227541915,0.2898706282610649,0.375,0.875,0.875,-1.0433836606085127
seed27_P_O0_resume_step50,27,P_O0_resume,50,easy,20270053,8,0.27950737449521385,0.6299630692802728,0.27950737449521385,1,0.625,1,0.35045569478505895
seed27_P_O0_resume_step50,27,P_O0_resume,50,easy,20270054,8,0.09818322251605513,0.2890076787764356,0.09818322251605513,1,1,1,0.19082445626038044
seed27_P_O0_resume_step50,27,P_O0_resume,50,easy,20270055,8,0.3777082460541217,0.21685636869320882,0.1929042931220444,0.75,1,1,-0.16085187736091286
seed27_P_O0_resume_step50,27,P_O0_resume,50,easy,20270056,8,0.7308987375090945,0.20551848776243867,0.1894752840434902,0.75,0.875,0.875,-0.5253802497466559
seed27_P_O0_resume_step50,27,P_O0_resume,50,easy,20270057,8,0.1543011903318019,0.1780618524072281,0.13282336279591236,1,1,1,0.02376066207542621
seed27_P_O0_resume_step50,27,P_O0_resume,50,easy,20270058,8,0.9573912208054544,0.643417654338211,0.6329089119313149,0.5,0.5,0.5,-0.3139735664672434
seed27_P_O0_resume_step50,27,P_O0_resume,50,easy,20270059,8,0.22445214134880298,0.39513462107188346,0.22445214134880298,1,0.625,1,0.17068247972308048
seed27_P_O0_resume_step50,27,P_O0_resume,50,easy,20270060,8,0.14239922305936814,0.16060729409950186,0.13042946201681424,1,1,1,0.018208071040133722
seed27_P_O0_resume_step50,27,P_O0_resume,50,easy,20270061,8,2.176473532325533,1.0075791052569554,0.9258459926837123,0.375,0.375,0.375,-1.1688944270685777
seed27_P_O0_resume_step50,27,P_O0_resume,50,easy,20270062,8,0.40914004145329,0.42495987257310974,0.2311317775987868,0.875,0.875,0.875,0.015819831119819716
seed27_P_O0_resume_step50,27,P_O0_resume,50,easy,20270063,8,0.03978111911621915,0.20881533148361958,0.03978111911621915,1,1,1,0.16903421236740043
seed27_P_O0_resume_step50,27,P_O0_resume,50,easy,20270064,8,1.2195165411287863,0.8177429606756591,0.7008161330570662,0.625,0.625,0.625,-0.40177358045312717
seed27_P_O0_resume_step50,27,P_O0_resume,50,easy,20270065,8,0.06023790316430131,0.09679740080925574,0.059558061678695644,1,1,1,0.036559497644954426
seed27_P_O0_resume_step50,27,P_O0_resume,50,easy,20270066,8,0.14567389635629266,0.05399839063518284,0.027150036056441583,1,1,1,-0.09167550572110983
seed27_P_O0_resume_step50,27,P_O0_resume,50,easy,20270067,8,0.5121821060083981,0.5147529211838608,0.19495426598595658,0.75,0.875,0.875,0.0025708151754627595
seed27_P_O0_resume_step50,27,P_O0_resume,50,easy,20270068,8,1.0616486968220216,0.6891304980342533,0.5852229723907343,0.5,0.5,0.5,-0.37251819878776826
seed27_P_O0_resume_step50,27,P_O0_resume,50,easy,20270069,8,0.1805305895738404,0.3885944855040041,0.1110876808356277,1,1,1,0.2080638959301637
seed27_P_O0_resume_step50,27,P_O0_resume,50,easy,20270070,8,0.11265817842421683,0.2628431550184791,0.11265817842421683,1,1,1,0.15018497659426228
seed27_P_O0_resume_step50,27,P_O0_resume,50,easy,20270071,8,0.0842000623731671,0.43144888715566837,0.08218562260250219,1,1,1,0.3472488247825013
seed27_P_O0_resume_step50,27,P_O0_resume,50,easy,20270072,8,0.09025319855656341,0.47636106127852246,0.09025319855656341,1,1,1,0.38610786272195907
seed27_P_O0_resume_step50,27,P_O0_resume,50,easy,20270073,8,0.22035916660219637,0.937038912152214,0.21918886559721806,1,0.375,1,0.7166797455500177
seed27_P_O0_resume_step50,27,P_O0_resume,50,easy,20270074,8,0.4120518484593273,0.7036177859564304,0.4120518484593273,0.875,0.375,0.875,0.29156593749710313
seed27_P_O0_resume_step50,27,P_O0_resume,50,easy,20270075,8,0.359273593975464,0.24564963707109114,0.1446421778069605,0.75,1,1,-0.11362395690437285
seed27_P_O0_resume_step50,27,P_O0_resume,50,easy,20270076,8,0.14654064133510297,1.367266720197147,0.13899495956148136,1,0.375,1,1.220726078862044
seed27_P_O0_resume_step50,27,P_O0_resume,50,easy,20270077,8,0.23828922505423134,0.9711592095354655,0.23629600386631927,1,0.375,1,0.7328699844812342
seed27_P_O0_resume_step50,27,P_O0_resume,50,easy,20270078,8,1.290404554647923,0.3579478426899406,0.2879718443975645,0.375,1,1,-0.9324567119579824
seed27_P_O0_resume_step50,27,P_O0_resume,50,easy,20270079,8,2.2782077685552893,0.9910598375178414,0.9472810506731945,0.375,0.375,0.375,-1.2871479310374478
seed27_P_O0_resume_step50,27,P_O0_resume,50,easy,20270080,8,0.02840928486617577,0.10148587419737956,0.02840928486617577,1,1,1,0.07307658933120378
seed27_P_O0_resume_step50,27,P_O0_resume,50,easy,20270081,8,0.08122478416105394,0.0845312189686762,0.043107850909210405,1,1,1,0.0033064348076222577
seed27_P_O0_resume_step50,27,P_O0_resume,50,easy,20270082,8,0.9693562111437712,0.14195811671028086,0.1088471380951364,0.625,1,1,-0.8273980944334904
seed27_P_O0_resume_step50,27,P_O0_resume,50,easy,20270083,8,0.1853305263759305,0.2547699900056555,0.184236103057968,1,0.875,1,0.06943946362972497
seed27_P_O0_resume_step50,27,P_O0_resume,50,easy,20270084,8,0.6574442656298067,0.6256564394395709,0.5798302884238825,0.625,0.625,0.625,-0.03178782619023579
seed27_P_O0_resume_step50,27,P_O0_resume,50,easy,20270085,8,0.10977367941352463,0.38005315011437585,0.0809093796044611,1,1,1,0.27027947070085123
seed27_P_O0_resume_step50,27,P_O0_resume,50,easy,20270086,8,0.17943554279328686,1.3372426696714286,0.17943554279328686,1,0.125,1,1.1578071268781418
seed27_P_O0_resume_step50,27,P_O0_resume,50,easy,20270087,8,0.06384028348522286,0.13991888314500192,0.045020926584184225,1,0.875,1,0.07607859965977906
seed27_P_O0_resume_step50,27,P_O0_resume,50,easy,20270088,8,0.07810149747766648,0.05244688872970006,0.04366034673158814,1,1,1,-0.02565460874796642
seed27_P_O0_resume_step50,27,P_O0_resume,50,easy,20270089,8,0.3248164578180115,0.42380952579176173,0.2109914420806372,0.875,0.75,0.875,0.09899306797375024
seed27_P_O0_resume_step50,27,P_O0_resume,50,easy,20270090,8,0.08734031041745317,0.5802224794596142,0.08734031041745317,1,0.875,1,0.4928821690421611
seed27_P_O0_resume_step50,27,P_O0_resume,50,easy,20270091,8,0.1908651122595894,0.12479463727554246,0.0818871290281179,1,1,1,-0.06607047498404695
seed27_P_O0_resume_step50,27,P_O0_resume,50,easy,20270092,8,0.10434024325466891,0.4025998451315268,0.10434024325466891,1,1,1,0.2982596018768579
seed27_P_O0_resume_step50,27,P_O0_resume,50,easy,20270093,8,1.0215904733772592,0.3124470006614583,0.07804915237408672,0.625,1,1,-0.7091434727158008
seed27_P_O0_resume_step50,27,P_O0_resume,50,easy,20270094,8,0.04865292211453883,0.40558301861019347,0.03866590384908908,1,0.875,1,0.35693009649565466
seed27_P_O0_resume_step50,27,P_O0_resume,50,easy,20270095,8,0.05375673127387808,0.08758259457837245,0.04545322615701462,1,1,1,0.033825863304494365
seed27_P_O0_resume_step50,27,P_O0_resume,50,easy,20270096,8,0.14204456534210502,0.7992495965412114,0.14073256698776018,1,0.375,1,0.6572050311991064
seed27_P_O0_resume_step50,27,P_O0_resume,50,easy,20270097,8,0.0901466730641179,0.025879337878608324,0.025879337878608324,1,1,1,-0.06426733518550957
seed27_P_O0_resume_step50,27,P_O0_resume,50,easy,20270098,8,0.6579536839614122,0.16875237072844962,0.1543955068652081,0.625,1,1,-0.48920131323296256
seed27_P_O0_resume_step50,27,P_O0_resume,50,easy,20270099,8,0.0818418277500136,0.2651051070188393,0.024843661796923988,1,1,1,0.18326327926882574
seed27_P_O0_resume_step50,27,P_O0_resume,50,hard,20270000,8,1.5229787114552598,1.9099372170538114,1.5229787114552598,0,0,0,0.3869585055985516
seed27_P_O0_resume_step50,27,P_O0_resume,50,hard,20270001,8,1.0330314143887378,1.6013079227185332,0.469904626498219,0.5,0.625,1,0.5682765083297954
seed27_P_O0_resume_step50,27,P_O0_resume,50,hard,20270002,8,1.736000067919809,1.0432178960993568,1.0432178960993568,0,0.5,0.5,-0.6927821718204523
seed27_P_O0_resume_step50,27,P_O0_resume,50,hard,20270003,8,1.8096436588537153,1.343569238581191,1.343569238581191,0.375,0.5,0.5,-0.4660744202725242
seed27_P_O0_resume_step50,27,P_O0_resume,50,hard,20270004,8,1.3887428220487972,1.4385759879845101,1.2677259538322059,0,0,0,0.049833165935712964
seed27_P_O0_resume_step50,27,P_O0_resume,50,hard,20270005,8,1.5187645285286324,1.5464416386366586,1.491469628595814,0,0,0,0.027677110108026204
seed27_P_O0_resume_step50,27,P_O0_resume,50,hard,20270006,8,1.3882462799022945,0.7917969739968626,0.732224916280079,0.25,1,1,-0.596449305905432
seed27_P_O0_resume_step50,27,P_O0_resume,50,hard,20270007,8,1.5859211234993953,1.1257560188817686,0.8025648262760713,0.375,0.625,1,-0.4601651046176267
seed27_P_O0_resume_step50,27,P_O0_resume,50,hard,20270008,8,1.844172997805415,1.8845946889992784,1.842019202527998,0,0,0,0.040421691193863296
seed27_P_O0_resume_step50,27,P_O0_resume,50,hard,20270009,8,0.7921933888070279,0.9485984388278202,0.7423767770994689,0.625,0.875,0.875,0.1564050500207923
seed27_P_O0_resume_step50,27,P_O0_resume,50,hard,20270010,8,1.2999252201887925,1.5423357892519816,1.208036851978762,0.125,0.25,0.25,0.24241056906318903
seed27_P_O0_resume_step50,27,P_O0_resume,50,hard,20270011,8,0.9239694497723218,1.1812883387942004,0.8409028707299299,0.375,0.375,0.375,0.2573188890218786
seed27_P_O0_resume_step50,27,P_O0_resume,50,hard,20270012,8,0.8107716433777531,0.9764580737099933,0.6196289975015534,1,0.625,1,0.16568643033224018
seed27_P_O0_resume_step50,27,P_O0_resume,50,hard,20270013,8,1.6929035930958065,0.9887493332785351,0.863930832155569,0,0.625,0.625,-0.7041542598172714
seed27_P_O0_resume_step50,27,P_O0_resume,50,hard,20270014,8,1.3200981122037665,1.3781922311080619,1.3200981122037665,0.375,0.375,0.375,0.05809411890429539
seed27_P_O0_resume_step50,27,P_O0_resume,50,hard,20270015,8,1.3183667873196057,1.5317394187121183,1.1555785890251467,0.375,0,0.375,0.2133726313925126
seed27_P_O0_resume_step50,27,P_O0_resume,50,hard,20270016,8,1.017478973435391,0.8353987213862922,0.8353987213862922,0.75,1,1,-0.18208025204909883
seed27_P_O0_resume_step50,27,P_O0_resume,50,hard,20270017,8,0.9749318961471829,1.0875307563373244,0.9749318961471829,0.625,0.625,0.625,0.11259886019014154
seed27_P_O0_resume_step50,27,P_O0_resume,50,hard,20270018,8,0.9939875956682971,1.4511523894762797,0.9939875956682971,0.625,0.125,0.625,0.4571647938079826
seed27_P_O0_resume_step50,27,P_O0_resume,50,hard,20270019,8,1.2851265632495799,1.5523483447862765,1.2441120060092163,0.625,0.5,0.625,0.2672217815366966
seed27_P_O0_resume_step50,27,P_O0_resume,50,hard,20270020,8,0.9782758198660435,1.050512916441612,0.8118105543428727,0.875,0.5,1,0.07223709657556854
seed27_P_O0_resume_step50,27,P_O0_resume,50,hard,20270021,8,1.6443037110287977,1.690088735321545,1.6027422962172766,0,0,0,0.045785024292747334
seed27_P_O0_resume_step50,27,P_O0_resume,50,hard,20270022,8,1.4050828467662801,1.1548487663976927,1.1548487663976927,0,0.75,0.75,-0.2502340803685874
seed27_P_O0_resume_step50,27,P_O0_resume,50,hard,20270023,8,0.8359646160633895,0.7557816137397566,0.7445956410338314,0.625,0.625,0.625,-0.08018300232363285
seed27_P_O0_resume_step50,27,P_O0_resume,50,hard,20270024,8,1.8777020663562423,0.47107148032090285,0.47107148032090285,0,1,1,-1.4066305860353394
seed27_P_O0_resume_step50,27,P_O0_resume,50,hard,20270025,8,1.2980559040010968,1.083205283101214,1.083205283101214,0.125,0.875,0.875,-0.21485062089988283
seed27_P_O0_resume_step50,27,P_O0_resume,50,hard,20270026,8,1.1586885846563766,1.1149998874096603,1.0265820956787346,0.5,0.5,0.5,-0.04368869724671631
seed27_P_O0_resume_step50,27,P_O0_resume,50,hard,20270027,8,1.0631548760570404,1.1960266948070029,1.0631548760570404,0.625,0.625,0.625,0.13287181874996246
seed27_P_O0_resume_step50,27,P_O0_resume,50,hard,20270028,8,0.9002950114372937,0.8677421975561352,0.842216506013683,0.5,0.5,0.5,-0.03255281388115849
seed27_P_O0_resume_step50,27,P_O0_resume,50,hard,20270029,8,0.6872808526950643,1.3697157146156407,0.3666257319268055,0.375,0.625,1,0.6824348619205763
seed27_P_O0_resume_step50,27,P_O0_resume,50,hard,20270030,8,1.2433705289700008,1.0792982466439776,1.0014370465115028,0.25,0.625,0.75,-0.16407228232602322
seed27_P_O0_resume_step50,27,P_O0_resume,50,hard,20270031,8,1.4994633432268207,1.1870896388316625,0.934695903750979,0.375,0.25,0.375,-0.3123737043951582
seed27_P_O0_resume_step50,27,P_O0_resume,50,hard,20270032,8,0.9583169152465206,1.6033914709215535,0.9583169152465206,0.75,0,0.75,0.6450745556750329
seed27_P_O0_resume_step50,27,P_O0_resume,50,hard,20270033,8,1.162333261338041,1.650929072947932,1.1602505507979513,0.125,0.125,0.125,0.48859581160989096
seed27_P_O0_resume_step50,27,P_O0_resume,50,hard,20270034,8,0.9889872944844544,1.2668383999553097,0.9889872944844544,0.625,0.375,0.625,0.27785110547085523
seed27_P_O0_resume_step50,27,P_O0_resume,50,hard,20270035,8,1.1892238768864936,1.076958894100327,0.9090487547359213,0.75,0.5,0.75,-0.11226498278616659
seed27_P_O0_resume_step50,27,P_O0_resume,50,hard,20270036,8,1.560105898608464,1.1719699452330743,1.1719699452330743,0.125,0.5,0.5,-0.38813595337538964
seed27_P_O0_resume_step50,27,P_O0_resume,50,hard,20270037,8,1.3650644347768588,1.2835918911273023,1.2824666700116967,0,0.5,0.375,-0.08147254364955647
seed27_P_O0_resume_step50,27,P_O0_resume,50,hard,20270038,8,1.172523328496929,1.0533922290458628,1.031615742357177,0.5,0.5,0.5,-0.11913109945106615
seed27_P_O0_resume_step50,27,P_O0_resume,50,hard,20270039,8,1.4083555326000499,1.6026192965246908,1.3470005431169052,0.25,0.25,0.25,0.19426376392464095
seed27_P_O0_resume_step50,27,P_O0_resume,50,hard,20270040,8,0.422432803847815,0.7542634824836774,0.422432803847815,1,1,1,0.33183067863586235
seed27_P_O0_resume_step50,27,P_O0_resume,50,hard,20270041,8,1.7232257794730237,1.185894111201235,0.9387986419042547,0.375,0.5,0.875,-0.5373316682717888
seed27_P_O0_resume_step50,27,P_O0_resume,50,hard,20270042,8,1.210173668707656,0.9376163521192176,0.8357805159757645,0.25,0.75,0.75,-0.2725573165884385
seed27_P_O0_resume_step50,27,P_O0_resume,50,hard,20270043,8,1.5651337171683866,1.9056317859552185,1.5651337171683866,0.125,0,0.125,0.340498068786832
seed27_P_O0_resume_step50,27,P_O0_resume,50,hard,20270044,8,1.2807399007759803,1.0915063552115614,1.0915063552115614,0.25,0.375,0.375,-0.18923354556441896
seed27_P_O0_resume_step50,27,P_O0_resume,50,hard,20270045,8,1.2081470809978951,0.7989674920457716,0.6848328912788915,0.5,0.5,1,-0.4091795889521236
seed27_P_O0_resume_step50,27,P_O0_resume,50,hard,20270046,8,1.5599713702353004,1.1643497332336308,1.1597075377252062,0.125,0.125,0.125,-0.39562163700166963
seed27_P_O0_resume_step50,27,P_O0_resume,50,hard,20270047,8,1.055908813711619,1.4100835722041756,1.055908813711619,0.75,0.125,0.75,0.35417475849255653
seed27_P_O0_resume_step50,27,P_O0_resume,50,hard,20270048,8,0.9648219725650645,0.981722882928199,0.5810337393455177,0.875,0.75,0.875,0.016900910363134458
seed27_P_O0_resume_step50,27,P_O0_resume,50,hard,20270049,8,1.3745773251225308,1.1630851987258877,1.1172443461956936,0.375,0.5,0.5,-0.21149212639664317
seed27_P_O0_resume_step50,27,P_O0_resume,50,hard,20270050,8,0.6733536971354571,0.8078089358047376,0.666142022255831,0.625,0.625,0.625,0.13445523866928044
seed27_P_O0_resume_step50,27,P_O0_resume,50,hard,20270051,8,1.3126135443936975,1.3569132782881437,1.122381222859998,0.375,0.125,0.375,0.04429973389444619
seed27_P_O0_resume_step50,27,P_O0_resume,50,hard,20270052,8,1.224699238079552,1.2508528360049698,0.9170680492550521,0.625,0.25,0.625,0.026153597925417715
seed27_P_O0_resume_step50,27,P_O0_resume,50,hard,20270053,8,0.905269180450357,1.6248463485080031,0.8623381815016083,0.75,0,0.75,0.7195771680576462
seed27_P_O0_resume_step50,27,P_O0_resume,50,hard,20270054,8,0.7919733040971539,0.8407442648500144,0.6580146179294872,0.75,1,1,0.04877096075286047
seed27_P_O0_resume_step50,27,P_O0_resume,50,hard,20270055,8,1.562969665397064,1.2331874285511997,1.1027834328825508,0.5,0.25,0.625,-0.3297822368458643
seed27_P_O0_resume_step50,27,P_O0_resume,50,hard,20270056,8,0.9772426866255581,0.8903212169877983,0.7266983412621822,1,0.625,1,-0.08692146963775982
seed27_P_O0_resume_step50,27,P_O0_resume,50,hard,20270057,8,1.8914893858408925,1.388298665779497,1.388298665779497,0,0.5,0.5,-0.5031907200613956
seed27_P_O0_resume_step50,27,P_O0_resume,50,hard,20270058,8,1.5334433281733544,1.0869696209249906,0.7914299212866484,0.375,0.5,0.875,-0.44647370724836377
seed27_P_O0_resume_step50,27,P_O0_resume,50,hard,20270059,8,0.9492324194070559,1.0480646929876094,0.9492308140241198,0.375,0.375,0.375,0.09883227358055346
seed27_P_O0_resume_step50,27,P_O0_resume,50,hard,20270060,8,1.4869659808021498,1.690651645584708,1.4785965641953247,0.125,0.125,0.125,0.20368566478255823
seed27_P_O0_resume_step50,27,P_O0_resume,50,hard,20270061,8,0.8469741730127794,1.3664528370612845,0.8469741730127794,0.5,0.125,0.5,0.5194786640485051
seed27_P_O0_resume_step50,27,P_O0_resume,50,hard,20270062,8,1.1633665214570013,1.010485150616697,0.669251465652939,0.5,0.75,0.875,-0.1528813708403043
seed27_P_O0_resume_step50,27,P_O0_resume,50,hard,20270063,8,1.9135078103664558,1.1371603636371757,1.1371603636371757,0,0.375,0.375,-0.7763474467292801
seed27_P_O0_resume_step50,27,P_O0_resume,50,hard,20270064,8,1.0163596978471876,1.019907751014904,0.9021281198286869,0.5,0.625,0.75,0.0035480531677163363
seed27_P_O0_resume_step50,27,P_O0_resume,50,hard,20270065,8,0.6479048558184122,1.4339945698382293,0.5180599235751209,0.75,0,0.75,0.7860897140198171
seed27_P_O0_resume_step50,27,P_O0_resume,50,hard,20270066,8,2.124975761016485,1.2978173225530347,1.2978173225530347,0,0.25,0.25,-0.8271584384634503
seed27_P_O0_resume_step50,27,P_O0_resume,50,hard,20270067,8,1.3945871296551635,1.2011849873269944,0.8713276662687077,0.5,0.375,0.5,-0.1934021423281691
seed27_P_O0_resume_step50,27,P_O0_resume,50,hard,20270068,8,1.6074757530033459,1.6924637934161886,1.588151169384121,0.375,0.125,0.375,0.08498804041284269
seed27_P_O0_resume_step50,27,P_O0_resume,50,hard,20270069,8,1.4629142952969898,1.4261654742167134,1.3193957001908703,0.125,0.375,0.375,-0.03674882108027644
seed27_P_O0_resume_step50,27,P_O0_resume,50,hard,20270070,8,0.5946963928926857,1.3962504647312286,0.5946963928926857,0.875,0,0.875,0.8015540718385429
seed27_P_O0_resume_step50,27,P_O0_resume,50,hard,20270071,8,1.4323362192400593,1.500534702257109,1.3461176682176061,0,0.125,0.125,0.06819848301704967
seed27_P_O0_resume_step50,27,P_O0_resume,50,hard,20270072,8,0.7356773928722966,1.2017493931991465,0.7356773928722966,1,0.5,1,0.4660720003268499
seed27_P_O0_resume_step50,27,P_O0_resume,50,hard,20270073,8,1.479331574131016,1.7717869221899085,1.479331574131016,0.375,0,0.375,0.2924553480588925
seed27_P_O0_resume_step50,27,P_O0_resume,50,hard,20270074,8,1.5276281270515544,1.2802973131042845,1.2802973131042845,0,0.125,0.125,-0.24733081394726986
seed27_P_O0_resume_step50,27,P_O0_resume,50,hard,20270075,8,1.257081427665115,1.1881843724837264,1.1875507334104238,0.25,0.125,0.125,-0.06889705518138856
seed27_P_O0_resume_step50,27,P_O0_resume,50,hard,20270076,8,1.9215503953783193,1.438454290452767,1.438454290452767,0,0,0,-0.4830961049255522
seed27_P_O0_resume_step50,27,P_O0_resume,50,hard,20270077,8,1.1581528479417953,1.3275241570038576,0.9966200439084295,0.125,0.125,0.25,0.16937130906206233
seed27_P_O0_resume_step50,27,P_O0_resume,50,hard,20270078,8,1.2630410041987812,0.9943485287765097,0.9943485287765097,0.5,0.5,0.5,-0.2686924754222715
seed27_P_O0_resume_step50,27,P_O0_resume,50,hard,20270079,8,1.2583717785200608,0.7474472798597435,0.7474472798597435,0.5,1,1,-0.5109244986603173
seed27_P_O0_resume_step50,27,P_O0_resume,50,hard,20270080,8,1.4329414907138256,1.1265974341448752,0.8124251586546292,0.5,0.5,0.75,-0.30634405656895036
seed27_P_O0_resume_step50,27,P_O0_resume,50,hard,20270081,8,1.7914864209850145,0.9050317196409944,0.9050317196409944,0,0.625,0.625,-0.8864547013440202
seed27_P_O0_resume_step50,27,P_O0_resume,50,hard,20270082,8,1.7650316063244227,1.338595444194477,1.338595444194477,0,0.375,0.375,-0.42643616212994573
seed27_P_O0_resume_step50,27,P_O0_resume,50,hard,20270083,8,0.9433258421515155,0.9877578480645803,0.9388500312690964,0.5,0.5,0.5,0.04443200591306484
seed27_P_O0_resume_step50,27,P_O0_resume,50,hard,20270084,8,1.465846716118828,1.3314668719058635,1.1672257627918134,0.25,0,0.25,-0.13437984421296445
seed27_P_O0_resume_step50,27,P_O0_resume,50,hard,20270085,8,0.7495866516870742,1.398592645078165,0.6549482961663157,1,0.5,1,0.6490059933910908
seed27_P_O0_resume_step50,27,P_O0_resume,50,hard,20270086,8,1.144506708764681,0.8346884229531867,0.8346884229531867,0.875,1,1,-0.3098182858114943
seed27_P_O0_resume_step50,27,P_O0_resume,50,hard,20270087,8,0.7032523463931462,0.9751424903916017,0.6314302776243148,0.875,0.875,0.875,0.27189014399845557
seed27_P_O0_resume_step50,27,P_O0_resume,50,hard,20270088,8,2.015318381410888,1.3432029230801144,1.3432029230801144,0,0.125,0.125,-0.6721154583307736
seed27_P_O0_resume_step50,27,P_O0_resume,50,hard,20270089,8,0.7939896905587892,1.5296941624515423,0.7878739022999872,1,0.125,1,0.7357044718927531
seed27_P_O0_resume_step50,27,P_O0_resume,50,hard,20270090,8,1.6145737157880764,1.3184830507486884,1.3184830507486884,0,0.125,0.125,-0.29609066503938797
seed27_P_O0_resume_step50,27,P_O0_resume,50,hard,20270091,8,2.125345730430943,1.5225419173777521,1.5225419173777521,0,0.25,0.25,-0.602803813053191
seed27_P_O0_resume_step50,27,P_O0_resume,50,hard,20270092,8,0.7776610508234767,1.1275702983583429,0.7715518838717351,0.625,0.625,0.625,0.3499092475348662
seed27_P_O0_resume_step50,27,P_O0_resume,50,hard,20270093,8,1.9193617763534923,1.4748041199617246,1.1226495785243453,0.375,0,0.375,-0.4445576563917677
seed27_P_O0_resume_step50,27,P_O0_resume,50,hard,20270094,8,0.7198061349269507,1.031737490384355,0.6221877571967716,0.75,0.75,1,0.31193135545740436
seed27_P_O0_resume_step50,27,P_O0_resume,50,hard,20270095,8,1.2818855339456359,1.1648666579073839,1.1648666579073839,0,0.25,0.25,-0.117018876038252
seed27_P_O0_resume_step50,27,P_O0_resume,50,hard,20270096,8,1.3586723195045245,1.9129682908499164,1.356223622974602,0,0,0,0.5542959713453919
seed27_P_O0_resume_step50,27,P_O0_resume,50,hard,20270097,8,1.4423312330018943,0.9606412431400402,0.9606412431400402,0,0.375,0.375,-0.4816899898618541
seed27_P_O0_resume_step50,27,P_O0_resume,50,hard,20270098,8,1.3518520156290197,1.1323513313196416,1.1269245471932043,0.25,0.5,0.5,-0.21950068430937808
seed27_P_O0_resume_step50,27,P_O0_resume,50,hard,20270099,8,0.9504590364913165,1.0683531651967222,0.9504590364913165,0.625,0.5,0.625,0.11789412870540572
seed27_P_O0_resume_step100,27,P_O0_resume,100,easy,20270000,8,0.06728073156929791,0.33392415079143106,0.04547456815869215,1,1,1,0.26664341922213314
seed27_P_O0_resume_step100,27,P_O0_resume,100,easy,20270001,8,0.08943971441609855,0.5250443697564049,0.03375783740761219,1,0.75,1,0.43560465534030635
seed27_P_O0_resume_step100,27,P_O0_resume,100,easy,20270002,8,0.08505224256307835,0.15781103041735745,0.0788089285301933,1,1,1,0.0727587878542791
seed27_P_O0_resume_step100,27,P_O0_resume,100,easy,20270003,8,0.9495540644252326,0.5732796912143319,0.5397865045574366,0.5,0.625,0.625,-0.37627437321090074
seed27_P_O0_resume_step100,27,P_O0_resume,100,easy,20270004,8,0.5264384172935426,0.3747456871909346,0.06399967842997416,0.75,0.75,1,-0.15169273010260798
seed27_P_O0_resume_step100,27,P_O0_resume,100,easy,20270005,8,0.17560001455862384,0.7344462841315998,0.1693936226655797,1,0.625,1,0.558846269572976
seed27_P_O0_resume_step100,27,P_O0_resume,100,easy,20270006,8,0.11157934138783031,0.3988468750991528,0.11157934138783031,1,0.875,1,0.28726753371132246
seed27_P_O0_resume_step100,27,P_O0_resume,100,easy,20270007,8,0.019317491777439348,0.036902720534759265,0.019317491777439348,1,1,1,0.017585228757319916
seed27_P_O0_resume_step100,27,P_O0_resume,100,easy,20270008,8,0.35626316490182486,0.14039810006523606,0.13176307156640843,1,1,1,-0.2158650648365888
seed27_P_O0_resume_step100,27,P_O0_resume,100,easy,20270009,8,0.059744485287908336,0.39758298863849884,0.05599558037358216,1,0.75,1,0.3378385033505905
seed27_P_O0_resume_step100,27,P_O0_resume,100,easy,20270010,8,1.091906628222838,1.062523465322201,1.062523465322201,0.375,0.375,0.375,-0.029383162900636917
seed27_P_O0_resume_step100,27,P_O0_resume,100,easy,20270011,8,0.029663962681101566,0.6808338293081045,0.029663962681101566,1,0.625,1,0.6511698666270029
seed27_P_O0_resume_step100,27,P_O0_resume,100,easy,20270012,8,0.08710745000868343,0.31586948917305846,0.05833705460040715,1,0.875,1,0.22876203916437504
seed27_P_O0_resume_step100,27,P_O0_resume,100,easy,20270013,8,0.06695884444371135,0.05277264654500678,0.025165566776280353,1,1,1,-0.014186197898704567
seed27_P_O0_resume_step100,27,P_O0_resume,100,easy,20270014,8,0.039634546030897055,0.07752529268570152,0.024574310077452925,1,1,1,0.037890746654804464
seed27_P_O0_resume_step100,27,P_O0_resume,100,easy,20270015,8,1.3437361566656056,0.37722754740304676,0.10566662946274508,0.375,1,1,-0.9665086092625589
seed27_P_O0_resume_step100,27,P_O0_resume,100,easy,20270016,8,0.1597342239588106,0.03699355428565969,0.03538764848234088,1,1,1,-0.1227406696731509
seed27_P_O0_resume_step100,27,P_O0_resume,100,easy,20270017,8,0.03537421982076571,0.05901017870729595,0.02172832223746919,1,1,1,0.023635958886530237
seed27_P_O0_resume_step100,27,P_O0_resume,100,easy,20270018,8,0.034620271042682255,0.15685935727527045,0.034620271042682255,1,1,1,0.1222390862325882
seed27_P_O0_resume_step100,27,P_O0_resume,100,easy,20270019,8,0.11991419471525126,0.14012139227571446,0.06759824454907055,1,1,1,0.0202071975604632
seed27_P_O0_resume_step100,27,P_O0_resume,100,easy,20270020,8,0.950682706398715,0.4891445845360816,0.2645554962243524,0.375,0.875,1,-0.4615381218626334
seed27_P_O0_resume_step100,27,P_O0_resume,100,easy,20270021,8,0.06510966916741849,0.0842647588065165,0.029716061325488773,1,1,1,0.01915508963909801
seed27_P_O0_resume_step100,27,P_O0_resume,100,easy,20270022,8,2.0765791818611303,0.6141166030969428,0.5606693763289888,0.5,0.5,0.5,-1.4624625787641876
seed27_P_O0_resume_step100,27,P_O0_resume,100,easy,20270023,8,0.1665472544159092,0.45047026602516427,0.11560133535735224,1,0.875,1,0.28392301160925504
seed27_P_O0_resume_step100,27,P_O0_resume,100,easy,20270024,8,0.02466766886874073,1.2823561105124979,0.013950164411711437,1,0.125,1,1.257688441643757
seed27_P_O0_resume_step100,27,P_O0_resume,100,easy,20270025,8,0.3579723077478048,0.14464800358419083,0.08612350545984958,0.875,1,1,-0.21332430416361398
seed27_P_O0_resume_step100,27,P_O0_resume,100,easy,20270026,8,0.10454893297090785,0.3823142708939482,0.10126485154369211,1,1,1,0.27776533792304037
seed27_P_O0_resume_step100,27,P_O0_resume,100,easy,20270027,8,0.052551588434754264,0.21917936360675971,0.03226980170777279,1,0.875,1,0.16662777517200544
seed27_P_O0_resume_step100,27,P_O0_resume,100,easy,20270028,8,0.14642425641804818,0.5779277603842454,0.12555942055652222,1,0.625,1,0.43150350396619724
seed27_P_O0_resume_step100,27,P_O0_resume,100,easy,20270029,8,0.05129958030839597,0.05197874353589874,0.02628343154662871,1,1,1,0.0006791632275027701
seed27_P_O0_resume_step100,27,P_O0_resume,100,easy,20270030,8,0.8845230806246407,0.5275519669202857,0.524150930837601,0.5,0.75,0.75,-0.35697111370435497
seed27_P_O0_resume_step100,27,P_O0_resume,100,easy,20270031,8,0.3969274800265442,0.6759638087866817,0.3958919329029847,0.75,0.5,0.75,0.2790363287601375
seed27_P_O0_resume_step100,27,P_O0_resume,100,easy,20270032,8,0.07568087505596366,0.3884607556016899,0.07065081974844828,1,0.75,1,0.31277988054572625
seed27_P_O0_resume_step100,27,P_O0_resume,100,easy,20270033,8,0.3616953684992596,0.31862809101497136,0.19945654525105644,0.875,0.875,0.875,-0.043067277484288236
seed27_P_O0_resume_step100,27,P_O0_resume,100,easy,20270034,8,0.04097233308604828,0.10913976923390828,0.025221923198307048,1,1,1,0.06816743614786
seed27_P_O0_resume_step100,27,P_O0_resume,100,easy,20270035,8,0.08874388896216691,0.37226740578988704,0.07191147143298064,1,0.75,1,0.28352351682772015
seed27_P_O0_resume_step100,27,P_O0_resume,100,easy,20270036,8,0.23226955670221372,0.12371249985255016,0.1202514584869915,1,1,1,-0.10855705684966356
seed27_P_O0_resume_step100,27,P_O0_resume,100,easy,20270037,8,0.21655087535971063,0.29794376562213143,0.21655087535971063,0.875,0.875,0.875,0.0813928902624208
seed27_P_O0_resume_step100,27,P_O0_resume,100,easy,20270038,8,0.03300920449788394,0.2600990160406679,0.01119374206623207,1,1,1,0.22708981154278393
seed27_P_O0_resume_step100,27,P_O0_resume,100,easy,20270039,8,0.18912204472724534,0.49982300468557245,0.1842303769130881,1,0.75,1,0.31070095995832714
seed27_P_O0_resume_step100,27,P_O0_resume,100,easy,20270040,8,0.9560734641343269,0.6327685790198284,0.4376460884970927,0.625,0.75,0.875,-0.3233048851144985
seed27_P_O0_resume_step100,27,P_O0_resume,100,easy,20270041,8,1.1721494540300077,0.7496517555646103,0.7057568858018832,0.375,0.375,0.375,-0.4224976984653974
seed27_P_O0_resume_step100,27,P_O0_resume,100,easy,20270042,8,0.17404128069108038,0.15434474120694608,0.03108541669347158,1,1,1,-0.0196965394841343
seed27_P_O0_resume_step100,27,P_O0_resume,100,easy,20270043,8,1.4926248656214833,0.6059358422474379,0.558913161234245,0.25,0.625,0.625,-0.8866890233740454
seed27_P_O0_resume_step100,27,P_O0_resume,100,easy,20270044,8,0.12859894722402904,1.2878369356319461,0.12747064988116946,1,0.375,1,1.1592379884079171
seed27_P_O0_resume_step100,27,P_O0_resume,100,easy,20270045,8,0.12520987836744957,0.22408413200191815,0.12520987836744957,1,1,1,0.09887425363446858
seed27_P_O0_resume_step100,27,P_O0_resume,100,easy,20270046,8,0.0698073415419497,0.12873932483134545,0.05482803083050581,1,1,1,0.05893198328939575
seed27_P_O0_resume_step100,27,P_O0_resume,100,easy,20270047,8,0.6033376552257679,0.5506804009651644,0.5280296574301637,0.75,0.75,0.75,-0.052657254260603525
seed27_P_O0_resume_step100,27,P_O0_resume,100,easy,20270048,8,0.056787280996051244,0.5138724222454883,0.056787280996051244,1,0.875,1,0.4570851412494371
seed27_P_O0_resume_step100,27,P_O0_resume,100,easy,20270049,8,0.3279199733088039,0.21649730991502328,0.1750285452122856,0.875,1,1,-0.11142266339378062
seed27_P_O0_resume_step100,27,P_O0_resume,100,easy,20270050,8,0.027372346084602272,0.06796204280787625,0.023859198417993357,1,1,1,0.04058969672327398
seed27_P_O0_resume_step100,27,P_O0_resume,100,easy,20270051,8,1.4252617550909181,0.5421616368457208,0.4989281063276484,0.25,0.875,0.875,-0.8831001182451973
seed27_P_O0_resume_step100,27,P_O0_resume,100,easy,20270052,8,1.672036542359172,0.4302116122312581,0.395581515197751,0.375,0.75,0.75,-1.241824930127914
seed27_P_O0_resume_step100,27,P_O0_resume,100,easy,20270053,8,0.4076066203821761,0.6592114102901467,0.4076066203821761,0.75,0.75,0.75,0.25160478990797064
seed27_P_O0_resume_step100,27,P_O0_resume,100,easy,20270054,8,0.0559955102416462,0.36833917036959807,0.05480870247285243,1,1,1,0.3123436601279519
seed27_P_O0_resume_step100,27,P_O0_resume,100,easy,20270055,8,0.4026646851850749,0.16156224449313333,0.12105190706164043,0.75,1,1,-0.2411024406919416
seed27_P_O0_resume_step100,27,P_O0_resume,100,easy,20270056,8,0.9901653613186834,0.3009552568353363,0.3009552568353363,0.75,0.875,0.875,-0.6892101044833471
seed27_P_O0_resume_step100,27,P_O0_resume,100,easy,20270057,8,0.15867036806759116,0.12948115529514803,0.11580183675725114,1,1,1,-0.02918921277244313
seed27_P_O0_resume_step100,27,P_O0_resume,100,easy,20270058,8,1.1744616416164635,0.6913565082811047,0.6714474158846847,0.5,0.5,0.5,-0.48310513333535876
seed27_P_O0_resume_step100,27,P_O0_resume,100,easy,20270059,8,0.39548076435477414,0.7279251695317386,0.3888017198632559,0.625,0.625,0.625,0.33244440517696444
seed27_P_O0_resume_step100,27,P_O0_resume,100,easy,20270060,8,0.09858036858638025,0.31857256398900236,0.09438432206514996,1,1,1,0.2199921954026221
seed27_P_O0_resume_step100,27,P_O0_resume,100,easy,20270061,8,2.6382172473031464,0.5204469218632137,0.4932888658894218,0.375,0.625,0.625,-2.117770325439933
seed27_P_O0_resume_step100,27,P_O0_resume,100,easy,20270062,8,0.41983930031563393,0.2821241607587727,0.20275064731803202,0.875,0.875,0.875,-0.1377151395568612
seed27_P_O0_resume_step100,27,P_O0_resume,100,easy,20270063,8,0.028730484224290864,0.22525882552253618,0.028730484224290864,1,1,1,0.1965283412982453
seed27_P_O0_resume_step100,27,P_O0_resume,100,easy,20270064,8,1.5229304413692748,0.7278877184480409,0.7275126682020474,0.625,0.625,0.625,-0.7950427229212339
seed27_P_O0_resume_step100,27,P_O0_resume,100,easy,20270065,8,0.05014307237099796,0.09105003199774037,0.0434530142563088,1,1,1,0.04090695962674241
seed27_P_O0_resume_step100,27,P_O0_resume,100,easy,20270066,8,0.06691736374661551,0.059634030937630776,0.027202726106637477,1,1,1,-0.007283332808984737
seed27_P_O0_resume_step100,27,P_O0_resume,100,easy,20270067,8,0.6503994841925836,0.4833760305670814,0.2633585515177629,0.75,0.75,0.75,-0.16702345362550225
seed27_P_O0_resume_step100,27,P_O0_resume,100,easy,20270068,8,1.1820311944121356,0.5670025648833876,0.5095724678289975,0.5,0.625,0.625,-0.6150286295287479
seed27_P_O0_resume_step100,27,P_O0_resume,100,easy,20270069,8,0.1281926357124633,0.2681484664086597,0.11659518258928608,1,1,1,0.13995583069619638
seed27_P_O0_resume_step100,27,P_O0_resume,100,easy,20270070,8,0.07333922134099308,0.3310799170819525,0.07333922134099308,1,1,1,0.2577406957409594
seed27_P_O0_resume_step100,27,P_O0_resume,100,easy,20270071,8,0.06706333479915903,1.2976748472434867,0.06353095452934006,1,0.25,1,1.2306115124443278
seed27_P_O0_resume_step100,27,P_O0_resume,100,easy,20270072,8,0.09029573342953855,0.2529325922343586,0.09029573342953855,1,1,1,0.16263685880482004
seed27_P_O0_resume_step100,27,P_O0_resume,100,easy,20270073,8,0.2037578775841774,0.6774116101184349,0.1986297126727087,1,0.75,1,0.47365373253425747
seed27_P_O0_resume_step100,27,P_O0_resume,100,easy,20270074,8,0.6016970978510408,0.15110977406358536,0.149197996558237,0.5,1,1,-0.45058732378745536
seed27_P_O0_resume_step100,27,P_O0_resume,100,easy,20270075,8,0.3311360115207241,0.1558628300498507,0.07761430127200719,0.875,1,1,-0.1752731814708734
seed27_P_O0_resume_step100,27,P_O0_resume,100,easy,20270076,8,0.115808079516484,0.9454872409546891,0.115808079516484,1,0.375,1,0.8296791614382051
seed27_P_O0_resume_step100,27,P_O0_resume,100,easy,20270077,8,0.2083204748225181,0.42123631131075356,0.2017440098425533,1,0.875,1,0.21291583648823548
seed27_P_O0_resume_step100,27,P_O0_resume,100,easy,20270078,8,1.3173914562113989,0.3223969490633503,0.24927110390220872,0.375,1,1,-0.9949945071480486
seed27_P_O0_resume_step100,27,P_O0_resume,100,easy,20270079,8,2.685122761140263,0.21136245825932126,0.21136245825932126,0.375,1,1,-2.4737603028809416
seed27_P_O0_resume_step100,27,P_O0_resume,100,easy,20270080,8,0.033338015754271526,0.3301165184773836,0.033338015754271526,1,0.875,1,0.29677850272311207
seed27_P_O0_resume_step100,27,P_O0_resume,100,easy,20270081,8,0.11725040613258411,0.06085279590693343,0.02986394108615335,1,1,1,-0.05639761022565068
seed27_P_O0_resume_step100,27,P_O0_resume,100,easy,20270082,8,1.0891664034757733,0.19991066590292683,0.19102567948406193,0.625,1,1,-0.8892557375728465
seed27_P_O0_resume_step100,27,P_O0_resume,100,easy,20270083,8,0.30396271909561046,0.41030158349981605,0.30396271909561046,0.875,0.875,0.875,0.10633886440420559
seed27_P_O0_resume_step100,27,P_O0_resume,100,easy,20270084,8,0.8452976388580911,0.759377844851267,0.7457391829345887,0.625,0.625,0.625,-0.08591979400682404
seed27_P_O0_resume_step100,27,P_O0_resume,100,easy,20270085,8,0.0736851423707939,0.22729433100700608,0.06708222501460342,1,1,1,0.15360918863621217
seed27_P_O0_resume_step100,27,P_O0_resume,100,easy,20270086,8,0.15403197745253192,0.7665420682159267,0.15403197745253192,1,0.625,1,0.6125100907633948
seed27_P_O0_resume_step100,27,P_O0_resume,100,easy,20270087,8,0.04922373517145502,0.13802173020979144,0.04823607183563229,1,1,1,0.08879799503833642
seed27_P_O0_resume_step100,27,P_O0_resume,100,easy,20270088,8,0.06894872414914667,0.05795741960679445,0.016611400281414963,1,1,1,-0.010991304542352219
seed27_P_O0_resume_step100,27,P_O0_resume,100,easy,20270089,8,0.34203925588860057,0.31607439894217493,0.30368193073016453,0.875,0.875,0.875,-0.02596485694642564
seed27_P_O0_resume_step100,27,P_O0_resume,100,easy,20270090,8,0.07225153909394028,0.5625261116595913,0.05660048309800928,1,0.875,1,0.49027457256565105
seed27_P_O0_resume_step100,27,P_O0_resume,100,easy,20270091,8,0.11051604406957813,0.09485519989471615,0.06048869274502242,1,1,1,-0.01566084417486198
seed27_P_O0_resume_step100,27,P_O0_resume,100,easy,20270092,8,0.06556825944798135,0.34535322507332117,0.06255422292000917,1,0.875,1,0.27978496562533983
seed27_P_O0_resume_step100,27,P_O0_resume,100,easy,20270093,8,1.0513662320882629,0.1970010860441245,0.06243306641559798,0.625,1,1,-0.8543651460441384
seed27_P_O0_resume_step100,27,P_O0_resume,100,easy,20270094,8,0.03508464988775949,0.22747490818458252,0.03220850460143559,1,1,1,0.19239025829682302
seed27_P_O0_resume_step100,27,P_O0_resume,100,easy,20270095,8,0.03380261819907052,0.32836684364208846,0.03380261819907052,1,1,1,0.29456422544301797
seed27_P_O0_resume_step100,27,P_O0_resume,100,easy,20270096,8,0.14663991750565872,0.19549125127532344,0.14663991750565872,1,1,1,0.04885133376966472
seed27_P_O0_resume_step100,27,P_O0_resume,100,easy,20270097,8,0.07306081811685643,0.019836155412378237,0.0176101676715303,1,1,1,-0.05322466270447819
seed27_P_O0_resume_step100,27,P_O0_resume,100,easy,20270098,8,0.9319572855765131,0.11300349915229045,0.09584355731219295,0.625,1,1,-0.8189537864242227
seed27_P_O0_resume_step100,27,P_O0_resume,100,easy,20270099,8,0.09294249198585079,0.13068475986079198,0.018311172258734305,1,1,1,0.037742267874941185
seed27_P_O0_resume_step100,27,P_O0_resume,100,hard,20270000,8,1.6365734017146638,1.7867674701503848,1.6365734017146638,0,0,0,0.15019406843572103
seed27_P_O0_resume_step100,27,P_O0_resume,100,hard,20270001,8,0.9933053112772326,0.9755555881962915,0.5163664473054974,0.625,0.625,1,-0.017749723080941138
seed27_P_O0_resume_step100,27,P_O0_resume,100,hard,20270002,8,1.8838929101333108,1.068567755254351,1.068567755254351,0,0.5,0.5,-0.8153251548789597
seed27_P_O0_resume_step100,27,P_O0_resume,100,hard,20270003,8,1.8495933733705672,1.4281816806853347,1.4281816806853347,0.375,0.375,0.375,-0.4214116926852325
seed27_P_O0_resume_step100,27,P_O0_resume,100,hard,20270004,8,1.466759515217831,1.3599521445101854,1.3596369892401343,0,0.125,0.125,-0.10680737070764557
seed27_P_O0_resume_step100,27,P_O0_resume,100,hard,20270005,8,1.560642304672798,1.5849108103647322,1.4436697817089852,0,0,0,0.024268505691934283
seed27_P_O0_resume_step100,27,P_O0_resume,100,hard,20270006,8,1.2844906867877133,0.7459122877003924,0.6776224866684737,0.25,1,1,-0.5385783990873209
seed27_P_O0_resume_step100,27,P_O0_resume,100,hard,20270007,8,1.6314062643251206,1.1589746360725033,0.9227501621310099,0.375,0.375,0.75,-0.4724316282526173
seed27_P_O0_resume_step100,27,P_O0_resume,100,hard,20270008,8,1.7986896468125635,1.9596768125292123,1.6723032691660347,0,0,0,0.16098716571664884
seed27_P_O0_resume_step100,27,P_O0_resume,100,hard,20270009,8,0.809204049731553,0.8999511944025254,0.7537740665793492,0.625,0.875,0.875,0.09074714467097234
seed27_P_O0_resume_step100,27,P_O0_resume,100,hard,20270010,8,1.3882839729560208,1.4398529874918211,1.3380849476896453,0.25,0.25,0.25,0.05156901453580032
seed27_P_O0_resume_step100,27,P_O0_resume,100,hard,20270011,8,0.9127162765478095,1.2233891784328845,0.8479561311835715,0.375,0.375,0.375,0.310672901885075
seed27_P_O0_resume_step100,27,P_O0_resume,100,hard,20270012,8,0.7210848940058315,1.1563106736262931,0.5649959797324967,1,0.625,1,0.4352257796204616
seed27_P_O0_resume_step100,27,P_O0_resume,100,hard,20270013,8,1.7272148599964607,1.030356356967647,0.9084658603547678,0,0.625,0.625,-0.6968585030288137
seed27_P_O0_resume_step100,27,P_O0_resume,100,hard,20270014,8,1.3730640315882767,1.3922689057764788,1.3530099178908024,0.375,0.375,0.375,0.019204874188202048
seed27_P_O0_resume_step100,27,P_O0_resume,100,hard,20270015,8,1.397810724428452,1.2842812429503663,1.1451358141250951,0.375,0.25,0.375,-0.11352948147808561
seed27_P_O0_resume_step100,27,P_O0_resume,100,hard,20270016,8,0.9865269084811419,0.7754237029446085,0.7754237029446085,0.75,1,1,-0.2111032055365334
seed27_P_O0_resume_step100,27,P_O0_resume,100,hard,20270017,8,1.0288318484233214,0.9673430595438861,0.9673430595438861,0.625,0.625,0.625,-0.06148878887943532
seed27_P_O0_resume_step100,27,P_O0_resume,100,hard,20270018,8,1.0761773436098683,1.8159365680497017,1.0761773436098683,0.625,0.125,0.625,0.7397592244398334
seed27_P_O0_resume_step100,27,P_O0_resume,100,hard,20270019,8,1.438923937536049,1.633214834988863,1.3891301873866324,0.625,0.625,0.625,0.19429089745281414
seed27_P_O0_resume_step100,27,P_O0_resume,100,hard,20270020,8,0.8840362794047821,0.932436168399092,0.7278571802938795,0.875,1,1,0.048399888994309914
seed27_P_O0_resume_step100,27,P_O0_resume,100,hard,20270021,8,1.57720016851,1.6394633032788808,1.4819039973401784,0,0,0,0.0622631347688809
seed27_P_O0_resume_step100,27,P_O0_resume,100,hard,20270022,8,1.4234029106169768,1.2178006299305253,1.2178006299305253,0,0.375,0.375,-0.20560228068645148
seed27_P_O0_resume_step100,27,P_O0_resume,100,hard,20270023,8,0.8126320872079037,0.6607069474811949,0.6507049765667456,0.625,0.75,0.75,-0.15192513972670885
seed27_P_O0_resume_step100,27,P_O0_resume,100,hard,20270024,8,1.7676065268216063,0.7583468026783883,0.7583468026783883,0,1,1,-1.009259724143218
seed27_P_O0_resume_step100,27,P_O0_resume,100,hard,20270025,8,1.3530563710096584,1.0919674871906637,1.0919674871906637,0.125,0.75,0.75,-0.26108888381899464
seed27_P_O0_resume_step100,27,P_O0_resume,100,hard,20270026,8,1.163893911010128,1.1267349663848132,1.0871617033549867,0.5,0.5,0.5,-0.03715894462531488
seed27_P_O0_resume_step100,27,P_O0_resume,100,hard,20270027,8,1.0813220669060026,1.2135037872917973,1.0813220669060026,0.625,0.625,0.625,0.13218172038579468
seed27_P_O0_resume_step100,27,P_O0_resume,100,hard,20270028,8,0.8700474171170443,0.9547820407219316,0.8491008826765999,0.5,0.5,0.5,0.08473462360488737
seed27_P_O0_resume_step100,27,P_O0_resume,100,hard,20270029,8,0.5998200271331959,1.2889351769868114,0.4821444458115645,0.5,0.625,1,0.6891151498536154
seed27_P_O0_resume_step100,27,P_O0_resume,100,hard,20270030,8,1.2950110005093318,1.0011559921232402,0.9898775318606613,0.25,0.875,0.875,-0.2938550083860916
seed27_P_O0_resume_step100,27,P_O0_resume,100,hard,20270031,8,1.4447987023876978,1.2999106286335218,0.8973276065741228,0.375,0.25,0.5,-0.144888073754176
seed27_P_O0_resume_step100,27,P_O0_resume,100,hard,20270032,8,1.0549080837994838,1.5266672472057117,1.0549080837994838,0.75,0,0.75,0.4717591634062279
seed27_P_O0_resume_step100,27,P_O0_resume,100,hard,20270033,8,1.1698361620298436,1.7835805630344987,1.1650369375629264,0.125,0.125,0.125,0.6137444010046551
seed27_P_O0_resume_step100,27,P_O0_resume,100,hard,20270034,8,1.0051697565725868,1.4778459997547038,1.0051697565725868,0.625,0.125,0.625,0.472676243182117
seed27_P_O0_resume_step100,27,P_O0_resume,100,hard,20270035,8,1.162603603850429,1.196442896813551,1.0195561577932646,0.5,0.5,0.5,0.033839292963121936
seed27_P_O0_resume_step100,27,P_O0_resume,100,hard,20270036,8,1.493770305378625,1.195273023160328,1.195273023160328,0.125,0.5,0.5,-0.2984972822182972
seed27_P_O0_resume_step100,27,P_O0_resume,100,hard,20270037,8,1.4019929096990287,1.3174876477358908,1.3026844297525364,0.125,0.25,0.25,-0.0845052619631379
seed27_P_O0_resume_step100,27,P_O0_resume,100,hard,20270038,8,1.1543566663689802,1.0010145146392193,1.0010145146392193,0.5,0.5,0.5,-0.15334215172976084
seed27_P_O0_resume_step100,27,P_O0_resume,100,hard,20270039,8,1.5135086430927192,1.6772627677229097,1.489527264378849,0.25,0.25,0.25,0.16375412463019057
seed27_P_O0_resume_step100,27,P_O0_resume,100,hard,20270040,8,0.4175402349087578,0.6593503823008978,0.4175402349087578,1,1,1,0.24181014739214002
seed27_P_O0_resume_step100,27,P_O0_resume,100,hard,20270041,8,1.8052132454535423,1.22793606824826,1.0830192729137895,0.375,0.25,0.625,-0.5772771772052823
seed27_P_O0_resume_step100,27,P_O0_resume,100,hard,20270042,8,1.1581691528346136,0.9961436874160539,0.9357705210645462,0.625,0.75,0.75,-0.16202546541855978
seed27_P_O0_resume_step100,27,P_O0_resume,100,hard,20270043,8,1.650519093141619,1.9190392273816292,1.650519093141619,0,0,0,0.2685201342400103
seed27_P_O0_resume_step100,27,P_O0_resume,100,hard,20270044,8,1.314860155837247,1.1456158936210559,1.1456158936210559,0.375,0.375,0.375,-0.16924426221619115
seed27_P_O0_resume_step100,27,P_O0_resume,100,hard,20270045,8,1.0995260367543391,0.7593614536882624,0.634207792707674,0.5,0.5,1,-0.3401645830660768
seed27_P_O0_resume_step100,27,P_O0_resume,100,hard,20270046,8,1.574297783577125,1.2495928289165938,1.2239695073269947,0.125,0.125,0.125,-0.3247049546605312
seed27_P_O0_resume_step100,27,P_O0_resume,100,hard,20270047,8,1.044343218109936,1.913029550254771,1.044343218109936,0.75,0,0.75,0.868686332144835
seed27_P_O0_resume_step100,27,P_O0_resume,100,hard,20270048,8,0.8859756817523304,0.8678799678812702,0.5699588533241667,0.875,0.75,0.875,-0.018095713871060237
seed27_P_O0_resume_step100,27,P_O0_resume,100,hard,20270049,8,1.3886514911096266,1.2239572702573869,1.1800453073157593,0.5,0.5,0.5,-0.16469422085223973
seed27_P_O0_resume_step100,27,P_O0_resume,100,hard,20270050,8,0.6803762884435385,0.7165019276382506,0.48701217806195385,0.625,0.875,0.875,0.03612563919471212
seed27_P_O0_resume_step100,27,P_O0_resume,100,hard,20270051,8,1.3839148279213642,1.3009325222628592,1.2115310185132935,0.25,0.125,0.25,-0.08298230565850506
seed27_P_O0_resume_step100,27,P_O0_resume,100,hard,20270052,8,1.2406576890770677,1.1669873523042948,0.8890627637623048,0.625,0.5,0.75,-0.0736703367727729
seed27_P_O0_resume_step100,27,P_O0_resume,100,hard,20270053,8,0.9430618758953677,1.3696643671708566,0.8959800644550462,0.75,0.125,0.75,0.4266024912754889
seed27_P_O0_resume_step100,27,P_O0_resume,100,hard,20270054,8,0.7860473083218132,0.88645620911835,0.6244893305234477,0.75,0.875,1,0.10040890079653675
seed27_P_O0_resume_step100,27,P_O0_resume,100,hard,20270055,8,1.5668877216260322,1.2485663018725726,1.063874585416825,0.5,0.25,0.625,-0.3183214197534596
seed27_P_O0_resume_step100,27,P_O0_resume,100,hard,20270056,8,0.9435311113999587,0.8772079732075406,0.7617766503932184,1,0.625,1,-0.06632313819241809
seed27_P_O0_resume_step100,27,P_O0_resume,100,hard,20270057,8,1.9867126747074897,1.4565007071786145,1.4565007071786145,0,0.375,0.375,-0.5302119675288752
seed27_P_O0_resume_step100,27,P_O0_resume,100,hard,20270058,8,1.5007131085843646,1.0376341817544492,0.7926256681210755,0.375,0.875,0.875,-0.46307892682991536
seed27_P_O0_resume_step100,27,P_O0_resume,100,hard,20270059,8,1.0052969533602354,0.9663419357546934,0.9490929015319732,0.375,0.375,0.375,-0.038955017605541986
seed27_P_O0_resume_step100,27,P_O0_resume,100,hard,20270060,8,1.5172495809509678,1.6178516035366564,1.5172495809509678,0.125,0.125,0.125,0.10060202258568851
seed27_P_O0_resume_step100,27,P_O0_resume,100,hard,20270061,8,0.8741628953706515,1.3208659920046935,0.8741628953706515,0.75,0.25,0.75,0.44670309663404195
seed27_P_O0_resume_step100,27,P_O0_resume,100,hard,20270062,8,1.2248044989225113,1.0135880450637584,0.5819362763682875,0.5,0.625,0.875,-0.21121645385875287
seed27_P_O0_resume_step100,27,P_O0_resume,100,hard,20270063,8,1.9690122427783576,1.0770231357677007,1.0770231357677007,0,0.5,0.5,-0.8919891070106569
seed27_P_O0_resume_step100,27,P_O0_resume,100,hard,20270064,8,0.9961686535323764,1.154670042255822,0.8839999091397585,0.375,0.5,0.625,0.15850138872344566
seed27_P_O0_resume_step100,27,P_O0_resume,100,hard,20270065,8,0.6330100724541183,1.0635265407272945,0.47544508190544055,0.75,0.875,0.875,0.43051646827317613
seed27_P_O0_resume_step100,27,P_O0_resume,100,hard,20270066,8,2.1733700920900123,1.4588442129388517,1.4588442129388517,0,0.125,0.125,-0.7145258791511606
seed27_P_O0_resume_step100,27,P_O0_resume,100,hard,20270067,8,1.3300128006984482,1.2300777878888298,0.8783721915300112,0.5,0.375,0.5,-0.09993501280961836
seed27_P_O0_resume_step100,27,P_O0_resume,100,hard,20270068,8,1.4786858318886196,1.6475989092695347,1.4786858318886196,0.375,0.25,0.375,0.1689130773809151
seed27_P_O0_resume_step100,27,P_O0_resume,100,hard,20270069,8,1.4949209094552747,1.3695769504433493,1.3695769504433493,0.25,0.375,0.375,-0.1253439590119254
seed27_P_O0_resume_step100,27,P_O0_resume,100,hard,20270070,8,0.5634664424900951,1.1863425929776699,0.5634664424900951,1,0.625,1,0.6228761504875747
seed27_P_O0_resume_step100,27,P_O0_resume,100,hard,20270071,8,1.3845704949413464,1.5359791483429133,1.3778668128820128,0.125,0,0,0.15140865340156684
seed27_P_O0_resume_step100,27,P_O0_resume,100,hard,20270072,8,0.7031392753986764,0.96295193590708,0.7031392753986764,0.625,1,0.625,0.25981266050840357
seed27_P_O0_resume_step100,27,P_O0_resume,100,hard,20270073,8,1.4840915591808335,1.958742630628492,1.4840915591808335,0.25,0,0.25,0.4746510714476586
seed27_P_O0_resume_step100,27,P_O0_resume,100,hard,20270074,8,1.5753020631133634,1.2772359577940775,1.2772359577940775,0,0.125,0.125,-0.2980661053192859
seed27_P_O0_resume_step100,27,P_O0_resume,100,hard,20270075,8,1.2397672902182897,1.3024938869152893,1.1804798691211527,0.25,0,0.25,0.06272659669699965
seed27_P_O0_resume_step100,27,P_O0_resume,100,hard,20270076,8,1.8336161132897644,1.4269626355499148,1.4269626355499148,0,0,0,-0.4066534777398496
seed27_P_O0_resume_step100,27,P_O0_resume,100,hard,20270077,8,1.1260542254432864,1.6053316176437773,0.8740270509858765,0.125,0.375,0.5,0.4792773922004909
seed27_P_O0_resume_step100,27,P_O0_resume,100,hard,20270078,8,1.1376406676183082,1.0803529405741539,0.9824666293345536,0.5,0.5,0.5,-0.0572877270441543
seed27_P_O0_resume_step100,27,P_O0_resume,100,hard,20270079,8,1.1897924293279996,0.7018427481304729,0.7018427481304729,0.625,0.875,0.875,-0.4879496811975267
seed27_P_O0_resume_step100,27,P_O0_resume,100,hard,20270080,8,1.3601428162384477,1.051669322921921,0.7813414168907157,0.5,0.75,0.75,-0.30847349331652674
seed27_P_O0_resume_step100,27,P_O0_resume,100,hard,20270081,8,1.7938988399637228,0.9789223582271217,0.9789223582271217,0,0.75,0.75,-0.8149764817366011
seed27_P_O0_resume_step100,27,P_O0_resume,100,hard,20270082,8,1.76563866051159,1.387165055782576,1.387165055782576,0,0.5,0.5,-0.3784736047290138
seed27_P_O0_resume_step100,27,P_O0_resume,100,hard,20270083,8,0.9819349280628474,0.8813985098819427,0.8403833120826425,0.5,0.75,0.75,-0.10053641818090475
seed27_P_O0_resume_step100,27,P_O0_resume,100,hard,20270084,8,1.3505300648854133,1.4373140653929977,1.2595534232285974,0.25,0,0.25,0.08678400050758439
seed27_P_O0_resume_step100,27,P_O0_resume,100,hard,20270085,8,0.736645124681268,1.2361519430826489,0.6677982673855553,1,0.5,1,0.4995068184013809
seed27_P_O0_resume_step100,27,P_O0_resume,100,hard,20270086,8,1.0570956451742295,0.8638563111978743,0.8638563111978743,0.875,1,1,-0.19323933397635518
seed27_P_O0_resume_step100,27,P_O0_resume,100,hard,20270087,8,0.6771222978493554,0.8693186770536746,0.6225616457874772,0.875,0.875,0.875,0.1921963792043192
seed27_P_O0_resume_step100,27,P_O0_resume,100,hard,20270088,8,1.9454626830833261,1.4043583799298287,1.3542117130276157,0,0.125,0.125,-0.5411043031534974
seed27_P_O0_resume_step100,27,P_O0_resume,100,hard,20270089,8,0.824228559991142,1.8136050475864685,0.8215487273442237,1,0.125,1,0.9893764875953265
seed27_P_O0_resume_step100,27,P_O0_resume,100,hard,20270090,8,1.514406333642831,1.4209852228011197,1.3651582199236063,0.125,0,0.125,-0.09342111084171134
seed27_P_O0_resume_step100,27,P_O0_resume,100,hard,20270091,8,2.371310704991158,1.8741311036557968,1.8741311036557968,0,0,0,-0.4971796013353613
seed27_P_O0_resume_step100,27,P_O0_resume,100,hard,20270092,8,0.8015590537395435,1.014972214988852,0.7661132370654535,0.625,0.625,0.625,0.21341316124930854
seed27_P_O0_resume_step100,27,P_O0_resume,100,hard,20270093,8,1.92797830364137,1.4447128226237422,1.1091375172129625,0.375,0,0.375,-0.4832654810176278
seed27_P_O0_resume_step100,27,P_O0_resume,100,hard,20270094,8,0.6719896087226882,0.9059079869820387,0.6067155290537527,1,1,1,0.23391837825935047
seed27_P_O0_resume_step100,27,P_O0_resume,100,hard,20270095,8,1.3398866137616081,1.1547682428134234,1.1403758900095995,0,0.25,0.25,-0.18511837094818473
seed27_P_O0_resume_step100,27,P_O0_resume,100,hard,20270096,8,1.3719706808105936,1.8279852895877062,1.3719706808105936,0,0,0,0.45601460877711264
seed27_P_O0_resume_step100,27,P_O0_resume,100,hard,20270097,8,1.6467368142451246,1.0801562385006476,1.0801562385006476,0,0.375,0.375,-0.5665805757444771
seed27_P_O0_resume_step100,27,P_O0_resume,100,hard,20270098,8,1.3255348497631814,1.1078004884072175,1.0585453076482085,0.375,0.5,0.5,-0.2177343613559639
seed27_P_O0_resume_step100,27,P_O0_resume,100,hard,20270099,8,0.9705486607879075,0.9364963574878675,0.9152404618775498,0.5,0.625,0.625,-0.03405230330003994
seed27_P_O0_resume_step200,27,P_O0_resume,200,easy,20270000,8,0.06066464489675127,0.046420978347840626,0.03586374321289862,1,1,1,-0.014243666548910641
seed27_P_O0_resume_step200,27,P_O0_resume,200,easy,20270001,8,0.07421583673081351,0.06974335765893529,0.0282937227401727,1,1,1,-0.004472479071878227
seed27_P_O0_resume_step200,27,P_O0_resume,200,easy,20270002,8,0.054092950231767765,0.9298790425166781,0.054092950231767765,1,0.375,1,0.8757860922849103
seed27_P_O0_resume_step200,27,P_O0_resume,200,easy,20270003,8,0.5776415775240991,0.6653959002337476,0.5696014667951255,0.625,0.625,0.625,0.08775432270964856
seed27_P_O0_resume_step200,27,P_O0_resume,200,easy,20270004,8,0.1802919371235483,0.8533250472099432,0.034680755987151826,1,0.5,1,0.6730331100863949
seed27_P_O0_resume_step200,27,P_O0_resume,200,easy,20270005,8,0.14798426536761636,0.6660148370883833,0.1404706561340727,1,0.625,1,0.5180305717207669
seed27_P_O0_resume_step200,27,P_O0_resume,200,easy,20270006,8,0.0835019023409567,1.1646207761111327,0.0835019023409567,1,0.375,1,1.081118873770176
seed27_P_O0_resume_step200,27,P_O0_resume,200,easy,20270007,8,0.01344283184728295,0.029812954678683782,0.00984296769874931,1,1,1,0.01637012283140083
seed27_P_O0_resume_step200,27,P_O0_resume,200,easy,20270008,8,0.29365613945332997,0.0823788018987967,0.059810747462230134,0.875,1,1,-0.21127733755453326
seed27_P_O0_resume_step200,27,P_O0_resume,200,easy,20270009,8,0.052815438571949154,0.14622806089171358,0.04349915325437414,1,1,1,0.09341262231976444
seed27_P_O0_resume_step200,27,P_O0_resume,200,easy,20270010,8,0.6690798298451953,1.4280884234367466,0.668638221129903,0.5,0.375,0.5,0.7590085935915513
seed27_P_O0_resume_step200,27,P_O0_resume,200,easy,20270011,8,0.03376293504593369,0.2501522275011197,0.010408586924388107,1,0.875,1,0.216389292455186
seed27_P_O0_resume_step200,27,P_O0_resume,200,easy,20270012,8,0.07935548720029223,0.2742226644868087,0.04698019364269272,1,1,1,0.19486717728651648
seed27_P_O0_resume_step200,27,P_O0_resume,200,easy,20270013,8,0.06502245309866218,0.03558815461695075,0.020492574221700213,1,1,1,-0.029434298481711432
seed27_P_O0_resume_step200,27,P_O0_resume,200,easy,20270014,8,0.03328365573657137,0.35029992104814817,0.025253890145816985,1,0.75,1,0.3170162653115768
seed27_P_O0_resume_step200,27,P_O0_resume,200,easy,20270015,8,0.6246793187258282,0.17731450081252662,0.1000636663502886,0.625,1,1,-0.4473648179133015
seed27_P_O0_resume_step200,27,P_O0_resume,200,easy,20270016,8,0.07531376014056063,0.08291316384693556,0.07272646012634779,1,1,1,0.007599403706374935
seed27_P_O0_resume_step200,27,P_O0_resume,200,easy,20270017,8,0.03651772108676448,0.021915700482574563,0.015560909361058233,1,1,1,-0.014602020604189917
seed27_P_O0_resume_step200,27,P_O0_resume,200,easy,20270018,8,0.03368825158023113,0.3025391701683734,0.03368825158023113,1,1,1,0.26885091858814225
seed27_P_O0_resume_step200,27,P_O0_resume,200,easy,20270019,8,0.10212364308910532,0.07241011731125446,0.03678909880028528,1,1,1,-0.029713525777850858
seed27_P_O0_resume_step200,27,P_O0_resume,200,easy,20270020,8,0.6185290693851613,0.5961693194170572,0.1961306504793555,0.625,0.875,1,-0.02235974996810408
seed27_P_O0_resume_step200,27,P_O0_resume,200,easy,20270021,8,0.05854818743672001,0.06716866346902282,0.022721134883087107,1,1,1,0.008620476032302815
seed27_P_O0_resume_step200,27,P_O0_resume,200,easy,20270022,8,1.7776456940987442,0.7002407666633343,0.6723492436807296,0.5,0.5,0.5,-1.0774049274354098
seed27_P_O0_resume_step200,27,P_O0_resume,200,easy,20270023,8,0.13061888979360028,1.4301205311082945,0.09824909012121903,1,0.375,1,1.2995016413146943
seed27_P_O0_resume_step200,27,P_O0_resume,200,easy,20270024,8,0.024129127650186974,0.6642127731201312,0.014984396135824812,1,0.75,1,0.6400836454699442
seed27_P_O0_resume_step200,27,P_O0_resume,200,easy,20270025,8,0.19729212398671747,0.1592816174607917,0.08472507829416107,1,1,1,-0.038010506525925775
seed27_P_O0_resume_step200,27,P_O0_resume,200,easy,20270026,8,0.11940959238368738,0.840852095597574,0.06120292303137917,1,0.625,1,0.7214425032138866
seed27_P_O0_resume_step200,27,P_O0_resume,200,easy,20270027,8,0.042168628922041734,0.0878086975712721,0.042168628922041734,1,1,1,0.04564006864923037
seed27_P_O0_resume_step200,27,P_O0_resume,200,easy,20270028,8,0.09779292727178315,0.6900155847529281,0.09688932912086229,1,0.5,1,0.592222657481145
seed27_P_O0_resume_step200,27,P_O0_resume,200,easy,20270029,8,0.10524430116998437,0.08534274615280893,0.023973058414471234,1,1,1,-0.019901555017175443
seed27_P_O0_resume_step200,27,P_O0_resume,200,easy,20270030,8,0.6973929868985521,0.41961986871141416,0.41744293353125217,0.625,0.75,0.75,-0.27777311818713796
seed27_P_O0_resume_step200,27,P_O0_resume,200,easy,20270031,8,0.25707330963386404,1.209843034911781,0.2531008142998494,1,0.25,1,0.952769725277917
seed27_P_O0_resume_step200,27,P_O0_resume,200,easy,20270032,8,0.06122940809534174,0.22685221041193143,0.04972693001503244,1,1,1,0.16562280231658968
seed27_P_O0_resume_step200,27,P_O0_resume,200,easy,20270033,8,0.21466152015382303,0.4863568402649839,0.21466152015382303,0.875,0.875,0.875,0.2716953201111608
seed27_P_O0_resume_step200,27,P_O0_resume,200,easy,20270034,8,0.026476430285087553,0.3250714469555117,0.015846203084946657,1,0.875,1,0.29859501667042415
seed27_P_O0_resume_step200,27,P_O0_resume,200,easy,20270035,8,0.06094401327289344,0.2631547309164196,0.05889690394617143,1,0.75,1,0.20221071764352616
seed27_P_O0_resume_step200,27,P_O0_resume,200,easy,20270036,8,0.14470755619534068,0.30789814585333075,0.1313988207398955,1,1,1,0.16319058965799008
seed27_P_O0_resume_step200,27,P_O0_resume,200,easy,20270037,8,0.11960362824996486,0.5516714128643211,0.11960362824996486,1,0.75,1,0.43206778461435624
seed27_P_O0_resume_step200,27,P_O0_resume,200,easy,20270038,8,0.024299152538342958,0.21965934946679855,0.008014409398332837,1,1,1,0.19536019692845558
seed27_P_O0_resume_step200,27,P_O0_resume,200,easy,20270039,8,0.14618400804653806,0.45740469155401825,0.14139228822316804,1,0.75,1,0.3112206835074802
seed27_P_O0_resume_step200,27,P_O0_resume,200,easy,20270040,8,0.5818196355780354,0.7135084134708651,0.5651618143328276,0.625,0.625,0.625,0.13168877789282973
seed27_P_O0_resume_step200,27,P_O0_resume,200,easy,20270041,8,0.9197116679079327,1.0328900547437616,0.8693962968037756,0.375,0.25,0.375,0.11317838683582893
seed27_P_O0_resume_step200,27,P_O0_resume,200,easy,20270042,8,0.18210162277577085,0.03398522088383366,0.03398522088383366,1,1,1,-0.1481164018919372
seed27_P_O0_resume_step200,27,P_O0_resume,200,easy,20270043,8,0.842383048265227,0.5628032552147689,0.5386718699419366,0.375,0.625,0.625,-0.2795797930504581
seed27_P_O0_resume_step200,27,P_O0_resume,200,easy,20270044,8,0.09056054538763193,0.6070191296412908,0.08513155388247315,1,0.625,1,0.5164585842536589
seed27_P_O0_resume_step200,27,P_O0_resume,200,easy,20270045,8,0.09891729996392315,0.398662952721401,0.0730737147814182,1,0.875,1,0.2997456527574779
seed27_P_O0_resume_step200,27,P_O0_resume,200,easy,20270046,8,0.056217954718454456,0.22919121273112109,0.040068389237792164,1,1,1,0.17297325801266664
seed27_P_O0_resume_step200,27,P_O0_resume,200,easy,20270047,8,0.42139536050457854,1.6069685632910389,0.3614044854829636,0.875,0.25,0.875,1.1855732027864603
seed27_P_O0_resume_step200,27,P_O0_resume,200,easy,20270048,8,0.029555726690111563,0.49074409021389653,0.029555726690111563,1,0.875,1,0.46118836352378495
seed27_P_O0_resume_step200,27,P_O0_resume,200,easy,20270049,8,0.2390172887398049,0.2198469750499776,0.1864218922833877,0.875,1,1,-0.0191703136898273
seed27_P_O0_resume_step200,27,P_O0_resume,200,easy,20270050,8,0.02378033878817642,0.01598827772264745,0.014691140538005713,1,1,1,-0.007792061065528971
seed27_P_O0_resume_step200,27,P_O0_resume,200,easy,20270051,8,0.9503602031614784,0.4853087579136503,0.40148797547335824,0.625,0.875,0.875,-0.4650514452478281
seed27_P_O0_resume_step200,27,P_O0_resume,200,easy,20270052,8,1.0432191908479063,0.44138390919861503,0.43401201061693023,0.625,0.75,0.75,-0.6018352816492912
seed27_P_O0_resume_step200,27,P_O0_resume,200,easy,20270053,8,0.30834930103855196,1.9323542259994697,0.30834930103855196,0.875,0.125,0.875,1.6240049249609179
seed27_P_O0_resume_step200,27,P_O0_resume,200,easy,20270054,8,0.053216799836569996,0.3067789668441507,0.05281283026288894,1,1,1,0.25356216700758066
seed27_P_O0_resume_step200,27,P_O0_resume,200,easy,20270055,8,0.3171955471069891,0.18817124877675315,0.17480343476081675,0.75,1,1,-0.12902429833023596
seed27_P_O0_resume_step200,27,P_O0_resume,200,easy,20270056,8,0.820004251376205,0.7701069732228817,0.7700525266333118,0.75,0.75,0.75,-0.04989727815332334
seed27_P_O0_resume_step200,27,P_O0_resume,200,easy,20270057,8,0.1845771132110485,0.08752587707300268,0.08752587707300268,1,1,1,-0.09705123613804582
seed27_P_O0_resume_step200,27,P_O0_resume,200,easy,20270058,8,0.9382317943718312,0.7942632371372075,0.7942632371372075,0.5,0.5,0.5,-0.14396855723462376
seed27_P_O0_resume_step200,27,P_O0_resume,200,easy,20270059,8,0.2653026000934565,1.341160032661381,0.2653026000934565,0.875,0.5,0.875,1.0758574325679247
seed27_P_O0_resume_step200,27,P_O0_resume,200,easy,20270060,8,0.09452171281801743,0.406340420446577,0.093498215317649,1,0.875,1,0.31181870762855957
seed27_P_O0_resume_step200,27,P_O0_resume,200,easy,20270061,8,2.3840530799429973,1.9327921474933336,1.9310504066806333,0.375,0.375,0.375,-0.4512609324496637
seed27_P_O0_resume_step200,27,P_O0_resume,200,easy,20270062,8,0.30334501023896276,0.760275319062932,0.29765986649499665,0.875,0.75,0.875,0.45693030882396923
seed27_P_O0_resume_step200,27,P_O0_resume,200,easy,20270063,8,0.024998397063368316,0.3952718963254079,0.024998397063368316,1,0.75,1,0.37027349926203956
seed27_P_O0_resume_step200,27,P_O0_resume,200,easy,20270064,8,1.1572881645877042,0.9388755473287321,0.8574296991911563,0.625,0.625,0.625,-0.2184126172589721
seed27_P_O0_resume_step200,27,P_O0_resume,200,easy,20270065,8,0.037279196916965136,0.12253095812787262,0.03608174401227643,1,1,1,0.0852517612109075
seed27_P_O0_resume_step200,27,P_O0_resume,200,easy,20270066,8,0.04527708415342205,0.044239326369584324,0.022738166953003583,1,1,1,-0.0010377577838377242
seed27_P_O0_resume_step200,27,P_O0_resume,200,easy,20270067,8,0.43230801151014947,1.5427161088986894,0.11526882032006504,0.75,0.25,1,1.11040809738854
seed27_P_O0_resume_step200,27,P_O0_resume,200,easy,20270068,8,0.9964092585814643,1.2674956882416089,0.9964092585814643,0.5,0.5,0.5,0.2710864296601445
seed27_P_O0_resume_step200,27,P_O0_resume,200,easy,20270069,8,0.16479039774304893,0.5068284941103182,0.07821275243195577,1,0.625,1,0.34203809636726923
seed27_P_O0_resume_step200,27,P_O0_resume,200,easy,20270070,8,0.05758335796337296,0.530361822459798,0.05758335796337296,1,0.75,1,0.4727784644964251
seed27_P_O0_resume_step200,27,P_O0_resume,200,easy,20270071,8,0.059721280984434716,1.015170663655823,0.054350280686344066,1,0.25,1,0.9554493826713883
seed27_P_O0_resume_step200,27,P_O0_resume,200,easy,20270072,8,0.07456544333800418,1.216337809031143,0.07438722679818556,1,0.375,1,1.141772365693139
seed27_P_O0_resume_step200,27,P_O0_resume,200,easy,20270073,8,0.17576080611933023,0.7765674588165066,0.17144083876392047,1,0.375,1,0.6008066526971764
seed27_P_O0_resume_step200,27,P_O0_resume,200,easy,20270074,8,0.4352678524121882,0.5961300999149562,0.4352678524121882,0.875,0.5,0.875,0.16086224750276806
seed27_P_O0_resume_step200,27,P_O0_resume,200,easy,20270075,8,0.2006236060214469,0.09387139665061234,0.04089503510334937,0.875,1,1,-0.10675220937083457
seed27_P_O0_resume_step200,27,P_O0_resume,200,easy,20270076,8,0.10220013214727638,0.904286341795751,0.09521404392936367,1,0.375,1,0.8020862096484745
seed27_P_O0_resume_step200,27,P_O0_resume,200,easy,20270077,8,0.1517304982328827,0.727674035886019,0.1466372092226691,1,0.5,1,0.5759435376531363
seed27_P_O0_resume_step200,27,P_O0_resume,200,easy,20270078,8,0.7323893661361361,0.24229791048002852,0.2174123101960593,0.625,1,1,-0.4900914556561076
seed27_P_O0_resume_step200,27,P_O0_resume,200,easy,20270079,8,2.1145404564120773,0.21990867800477695,0.20948152296806624,0.375,1,1,-1.8946317784073003
seed27_P_O0_resume_step200,27,P_O0_resume,200,easy,20270080,8,0.03694055550571707,0.16986581675195048,0.028576945577091884,1,1,1,0.1329252612462334
seed27_P_O0_resume_step200,27,P_O0_resume,200,easy,20270081,8,0.09613419082037737,0.037582379213184434,0.024392362050893547,1,1,1,-0.05855181160719294
seed27_P_O0_resume_step200,27,P_O0_resume,200,easy,20270082,8,0.6595783994814541,0.21057295946145327,0.20755600294475834,0.625,0.875,0.875,-0.44900544002000087
seed27_P_O0_resume_step200,27,P_O0_resume,200,easy,20270083,8,0.23410894135135815,0.9326546205118742,0.2287285483000338,1,0.5,1,0.698545679160516
seed27_P_O0_resume_step200,27,P_O0_resume,200,easy,20270084,8,0.5811712081185341,0.920301463787488,0.5811712081185341,0.625,0.625,0.625,0.33913025566895394
seed27_P_O0_resume_step200,27,P_O0_resume,200,easy,20270085,8,0.1060450938694164,0.4615327725482056,0.04633328260938774,1,0.75,1,0.3554876786787892
seed27_P_O0_resume_step200,27,P_O0_resume,200,easy,20270086,8,0.11909762108730651,2.283549097852942,0.11909762108730651,1,0,1,2.1644514767656355
seed27_P_O0_resume_step200,27,P_O0_resume,200,easy,20270087,8,0.03292820421009366,0.09446370047825255,0.021710963354047205,1,1,1,0.061535496268158886
seed27_P_O0_resume_step200,27,P_O0_resume,200,easy,20270088,8,0.04851698747347966,0.012178513148635146,0.011403505922343186,1,1,1,-0.036338474324844515
seed27_P_O0_resume_step200,27,P_O0_resume,200,easy,20270089,8,0.2568842831317376,0.4449968706253341,0.17538038042345339,0.875,0.75,0.875,0.1881125874935965
seed27_P_O0_resume_step200,27,P_O0_resume,200,easy,20270090,8,0.06031962698429875,0.6192232733505683,0.06031962698429875,1,0.875,1,0.5589036463662695
seed27_P_O0_resume_step200,27,P_O0_resume,200,easy,20270091,8,0.0853406219950799,0.08621450539047332,0.03261921422664189,1,1,1,0.0008738833953934183
seed27_P_O0_resume_step200,27,P_O0_resume,200,easy,20270092,8,0.05356190521294829,0.4913872401012832,0.05354965686480241,1,0.75,1,0.4378253348883349
seed27_P_O0_resume_step200,27,P_O0_resume,200,easy,20270093,8,0.5942376180870079,0.06420707329790458,0.03672019278848523,0.625,1,1,-0.5300305447891034
seed27_P_O0_resume_step200,27,P_O0_resume,200,easy,20270094,8,0.03469217133172708,0.8863050330570084,0.025539723523103335,1,0.5,1,0.8516128617252813
seed27_P_O0_resume_step200,27,P_O0_resume,200,easy,20270095,8,0.024506966920641783,0.21640167193752843,0.02174785128836398,1,1,1,0.19189470501688666
seed27_P_O0_resume_step200,27,P_O0_resume,200,easy,20270096,8,0.11540220960700105,0.850111545847178,0.11249955946570886,1,0.375,1,0.7347093362401769
seed27_P_O0_resume_step200,27,P_O0_resume,200,easy,20270097,8,0.05524840141922112,0.010025037469559907,0.010025037469559907,1,1,1,-0.04522336394966121
seed27_P_O0_resume_step200,27,P_O0_resume,200,easy,20270098,8,0.3858159881774923,0.20794031335305085,0.2048068541784072,0.75,1,1,-0.17787567482444144
seed27_P_O0_resume_step200,27,P_O0_resume,200,easy,20270099,8,0.05022964427118081,0.282923748453337,0.007601087211434802,1,1,1,0.2326941041821562
seed27_P_O0_resume_step200,27,P_O0_resume,200,hard,20270000,8,1.7145193450248024,1.867747407365187,1.7145193450248024,0,0,0,0.15322806234038455
seed27_P_O0_resume_step200,27,P_O0_resume,200,hard,20270001,8,0.888914006075061,0.9466651672063793,0.6384045826404534,0.875,0.625,1,0.057751161131318285
seed27_P_O0_resume_step200,27,P_O0_resume,200,hard,20270002,8,1.9127595349429005,1.1569512299036122,1.1569512299036122,0,0.5,0.5,-0.7558083050392883
seed27_P_O0_resume_step200,27,P_O0_resume,200,hard,20270003,8,1.6536883833944866,1.3178642304143293,1.3178642304143293,0.375,0.5,0.5,-0.33582415298015733
seed27_P_O0_resume_step200,27,P_O0_resume,200,hard,20270004,8,1.390652852736087,1.277395962782133,1.277395962782133,0,0.25,0.25,-0.11325688995395411
seed27_P_O0_resume_step200,27,P_O0_resume,200,hard,20270005,8,1.5500745007518097,1.619120480274763,1.4689912585861868,0,0,0,0.06904597952295322
seed27_P_O0_resume_step200,27,P_O0_resume,200,hard,20270006,8,1.0573434821770005,0.742855011418412,0.7002318836700525,0.25,1,1,-0.31448847075858843
seed27_P_O0_resume_step200,27,P_O0_resume,200,hard,20270007,8,1.5056618105489958,1.0908459978993514,0.9374289605502082,0.375,0.625,0.875,-0.4148158126496444
seed27_P_O0_resume_step200,27,P_O0_resume,200,hard,20270008,8,1.829977884397978,1.9415798651501788,1.7490708150502008,0,0,0,0.11160198075220085
seed27_P_O0_resume_step200,27,P_O0_resume,200,hard,20270009,8,0.8063566894880816,1.1229193299143607,0.7897073001765554,0.5,0.875,0.625,0.31656264042627913
seed27_P_O0_resume_step200,27,P_O0_resume,200,hard,20270010,8,1.431609161628287,1.5101823318708412,1.3869911193262021,0.25,0.25,0.25,0.07857317024255406
seed27_P_O0_resume_step200,27,P_O0_resume,200,hard,20270011,8,0.9882741984301899,1.299670051902337,0.9621090564717294,0.375,0.375,0.375,0.31139585347214704
seed27_P_O0_resume_step200,27,P_O0_resume,200,hard,20270012,8,0.6511016583955168,1.0993109929229923,0.5743537658522764,1,0.625,1,0.44820933452747547
seed27_P_O0_resume_step200,27,P_O0_resume,200,hard,20270013,8,1.6886419997285094,1.0814429730481505,0.9624569169914433,0,0.625,0.625,-0.6071990266803589
seed27_P_O0_resume_step200,27,P_O0_resume,200,hard,20270014,8,1.4104727267766035,1.455673401730378,1.3978577141687718,0.375,0.375,0.375,0.045200674953774556
seed27_P_O0_resume_step200,27,P_O0_resume,200,hard,20270015,8,1.397825513109965,1.228290042903719,1.1675980302337536,0.375,0.375,0.375,-0.16953547020624615
seed27_P_O0_resume_step200,27,P_O0_resume,200,hard,20270016,8,0.9785296907884159,0.7850708920378028,0.7850708920378028,0.75,1,1,-0.19345879875061311
seed27_P_O0_resume_step200,27,P_O0_resume,200,hard,20270017,8,1.1240650981311189,1.0262171387932553,1.0257355108200128,0.625,0.625,0.625,-0.09784795933786361
seed27_P_O0_resume_step200,27,P_O0_resume,200,hard,20270018,8,1.0870684418429677,1.6120503918378208,1.0870684418429677,0.625,0.125,0.625,0.5249819499948531
seed27_P_O0_resume_step200,27,P_O0_resume,200,hard,20270019,8,1.383913815920301,1.703015033324986,1.383913815920301,0.625,0.625,0.625,0.319101217404685
seed27_P_O0_resume_step200,27,P_O0_resume,200,hard,20270020,8,0.7572858175014044,0.823480823360543,0.6261603845258116,0.875,1,1,0.06619500585913851
seed27_P_O0_resume_step200,27,P_O0_resume,200,hard,20270021,8,1.6874839505799342,1.7208658088691566,1.5282465882050453,0,0,0,0.033381858289222466
seed27_P_O0_resume_step200,27,P_O0_resume,200,hard,20270022,8,1.2779752979884784,1.0665966896910792,1.0192618682455585,0,0.625,0.625,-0.21137860829739918
seed27_P_O0_resume_step200,27,P_O0_resume,200,hard,20270023,8,0.8216518247617633,0.5958932480282454,0.5925158034322312,0.625,0.75,0.75,-0.22575857673351796
seed27_P_O0_resume_step200,27,P_O0_resume,200,hard,20270024,8,1.224991810171189,0.4547543691936083,0.4547543691936083,0.375,1,1,-0.7702374409775807
seed27_P_O0_resume_step200,27,P_O0_resume,200,hard,20270025,8,1.5221076056797074,1.1055130213977038,1.1055130213977038,0,0.75,0.75,-0.4165945842820036
seed27_P_O0_resume_step200,27,P_O0_resume,200,hard,20270026,8,1.152938022594034,1.1608896576259335,1.0915327291273038,0.5,0.5,0.5,0.007951635031899551
seed27_P_O0_resume_step200,27,P_O0_resume,200,hard,20270027,8,1.1189161873524485,1.194258021915177,1.1189161873524485,0.625,0.625,0.625,0.07534183456272858
seed27_P_O0_resume_step200,27,P_O0_resume,200,hard,20270028,8,0.8361169450362408,0.9114319840698665,0.7944941393336671,0.625,0.5,0.625,0.07531503903362569
seed27_P_O0_resume_step200,27,P_O0_resume,200,hard,20270029,8,0.5161801384069514,1.0568133089762792,0.5161801384069514,1,0.625,1,0.5406331705693278
seed27_P_O0_resume_step200,27,P_O0_resume,200,hard,20270030,8,1.3435374949555057,1.0767184181134124,1.0766321490785886,0.25,0.625,0.5,-0.2668190768420933
seed27_P_O0_resume_step200,27,P_O0_resume,200,hard,20270031,8,1.2723118293768818,1.2420792916479968,0.8734826063767848,0.375,0.625,0.75,-0.03023253772888501
seed27_P_O0_resume_step200,27,P_O0_resume,200,hard,20270032,8,1.0117294395996952,1.3895565548077493,1.0117294395996952,0.75,0.125,0.75,0.3778271152080541
seed27_P_O0_resume_step200,27,P_O0_resume,200,hard,20270033,8,1.2529899065804653,1.7713475578773543,1.2453012584473755,0.125,0.125,0.125,0.518357651296889
seed27_P_O0_resume_step200,27,P_O0_resume,200,hard,20270034,8,1.1017348638500755,1.2477239924217256,1.1017348638500755,0.375,0.375,0.375,0.14598912857165014
seed27_P_O0_resume_step200,27,P_O0_resume,200,hard,20270035,8,1.132317022574295,1.2441192261436504,1.0730027912375868,0.5,0.5,0.5,0.11180220356935555
seed27_P_O0_resume_step200,27,P_O0_resume,200,hard,20270036,8,1.3843990371126056,1.218961167174002,1.218961167174002,0.375,0.5,0.5,-0.16543786993860365
seed27_P_O0_resume_step200,27,P_O0_resume,200,hard,20270037,8,1.3462133440658923,1.1522180604786196,1.1516652777714838,0.25,0.625,0.625,-0.1939952835872727
seed27_P_O0_resume_step200,27,P_O0_resume,200,hard,20270038,8,1.0613222355578715,0.9512737579440146,0.9512737579440146,0.5,0.5,0.5,-0.11004847761385694
seed27_P_O0_resume_step200,27,P_O0_resume,200,hard,20270039,8,1.580074095693877,1.6064485063104783,1.5529493853270833,0.25,0.25,0.25,0.026374410616601285
seed27_P_O0_resume_step200,27,P_O0_resume,200,hard,20270040,8,0.44993732786572527,0.6292916005106594,0.44993732786572527,1,1,1,0.1793542726449341
seed27_P_O0_resume_step200,27,P_O0_resume,200,hard,20270041,8,1.7607677708318639,1.216275337641511,1.134615824006714,0.375,0.375,0.625,-0.5444924331903529
seed27_P_O0_resume_step200,27,P_O0_resume,200,hard,20270042,8,1.133679456143957,0.9956046899816341,0.9718584245368438,0.75,0.75,0.75,-0.13807476616232284
seed27_P_O0_resume_step200,27,P_O0_resume,200,hard,20270043,8,1.6965531437842498,1.9195848007900969,1.6965531437842498,0,0,0,0.22303165700584704
seed27_P_O0_resume_step200,27,P_O0_resume,200,hard,20270044,8,1.3649365296772296,1.21996466198371,1.21996466198371,0.375,0.375,0.375,-0.14497186769351966
seed27_P_O0_resume_step200,27,P_O0_resume,200,hard,20270045,8,0.9303780492267717,0.7805981101299162,0.7489296838573539,0.5,0.625,0.625,-0.1497799390968555
seed27_P_O0_resume_step200,27,P_O0_resume,200,hard,20270046,8,1.4546674397071016,1.2467447630526272,1.172876625103127,0.125,0.25,0.25,-0.2079226766544744
seed27_P_O0_resume_step200,27,P_O0_resume,200,hard,20270047,8,1.0700243686128774,1.7461099081328573,1.0700243686128774,0.375,0,0.375,0.6760855395199799
seed27_P_O0_resume_step200,27,P_O0_resume,200,hard,20270048,8,0.8859757671511906,0.8062807032026895,0.6021804221323123,0.75,0.75,0.75,-0.07969506394850112
seed27_P_O0_resume_step200,27,P_O0_resume,200,hard,20270049,8,1.3996415517239404,1.2917470842964773,1.2748182316126708,0.5,0.5,0.5,-0.10789446742746311
seed27_P_O0_resume_step200,27,P_O0_resume,200,hard,20270050,8,0.678786665035382,0.6538121726076139,0.4478419475065754,0.625,1,1,-0.024974492427768058
seed27_P_O0_resume_step200,27,P_O0_resume,200,hard,20270051,8,1.1962152415295622,1.3899520559926284,1.1962152415295622,0.375,0.125,0.375,0.19373681446306623
seed27_P_O0_resume_step200,27,P_O0_resume,200,hard,20270052,8,1.2883263033935501,1.2034056512587175,1.0124556768654798,0.625,0.375,0.625,-0.08492065213483269
seed27_P_O0_resume_step200,27,P_O0_resume,200,hard,20270053,8,0.932384543166682,1.6345243691207743,0.8778601507278445,0.75,0,0.75,0.7021398259540923
seed27_P_O0_resume_step200,27,P_O0_resume,200,hard,20270054,8,0.7966180823999891,0.8455465505675922,0.6584954076998815,0.75,0.75,0.75,0.0489284681676031
seed27_P_O0_resume_step200,27,P_O0_resume,200,hard,20270055,8,1.4220590764541234,1.1933077827633372,1.0636269305267168,0.5,0.25,0.625,-0.22875129369078628
seed27_P_O0_resume_step200,27,P_O0_resume,200,hard,20270056,8,0.8825065891204407,0.8676686023564084,0.6528595852422332,0.875,0.625,0.875,-0.014837986764032252
seed27_P_O0_resume_step200,27,P_O0_resume,200,hard,20270057,8,1.9488303694018674,1.5341177053258155,1.5331839161419227,0,0.375,0.375,-0.4147126640760519
seed27_P_O0_resume_step200,27,P_O0_resume,200,hard,20270058,8,1.560155262981614,1.0692662753791473,0.892763590732301,0.375,0.75,0.75,-0.4908889876024667
seed27_P_O0_resume_step200,27,P_O0_resume,200,hard,20270059,8,1.0580347447367566,1.0445714942549889,1.0413773609052615,0.375,0.375,0.375,-0.013463250481767775
seed27_P_O0_resume_step200,27,P_O0_resume,200,hard,20270060,8,1.5752744057370833,1.6639780966877507,1.5745733558417416,0.125,0.125,0.125,0.08870369095066732
seed27_P_O0_resume_step200,27,P_O0_resume,200,hard,20270061,8,1.0503078969761344,1.3342750434902375,1.0503078969761344,0.75,0,0.75,0.28396714651410315
seed27_P_O0_resume_step200,27,P_O0_resume,200,hard,20270062,8,1.2068037330048487,1.0703523044596461,0.6916406635325654,0.5,0.625,0.875,-0.13645142854520254
seed27_P_O0_resume_step200,27,P_O0_resume,200,hard,20270063,8,2.050337816886536,1.0808013563787613,1.0808013563787613,0,0.375,0.375,-0.9695364605077748
seed27_P_O0_resume_step200,27,P_O0_resume,200,hard,20270064,8,1.002825707203816,1.1519871967702444,0.943758650666545,0.625,0.625,0.625,0.14916148956642838
seed27_P_O0_resume_step200,27,P_O0_resume,200,hard,20270065,8,0.5443082139690053,0.9837626430893464,0.4766762174033795,0.875,0.75,0.75,0.43945442912034105
seed27_P_O0_resume_step200,27,P_O0_resume,200,hard,20270066,8,2.1102981873383384,1.1540133148315304,1.1540133148315304,0,0.375,0.375,-0.956284872506808
seed27_P_O0_resume_step200,27,P_O0_resume,200,hard,20270067,8,1.3094558693960303,1.17322320169344,0.8689528912828931,0.5,0.375,0.5,-0.13623266770259024
seed27_P_O0_resume_step200,27,P_O0_resume,200,hard,20270068,8,1.5388977831994004,1.756735892490003,1.5388977831994004,0.375,0.125,0.375,0.21783810929060254
seed27_P_O0_resume_step200,27,P_O0_resume,200,hard,20270069,8,1.4106149793097607,1.367174456587975,1.3518632959857417,0.25,0.25,0.25,-0.04344052272178556
seed27_P_O0_resume_step200,27,P_O0_resume,200,hard,20270070,8,0.5645464887714171,1.06672540256997,0.5645464887714171,1,0.625,1,0.5021789137985528
seed27_P_O0_resume_step200,27,P_O0_resume,200,hard,20270071,8,1.3440845343485173,1.5155728376102866,1.3440845343485173,0.125,0.125,0.125,0.17148830326176934
seed27_P_O0_resume_step200,27,P_O0_resume,200,hard,20270072,8,0.6733284262084742,0.8124664325082507,0.6364922134274933,0.625,1,1,0.13913800629977646
seed27_P_O0_resume_step200,27,P_O0_resume,200,hard,20270073,8,1.5746585105777684,2.0006400799839428,1.5746585105777684,0.25,0,0.25,0.4259815694061744
seed27_P_O0_resume_step200,27,P_O0_resume,200,hard,20270074,8,1.656616114931275,1.1886000832585688,1.1886000832585688,0,0.625,0.625,-0.4680160316727062
seed27_P_O0_resume_step200,27,P_O0_resume,200,hard,20270075,8,1.2655924087020798,1.3903054032733242,1.2655924087020798,0,0,0,0.1247129945712444
seed27_P_O0_resume_step200,27,P_O0_resume,200,hard,20270076,8,1.8848741121425125,1.466026059340549,1.466026059340549,0,0,0,-0.4188480528019636
seed27_P_O0_resume_step200,27,P_O0_resume,200,hard,20270077,8,1.2436617429173098,1.5786512415232319,1.1264641017280683,0,0.25,0.25,0.3349894986059221
seed27_P_O0_resume_step200,27,P_O0_resume,200,hard,20270078,8,1.1351839329939515,1.057422372700049,1.0075331586292962,0.5,0.5,0.5,-0.07776156029390258
seed27_P_O0_resume_step200,27,P_O0_resume,200,hard,20270079,8,1.0355025556959057,0.6523019171244522,0.6523019171244522,0.75,0.875,0.875,-0.3832006385714535
seed27_P_O0_resume_step200,27,P_O0_resume,200,hard,20270080,8,1.18790745336705,0.9839394778455219,0.7716120709306822,0.5,0.75,0.75,-0.203967975521528
seed27_P_O0_resume_step200,27,P_O0_resume,200,hard,20270081,8,1.8155797880531193,1.1224145712753963,1.1224145712753963,0,0.75,0.75,-0.6931652167777229
seed27_P_O0_resume_step200,27,P_O0_resume,200,hard,20270082,8,1.873979855275049,1.438952956070692,1.438952956070692,0,0.25,0.25,-0.4350268992043571
seed27_P_O0_resume_step200,27,P_O0_resume,200,hard,20270083,8,1.0249815951102252,0.9046543916641379,0.9000170221824113,0.5,0.625,0.625,-0.12032720344608738
seed27_P_O0_resume_step200,27,P_O0_resume,200,hard,20270084,8,1.3166186941694018,1.4008535380123563,1.1581044735510584,0.375,0,0.375,0.08423484384295454
seed27_P_O0_resume_step200,27,P_O0_resume,200,hard,20270085,8,0.7501180550908662,1.445490472992744,0.6731394226466368,1,0.5,1,0.6953724179018779
seed27_P_O0_resume_step200,27,P_O0_resume,200,hard,20270086,8,1.015303235524096,0.7635076813426556,0.7635076813426556,0.875,1,1,-0.2517955541814405
seed27_P_O0_resume_step200,27,P_O0_resume,200,hard,20270087,8,0.624703888502199,1.168764500647208,0.5701411444939453,0.875,0.625,0.875,0.544060612145009
seed27_P_O0_resume_step200,27,P_O0_resume,200,hard,20270088,8,1.7862388754472855,1.3541868393271725,1.3351898627530392,0,0.125,0.125,-0.432052036120113
seed27_P_O0_resume_step200,27,P_O0_resume,200,hard,20270089,8,0.8353125730381827,1.422833648723948,0.8353125730381827,1,0.125,1,0.5875210756857652
seed27_P_O0_resume_step200,27,P_O0_resume,200,hard,20270090,8,1.4421489467780075,1.79576443787036,1.4421489467780075,0,0,0,0.3536154910923526
seed27_P_O0_resume_step200,27,P_O0_resume,200,hard,20270091,8,2.1226384482035288,1.5094807592900286,1.5094807592900286,0,0.375,0.375,-0.6131576889135002
seed27_P_O0_resume_step200,27,P_O0_resume,200,hard,20270092,8,0.796498875862145,0.9951375509366506,0.7823557916906235,0.625,0.625,0.625,0.1986386750745056
seed27_P_O0_resume_step200,27,P_O0_resume,200,hard,20270093,8,1.7842062571577892,1.3567774618657729,1.109551539508401,0.375,0.25,0.375,-0.4274287952920164
seed27_P_O0_resume_step200,27,P_O0_resume,200,hard,20270094,8,0.5971370157487856,0.7797194910623193,0.5903312768245341,1,1,1,0.18258247531353367
seed27_P_O0_resume_step200,27,P_O0_resume,200,hard,20270095,8,1.2950431029103242,1.066184758161984,1.046579906576417,0.125,0.25,0.25,-0.2288583447483401
seed27_P_O0_resume_step200,27,P_O0_resume,200,hard,20270096,8,1.2060879231766226,1.6751177644867021,1.2060879231766226,0,0,0,0.4690298413100795
seed27_P_O0_resume_step200,27,P_O0_resume,200,hard,20270097,8,1.762668530418947,1.2278318107095905,1.2278318107095905,0,0.375,0.375,-0.5348367197093566
seed27_P_O0_resume_step200,27,P_O0_resume,200,hard,20270098,8,1.2992718986111471,1.098037382638647,1.0234819488948577,0.25,0.5,0.5,-0.2012345159725002
seed27_P_O0_resume_step200,27,P_O0_resume,200,hard,20270099,8,0.8541952741545396,0.9663463415895911,0.8541952741545396,0.625,0.625,0.625,0.11215106743505154
seed27_P_O0_resume_step400,27,P_O0_resume,400,easy,20270000,8,0.039532539708204514,0.04992908414475791,0.035031498148301345,1,1,1,0.010396544436553398
seed27_P_O0_resume_step400,27,P_O0_resume,400,easy,20270001,8,0.07728101682835067,0.028349103856797675,0.010850079414206076,1,1,1,-0.048931912971553
seed27_P_O0_resume_step400,27,P_O0_resume,400,easy,20270002,8,0.06901122799684137,0.48807125373896804,0.05873276111285617,1,1,1,0.41906002574212664
seed27_P_O0_resume_step400,27,P_O0_resume,400,easy,20270003,8,0.7568619429709071,0.3994024394609796,0.3869773242535525,0.625,0.75,0.75,-0.35745950350992756
seed27_P_O0_resume_step400,27,P_O0_resume,400,easy,20270004,8,0.16185571215327893,1.0554921211725004,0.03744430647414272,1,0.5,1,0.8936364090192215
seed27_P_O0_resume_step400,27,P_O0_resume,400,easy,20270005,8,0.11238226936832257,0.4152168299996151,0.09622392293843264,1,0.625,1,0.30283456063129255
seed27_P_O0_resume_step400,27,P_O0_resume,400,easy,20270006,8,0.05871455711932677,0.2828184419911019,0.05871455711932677,1,0.875,1,0.22410388487177513
seed27_P_O0_resume_step400,27,P_O0_resume,400,easy,20270007,8,0.008709612309100112,0.03291159275007948,0.008389127272987521,1,1,1,0.02420198044097937
seed27_P_O0_resume_step400,27,P_O0_resume,400,easy,20270008,8,0.3082633868707383,0.1288879129448013,0.04615693857878718,0.875,1,1,-0.179375473925937
seed27_P_O0_resume_step400,27,P_O0_resume,400,easy,20270009,8,0.0423026081389469,0.21109037610541345,0.0423026081389469,1,1,1,0.16878776796646655
seed27_P_O0_resume_step400,27,P_O0_resume,400,easy,20270010,8,0.6940286674973214,1.1501019403342798,0.6930088107146863,0.5,0.375,0.5,0.4560732728369584
seed27_P_O0_resume_step400,27,P_O0_resume,400,easy,20270011,8,0.019921098567291247,0.3278319964876403,0.011004569847036792,1,0.875,1,0.30791089792034904
seed27_P_O0_resume_step400,27,P_O0_resume,400,easy,20270012,8,0.08707309126415297,0.49286820421843514,0.03989871641289012,1,0.625,1,0.40579511295428217
seed27_P_O0_resume_step400,27,P_O0_resume,400,easy,20270013,8,0.034735887193342856,0.10995404573272768,0.009018528351639056,1,1,1,0.07521815853938482
seed27_P_O0_resume_step400,27,P_O0_resume,400,easy,20270014,8,0.02881052875296683,0.14617569866367952,0.014800083182149442,1,1,1,0.11736516991071269
seed27_P_O0_resume_step400,27,P_O0_resume,400,easy,20270015,8,0.6058013535855703,0.21759702864520405,0.19403554667188955,0.625,1,1,-0.3882043249403663
seed27_P_O0_resume_step400,27,P_O0_resume,400,easy,20270016,8,0.10590705680094357,0.010469639866749153,0.010469639866749153,1,1,1,-0.09543741693419443
seed27_P_O0_resume_step400,27,P_O0_resume,400,easy,20270017,8,0.025638904062596408,0.016932558476337768,0.004050602155518034,1,1,1,-0.00870634558625864
seed27_P_O0_resume_step400,27,P_O0_resume,400,easy,20270018,8,0.021486094296151746,0.08373352945939459,0.021486094296151746,1,1,1,0.06224743516324285
seed27_P_O0_resume_step400,27,P_O0_resume,400,easy,20270019,8,0.038102426522981306,0.1614217060524086,0.027406581843507333,1,1,1,0.1233192795294273
seed27_P_O0_resume_step400,27,P_O0_resume,400,easy,20270020,8,0.6952073031167963,0.6542059787602567,0.07821664429764945,0.5,0.625,1,-0.04100132435653969
seed27_P_O0_resume_step400,27,P_O0_resume,400,easy,20270021,8,0.0653619963569372,0.06417103902331962,0.02524486951711101,1,1,1,-0.0011909573336175705
seed27_P_O0_resume_step400,27,P_O0_resume,400,easy,20270022,8,1.8353109908070107,0.4854920282945993,0.44081363063703255,0.5,0.625,0.625,-1.3498189625124113
seed27_P_O0_resume_step400,27,P_O0_resume,400,easy,20270023,8,0.18039682705469245,0.6576290118521144,0.12156522829376068,1,0.75,1,0.47723218479742197
seed27_P_O0_resume_step400,27,P_O0_resume,400,easy,20270024,8,0.02813340115979594,0.02947601771458406,0.009683911401475129,1,1,1,0.0013426165547881196
seed27_P_O0_resume_step400,27,P_O0_resume,400,easy,20270025,8,0.2139635134322432,0.08721884342286497,0.06673280778683661,0.875,1,1,-0.12674467000937822
seed27_P_O0_resume_step400,27,P_O0_resume,400,easy,20270026,8,0.04546375756312836,0.19117200727194575,0.038642549224402356,1,1,1,0.1457082497088174
seed27_P_O0_resume_step400,27,P_O0_resume,400,easy,20270027,8,0.028643384730179102,0.09421917575014246,0.028643384730179102,1,1,1,0.06557579101996336
seed27_P_O0_resume_step400,27,P_O0_resume,400,easy,20270028,8,0.09513481784016042,0.916896212241868,0.09254002138683862,1,0.5,1,0.8217613944017076
seed27_P_O0_resume_step400,27,P_O0_resume,400,easy,20270029,8,0.11470710241962728,0.04893134588783131,0.04401207246619982,1,1,1,-0.06577575653179597
seed27_P_O0_resume_step400,27,P_O0_resume,400,easy,20270030,8,0.6947989556856795,0.10490839260224945,0.10351779148817401,0.625,1,1,-0.58989056308343
seed27_P_O0_resume_step400,27,P_O0_resume,400,easy,20270031,8,0.32816456233304386,1.019761831758869,0.32668059496607493,1,0.25,1,0.6915972694258252
seed27_P_O0_resume_step400,27,P_O0_resume,400,easy,20270032,8,0.04030283805056835,0.5902019532751687,0.04030283805056835,1,0.5,1,0.5498991152246003
seed27_P_O0_resume_step400,27,P_O0_resume,400,easy,20270033,8,0.15034222988665075,0.2708801239014088,0.06215506676536851,0.875,1,1,0.12053789401475806
seed27_P_O0_resume_step400,27,P_O0_resume,400,easy,20270034,8,0.032918185180960555,0.09064978372982122,0.017151655335326893,1,1,1,0.05773159854886066
seed27_P_O0_resume_step400,27,P_O0_resume,400,easy,20270035,8,0.04437656673230933,0.3176159766096578,0.03683266473831449,1,0.75,1,0.27323940987734846
seed27_P_O0_resume_step400,27,P_O0_resume,400,easy,20270036,8,0.14795021690494392,0.09445218985726754,0.07533034635990048,1,1,1,-0.05349802704767638
seed27_P_O0_resume_step400,27,P_O0_resume,400,easy,20270037,8,0.17794133533614567,0.5972243290839273,0.17794133533614567,0.875,0.75,0.875,0.41928299374778166
seed27_P_O0_resume_step400,27,P_O0_resume,400,easy,20270038,8,0.037317108423209566,0.560258385757599,0.002990399281024411,1,0.5,1,0.5229412773343894
seed27_P_O0_resume_step400,27,P_O0_resume,400,easy,20270039,8,0.16082805775523068,0.8285583373645058,0.1601374778288738,1,0.5,1,0.6677302796092751
seed27_P_O0_resume_step400,27,P_O0_resume,400,easy,20270040,8,0.5658678784188726,0.598143103075874,0.5158489342175576,0.625,0.625,0.625,0.03227522465700139
seed27_P_O0_resume_step400,27,P_O0_resume,400,easy,20270041,8,1.0881047023662274,0.9184391686813669,0.8685323614798992,0.375,0.375,0.375,-0.16966553368486048
seed27_P_O0_resume_step400,27,P_O0_resume,400,easy,20270042,8,0.20386111219502828,0.06790537233884578,0.013140981875283815,1,1,1,-0.1359557398561825
seed27_P_O0_resume_step400,27,P_O0_resume,400,easy,20270043,8,0.910812398090887,0.6425078461195237,0.6249618470401902,0.375,0.5,0.5,-0.26830455197136327
seed27_P_O0_resume_step400,27,P_O0_resume,400,easy,20270044,8,0.10018439348662303,2.0925710352290445,0.09941727597040047,1,0.375,1,1.9923866417424214
seed27_P_O0_resume_step400,27,P_O0_resume,400,easy,20270045,8,0.10573008224671192,0.17872875057318488,0.07327570392307617,1,0.875,1,0.07299866832647296
seed27_P_O0_resume_step400,27,P_O0_resume,400,easy,20270046,8,0.05758200431056921,0.3120800577546854,0.024102309621557492,1,0.875,1,0.2544980534441162
seed27_P_O0_resume_step400,27,P_O0_resume,400,easy,20270047,8,0.5578915963986822,1.003957291830868,0.5256425711938683,0.875,0.375,0.875,0.44606569543218566
seed27_P_O0_resume_step400,27,P_O0_resume,400,easy,20270048,8,0.02392722585142659,0.1409782626409361,0.02392722585142659,1,1,1,0.11705103678950951
seed27_P_O0_resume_step400,27,P_O0_resume,400,easy,20270049,8,0.36446212714542303,0.3249232311716732,0.2820283394868424,0.875,0.875,0.875,-0.03953889597374982
seed27_P_O0_resume_step400,27,P_O0_resume,400,easy,20270050,8,0.018576155960147663,0.015573446380848831,0.004834556412962528,1,1,1,-0.003002709579298832
seed27_P_O0_resume_step400,27,P_O0_resume,400,easy,20270051,8,0.9836329482024205,0.19639934087484207,0.1954172504337414,0.625,1,1,-0.7872336073275785
seed27_P_O0_resume_step400,27,P_O0_resume,400,easy,20270052,8,1.2111356956960144,0.4804131203221939,0.4701067348300527,0.5,0.75,0.75,-0.7307225753738205
seed27_P_O0_resume_step400,27,P_O0_resume,400,easy,20270053,8,0.36277801095923384,1.344387602429022,0.36277801095923384,0.75,0.25,0.75,0.9816095914697882
seed27_P_O0_resume_step400,27,P_O0_resume,400,easy,20270054,8,0.02951357378555203,0.7566636529124208,0.025386569752417598,1,0.375,1,0.7271500791268687
seed27_P_O0_resume_step400,27,P_O0_resume,400,easy,20270055,8,0.38075587317388443,0.17896239303259825,0.16743276559885342,0.75,1,1,-0.20179348014128617
seed27_P_O0_resume_step400,27,P_O0_resume,400,easy,20270056,8,0.7498445427672952,0.8006047047214226,0.7439573239742346,0.75,0.75,0.75,0.05076016195412747
seed27_P_O0_resume_step400,27,P_O0_resume,400,easy,20270057,8,0.19565246201077335,0.10463507554400024,0.0890266176872581,1,1,1,-0.09101738646677311
seed27_P_O0_resume_step400,27,P_O0_resume,400,easy,20270058,8,0.9033229890903473,0.6895181272490583,0.6862039836761425,0.5,0.625,0.625,-0.213804861841289
seed27_P_O0_resume_step400,27,P_O0_resume,400,easy,20270059,8,0.2875019171157851,1.03982444264738,0.2875019171157851,0.875,0.5,0.875,0.7523225255315948
seed27_P_O0_resume_step400,27,P_O0_resume,400,easy,20270060,8,0.08005671459666823,1.2167778599891366,0.07101921250747939,1,0.375,1,1.1367211453924684
seed27_P_O0_resume_step400,27,P_O0_resume,400,easy,20270061,8,2.258762265285303,1.0224598683608397,1.0224598683608397,0.375,0.375,0.375,-1.2363023969244633
seed27_P_O0_resume_step400,27,P_O0_resume,400,easy,20270062,8,0.32218543582620834,0.9999757412430061,0.32218543582620834,0.875,0.25,0.875,0.6777903054167977
seed27_P_O0_resume_step400,27,P_O0_resume,400,easy,20270063,8,0.014732750446287154,0.08831741492439621,0.014732750446287154,1,1,1,0.07358466447810906
seed27_P_O0_resume_step400,27,P_O0_resume,400,easy,20270064,8,0.9469278803195023,0.7478265177374154,0.6815440536408529,0.625,0.625,0.625,-0.19910136258208688
seed27_P_O0_resume_step400,27,P_O0_resume,400,easy,20270065,8,0.029360141737425658,0.05701267538853495,0.029360141737425658,1,1,1,0.027652533651109295
seed27_P_O0_resume_step400,27,P_O0_resume,400,easy,20270066,8,0.012314620943036233,0.04441510223004753,0.012314620943036233,1,1,1,0.0321004812870113
seed27_P_O0_resume_step400,27,P_O0_resume,400,easy,20270067,8,0.4550388293104232,0.4326694354029393,0.2860652773068726,0.75,0.75,0.75,-0.022369393907483937
seed27_P_O0_resume_step400,27,P_O0_resume,400,easy,20270068,8,0.986796269923916,0.6644497951255298,0.6634762241759928,0.5,0.5,0.5,-0.3223464747983862
seed27_P_O0_resume_step400,27,P_O0_resume,400,easy,20270069,8,0.09506461612015268,0.19279851477214316,0.06188100437457485,1,1,1,0.09773389865199048
seed27_P_O0_resume_step400,27,P_O0_resume,400,easy,20270070,8,0.036816180429845045,0.33628671766328727,0.036816180429845045,1,1,1,0.29947053723344225
seed27_P_O0_resume_step400,27,P_O0_resume,400,easy,20270071,8,0.049189384159008476,2.319950999331961,0.040147641234353895,1,0.25,1,2.270761615172953
seed27_P_O0_resume_step400,27,P_O0_resume,400,easy,20270072,8,0.10118948426517582,1.467378352360378,0.10118948426517582,1,0.375,1,1.3661888680952021
seed27_P_O0_resume_step400,27,P_O0_resume,400,easy,20270073,8,0.11823633005150032,1.2499713525492162,0.10442723966252213,1,0.375,1,1.1317350224977158
seed27_P_O0_resume_step400,27,P_O0_resume,400,easy,20270074,8,0.5192052029097227,0.05243514088872059,0.049922018139189214,0.875,1,1,-0.46677006202100213
seed27_P_O0_resume_step400,27,P_O0_resume,400,easy,20270075,8,0.20259146425865193,0.12308011164217222,0.029409814644434023,1,1,1,-0.07951135261647971
seed27_P_O0_resume_step400,27,P_O0_resume,400,easy,20270076,8,0.08829924862392215,0.3943063261011079,0.08671478198027012,1,1,1,0.30600707747718575
seed27_P_O0_resume_step400,27,P_O0_resume,400,easy,20270077,8,0.12218451483724742,0.7901939747785404,0.10825786132297956,1,0.5,1,0.6680094599412929
seed27_P_O0_resume_step400,27,P_O0_resume,400,easy,20270078,8,0.6977694562321672,0.21086872800097883,0.14473100322604265,0.625,1,1,-0.4869007282311884
seed27_P_O0_resume_step400,27,P_O0_resume,400,easy,20270079,8,2.0790276633631186,0.06096886490367888,0.06096886490367888,0.375,1,1,-2.01805879845944
seed27_P_O0_resume_step400,27,P_O0_resume,400,easy,20270080,8,0.04201500965618987,0.3937284311312913,0.028371383129098045,1,0.75,1,0.35171342147510143
seed27_P_O0_resume_step400,27,P_O0_resume,400,easy,20270081,8,0.11589198002695901,0.022013463059756863,0.016809098922944462,1,1,1,-0.09387851696720215
seed27_P_O0_resume_step400,27,P_O0_resume,400,easy,20270082,8,0.7348925014478711,0.12092742917760797,0.11197701417005525,0.75,1,1,-0.6139650722702631
seed27_P_O0_resume_step400,27,P_O0_resume,400,easy,20270083,8,0.33756386292482626,0.7781555728103229,0.3362288429131934,0.75,0.5,0.75,0.4405917098854966
seed27_P_O0_resume_step400,27,P_O0_resume,400,easy,20270084,8,0.6316373203670298,1.162843398521635,0.5903468116441111,0.625,0.625,0.625,0.5312060781546053
seed27_P_O0_resume_step400,27,P_O0_resume,400,easy,20270085,8,0.06897204478051189,0.13594959753724237,0.05054887563735841,1,1,1,0.06697755275673048
seed27_P_O0_resume_step400,27,P_O0_resume,400,easy,20270086,8,0.09129082665894606,0.9396691029425231,0.09129082665894606,1,0.5,1,0.8483782762835771
seed27_P_O0_resume_step400,27,P_O0_resume,400,easy,20270087,8,0.02234632350882565,0.08020579694700097,0.02234632350882565,1,1,1,0.057859473438175324
seed27_P_O0_resume_step400,27,P_O0_resume,400,easy,20270088,8,0.05661369898629865,0.02835018874096595,0.007847653805923874,1,1,1,-0.0282635102453327
seed27_P_O0_resume_step400,27,P_O0_resume,400,easy,20270089,8,0.21388930869607792,0.3427034573610303,0.19292957361997734,0.875,0.875,0.875,0.1288141486649524
seed27_P_O0_resume_step400,27,P_O0_resume,400,easy,20270090,8,0.04230510412824224,0.22759375837076262,0.04230510412824224,1,1,1,0.1852886542425204
seed27_P_O0_resume_step400,27,P_O0_resume,400,easy,20270091,8,0.02439072178231364,0.0743307739703919,0.018609831097903227,1,1,1,0.04994005218807825
seed27_P_O0_resume_step400,27,P_O0_resume,400,easy,20270092,8,0.04221398614444453,0.28646222482431727,0.032963467198000126,1,1,1,0.24424823867987275
seed27_P_O0_resume_step400,27,P_O0_resume,400,easy,20270093,8,0.6564183411600685,0.05245667851339337,0.028249529851599363,0.625,1,1,-0.6039616626466751
seed27_P_O0_resume_step400,27,P_O0_resume,400,easy,20270094,8,0.015276103795120339,1.2554091130284213,0.015276103795120339,1,0.5,1,1.240133009233301
seed27_P_O0_resume_step400,27,P_O0_resume,400,easy,20270095,8,0.02132161016723454,0.23327650331874292,0.02132161016723454,1,1,1,0.21195489315150837
seed27_P_O0_resume_step400,27,P_O0_resume,400,easy,20270096,8,0.139567902381597,0.7496299113687043,0.1391634009134795,1,0.375,1,0.6100620089871073
seed27_P_O0_resume_step400,27,P_O0_resume,400,easy,20270097,8,0.041742670857887285,0.006548202651328951,0.006548202651328951,1,1,1,-0.03519446820655833
seed27_P_O0_resume_step400,27,P_O0_resume,400,easy,20270098,8,0.4112343474624339,0.07083151202355384,0.0661571570533084,0.75,1,1,-0.34040283543888006
seed27_P_O0_resume_step400,27,P_O0_resume,400,easy,20270099,8,0.07125584226405209,0.08031905817978666,0.006453200402291045,1,1,1,0.009063215915734571
seed27_P_O0_resume_step400,27,P_O0_resume,400,hard,20270000,8,1.6233731692866407,1.752557442369653,1.6233731692866407,0,0,0,0.1291842730830124
seed27_P_O0_resume_step400,27,P_O0_resume,400,hard,20270001,8,0.9074953704866019,1.1879685108976163,0.6008614083218358,0.5,0.625,0.625,0.28047314041101445
seed27_P_O0_resume_step400,27,P_O0_resume,400,hard,20270002,8,1.8743729243455398,1.4100454913599563,1.4100454913599563,0,0.125,0.125,-0.46432743298558354
seed27_P_O0_resume_step400,27,P_O0_resume,400,hard,20270003,8,1.4588127603625525,1.28761527459379,1.28761527459379,0.375,0.375,0.375,-0.17119748576876237
seed27_P_O0_resume_step400,27,P_O0_resume,400,hard,20270004,8,1.322677584676876,1.394854962135677,1.2539241640035037,0.375,0.125,0.375,0.07217737745880104
seed27_P_O0_resume_step400,27,P_O0_resume,400,hard,20270005,8,1.4292021489204132,1.5039635457307146,1.3706096618132957,0,0,0,0.07476139681030136
seed27_P_O0_resume_step400,27,P_O0_resume,400,hard,20270006,8,1.0283139400909815,0.7210077463008969,0.683622990576358,0.375,1,1,-0.3073061937900846
seed27_P_O0_resume_step400,27,P_O0_resume,400,hard,20270007,8,1.2231947541065349,0.9943289578031361,0.9151667456157491,0.375,0.75,0.75,-0.22886579630339876
seed27_P_O0_resume_step400,27,P_O0_resume,400,hard,20270008,8,1.630140285742287,1.830375769419865,1.5930668575338345,0,0,0,0.20023548367757793
seed27_P_O0_resume_step400,27,P_O0_resume,400,hard,20270009,8,0.8417594768048549,0.8969978589240132,0.7476827985399439,0.5,0.75,0.75,0.055238382119158325
seed27_P_O0_resume_step400,27,P_O0_resume,400,hard,20270010,8,1.431312943378296,1.4072277774716475,1.370675378000112,0.125,0.25,0.25,-0.024085165906648554
seed27_P_O0_resume_step400,27,P_O0_resume,400,hard,20270011,8,0.9315441785887353,1.1341507017566514,0.9081492000353802,0.375,0.375,0.375,0.20260652316791616
seed27_P_O0_resume_step400,27,P_O0_resume,400,hard,20270012,8,0.6162771499117781,0.866708851309062,0.6162771499117781,0.875,0.625,0.875,0.2504317013972839
seed27_P_O0_resume_step400,27,P_O0_resume,400,hard,20270013,8,1.6826391011502184,1.1897175872267083,1.1335204663130687,0,0.625,0.625,-0.49292151392351014
seed27_P_O0_resume_step400,27,P_O0_resume,400,hard,20270014,8,1.3359741466690624,1.3925836065128137,1.3331395020896586,0.375,0.375,0.375,0.05660945984375121
seed27_P_O0_resume_step400,27,P_O0_resume,400,hard,20270015,8,1.1908356309005832,1.25081172990727,1.0871237881639653,0.5,0.375,0.5,0.05997609900668688
seed27_P_O0_resume_step400,27,P_O0_resume,400,hard,20270016,8,1.0998349039506388,0.8397566831607391,0.8397566831607391,0.5,0.875,0.875,-0.2600782207898996
seed27_P_O0_resume_step400,27,P_O0_resume,400,hard,20270017,8,1.0765890197357029,1.038397305277676,1.0308089721280234,0.625,0.625,0.625,-0.038191714458026826
seed27_P_O0_resume_step400,27,P_O0_resume,400,hard,20270018,8,1.155155177740335,1.3353154651754826,1.1412265415932477,0.625,0.5,0.625,0.18016028743514756
seed27_P_O0_resume_step400,27,P_O0_resume,400,hard,20270019,8,1.3056364109406506,2.008801247193384,1.3056364109406506,0.625,0.25,0.625,0.7031648362527334
seed27_P_O0_resume_step400,27,P_O0_resume,400,hard,20270020,8,0.669358862852437,0.7609775981620431,0.5971918884649001,1,1,1,0.09161873530960618
seed27_P_O0_resume_step400,27,P_O0_resume,400,hard,20270021,8,1.5223681647420293,1.6747728965672797,1.4810556050391566,0,0,0,0.15240473182525038
seed27_P_O0_resume_step400,27,P_O0_resume,400,hard,20270022,8,0.9721899545619903,0.9666120717538791,0.8895551642144984,0.75,1,1,-0.005577882808111223
seed27_P_O0_resume_step400,27,P_O0_resume,400,hard,20270023,8,0.6968378959639098,0.7198502381996,0.5920815956209378,0.625,0.625,0.625,0.023012342235690264
seed27_P_O0_resume_step400,27,P_O0_resume,400,hard,20270024,8,1.2675967917946152,0.4826609911721766,0.4826609911721766,0.25,1,1,-0.7849358006224385
seed27_P_O0_resume_step400,27,P_O0_resume,400,hard,20270025,8,1.6873780056788292,1.3700676266672338,1.3700676266672338,0,0.25,0.25,-0.3173103790115954
seed27_P_O0_resume_step400,27,P_O0_resume,400,hard,20270026,8,1.168196247906416,1.1050488564248375,1.044685479255271,0.5,0.5,0.5,-0.06314739148157855
seed27_P_O0_resume_step400,27,P_O0_resume,400,hard,20270027,8,1.129326348499809,1.1880961387919917,1.1097455399957774,0.625,0.625,0.625,0.058769790292182655
seed27_P_O0_resume_step400,27,P_O0_resume,400,hard,20270028,8,0.8994000597472493,0.9317771501150937,0.8536323826479999,0.625,0.5,0.625,0.03237709036784431
seed27_P_O0_resume_step400,27,P_O0_resume,400,hard,20270029,8,0.4188204972106516,0.6628240399743216,0.4188204972106516,1,0.875,1,0.24400354276366998
seed27_P_O0_resume_step400,27,P_O0_resume,400,hard,20270030,8,1.390244267495116,1.1799610533409919,1.1799610533409919,0,0.25,0.25,-0.2102832141541242
seed27_P_O0_resume_step400,27,P_O0_resume,400,hard,20270031,8,1.1286087788214492,1.1586141640771392,0.939595897825854,0.375,0.75,0.875,0.030005385255690076
seed27_P_O0_resume_step400,27,P_O0_resume,400,hard,20270032,8,0.9461298876580938,1.1458843470745013,0.9461298876580938,0.75,0.75,0.75,0.19975445941640746
seed27_P_O0_resume_step400,27,P_O0_resume,400,hard,20270033,8,1.2712079639415224,1.5740588327449139,1.2596702621700366,0.125,0.125,0.125,0.3028508688033915
seed27_P_O0_resume_step400,27,P_O0_resume,400,hard,20270034,8,1.2460401281814524,1.2389303919005106,1.209401718411577,0.375,0.375,0.375,-0.007109736280941803
seed27_P_O0_resume_step400,27,P_O0_resume,400,hard,20270035,8,1.2839901431956915,1.1956945878468812,1.1679606142068562,0.5,0.5,0.5,-0.08829555534881028
seed27_P_O0_resume_step400,27,P_O0_resume,400,hard,20270036,8,1.2234856565260113,1.1436609262659494,1.1436609262659494,0.5,0.5,0.5,-0.07982473026006187
seed27_P_O0_resume_step400,27,P_O0_resume,400,hard,20270037,8,1.208372608973463,1.1253468394301755,1.1253468394301755,0.375,0.625,0.625,-0.08302576954328744
seed27_P_O0_resume_step400,27,P_O0_resume,400,hard,20270038,8,1.083570660850368,0.9597557977595301,0.9597557977595301,0.5,0.75,0.75,-0.12381486309083778
seed27_P_O0_resume_step400,27,P_O0_resume,400,hard,20270039,8,1.6317502841146083,1.577532155503126,1.5761117046980826,0.25,0.25,0.25,-0.05421812861148223
seed27_P_O0_resume_step400,27,P_O0_resume,400,hard,20270040,8,0.5118960396975808,0.6212381834962402,0.5118960396975808,1,1,1,0.10934214379865936
seed27_P_O0_resume_step400,27,P_O0_resume,400,hard,20270041,8,1.4283866881768479,1.1515852336325003,1.0853168341256805,0.5,0.375,0.5,-0.27680145454434757
seed27_P_O0_resume_step400,27,P_O0_resume,400,hard,20270042,8,1.064152129412625,1.014592757620721,1.0067197043404061,0.75,0.75,0.75,-0.04955937179190406
seed27_P_O0_resume_step400,27,P_O0_resume,400,hard,20270043,8,1.6475573431463517,1.8481571887220904,1.6475573431463517,0,0,0,0.20059984557573873
seed27_P_O0_resume_step400,27,P_O0_resume,400,hard,20270044,8,1.5337408178512941,1.339603031565821,1.339603031565821,0.375,0.375,0.375,-0.19413778628547318
seed27_P_O0_resume_step400,27,P_O0_resume,400,hard,20270045,8,0.946266524511421,0.7416618423570573,0.6594249671125116,0.5,1,1,-0.20460468215436367
seed27_P_O0_resume_step400,27,P_O0_resume,400,hard,20270046,8,1.4005346204105105,1.1289726325401634,1.1289726325401634,0.125,0.375,0.375,-0.271561987870347
seed27_P_O0_resume_step400,27,P_O0_resume,400,hard,20270047,8,1.1695187963415548,1.6347642855031141,1.1695187963415548,0.375,0,0.375,0.4652454891615594
seed27_P_O0_resume_step400,27,P_O0_resume,400,hard,20270048,8,0.7720344578629527,0.7270809280199736,0.6456733995750731,0.75,0.75,0.75,-0.04495352984297907
seed27_P_O0_resume_step400,27,P_O0_resume,400,hard,20270049,8,1.586329682753317,1.3446970985284779,1.3446970985284779,0.25,0.5,0.5,-0.24163258422483924
seed27_P_O0_resume_step400,27,P_O0_resume,400,hard,20270050,8,0.48416116400964826,0.7263904889538295,0.44194467128166787,1,0.625,1,0.24222932494418126
seed27_P_O0_resume_step400,27,P_O0_resume,400,hard,20270051,8,1.1330646275961471,1.2257086675789228,1.1278706959446236,0.375,0.375,0.375,0.0926440399827757
seed27_P_O0_resume_step400,27,P_O0_resume,400,hard,20270052,8,1.2706107103869781,1.1763097854104607,1.0955431081634324,0.625,0.625,0.625,-0.09430092497651743
seed27_P_O0_resume_step400,27,P_O0_resume,400,hard,20270053,8,0.787680396950879,1.2518455951487237,0.7501106165948374,0.75,0.5,0.875,0.46416519819784474
seed27_P_O0_resume_step400,27,P_O0_resume,400,hard,20270054,8,0.8013449908227087,0.860121950265771,0.7058422746922756,0.75,0.75,0.75,0.05877695944306227
seed27_P_O0_resume_step400,27,P_O0_resume,400,hard,20270055,8,1.2943402483332485,1.1056017643065434,1.0120690893262962,0.625,0.625,0.625,-0.188738484026705
seed27_P_O0_resume_step400,27,P_O0_resume,400,hard,20270056,8,0.702372628738526,0.7204019921815408,0.6317293513335351,0.875,0.625,0.875,0.018029363443014756
seed27_P_O0_resume_step400,27,P_O0_resume,400,hard,20270057,8,1.7587895335644406,1.5708143502281122,1.5708143502281122,0.125,0.125,0.125,-0.18797518333632834
seed27_P_O0_resume_step400,27,P_O0_resume,400,hard,20270058,8,1.444889505144108,1.1463981342215581,1.0547614169583048,0.375,0.375,0.375,-0.29849137092254985
seed27_P_O0_resume_step400,27,P_O0_resume,400,hard,20270059,8,1.118771371483369,1.059052847703273,1.0583916497367472,0.375,0.375,0.375,-0.0597185237800959
seed27_P_O0_resume_step400,27,P_O0_resume,400,hard,20270060,8,1.4631816467827286,1.5116373895304,1.4594512956797419,0.125,0.125,0.125,0.048455742747671504
seed27_P_O0_resume_step400,27,P_O0_resume,400,hard,20270061,8,1.110001574636637,1.6741322963615453,1.110001574636637,0.625,0,0.625,0.5641307217249083
seed27_P_O0_resume_step400,27,P_O0_resume,400,hard,20270062,8,0.9869235097398245,0.9023825039484584,0.690092252437926,0.5,0.75,0.875,-0.08454100579136603
seed27_P_O0_resume_step400,27,P_O0_resume,400,hard,20270063,8,1.8906120489869491,1.2754065317345005,1.2754065317345005,0,0.375,0.375,-0.6152055172524487
seed27_P_O0_resume_step400,27,P_O0_resume,400,hard,20270064,8,1.1093474478481788,1.2000879940499036,0.9604427981319379,0.375,0.5,0.625,0.09074054620172478
seed27_P_O0_resume_step400,27,P_O0_resume,400,hard,20270065,8,0.5073082086683123,0.6473722796314297,0.4477970349503443,0.875,1,1,0.14006407096311746
seed27_P_O0_resume_step400,27,P_O0_resume,400,hard,20270066,8,1.7324582945092841,1.2520859534580457,1.2520859534580457,0,0.375,0.375,-0.4803723410512384
seed27_P_O0_resume_step400,27,P_O0_resume,400,hard,20270067,8,1.239841200428017,1.1583886702280406,0.9921478678434136,0.5,0.5,0.5,-0.08145253019997645
seed27_P_O0_resume_step400,27,P_O0_resume,400,hard,20270068,8,1.3506022132091962,1.6408211430122759,1.3506022132091962,0.375,0.25,0.375,0.29021892980307973
seed27_P_O0_resume_step400,27,P_O0_resume,400,hard,20270069,8,1.4005280834771106,1.3719474212887,1.370237993746838,0.25,0.25,0.25,-0.0285806621884106
seed27_P_O0_resume_step400,27,P_O0_resume,400,hard,20270070,8,0.5414096691647794,1.2443573593349548,0.5414096691647794,1,0.125,1,0.7029476901701754
seed27_P_O0_resume_step400,27,P_O0_resume,400,hard,20270071,8,1.3279951297586567,1.4469001711232894,1.3252044284317344,0.375,0.125,0.125,0.11890504136463265
seed27_P_O0_resume_step400,27,P_O0_resume,400,hard,20270072,8,0.6104598119371486,0.7326607342143383,0.5980218305590349,1,1,1,0.1222009222771897
seed27_P_O0_resume_step400,27,P_O0_resume,400,hard,20270073,8,1.5612088183333181,1.8045563862003768,1.5612088183333181,0,0,0,0.2433475678670587
seed27_P_O0_resume_step400,27,P_O0_resume,400,hard,20270074,8,1.6118096996694755,1.3420770810154257,1.3420770810154257,0,0.125,0.125,-0.26973261865404985
seed27_P_O0_resume_step400,27,P_O0_resume,400,hard,20270075,8,1.243185740797939,1.3199854990767228,1.2368488861922013,0,0,0,0.07679975827878383
seed27_P_O0_resume_step400,27,P_O0_resume,400,hard,20270076,8,1.911917150732612,1.6628366174182636,1.6628366174182636,0,0,0,-0.24908053331434843
seed27_P_O0_resume_step400,27,P_O0_resume,400,hard,20270077,8,1.2577734820108262,1.5270664039550834,1.0994508927181383,0,0.375,0.375,0.26929292194425725
seed27_P_O0_resume_step400,27,P_O0_resume,400,hard,20270078,8,1.0657619043307913,1.1349554644540567,0.9660569865528954,0.625,0.5,0.625,0.06919356012326539
seed27_P_O0_resume_step400,27,P_O0_resume,400,hard,20270079,8,0.8576524902455236,0.623511848798102,0.623511848798102,0.75,1,1,-0.23414064144742164
seed27_P_O0_resume_step400,27,P_O0_resume,400,hard,20270080,8,1.1413410503799097,0.9738940010881082,0.8792631266379778,0.5,0.75,0.75,-0.16744704929180154
seed27_P_O0_resume_step400,27,P_O0_resume,400,hard,20270081,8,1.6101277540510408,1.2395068328134502,1.1953042349364433,0.125,0.375,0.5,-0.3706209212375906
seed27_P_O0_resume_step400,27,P_O0_resume,400,hard,20270082,8,1.7602067753247297,1.5352451614496805,1.5352451614496805,0,0.125,0.125,-0.2249616138750492
seed27_P_O0_resume_step400,27,P_O0_resume,400,hard,20270083,8,1.0194258647026309,0.971540939119545,0.9709340018072731,0.5,0.625,0.625,-0.04788492558308588
seed27_P_O0_resume_step400,27,P_O0_resume,400,hard,20270084,8,1.389736436407071,1.4855685267530485,1.368963551888838,0.375,0,0.375,0.0958320903459775
seed27_P_O0_resume_step400,27,P_O0_resume,400,hard,20270085,8,0.7649712462884063,1.0301128016003216,0.7435205558454275,0.875,0.625,0.875,0.2651415553119153
seed27_P_O0_resume_step400,27,P_O0_resume,400,hard,20270086,8,0.814920449937162,0.7412143230354279,0.7412143230354279,0.875,0.875,0.875,-0.07370612690173406
seed27_P_O0_resume_step400,27,P_O0_resume,400,hard,20270087,8,0.523929671239665,0.7164132617922998,0.4747100864981429,0.875,0.875,0.875,0.19248359055263475
seed27_P_O0_resume_step400,27,P_O0_resume,400,hard,20270088,8,1.5621749374568414,1.3247525669159985,1.3119767738454668,0,0.375,0.375,-0.23742237054084292
seed27_P_O0_resume_step400,27,P_O0_resume,400,hard,20270089,8,0.720304448097764,1.0337046586750962,0.71879309443032,1,0.5,1,0.31340021057733225
seed27_P_O0_resume_step400,27,P_O0_resume,400,hard,20270090,8,1.2432908614327152,1.5678600884084646,1.2432908614327152,0,0,0,0.3245692269757494
seed27_P_O0_resume_step400,27,P_O0_resume,400,hard,20270091,8,1.614418593805821,1.7137447394007514,1.5346490943628988,0,0,0,0.09932614559493036
seed27_P_O0_resume_step400,27,P_O0_resume,400,hard,20270092,8,0.8432061742416522,0.9397614836583316,0.8213371389067634,0.625,0.625,0.625,0.09655530941667934
seed27_P_O0_resume_step400,27,P_O0_resume,400,hard,20270093,8,1.5375114998915524,1.2260206432166378,1.100516658801159,0.375,0.375,0.5,-0.3114908566749146
seed27_P_O0_resume_step400,27,P_O0_resume,400,hard,20270094,8,0.5568157820659392,0.6298844209262422,0.4770179192405382,0.75,1,1,0.07306863886030301
seed27_P_O0_resume_step400,27,P_O0_resume,400,hard,20270095,8,1.375583381511939,1.1858277263022363,1.156376053893763,0,0.125,0.125,-0.1897556552097026
seed27_P_O0_resume_step400,27,P_O0_resume,400,hard,20270096,8,1.0074951147657762,1.6640785985360456,0.9831803118986513,0.25,0,0.25,0.6565834837702693
seed27_P_O0_resume_step400,27,P_O0_resume,400,hard,20270097,8,1.7296874841733696,1.3648445459737293,1.3648445459737293,0,0.375,0.375,-0.3648429381996403
seed27_P_O0_resume_step400,27,P_O0_resume,400,hard,20270098,8,1.1280124251794812,0.9988414690905687,0.9503420098485091,0.375,0.5,0.5,-0.1291709560889125
seed27_P_O0_resume_step400,27,P_O0_resume,400,hard,20270099,8,0.7019488210155066,0.8226786493933311,0.7019488210155066,1,0.875,1,0.12072982837782453
seed27_P_C2_warm_step50,27,P_C2_warm,50,easy,20270000,8,0.1216100837629604,0.26784524086489875,0.09638541522408833,1,1,1,0.14623515710193835
seed27_P_C2_warm_step50,27,P_C2_warm,50,easy,20270001,8,0.1699230738251543,0.3353284711322755,0.10247871130356549,1,1,1,0.16540539730712117
seed27_P_C2_warm_step50,27,P_C2_warm,50,easy,20270002,8,0.08728325868480927,0.5472293572833824,0.08728325868480927,1,0.875,1,0.45994609859857316
seed27_P_C2_warm_step50,27,P_C2_warm,50,easy,20270003,8,0.6059105999665428,0.748979483144026,0.5050524866191539,0.875,0.5,0.875,0.14306888317748312
seed27_P_C2_warm_step50,27,P_C2_warm,50,easy,20270004,8,0.766948226964637,0.5680644950679143,0.12107419914509866,0.75,0.625,1,-0.1988837318967227
seed27_P_C2_warm_step50,27,P_C2_warm,50,easy,20270005,8,0.1392156447769091,0.4994299577883918,0.12832199218165935,1,0.75,1,0.36021431301148266
seed27_P_C2_warm_step50,27,P_C2_warm,50,easy,20270006,8,0.12118901937289667,0.6823215011338892,0.08320307757002482,1,0.75,1,0.5611324817609926
seed27_P_C2_warm_step50,27,P_C2_warm,50,easy,20270007,8,0.03288857033708941,0.05716710273833447,0.032597489220394675,1,1,1,0.024278532401245057
seed27_P_C2_warm_step50,27,P_C2_warm,50,easy,20270008,8,0.7181142480688364,0.26994034864544775,0.2059345071409296,0.625,1,1,-0.44817389942338864
seed27_P_C2_warm_step50,27,P_C2_warm,50,easy,20270009,8,0.10573501623730025,0.2011646732140368,0.053281953086030474,1,1,1,0.09542965697673655
seed27_P_C2_warm_step50,27,P_C2_warm,50,easy,20270010,8,0.7681125289233797,0.9684808208168096,0.7657193641015331,0.375,0.375,0.375,0.20036829189342997
seed27_P_C2_warm_step50,27,P_C2_warm,50,easy,20270011,8,0.0778921668716786,0.21275099162162261,0.028370868046274228,1,1,1,0.134858824749944
seed27_P_C2_warm_step50,27,P_C2_warm,50,easy,20270012,8,0.08487919649553158,0.17339092598583677,0.0539570844748909,1,1,1,0.0885117294903052
seed27_P_C2_warm_step50,27,P_C2_warm,50,easy,20270013,8,0.2125973835792492,0.061209037759589496,0.05345013200232373,1,1,1,-0.1513883458196597
seed27_P_C2_warm_step50,27,P_C2_warm,50,easy,20270014,8,0.08143966386253058,0.08880041179224674,0.03847452237548886,1,1,1,0.007360747929716152
seed27_P_C2_warm_step50,27,P_C2_warm,50,easy,20270015,8,0.9898819084139008,0.38041989090441386,0.34406789910451796,0.375,1,1,-0.6094620175094869
seed27_P_C2_warm_step50,27,P_C2_warm,50,easy,20270016,8,0.19626367044473225,0.1029920943120258,0.09399809404731385,1,1,1,-0.09327157613270645
seed27_P_C2_warm_step50,27,P_C2_warm,50,easy,20270017,8,0.09091857693838432,0.09104618612821978,0.06416429170698727,1,1,1,0.00012760918983546754
seed27_P_C2_warm_step50,27,P_C2_warm,50,easy,20270018,8,0.0655142203189284,0.6597883070831542,0.0655142203189284,1,0.5,1,0.5942740867642258
seed27_P_C2_warm_step50,27,P_C2_warm,50,easy,20270019,8,0.3898825066654356,0.27250354140089517,0.08707064279395499,1,0.875,1,-0.11737896526454045
seed27_P_C2_warm_step50,27,P_C2_warm,50,easy,20270020,8,0.6539536121597058,0.5307046655111206,0.4366242825738162,0.75,0.875,1,-0.12324894664858521
seed27_P_C2_warm_step50,27,P_C2_warm,50,easy,20270021,8,0.07853768780088118,0.12544314798713038,0.04791474929462997,1,1,1,0.04690546018624921
seed27_P_C2_warm_step50,27,P_C2_warm,50,easy,20270022,8,1.5860483483754817,0.46795224379160405,0.3096180611753556,0.5,1,1,-1.1180961045838775
seed27_P_C2_warm_step50,27,P_C2_warm,50,easy,20270023,8,0.10374037343159555,1.1676040188418595,0.09515475464369022,1,0.375,1,1.063863645410264
seed27_P_C2_warm_step50,27,P_C2_warm,50,easy,20270024,8,0.07114665983633438,0.5556527891197981,0.05113748505110691,1,0.75,1,0.4845061292834637
seed27_P_C2_warm_step50,27,P_C2_warm,50,easy,20270025,8,0.34025570619840084,0.33586645512042407,0.16283160485600404,1,1,1,-0.004389251077976775
seed27_P_C2_warm_step50,27,P_C2_warm,50,easy,20270026,8,0.21216242628737186,0.32692236611387115,0.1373630398396131,1,1,1,0.11475993982649929
seed27_P_C2_warm_step50,27,P_C2_warm,50,easy,20270027,8,0.06374086201956251,0.17793736685234277,0.048939200867072374,1,1,1,0.11419650483278025
seed27_P_C2_warm_step50,27,P_C2_warm,50,easy,20270028,8,0.209624088885699,0.5909993682839649,0.1479851238270738,1,0.75,1,0.38137527939826593
seed27_P_C2_warm_step50,27,P_C2_warm,50,easy,20270029,8,0.08997561826988974,0.11794419071467625,0.05160677856408014,1,1,1,0.02796857244478651
seed27_P_C2_warm_step50,27,P_C2_warm,50,easy,20270030,8,0.6961689274905098,0.4981013695930275,0.49749088050439694,0.625,0.625,0.625,-0.19806755789748237
seed27_P_C2_warm_step50,27,P_C2_warm,50,easy,20270031,8,0.3222322693241369,0.9598551716864195,0.31205510557459215,1,0.25,1,0.6376229023622826
seed27_P_C2_warm_step50,27,P_C2_warm,50,easy,20270032,8,0.11421064157565936,0.3496021152034861,0.062051844008118556,1,1,1,0.23539147362782675
seed27_P_C2_warm_step50,27,P_C2_warm,50,easy,20270033,8,0.3746829063931991,0.4442187755484447,0.34483224096280357,0.875,0.875,0.875,0.06953586915524557
seed27_P_C2_warm_step50,27,P_C2_warm,50,easy,20270034,8,0.07249913366634236,0.08945415787993491,0.04423506920677984,1,1,1,0.016955024213592546
seed27_P_C2_warm_step50,27,P_C2_warm,50,easy,20270035,8,0.08304080121243074,0.23937159930257812,0.06728501657288827,1,1,1,0.15633079809014738
seed27_P_C2_warm_step50,27,P_C2_warm,50,easy,20270036,8,0.4571556746214277,0.2536577839368562,0.2512402590829646,1,1,1,-0.20349789068457153
seed27_P_C2_warm_step50,27,P_C2_warm,50,easy,20270037,8,0.11829879227275994,0.15643694122053534,0.11271770562074965,1,1,1,0.0381381489477754
seed27_P_C2_warm_step50,27,P_C2_warm,50,easy,20270038,8,0.06454011776811479,0.1523021245643831,0.036838544168813415,1,1,1,0.08776200679626832
seed27_P_C2_warm_step50,27,P_C2_warm,50,easy,20270039,8,0.1583499749252795,0.49704830052439797,0.14028112480629015,1,0.75,1,0.3386983255991185
seed27_P_C2_warm_step50,27,P_C2_warm,50,easy,20270040,8,0.986274639846131,0.8878312188837767,0.8526879075319435,0.5,0.625,0.625,-0.09844342096235426
seed27_P_C2_warm_step50,27,P_C2_warm,50,easy,20270041,8,0.8750060177398675,0.9097586263718721,0.8507281409994385,0.375,0.375,0.375,0.03475260863200458
seed27_P_C2_warm_step50,27,P_C2_warm,50,easy,20270042,8,0.32677829884260573,0.10229891159211286,0.09653018939524263,0.875,1,1,-0.22447938725049288
seed27_P_C2_warm_step50,27,P_C2_warm,50,easy,20270043,8,0.9682191340379365,0.6468904525655963,0.6247267388263298,0.375,0.625,0.625,-0.32132868147234017
seed27_P_C2_warm_step50,27,P_C2_warm,50,easy,20270044,8,0.1057708461415316,0.52794909252254,0.07936475843872814,1,0.75,1,0.42217824638100837
seed27_P_C2_warm_step50,27,P_C2_warm,50,easy,20270045,8,0.2269593826366951,0.24931466291684057,0.1915835478991765,1,1,1,0.022355280280145468
seed27_P_C2_warm_step50,27,P_C2_warm,50,easy,20270046,8,0.10672984545644655,0.27823865875620357,0.08501051565749551,1,1,1,0.17150881329975703
seed27_P_C2_warm_step50,27,P_C2_warm,50,easy,20270047,8,0.592110351956267,0.41466208829012713,0.372013110169593,0.75,0.875,0.875,-0.17744826366613992
seed27_P_C2_warm_step50,27,P_C2_warm,50,easy,20270048,8,0.10073408793946656,0.6325073138224852,0.10073408793946656,1,0.75,1,0.5317732258830186
seed27_P_C2_warm_step50,27,P_C2_warm,50,easy,20270049,8,0.40226703511906997,0.28072660404567285,0.24556665545316078,0.875,1,1,-0.12154043107339713
seed27_P_C2_warm_step50,27,P_C2_warm,50,easy,20270050,8,0.12394184397813252,0.061120027377292004,0.03213962656579151,1,1,1,-0.06282181660084052
seed27_P_C2_warm_step50,27,P_C2_warm,50,easy,20270051,8,1.2804588668493695,1.154319391113061,1.1366605207725944,0.25,0.375,0.375,-0.12613947573630857
seed27_P_C2_warm_step50,27,P_C2_warm,50,easy,20270052,8,1.4478560905036206,0.3715210660264471,0.3471507694387001,0.375,0.875,0.875,-1.0763350244771734
seed27_P_C2_warm_step50,27,P_C2_warm,50,easy,20270053,8,0.2731395994210595,0.7018429086409159,0.2731395994210595,1,0.375,1,0.42870330921985644
seed27_P_C2_warm_step50,27,P_C2_warm,50,easy,20270054,8,0.056859718802217935,0.18220517138979048,0.05539567265741657,1,1,1,0.12534545258757254
seed27_P_C2_warm_step50,27,P_C2_warm,50,easy,20270055,8,0.4001459808821511,0.2611305978113606,0.23918970235234904,0.75,1,1,-0.13901538307079048
seed27_P_C2_warm_step50,27,P_C2_warm,50,easy,20270056,8,0.8658344868879633,0.2019905854108933,0.20125162353693893,0.75,0.875,0.875,-0.66384390147707
seed27_P_C2_warm_step50,27,P_C2_warm,50,easy,20270057,8,0.12926297526444977,0.11435191893070772,0.09300772701191008,1,1,1,-0.014911056333742054
seed27_P_C2_warm_step50,27,P_C2_warm,50,easy,20270058,8,0.9461104274154645,0.6728157850564663,0.6588171496847324,0.5,0.5,0.5,-0.27329464235899814
seed27_P_C2_warm_step50,27,P_C2_warm,50,easy,20270059,8,0.3210848881544721,0.4764418974170667,0.3210848881544721,0.875,0.625,0.875,0.1553570092625946
seed27_P_C2_warm_step50,27,P_C2_warm,50,easy,20270060,8,0.06894605188940794,0.24173013438141927,0.06894605188940794,1,1,1,0.17278408249201133
seed27_P_C2_warm_step50,27,P_C2_warm,50,easy,20270061,8,2.211744111362437,0.5545364847918274,0.5545364847918274,0.375,0.625,0.625,-1.6572076265706097
seed27_P_C2_warm_step50,27,P_C2_warm,50,easy,20270062,8,0.3331611417008089,1.5054197262519573,0.3331611417008089,1,0,1,1.1722585845511484
seed27_P_C2_warm_step50,27,P_C2_warm,50,easy,20270063,8,0.07622532563116195,0.6186520820125507,0.07622532563116195,1,0.75,1,0.5424267563813888
seed27_P_C2_warm_step50,27,P_C2_warm,50,easy,20270064,8,1.2734014248225511,1.109100820826507,0.9088904691335413,0.625,0.625,0.625,-0.16430060399604418
seed27_P_C2_warm_step50,27,P_C2_warm,50,easy,20270065,8,0.09155217687817747,0.16584604931869626,0.09155217687817747,1,1,1,0.07429387244051879
seed27_P_C2_warm_step50,27,P_C2_warm,50,easy,20270066,8,0.42247537138344404,0.07500362489653276,0.029883150849471966,1,1,1,-0.34747174648691126
seed27_P_C2_warm_step50,27,P_C2_warm,50,easy,20270067,8,0.5451719510997354,2.485801426915971,0.16467066243048967,0.75,0.25,1,1.9406294758162357
seed27_P_C2_warm_step50,27,P_C2_warm,50,easy,20270068,8,0.979256383646675,1.0071986678220641,0.9159096129194265,0.5,0.5,0.5,0.02794228417538913
seed27_P_C2_warm_step50,27,P_C2_warm,50,easy,20270069,8,0.22765619335975795,0.2524007348646695,0.12650776693554186,1,1,1,0.024744541504911566
seed27_P_C2_warm_step50,27,P_C2_warm,50,easy,20270070,8,0.13585812582253654,0.39278221320513956,0.13585812582253654,1,1,1,0.25692408738260303
seed27_P_C2_warm_step50,27,P_C2_warm,50,easy,20270071,8,0.057745713432328184,0.2126296034938135,0.04710322545378158,1,1,1,0.1548838900614853
seed27_P_C2_warm_step50,27,P_C2_warm,50,easy,20270072,8,0.0492079084213058,0.19157546768122563,0.0492079084213058,1,1,1,0.14236755925991984
seed27_P_C2_warm_step50,27,P_C2_warm,50,easy,20270073,8,0.15994221429115515,0.5560864401158732,0.15143596133698517,1,0.75,1,0.396144225824718
seed27_P_C2_warm_step50,27,P_C2_warm,50,easy,20270074,8,0.3914406099822763,0.7899119968674202,0.3914406099822763,0.875,0.375,0.875,0.3984713868851439
seed27_P_C2_warm_step50,27,P_C2_warm,50,easy,20270075,8,0.7178207851950047,0.2922639639408767,0.14033647491282675,0.5,1,1,-0.42555682125412797
seed27_P_C2_warm_step50,27,P_C2_warm,50,easy,20270076,8,0.1123251266036551,0.739475282671506,0.07110244577544149,1,0.375,1,0.6271501560678509
seed27_P_C2_warm_step50,27,P_C2_warm,50,easy,20270077,8,0.1681523483161872,0.5750976572219285,0.14603361302362367,1,0.75,1,0.4069453089057413
seed27_P_C2_warm_step50,27,P_C2_warm,50,easy,20270078,8,1.2173979610870083,0.4588574883810181,0.3520127790927782,0.375,1,1,-0.7585404727059901
seed27_P_C2_warm_step50,27,P_C2_warm,50,easy,20270079,8,2.2884827092503652,1.62751251110181,1.416218150215018,0.375,0.375,0.375,-0.6609701981485552
seed27_P_C2_warm_step50,27,P_C2_warm,50,easy,20270080,8,0.0465473253200485,0.14372421501056115,0.040423702599572606,1,1,1,0.09717688969051265
seed27_P_C2_warm_step50,27,P_C2_warm,50,easy,20270081,8,0.12757841532847689,0.11243782623990763,0.09184020041971717,1,1,1,-0.015140589088569259
seed27_P_C2_warm_step50,27,P_C2_warm,50,easy,20270082,8,0.8616603534803081,0.16555856535408134,0.07313766765194173,0.625,1,1,-0.6961017881262268
seed27_P_C2_warm_step50,27,P_C2_warm,50,easy,20270083,8,0.21487223007461229,0.2717446658481153,0.2032695504607752,1,0.875,1,0.05687243577350301
seed27_P_C2_warm_step50,27,P_C2_warm,50,easy,20270084,8,0.6083445678975694,0.5975271864945322,0.5548475208026844,0.625,0.625,0.625,-0.01081738140303723
seed27_P_C2_warm_step50,27,P_C2_warm,50,easy,20270085,8,0.1270725421315655,0.617950716326624,0.06101592573031952,1,0.5,1,0.4908781741950585
seed27_P_C2_warm_step50,27,P_C2_warm,50,easy,20270086,8,0.10927447356095431,0.6910104643416237,0.10927447356095431,1,1,1,0.5817359907806694
seed27_P_C2_warm_step50,27,P_C2_warm,50,easy,20270087,8,0.1449078167342323,0.2238850982648295,0.06623300641115291,1,0.875,1,0.07897728153059719
seed27_P_C2_warm_step50,27,P_C2_warm,50,easy,20270088,8,0.19352817160804617,0.04051195685345077,0.04051195685345077,1,1,1,-0.1530162147545954
seed27_P_C2_warm_step50,27,P_C2_warm,50,easy,20270089,8,0.44146142199542737,0.45390697914659034,0.23426047007972556,0.875,0.75,0.875,0.012445557151162967
seed27_P_C2_warm_step50,27,P_C2_warm,50,easy,20270090,8,0.06409523139277618,0.8199265458922371,0.06409523139277618,1,0.875,1,0.755831314499461
seed27_P_C2_warm_step50,27,P_C2_warm,50,easy,20270091,8,0.456135193933104,0.18213034409137907,0.08133690198589608,1,0.875,1,-0.2740048498417249
seed27_P_C2_warm_step50,27,P_C2_warm,50,easy,20270092,8,0.060135898900261414,0.20197158628018594,0.05984244266359427,1,1,1,0.14183568737992452
seed27_P_C2_warm_step50,27,P_C2_warm,50,easy,20270093,8,1.1087472384583008,0.49728754422162713,0.138406796858885,0.625,1,1,-0.6114596942366737
seed27_P_C2_warm_step50,27,P_C2_warm,50,easy,20270094,8,0.07392977452803792,1.159724599904158,0.03818603656043845,1,0.5,1,1.0857948253761203
seed27_P_C2_warm_step50,27,P_C2_warm,50,easy,20270095,8,0.08526243242958424,0.1144857565824122,0.05481540846217229,1,1,1,0.029223324152827954
seed27_P_C2_warm_step50,27,P_C2_warm,50,easy,20270096,8,0.07169925185644031,0.4799300341528821,0.06526922464017788,1,0.75,1,0.4082307822964418
seed27_P_C2_warm_step50,27,P_C2_warm,50,easy,20270097,8,0.1847152528256562,0.03854652267921952,0.03854652267921952,1,1,1,-0.1461687301464367
seed27_P_C2_warm_step50,27,P_C2_warm,50,easy,20270098,8,0.6850712502197255,0.4433389011492046,0.4433389011492046,0.75,0.75,0.75,-0.24173234907052088
seed27_P_C2_warm_step50,27,P_C2_warm,50,easy,20270099,8,0.08027898014528063,0.13606537786710035,0.036829544440870395,1,1,1,0.05578639772181972
seed27_P_C2_warm_step50,27,P_C2_warm,50,hard,20270000,8,1.5703587335773004,1.9733788262906564,1.5703587335773004,0.125,0,0.125,0.40302009271335604
seed27_P_C2_warm_step50,27,P_C2_warm,50,hard,20270001,8,1.0236498991783074,1.0715587437378693,0.48531555982677216,0.625,0.625,1,0.0479088445595619
seed27_P_C2_warm_step50,27,P_C2_warm,50,hard,20270002,8,2.1240959277695914,1.2028722446397926,1.2028722446397926,0,0.5,0.5,-0.9212236831297989
seed27_P_C2_warm_step50,27,P_C2_warm,50,hard,20270003,8,2.110504584980483,1.7090137930266172,1.7090137930266172,0,0.375,0.375,-0.4014907919538657
seed27_P_C2_warm_step50,27,P_C2_warm,50,hard,20270004,8,1.4938592750513293,1.3417350270126642,1.3417350270126642,0,0.25,0.25,-0.1521242480386651
seed27_P_C2_warm_step50,27,P_C2_warm,50,hard,20270005,8,1.56242677291507,1.5373573684025634,1.5282556939512464,0,0,0,-0.02506940451250661
seed27_P_C2_warm_step50,27,P_C2_warm,50,hard,20270006,8,1.3210816822497442,1.047399267139398,1.0319665859679108,0.25,0.5,0.5,-0.2736824151103463
seed27_P_C2_warm_step50,27,P_C2_warm,50,hard,20270007,8,1.9712172958403509,1.5054228404668315,1.3861577945785384,0.375,0.125,0.375,-0.4657944553735194
seed27_P_C2_warm_step50,27,P_C2_warm,50,hard,20270008,8,1.6130969014830303,1.6914039649067072,1.6114847456842378,0,0,0,0.07830706342367688
seed27_P_C2_warm_step50,27,P_C2_warm,50,hard,20270009,8,0.7264179450109799,0.9969597072914668,0.7264179450109799,0.75,1,0.75,0.2705417622804869
seed27_P_C2_warm_step50,27,P_C2_warm,50,hard,20270010,8,1.3502846208816688,1.628072126870606,1.211187643186058,0,0.25,0.25,0.2777875059889372
seed27_P_C2_warm_step50,27,P_C2_warm,50,hard,20270011,8,1.0218309872696651,1.014716403554027,0.9483818916453746,0.375,0.375,0.375,-0.007114583715638112
seed27_P_C2_warm_step50,27,P_C2_warm,50,hard,20270012,8,0.8141118006995852,0.9719064451347037,0.576936863076977,1,0.625,1,0.15779464443511848
seed27_P_C2_warm_step50,27,P_C2_warm,50,hard,20270013,8,1.896948146856912,1.1059953478135132,1.097912786085001,0,0.75,0.625,-0.7909527990433989
seed27_P_C2_warm_step50,27,P_C2_warm,50,hard,20270014,8,1.2718790269439233,1.3314533036442353,1.2718790269439233,0.375,0.375,0.375,0.05957427670031201
seed27_P_C2_warm_step50,27,P_C2_warm,50,hard,20270015,8,1.4131149017253308,1.2579830936840959,1.2379979585831478,0.125,0.25,0.125,-0.15513180804123494
seed27_P_C2_warm_step50,27,P_C2_warm,50,hard,20270016,8,1.0195244482599335,0.8596283019162096,0.8596283019162096,0.75,1,1,-0.15989614634372384
seed27_P_C2_warm_step50,27,P_C2_warm,50,hard,20270017,8,1.0714853245060567,1.0838658997766506,1.0088063974882073,0.625,0.625,0.625,0.012380575270593885
seed27_P_C2_warm_step50,27,P_C2_warm,50,hard,20270018,8,1.1020182627489152,1.4563395963517904,1.1020182627489152,0.625,0.125,0.625,0.3543213336028752
seed27_P_C2_warm_step50,27,P_C2_warm,50,hard,20270019,8,1.3785568064885412,1.3419790964321077,1.020410106373522,0.625,0.625,0.625,-0.03657771005643351
seed27_P_C2_warm_step50,27,P_C2_warm,50,hard,20270020,8,1.0156997297529937,0.9693705894704959,0.8768028527062249,0.875,0.875,0.875,-0.046329140282497794
seed27_P_C2_warm_step50,27,P_C2_warm,50,hard,20270021,8,1.5327080420984034,1.4327701936307722,1.4327701936307722,0.125,0.25,0.25,-0.09993784846763121
seed27_P_C2_warm_step50,27,P_C2_warm,50,hard,20270022,8,1.6053217096975687,1.223542838037716,1.223542838037716,0,0.25,0.25,-0.3817788716598527
seed27_P_C2_warm_step50,27,P_C2_warm,50,hard,20270023,8,1.1008917047889488,0.9132810714422721,0.8970238210110139,0.625,0.625,0.625,-0.18761063334667671
seed27_P_C2_warm_step50,27,P_C2_warm,50,hard,20270024,8,1.9836291296793973,0.8759509928850286,0.8759509928850286,0,0.875,0.875,-1.1076781367943687
seed27_P_C2_warm_step50,27,P_C2_warm,50,hard,20270025,8,1.2539603368656498,1.1853880322496286,1.1853880322496286,0.75,0.875,0.875,-0.06857230461602115
seed27_P_C2_warm_step50,27,P_C2_warm,50,hard,20270026,8,1.150040080302382,1.0677158345596873,0.9950410465894937,0.5,0.5,0.5,-0.0823242457426947
seed27_P_C2_warm_step50,27,P_C2_warm,50,hard,20270027,8,1.0163733875968162,1.0849901050631376,1.0163733875968162,0.625,0.625,0.625,0.06861671746632148
seed27_P_C2_warm_step50,27,P_C2_warm,50,hard,20270028,8,0.8452898411618789,0.8870966047106916,0.8452898411618789,0.5,0.5,0.5,0.04180676354881274
seed27_P_C2_warm_step50,27,P_C2_warm,50,hard,20270029,8,0.6159951581593258,0.6969153413563296,0.44598168161102575,0.5,0.875,1,0.08092018319700378
seed27_P_C2_warm_step50,27,P_C2_warm,50,hard,20270030,8,1.224086387320971,1.105991958212632,1.0394141400435202,0.5,0.5,0.5,-0.118094429108339
seed27_P_C2_warm_step50,27,P_C2_warm,50,hard,20270031,8,1.5835498522872815,1.1916425851518448,1.0974352254506698,0.375,0.375,0.375,-0.39190726713543667
seed27_P_C2_warm_step50,27,P_C2_warm,50,hard,20270032,8,1.1344302544555944,1.2492596737199613,1.1344302544555944,0.625,0.375,0.625,0.11482941926436685
seed27_P_C2_warm_step50,27,P_C2_warm,50,hard,20270033,8,1.1077201994837085,1.3489030950853134,1.1077201994837085,0.25,0.125,0.25,0.24118289560160489
seed27_P_C2_warm_step50,27,P_C2_warm,50,hard,20270034,8,0.9914323440782965,1.2914020074212154,0.9858934179450028,0.875,0.375,0.875,0.29996966334291886
seed27_P_C2_warm_step50,27,P_C2_warm,50,hard,20270035,8,1.1824878320669274,1.1484771027816083,1.0437909124501954,0.75,0.5,0.75,-0.03401072928531912
seed27_P_C2_warm_step50,27,P_C2_warm,50,hard,20270036,8,1.5084045946305038,1.2612263057220212,1.2612263057220212,0.125,0.5,0.5,-0.2471782889084826
seed27_P_C2_warm_step50,27,P_C2_warm,50,hard,20270037,8,1.6301410209735052,1.3175156120894242,1.3175156120894242,0,0.625,0.625,-0.31262540888408097
seed27_P_C2_warm_step50,27,P_C2_warm,50,hard,20270038,8,1.290638791227599,1.0492722576752826,1.0492722576752826,0.5,0.5,0.5,-0.2413665335523163
seed27_P_C2_warm_step50,27,P_C2_warm,50,hard,20270039,8,1.5161636125901437,1.5286516058720587,1.4977905189542406,0.25,0.25,0.25,0.012487993281915077
seed27_P_C2_warm_step50,27,P_C2_warm,50,hard,20270040,8,0.42874809277105164,0.5720366480570953,0.42874809277105164,1,1,1,0.14328855528604367
seed27_P_C2_warm_step50,27,P_C2_warm,50,hard,20270041,8,2.069452008405826,1.579654935080957,1.4962481830518095,0.375,0.25,0.375,-0.4897970733248689
seed27_P_C2_warm_step50,27,P_C2_warm,50,hard,20270042,8,1.27989554223523,1.0616642457975674,1.037060480331015,0.25,0.75,0.75,-0.2182312964376627
seed27_P_C2_warm_step50,27,P_C2_warm,50,hard,20270043,8,1.4375994379212296,1.5835769199680323,1.4375994379212296,0.125,0.125,0.125,0.14597748204680272
seed27_P_C2_warm_step50,27,P_C2_warm,50,hard,20270044,8,1.2352778277963417,1.069922411138758,1.069922411138758,0.25,0.5,0.5,-0.1653554166575837
seed27_P_C2_warm_step50,27,P_C2_warm,50,hard,20270045,8,1.1800528026921713,0.8725294194748618,0.8643705316243842,0.5,0.875,0.875,-0.30752338321730943
seed27_P_C2_warm_step50,27,P_C2_warm,50,hard,20270046,8,1.776517143804939,1.4412400296380936,1.4381908748999874,0.125,0.125,0.125,-0.33527711416684536
seed27_P_C2_warm_step50,27,P_C2_warm,50,hard,20270047,8,1.0126129625734863,1.340709082767915,1.0126129625734863,0.875,0.25,0.875,0.3280961201944286
seed27_P_C2_warm_step50,27,P_C2_warm,50,hard,20270048,8,0.9594964202168862,0.8095812313820208,0.5914994709651091,0.875,0.75,0.875,-0.14991518883486543
seed27_P_C2_warm_step50,27,P_C2_warm,50,hard,20270049,8,1.3446172875181728,1.2145192843345343,1.1639255513255917,0.5,0.5,0.5,-0.1300980031836385
seed27_P_C2_warm_step50,27,P_C2_warm,50,hard,20270050,8,0.8536798421416679,0.8193407936017867,0.5198962163009324,0.625,0.875,0.875,-0.034339048539881234
seed27_P_C2_warm_step50,27,P_C2_warm,50,hard,20270051,8,1.2224843847545226,1.4078603416228477,1.2224843847545226,0.375,0.125,0.375,0.1853759568683251
seed27_P_C2_warm_step50,27,P_C2_warm,50,hard,20270052,8,1.2618236402925926,1.209827864890066,0.9984956294521367,0.625,0.625,0.625,-0.051995775402526645
seed27_P_C2_warm_step50,27,P_C2_warm,50,hard,20270053,8,1.0215989226401823,1.5757189577100217,0.9493219014887799,0.75,0,0.75,0.5541200350698394
seed27_P_C2_warm_step50,27,P_C2_warm,50,hard,20270054,8,0.8920300174246625,0.8808833010180864,0.7863052038717595,0.75,0.75,0.75,-0.011146716406576052
seed27_P_C2_warm_step50,27,P_C2_warm,50,hard,20270055,8,1.7311797968484248,1.3120150051999233,1.1452984439087242,0.5,0.125,0.625,-0.4191647916485015
seed27_P_C2_warm_step50,27,P_C2_warm,50,hard,20270056,8,1.0807722392060648,0.9552042188503967,0.7811502396730748,0.875,0.625,1,-0.12556802035566805
seed27_P_C2_warm_step50,27,P_C2_warm,50,hard,20270057,8,2.279544524761265,1.8306785250378061,1.8306785250378061,0,0,0,-0.448865999723459
seed27_P_C2_warm_step50,27,P_C2_warm,50,hard,20270058,8,1.6861703160431334,1.1371719064688737,0.9877417020380767,0.375,0.5,0.5,-0.5489984095742597
seed27_P_C2_warm_step50,27,P_C2_warm,50,hard,20270059,8,1.0145328486458258,1.0569104214618978,1.0145328486458258,0.375,0.375,0.375,0.04237757281607202
seed27_P_C2_warm_step50,27,P_C2_warm,50,hard,20270060,8,1.4995822496372961,1.5519436089902654,1.4995822496372961,0.125,0.125,0.125,0.05236135935296926
seed27_P_C2_warm_step50,27,P_C2_warm,50,hard,20270061,8,0.8784129864550873,1.35297679790661,0.8784129864550873,0.5,0,0.5,0.4745638114515228
seed27_P_C2_warm_step50,27,P_C2_warm,50,hard,20270062,8,1.493053950329957,1.1089215366068623,0.963712027958003,0.5,0.5,0.5,-0.3841324137230946
seed27_P_C2_warm_step50,27,P_C2_warm,50,hard,20270063,8,2.1249058769343248,1.4057182221146767,1.4057182221146767,0,0.375,0.375,-0.7191876548196481
seed27_P_C2_warm_step50,27,P_C2_warm,50,hard,20270064,8,1.0748775229246945,1.1075869964341956,0.7784489060925202,0.5,0.5,1,0.03270947350950104
seed27_P_C2_warm_step50,27,P_C2_warm,50,hard,20270065,8,0.6843797520673118,0.9917089913364774,0.5539567770324947,0.75,0.75,0.75,0.30732923926916556
seed27_P_C2_warm_step50,27,P_C2_warm,50,hard,20270066,8,2.5586787864183935,1.6758576342860056,1.6758576342860056,0,0.125,0.125,-0.8828211521323879
seed27_P_C2_warm_step50,27,P_C2_warm,50,hard,20270067,8,1.5668469139491843,1.3175670111908826,1.1320865434520535,0.5,0.5,0.5,-0.2492799027583017
seed27_P_C2_warm_step50,27,P_C2_warm,50,hard,20270068,8,1.3909957811974158,1.519830281372822,1.34443548602008,0.375,0,0.375,0.1288345001754061
seed27_P_C2_warm_step50,27,P_C2_warm,50,hard,20270069,8,1.5472731082976166,1.4885711748927624,1.314080063938412,0,0.375,0.375,-0.05870193340485419
seed27_P_C2_warm_step50,27,P_C2_warm,50,hard,20270070,8,0.6322778779926069,1.5521844753669942,0.6322778779926069,0.875,0,0.875,0.9199065973743873
seed27_P_C2_warm_step50,27,P_C2_warm,50,hard,20270071,8,1.337945501225968,1.3592588577282592,1.3346774628648155,0.125,0.125,0.125,0.02131335650229116
seed27_P_C2_warm_step50,27,P_C2_warm,50,hard,20270072,8,0.8150666741950149,0.9249157340569201,0.7741753526432196,0.5,1,1,0.10984905986190519
seed27_P_C2_warm_step50,27,P_C2_warm,50,hard,20270073,8,1.4711554041933894,1.5458341890103404,1.4711554041933894,0.375,0.25,0.375,0.074678784816951
seed27_P_C2_warm_step50,27,P_C2_warm,50,hard,20270074,8,1.5090486809854213,1.1740492686228365,1.1740492686228365,0,0.625,0.625,-0.3349994123625848
seed27_P_C2_warm_step50,27,P_C2_warm,50,hard,20270075,8,1.3325143922595264,1.2506637541324448,1.2506637541324448,0.125,0.125,0.125,-0.0818506381270816
seed27_P_C2_warm_step50,27,P_C2_warm,50,hard,20270076,8,1.9129448349528384,1.4812983080710254,1.4812983080710254,0,0,0,-0.43164652688181304
seed27_P_C2_warm_step50,27,P_C2_warm,50,hard,20270077,8,1.1459925226007641,1.2655920718148141,1.0609546347484415,0,0,0,0.11959954921405003
seed27_P_C2_warm_step50,27,P_C2_warm,50,hard,20270078,8,1.1911233928164044,1.0282266050832325,1.0240988302835126,0.5,0.75,0.75,-0.16289678773317195
seed27_P_C2_warm_step50,27,P_C2_warm,50,hard,20270079,8,1.4273842121184561,0.8826232172596039,0.8826232172596039,0.375,0.75,0.75,-0.5447609948588522
seed27_P_C2_warm_step50,27,P_C2_warm,50,hard,20270080,8,1.4406167098085594,1.1185505275679535,1.0212444116557327,0.5,0.625,0.625,-0.3220661822406059
seed27_P_C2_warm_step50,27,P_C2_warm,50,hard,20270081,8,1.916700555340036,1.4596670340673092,1.381235163383943,0,0.25,0,-0.4570335212727268
seed27_P_C2_warm_step50,27,P_C2_warm,50,hard,20270082,8,1.8638830800832087,1.496229404466339,1.496229404466339,0,0,0,-0.3676536756168698
seed27_P_C2_warm_step50,27,P_C2_warm,50,hard,20270083,8,1.0353550125161053,1.0002465655600183,0.973716822785484,0.5,0.5,0.5,-0.03510844695608695
seed27_P_C2_warm_step50,27,P_C2_warm,50,hard,20270084,8,1.5633776288180359,1.3381605495028228,1.2824007325564617,0.25,0.25,0.25,-0.22521707931521306
seed27_P_C2_warm_step50,27,P_C2_warm,50,hard,20270085,8,0.8265829579845488,1.3788802904315118,0.6919787701068645,0.875,0.5,1,0.552297332446963
seed27_P_C2_warm_step50,27,P_C2_warm,50,hard,20270086,8,1.2000537706788492,0.8728967357953985,0.8728967357953985,0.875,1,1,-0.3271570348834507
seed27_P_C2_warm_step50,27,P_C2_warm,50,hard,20270087,8,0.7874622025073177,1.0466798671917192,0.6824994218062302,0.875,0.875,0.875,0.25921766468440155
seed27_P_C2_warm_step50,27,P_C2_warm,50,hard,20270088,8,2.1107099096177673,1.6244618877900692,1.6244618877900692,0,0,0,-0.4862480218276981
seed27_P_C2_warm_step50,27,P_C2_warm,50,hard,20270089,8,0.8659601461337371,1.5442849690863432,0.8593705338078855,1,0.125,1,0.6783248229526061
seed27_P_C2_warm_step50,27,P_C2_warm,50,hard,20270090,8,1.5899143169382497,1.5210557070011024,1.4677246793819387,0,0,0,-0.06885860993714732
seed27_P_C2_warm_step50,27,P_C2_warm,50,hard,20270091,8,2.5450235589544663,1.3343404407166342,1.3343404407166342,0,0.625,0.625,-1.2106831182378321
seed27_P_C2_warm_step50,27,P_C2_warm,50,hard,20270092,8,0.7687062188735043,0.8966724387051257,0.7265244543776862,0.625,0.625,0.625,0.12796621983162138
seed27_P_C2_warm_step50,27,P_C2_warm,50,hard,20270093,8,2.077089920467969,1.728057323683421,1.5098876817903688,0.375,0.25,0.375,-0.349032596784548
seed27_P_C2_warm_step50,27,P_C2_warm,50,hard,20270094,8,0.793106883345151,0.8598574062870924,0.7429901045641913,1,1,1,0.06675052294194139
seed27_P_C2_warm_step50,27,P_C2_warm,50,hard,20270095,8,1.2546383388934008,1.162580187472272,1.162580187472272,0,0.25,0.25,-0.09205815142112872
seed27_P_C2_warm_step50,27,P_C2_warm,50,hard,20270096,8,1.2732279258093304,2.049597908521153,1.2732279258093304,0,0,0,0.7763699827118224
seed27_P_C2_warm_step50,27,P_C2_warm,50,hard,20270097,8,1.7407468962164647,1.2242062301690553,1.2242062301690553,0,0.375,0.375,-0.5165406660474094
seed27_P_C2_warm_step50,27,P_C2_warm,50,hard,20270098,8,1.492602180147556,1.2423519226087878,1.2423519226087878,0.375,0.5,0.5,-0.2502502575387682
seed27_P_C2_warm_step50,27,P_C2_warm,50,hard,20270099,8,0.967752970712899,1.1631257070633645,0.9429202716601756,0.625,0.5,0.625,0.19537273635046548
seed27_P_C2_warm_step100,27,P_C2_warm,100,easy,20270000,8,0.1389274969892035,0.16155354999784127,0.12088955354667519,1,1,1,0.022626053008637764
seed27_P_C2_warm_step100,27,P_C2_warm,100,easy,20270001,8,0.1948784800688011,0.14018995675063772,0.12110618525197445,1,1,1,-0.05468852331816337
seed27_P_C2_warm_step100,27,P_C2_warm,100,easy,20270002,8,0.08955500371416189,0.31811119694196044,0.08955500371416189,1,1,1,0.22855619322779855
seed27_P_C2_warm_step100,27,P_C2_warm,100,easy,20270003,8,0.6194724950643675,0.7605012239130701,0.501467966430844,0.875,0.5,0.875,0.14102872884870254
seed27_P_C2_warm_step100,27,P_C2_warm,100,easy,20270004,8,0.8857457126140267,0.7058608594075342,0.10383363591284157,0.625,0.5,1,-0.1798848532064925
seed27_P_C2_warm_step100,27,P_C2_warm,100,easy,20270005,8,0.1064452133323176,0.795866822699822,0.09387586051204548,1,0.625,1,0.6894216093675044
seed27_P_C2_warm_step100,27,P_C2_warm,100,easy,20270006,8,0.10611183715110675,0.455788809797996,0.0555788697501289,1,1,1,0.34967697264688924
seed27_P_C2_warm_step100,27,P_C2_warm,100,easy,20270007,8,0.034631699442654054,0.10041199108659808,0.027888726105852392,1,1,1,0.06578029164394403
seed27_P_C2_warm_step100,27,P_C2_warm,100,easy,20270008,8,0.9465930686824724,0.36867779483004165,0.21084024737424784,0.5,1,1,-0.5779152738524307
seed27_P_C2_warm_step100,27,P_C2_warm,100,easy,20270009,8,0.11561637017938355,0.4571092422708299,0.03898179165039921,1,0.625,1,0.34149287209144635
seed27_P_C2_warm_step100,27,P_C2_warm,100,easy,20270010,8,0.6592463919145923,1.020011977235162,0.6563258828947943,0.375,0.375,0.375,0.36076558532056957
seed27_P_C2_warm_step100,27,P_C2_warm,100,easy,20270011,8,0.0971553628216704,0.12564729593144738,0.02318609234241235,1,1,1,0.02849193310977699
seed27_P_C2_warm_step100,27,P_C2_warm,100,easy,20270012,8,0.08897013553879259,0.4076056702175638,0.04539834041368911,1,0.875,1,0.3186355346787712
seed27_P_C2_warm_step100,27,P_C2_warm,100,easy,20270013,8,0.2317464466386298,0.05712528385771094,0.05270557427827391,1,1,1,-0.17462116278091888
seed27_P_C2_warm_step100,27,P_C2_warm,100,easy,20270014,8,0.09318139138404673,0.18965211092805495,0.03703863888651522,1,1,1,0.09647071954400822
seed27_P_C2_warm_step100,27,P_C2_warm,100,easy,20270015,8,1.0567285507060409,0.3209301706516785,0.27865915484304954,0.375,1,1,-0.7357983800543624
seed27_P_C2_warm_step100,27,P_C2_warm,100,easy,20270016,8,0.18253202205581368,0.10477587265643759,0.08822754422699808,1,1,1,-0.07775614939937608
seed27_P_C2_warm_step100,27,P_C2_warm,100,easy,20270017,8,0.10677215366900714,0.06468241201687075,0.06468241201687075,1,1,1,-0.042089741652136387
seed27_P_C2_warm_step100,27,P_C2_warm,100,easy,20270018,8,0.07889786444821587,0.3319213605393128,0.05089345297761734,1,1,1,0.253023496091097
seed27_P_C2_warm_step100,27,P_C2_warm,100,easy,20270019,8,0.4193111067076376,0.5597553406723734,0.06579089139482758,1,0.5,1,0.14044423396473582
seed27_P_C2_warm_step100,27,P_C2_warm,100,easy,20270020,8,0.618067469839004,0.555692714991255,0.5315611663034613,0.75,1,1,-0.0623747548477489
seed27_P_C2_warm_step100,27,P_C2_warm,100,easy,20270021,8,0.09390687163004294,0.0900021759930451,0.055111570898008486,1,1,1,-0.003904695636997843
seed27_P_C2_warm_step100,27,P_C2_warm,100,easy,20270022,8,1.526364444329254,0.47640155628908315,0.2766659157991579,0.5,1,1,-1.049962888040171
seed27_P_C2_warm_step100,27,P_C2_warm,100,easy,20270023,8,0.0913193831917981,0.5721141576112583,0.0657480558576382,1,0.75,1,0.48079477441946017
seed27_P_C2_warm_step100,27,P_C2_warm,100,easy,20270024,8,0.09980911739403237,0.16538928098106065,0.07060454877166697,1,1,1,0.06558016358702828
seed27_P_C2_warm_step100,27,P_C2_warm,100,easy,20270025,8,0.37463632844618194,0.31699291750101666,0.22727199802886808,1,1,1,-0.057643410945165285
seed27_P_C2_warm_step100,27,P_C2_warm,100,easy,20270026,8,0.2080066554674782,0.45923983152145087,0.09926672727511987,1,0.875,1,0.25123317605397266
seed27_P_C2_warm_step100,27,P_C2_warm,100,easy,20270027,8,0.07697326565271781,0.20898650507228841,0.026207676708856553,1,1,1,0.1320132394195706
seed27_P_C2_warm_step100,27,P_C2_warm,100,easy,20270028,8,0.25036109194730144,0.35809894959941746,0.13628434642265813,0.875,0.875,1,0.10773785765211602
seed27_P_C2_warm_step100,27,P_C2_warm,100,easy,20270029,8,0.12250264396560448,0.08351922548528637,0.06046668565021457,1,1,1,-0.03898341848031811
seed27_P_C2_warm_step100,27,P_C2_warm,100,easy,20270030,8,0.7397739690549358,0.4928107608599293,0.4928107608599293,0.5,0.625,0.625,-0.24696320819500645
seed27_P_C2_warm_step100,27,P_C2_warm,100,easy,20270031,8,0.3258956849910376,0.8807779598484883,0.3116067192210191,1,0.375,1,0.5548822748574507
seed27_P_C2_warm_step100,27,P_C2_warm,100,easy,20270032,8,0.10499122776512101,0.7414436824189684,0.03728164421438103,1,0.5,1,0.6364524546538474
seed27_P_C2_warm_step100,27,P_C2_warm,100,easy,20270033,8,0.4597078335398234,0.42846763941290833,0.31921778739097995,0.875,0.875,0.875,-0.03124019412691509
seed27_P_C2_warm_step100,27,P_C2_warm,100,easy,20270034,8,0.06960917961932479,0.1438924530165174,0.03212522121583284,1,1,1,0.07428327339719261
seed27_P_C2_warm_step100,27,P_C2_warm,100,easy,20270035,8,0.06641620704258877,0.5794623732952949,0.056428820823465245,1,0.75,1,0.5130461662527062
seed27_P_C2_warm_step100,27,P_C2_warm,100,easy,20270036,8,0.5557787825106161,0.2956546492309786,0.28823419281198076,1,1,1,-0.26012413327963746
seed27_P_C2_warm_step100,27,P_C2_warm,100,easy,20270037,8,0.12527515441654383,0.19592319363557295,0.11154538983663163,1,1,1,0.07064803921902912
seed27_P_C2_warm_step100,27,P_C2_warm,100,easy,20270038,8,0.06572178873660482,0.22795186862240377,0.03246949281088644,1,1,1,0.16223007988579896
seed27_P_C2_warm_step100,27,P_C2_warm,100,easy,20270039,8,0.13411376975045147,1.0102033812269915,0.10630564104515186,1,0.25,1,0.87608961147654
seed27_P_C2_warm_step100,27,P_C2_warm,100,easy,20270040,8,1.0148623348233083,0.9958105245302675,0.8494144768411293,0.375,0.625,0.625,-0.019051810293040816
seed27_P_C2_warm_step100,27,P_C2_warm,100,easy,20270041,8,0.827544849761417,0.94308602551748,0.8037925211125918,0.5,0.375,0.5,0.11554117575606304
seed27_P_C2_warm_step100,27,P_C2_warm,100,easy,20270042,8,0.3835426023913848,0.10043227838676173,0.10043227838676173,0.875,1,1,-0.2831103240046231
seed27_P_C2_warm_step100,27,P_C2_warm,100,easy,20270043,8,0.9355876531124948,0.8447526731590965,0.8441899879852206,0.375,0.375,0.375,-0.09083497995339829
seed27_P_C2_warm_step100,27,P_C2_warm,100,easy,20270044,8,0.08879838330177942,1.069506588682058,0.052358747775182346,1,0.375,1,0.9807082053802787
seed27_P_C2_warm_step100,27,P_C2_warm,100,easy,20270045,8,0.2465965032036969,0.22637541551524304,0.20689214281546914,1,1,1,-0.020221087688453848
seed27_P_C2_warm_step100,27,P_C2_warm,100,easy,20270046,8,0.14015241762485914,0.14461032755282915,0.0673130679127714,1,1,1,0.004457909927970016
seed27_P_C2_warm_step100,27,P_C2_warm,100,easy,20270047,8,0.5973735849271726,0.3942573085878389,0.33120645553479566,0.75,0.875,0.875,-0.2031162763393337
seed27_P_C2_warm_step100,27,P_C2_warm,100,easy,20270048,8,0.10677521884748548,1.0997653218224281,0.10513170024863545,1,0.625,1,0.9929901029749426
seed27_P_C2_warm_step100,27,P_C2_warm,100,easy,20270049,8,0.4716063995095127,0.3069550154080574,0.270718168813171,0.875,1,1,-0.1646513841014553
seed27_P_C2_warm_step100,27,P_C2_warm,100,easy,20270050,8,0.14923871322933072,0.04406239424990032,0.043774698387294114,1,1,1,-0.10517631897943039
seed27_P_C2_warm_step100,27,P_C2_warm,100,easy,20270051,8,1.3745687411986205,1.3209123115952628,1.2780085134933954,0.25,0.25,0.25,-0.0536564296033577
seed27_P_C2_warm_step100,27,P_C2_warm,100,easy,20270052,8,1.5236416048473185,0.08390744956197649,0.08390744956197649,0.375,1,1,-1.439734155285342
seed27_P_C2_warm_step100,27,P_C2_warm,100,easy,20270053,8,0.23663309556018483,1.0792896965218446,0.23663309556018483,1,0.125,1,0.8426566009616597
seed27_P_C2_warm_step100,27,P_C2_warm,100,easy,20270054,8,0.03446529487178866,0.37630519719766153,0.03085997059801889,1,1,1,0.34183990232587286
seed27_P_C2_warm_step100,27,P_C2_warm,100,easy,20270055,8,0.41237193579612397,0.2369288141636372,0.2298274705699999,0.75,1,1,-0.17544312163248676
seed27_P_C2_warm_step100,27,P_C2_warm,100,easy,20270056,8,0.8517352397082728,0.3933693904794711,0.3933693904794711,0.75,0.75,0.75,-0.4583658492288017
seed27_P_C2_warm_step100,27,P_C2_warm,100,easy,20270057,8,0.1403283597319909,0.14769227816912273,0.0595223361857291,1,1,1,0.007363918437131828
seed27_P_C2_warm_step100,27,P_C2_warm,100,easy,20270058,8,0.9930474455327658,0.7748367613893605,0.7748367613893605,0.5,0.5,0.5,-0.21821068414340528
seed27_P_C2_warm_step100,27,P_C2_warm,100,easy,20270059,8,0.31732521567555694,0.4828550311830983,0.31732521567555694,1,0.625,1,0.16552981550754137
seed27_P_C2_warm_step100,27,P_C2_warm,100,easy,20270060,8,0.04613957270894561,0.7009020517943326,0.044251406724750614,1,0.625,1,0.654762479085387
seed27_P_C2_warm_step100,27,P_C2_warm,100,easy,20270061,8,2.1755080143879946,1.2764022905733057,1.2764022905733057,0.375,0.375,0.375,-0.8991057238146889
seed27_P_C2_warm_step100,27,P_C2_warm,100,easy,20270062,8,0.370037396314812,0.7732700414972024,0.370037396314812,0.875,0.625,0.875,0.4032326451823904
seed27_P_C2_warm_step100,27,P_C2_warm,100,easy,20270063,8,0.10311659281440992,0.37553354616927737,0.038306058456700896,1,0.75,1,0.27241695335486743
seed27_P_C2_warm_step100,27,P_C2_warm,100,easy,20270064,8,1.1609579123715825,1.6142634624275876,0.9891809159082517,0.625,0.25,0.625,0.45330555005600504
seed27_P_C2_warm_step100,27,P_C2_warm,100,easy,20270065,8,0.09212702997860855,0.13359182805742115,0.08368494397451047,1,1,1,0.04146479807881259
seed27_P_C2_warm_step100,27,P_C2_warm,100,easy,20270066,8,0.4682968851414639,0.06747976208623567,0.041062937067284866,1,1,1,-0.4008171230552282
seed27_P_C2_warm_step100,27,P_C2_warm,100,easy,20270067,8,0.5124867804811178,0.7692004392453088,0.31681939921691116,0.75,0.625,0.75,0.25671365876419094
seed27_P_C2_warm_step100,27,P_C2_warm,100,easy,20270068,8,1.030964069949574,1.07730915327104,0.9638330878965145,0.5,0.5,0.5,0.04634508332146603
seed27_P_C2_warm_step100,27,P_C2_warm,100,easy,20270069,8,0.2614610370166399,0.34241361516311836,0.08668484417222411,1,1,1,0.08095257814647844
seed27_P_C2_warm_step100,27,P_C2_warm,100,easy,20270070,8,0.1199447726854178,0.5833446073637871,0.1199447726854178,1,0.75,1,0.4633998346783693
seed27_P_C2_warm_step100,27,P_C2_warm,100,easy,20270071,8,0.046987568650475826,0.5622261041908477,0.03444048729182467,1,0.875,1,0.5152385355403719
seed27_P_C2_warm_step100,27,P_C2_warm,100,easy,20270072,8,0.04382825354630729,0.5173828848538428,0.039529006586747586,1,0.875,1,0.4735546313075355
seed27_P_C2_warm_step100,27,P_C2_warm,100,easy,20270073,8,0.12275105113611748,1.1100381008251572,0.11290102052212159,1,0.375,1,0.9872870496890397
seed27_P_C2_warm_step100,27,P_C2_warm,100,easy,20270074,8,0.3679888154010388,0.4786467352262689,0.3679888154010388,0.875,0.75,0.875,0.1106579198252301
seed27_P_C2_warm_step100,27,P_C2_warm,100,easy,20270075,8,0.8126234236973124,0.5330328184457748,0.248451516278341,0.5,0.625,1,-0.27959060525153767
seed27_P_C2_warm_step100,27,P_C2_warm,100,easy,20270076,8,0.10517024308973695,1.6961114360692169,0.047703337410748566,1,0.375,1,1.59094119297948
seed27_P_C2_warm_step100,27,P_C2_warm,100,easy,20270077,8,0.1328922072077277,1.1501322948928878,0.10390675552531753,1,0.375,1,1.0172400876851602
seed27_P_C2_warm_step100,27,P_C2_warm,100,easy,20270078,8,1.2809036906397013,0.4467392916433275,0.2847577328360683,0.375,1,1,-0.8341643989963738
seed27_P_C2_warm_step100,27,P_C2_warm,100,easy,20270079,8,2.222999927456875,2.0228323980814635,1.8826637119986467,0.375,0.375,0.375,-0.2001675293754115
seed27_P_C2_warm_step100,27,P_C2_warm,100,easy,20270080,8,0.06315387870346943,0.4031576999194551,0.05244456245950342,1,0.875,1,0.34000382121598566
seed27_P_C2_warm_step100,27,P_C2_warm,100,easy,20270081,8,0.15169062007820688,0.10696754418140424,0.0880393083626465,1,1,1,-0.04472307589680265
seed27_P_C2_warm_step100,27,P_C2_warm,100,easy,20270082,8,0.857568562711576,0.18978259196534333,0.05916213071259784,0.625,1,1,-0.6677859707462327
seed27_P_C2_warm_step100,27,P_C2_warm,100,easy,20270083,8,0.22347062963262268,0.2836986911705609,0.2013355521618216,1,0.875,1,0.06022806153793822
seed27_P_C2_warm_step100,27,P_C2_warm,100,easy,20270084,8,0.5406226067541186,0.570200880317563,0.4905765574322083,0.625,0.625,0.625,0.029578273563444446
seed27_P_C2_warm_step100,27,P_C2_warm,100,easy,20270085,8,0.1371452284237467,0.25826581446472474,0.0552370473405035,1,1,1,0.12112058604097803
seed27_P_C2_warm_step100,27,P_C2_warm,100,easy,20270086,8,0.07771342010085183,1.5540130636858474,0.07771342010085183,1,0,1,1.4762996435849955
seed27_P_C2_warm_step100,27,P_C2_warm,100,easy,20270087,8,0.17031522320095452,0.3989265651053508,0.05701084574871807,1,0.75,1,0.22861134190439628
seed27_P_C2_warm_step100,27,P_C2_warm,100,easy,20270088,8,0.21401415045595784,0.0442232595283546,0.0442232595283546,1,1,1,-0.16979089092760324
seed27_P_C2_warm_step100,27,P_C2_warm,100,easy,20270089,8,0.49016102872636413,0.41849448784870813,0.2383200674411229,0.875,0.75,0.875,-0.071666540877656
seed27_P_C2_warm_step100,27,P_C2_warm,100,easy,20270090,8,0.05205328256588947,0.4231670475104418,0.05205328256588947,1,0.875,1,0.37111376494455234
seed27_P_C2_warm_step100,27,P_C2_warm,100,easy,20270091,8,0.5371685471327401,0.15548721299495566,0.10159588936945785,0.875,1,1,-0.38168133413778443
seed27_P_C2_warm_step100,27,P_C2_warm,100,easy,20270092,8,0.0396995236079098,0.4865683737031551,0.039223334611868825,1,0.875,1,0.4468688500952453
seed27_P_C2_warm_step100,27,P_C2_warm,100,easy,20270093,8,1.177581843411249,0.6673548249378858,0.13558769234341497,0.5,1,1,-0.5102270184733633
seed27_P_C2_warm_step100,27,P_C2_warm,100,easy,20270094,8,0.09110303329724781,0.6039242759720925,0.030451088450820663,1,0.75,1,0.5128212426748447
seed27_P_C2_warm_step100,27,P_C2_warm,100,easy,20270095,8,0.0836752188090654,0.1751533576489817,0.037798377068382516,1,1,1,0.09147813883991632
seed27_P_C2_warm_step100,27,P_C2_warm,100,easy,20270096,8,0.05471097251863649,0.5499495680216515,0.040546820393788,1,0.625,1,0.495238595503015
seed27_P_C2_warm_step100,27,P_C2_warm,100,easy,20270097,8,0.19604981867930726,0.021813428097230154,0.021813428097230154,1,1,1,-0.1742363905820771
seed27_P_C2_warm_step100,27,P_C2_warm,100,easy,20270098,8,0.7453300046365191,0.7275780175155384,0.6777135909221791,0.5,0.5,0.5,-0.017751987120980695
seed27_P_C2_warm_step100,27,P_C2_warm,100,easy,20270099,8,0.0799367676490347,0.20543062502088832,0.02846737538965567,1,1,1,0.12549385737185362
seed27_P_C2_warm_step100,27,P_C2_warm,100,hard,20270000,8,1.6096415834791615,1.8429386213853167,1.6096415834791615,0.125,0,0.125,0.2332970379061552
seed27_P_C2_warm_step100,27,P_C2_warm,100,hard,20270001,8,1.051727173732232,0.9018283401810466,0.5730832668491758,0.625,0.625,1,-0.14989883355118538
seed27_P_C2_warm_step100,27,P_C2_warm,100,hard,20270002,8,2.271858556475111,1.4621697680904395,1.4621697680904395,0,0,0,-0.8096887883846713
seed27_P_C2_warm_step100,27,P_C2_warm,100,hard,20270003,8,2.1838796925897697,1.8886886817402475,1.8886886817402475,0,0.25,0.25,-0.29519101084952215
seed27_P_C2_warm_step100,27,P_C2_warm,100,hard,20270004,8,1.5013686372745574,1.414874812823726,1.414874812823726,0,0,0,-0.08649382445083131
seed27_P_C2_warm_step100,27,P_C2_warm,100,hard,20270005,8,1.5644290684071365,1.5482667977477853,1.5311482975841073,0,0,0,-0.016162270659351163
seed27_P_C2_warm_step100,27,P_C2_warm,100,hard,20270006,8,1.3724351187581374,1.1649507610856609,1.1560621907180002,0.25,0.25,0.25,-0.20748435767247653
seed27_P_C2_warm_step100,27,P_C2_warm,100,hard,20270007,8,2.0110451702127725,1.6780771438996909,1.6020467417010908,0.375,0.375,0.375,-0.33296802631308164
seed27_P_C2_warm_step100,27,P_C2_warm,100,hard,20270008,8,1.4378807651200458,1.5621234096372836,1.4378807651200458,0.125,0,0.125,0.12424264451723777
seed27_P_C2_warm_step100,27,P_C2_warm,100,hard,20270009,8,0.737325057485406,0.8689092919542953,0.724442887241405,0.75,0.875,0.875,0.13158423446888934
seed27_P_C2_warm_step100,27,P_C2_warm,100,hard,20270010,8,1.400819863540453,1.5058747961065706,1.2974572761801964,0,0.25,0.25,0.10505493256611764
seed27_P_C2_warm_step100,27,P_C2_warm,100,hard,20270011,8,1.004722860077556,0.9883917787438614,0.9522713620142217,0.375,0.375,0.375,-0.01633108133369454
seed27_P_C2_warm_step100,27,P_C2_warm,100,hard,20270012,8,0.77680020156726,0.8797142898504439,0.6195929480201472,1,0.625,1,0.10291408828318382
seed27_P_C2_warm_step100,27,P_C2_warm,100,hard,20270013,8,1.9913005275247448,1.2484969447357435,1.2484969447357435,0,0.375,0.375,-0.7428035827890014
seed27_P_C2_warm_step100,27,P_C2_warm,100,hard,20270014,8,1.2181503598924024,1.265943719138459,1.2181503598924024,0.375,0.375,0.375,0.047793359246056655
seed27_P_C2_warm_step100,27,P_C2_warm,100,hard,20270015,8,1.4193980762791365,1.3383323083883978,1.2948583318075713,0.125,0.125,0.125,-0.08106576789073872
seed27_P_C2_warm_step100,27,P_C2_warm,100,hard,20270016,8,1.085499617309521,0.91048216944004,0.91048216944004,0.5,0.5,0.5,-0.17501744786948104
seed27_P_C2_warm_step100,27,P_C2_warm,100,hard,20270017,8,1.0939543119698347,1.0777858600308292,1.042913227992524,0.625,0.625,0.625,-0.016168451939005513
seed27_P_C2_warm_step100,27,P_C2_warm,100,hard,20270018,8,1.1698527212483092,1.3910042640659912,1.1698527212483092,0.625,0.5,0.625,0.221151542817682
seed27_P_C2_warm_step100,27,P_C2_warm,100,hard,20270019,8,1.3570411672231577,1.2780454379151305,1.0987221210536473,0.625,0.625,0.625,-0.07899572930802723
seed27_P_C2_warm_step100,27,P_C2_warm,100,hard,20270020,8,0.9687951707302759,0.9388989396762564,0.8651554377767736,0.875,0.875,0.875,-0.029896231054019506
seed27_P_C2_warm_step100,27,P_C2_warm,100,hard,20270021,8,1.397548137491801,1.3962893512192596,1.3846328148313907,0.125,0.25,0.25,-0.001258786272541501
seed27_P_C2_warm_step100,27,P_C2_warm,100,hard,20270022,8,1.5719510823038922,1.3330272296767833,1.2945425038090286,0.125,0,0.125,-0.2389238526271089
seed27_P_C2_warm_step100,27,P_C2_warm,100,hard,20270023,8,1.0911101706503117,0.9408386195513877,0.9360547877561127,0.625,0.625,0.625,-0.15027155109892398
seed27_P_C2_warm_step100,27,P_C2_warm,100,hard,20270024,8,2.0019593711621697,1.1501134785266032,1.1501134785266032,0,0.25,0.25,-0.8518458926355665
seed27_P_C2_warm_step100,27,P_C2_warm,100,hard,20270025,8,1.3853724218504495,1.2706121207959171,1.2706121207959171,0,0.75,0.75,-0.11476030105453239
seed27_P_C2_warm_step100,27,P_C2_warm,100,hard,20270026,8,1.1126244642828933,1.0623864059223491,1.0182840854970778,0.5,0.5,0.5,-0.05023805836054418
seed27_P_C2_warm_step100,27,P_C2_warm,100,hard,20270027,8,0.984921889626043,1.0219888578398442,0.9763145191976917,0.625,0.625,0.625,0.03706696821380118
seed27_P_C2_warm_step100,27,P_C2_warm,100,hard,20270028,8,0.8396386101792117,0.8754837962054397,0.8308494215345372,0.75,0.5,0.75,0.03584518602622799
seed27_P_C2_warm_step100,27,P_C2_warm,100,hard,20270029,8,0.5974200748328784,0.6428432970999435,0.5198242652130864,0.75,1,1,0.04542322226706508
seed27_P_C2_warm_step100,27,P_C2_warm,100,hard,20270030,8,1.2596078763873817,1.1736778773072818,1.1215678574494512,0.5,0.5,0.5,-0.0859299990800999
seed27_P_C2_warm_step100,27,P_C2_warm,100,hard,20270031,8,1.5082137286546022,1.232114196719173,1.1681618164183516,0.375,0.375,0.375,-0.27609953193542913
seed27_P_C2_warm_step100,27,P_C2_warm,100,hard,20270032,8,1.1892385834428252,1.2405343184106803,1.1892385834428252,0.625,0.5,0.625,0.05129573496785511
seed27_P_C2_warm_step100,27,P_C2_warm,100,hard,20270033,8,1.1016059475141096,1.2918085397199055,1.099964334509623,0.5,0.125,0.5,0.19020259220579594
seed27_P_C2_warm_step100,27,P_C2_warm,100,hard,20270034,8,1.069782872108669,1.205338826126859,1.0648512913309562,0.375,0.375,0.375,0.13555595401818987
seed27_P_C2_warm_step100,27,P_C2_warm,100,hard,20270035,8,1.2647620586721091,1.1761473008937096,1.1396435233407831,0.5,0.5,0.5,-0.08861475777839956
seed27_P_C2_warm_step100,27,P_C2_warm,100,hard,20270036,8,1.4351769107764258,1.2788831911809735,1.2788831911809735,0.125,0.5,0.5,-0.15629371959545235
seed27_P_C2_warm_step100,27,P_C2_warm,100,hard,20270037,8,1.6618479139614974,1.397688497747796,1.397688497747796,0,0.375,0.375,-0.26415941621370154
seed27_P_C2_warm_step100,27,P_C2_warm,100,hard,20270038,8,1.365128389144507,1.1067981205081123,1.1067981205081123,0.5,0.5,0.5,-0.25833026863639463
seed27_P_C2_warm_step100,27,P_C2_warm,100,hard,20270039,8,1.6270637946708615,1.590523788827904,1.590523788827904,0.25,0.25,0.25,-0.03654000584295747
seed27_P_C2_warm_step100,27,P_C2_warm,100,hard,20270040,8,0.4491153613907718,0.5249816105229345,0.4426633015036472,1,1,1,0.07586624913216267
seed27_P_C2_warm_step100,27,P_C2_warm,100,hard,20270041,8,2.113933013455283,1.7517308330565373,1.7049638304052304,0.375,0.375,0.375,-0.36220218039874563
seed27_P_C2_warm_step100,27,P_C2_warm,100,hard,20270042,8,1.2951306435053982,1.132450406665416,1.1300684862386896,0.25,0.75,0.75,-0.16268023683998223
seed27_P_C2_warm_step100,27,P_C2_warm,100,hard,20270043,8,1.3248516859355581,1.4483489770956346,1.3248516859355581,0.5,0.125,0.5,0.12349729116007646
seed27_P_C2_warm_step100,27,P_C2_warm,100,hard,20270044,8,1.3005748235532848,1.111704920433459,1.111704920433459,0.125,0.5,0.5,-0.18886990311982577
seed27_P_C2_warm_step100,27,P_C2_warm,100,hard,20270045,8,1.1827823920257994,0.9334823955003675,0.9327101812858459,0.5,0.5,0.5,-0.2492999965254319
seed27_P_C2_warm_step100,27,P_C2_warm,100,hard,20270046,8,1.8907009070342646,1.5650353196465896,1.5650353196465896,0,0.125,0.125,-0.32566558738767504
seed27_P_C2_warm_step100,27,P_C2_warm,100,hard,20270047,8,1.0275794180595317,1.2336603573718483,1.0275794180595317,0.875,0.375,0.875,0.20608093931231664
seed27_P_C2_warm_step100,27,P_C2_warm,100,hard,20270048,8,0.9254598976953058,0.7807749711269955,0.6504745945344436,0.875,0.75,0.875,-0.14468492656831033
seed27_P_C2_warm_step100,27,P_C2_warm,100,hard,20270049,8,1.4171436834976896,1.2693096211518775,1.2576224249400256,0.5,0.5,0.5,-0.1478340623458121
seed27_P_C2_warm_step100,27,P_C2_warm,100,hard,20270050,8,0.8628779664470515,0.7977917949943361,0.6262612754619826,0.625,0.625,0.625,-0.06508617145271545
seed27_P_C2_warm_step100,27,P_C2_warm,100,hard,20270051,8,1.2486823866437162,1.3996171158587802,1.2486823866437162,0.25,0.25,0.25,0.150934729215064
seed27_P_C2_warm_step100,27,P_C2_warm,100,hard,20270052,8,1.2989671981848734,1.2286598922256013,1.1017087357452398,0.625,0.625,0.625,-0.07030730595927204
seed27_P_C2_warm_step100,27,P_C2_warm,100,hard,20270053,8,1.0023595616492154,1.371701063326821,0.9383945176946864,0.75,0.125,0.75,0.3693415016776056
seed27_P_C2_warm_step100,27,P_C2_warm,100,hard,20270054,8,0.9440742263519298,0.9056919568332483,0.8642148966710221,0.75,0.75,0.75,-0.03838226951868151
seed27_P_C2_warm_step100,27,P_C2_warm,100,hard,20270055,8,1.669657660720183,1.3673512406910702,1.2708027558429424,0.5,0.125,0.5,-0.3023064200291128
seed27_P_C2_warm_step100,27,P_C2_warm,100,hard,20270056,8,1.0643427579483102,0.9663005053699637,0.8627062886858862,0.75,0.625,0.875,-0.09804225257834653
seed27_P_C2_warm_step100,27,P_C2_warm,100,hard,20270057,8,2.350214224950214,2.0360330080517657,2.0360330080517657,0,0,0,-0.31418121689844813
seed27_P_C2_warm_step100,27,P_C2_warm,100,hard,20270058,8,1.7302038799606023,1.2819394408903944,1.2019048547569258,0.375,0.375,0.375,-0.44826443907020797
seed27_P_C2_warm_step100,27,P_C2_warm,100,hard,20270059,8,1.0792459379550308,1.0853068588839436,1.0792459379550308,0.375,0.375,0.375,0.006060920928912861
seed27_P_C2_warm_step100,27,P_C2_warm,100,hard,20270060,8,1.5097651337727382,1.5395354459330541,1.5097651337727382,0.125,0.125,0.125,0.029770312160315893
seed27_P_C2_warm_step100,27,P_C2_warm,100,hard,20270061,8,0.8627951562489367,1.1068341118755471,0.8627951562489367,0.5,0.75,0.5,0.2440389556266105
seed27_P_C2_warm_step100,27,P_C2_warm,100,hard,20270062,8,1.496165102908821,1.196359113799996,1.1267425517647383,0.5,0.5,0.5,-0.29980598910882494
seed27_P_C2_warm_step100,27,P_C2_warm,100,hard,20270063,8,2.2032708715161897,1.5904015952748392,1.5904015952748392,0,0.125,0.125,-0.6128692762413506
seed27_P_C2_warm_step100,27,P_C2_warm,100,hard,20270064,8,1.111889587219749,1.0920995442544945,0.8674619475147819,0.5,0.625,1,-0.01979004296525444
seed27_P_C2_warm_step100,27,P_C2_warm,100,hard,20270065,8,0.6964404978966121,0.8291612557163617,0.5802353297861487,0.75,0.75,0.75,0.13272075781974957
seed27_P_C2_warm_step100,27,P_C2_warm,100,hard,20270066,8,2.587179001925458,2.0057495119293023,2.0057495119293023,0,0.125,0.125,-0.5814294899961556
seed27_P_C2_warm_step100,27,P_C2_warm,100,hard,20270067,8,1.5788338697435675,1.3563956301210596,1.239164834678909,0.5,0.5,0.5,-0.22243823962250797
seed27_P_C2_warm_step100,27,P_C2_warm,100,hard,20270068,8,1.229217887229326,1.358838839065728,1.229217887229326,0.375,0.25,0.375,0.129620951836402
seed27_P_C2_warm_step100,27,P_C2_warm,100,hard,20270069,8,1.5444401113781714,1.4875487419531832,1.3905789334242422,0,0.25,0.25,-0.05689136942498818
seed27_P_C2_warm_step100,27,P_C2_warm,100,hard,20270070,8,0.6375905776444777,1.074248689729967,0.6375905776444777,0.875,0.875,0.875,0.4366581120854893
seed27_P_C2_warm_step100,27,P_C2_warm,100,hard,20270071,8,1.2923917632212967,1.3232182839431432,1.2923917632212967,0.25,0.25,0.25,0.03082652072184655
seed27_P_C2_warm_step100,27,P_C2_warm,100,hard,20270072,8,0.8074744412462074,0.8831304215206541,0.8070445967420449,0.5,0.5,0.5,0.07565598027444675
seed27_P_C2_warm_step100,27,P_C2_warm,100,hard,20270073,8,1.4833199997224895,1.5512829632085379,1.4833199997224895,0.375,0.25,0.375,0.06796296348604836
seed27_P_C2_warm_step100,27,P_C2_warm,100,hard,20270074,8,1.5452615401290224,1.2937345098850455,1.2937345098850455,0,0.125,0.125,-0.25152703024397693
seed27_P_C2_warm_step100,27,P_C2_warm,100,hard,20270075,8,1.307157994832245,1.2642060065736733,1.2538319437388885,0.25,0.25,0.25,-0.042951988258571605
seed27_P_C2_warm_step100,27,P_C2_warm,100,hard,20270076,8,1.9670066146383955,1.630835287584295,1.630835287584295,0,0,0,-0.33617132705410047
seed27_P_C2_warm_step100,27,P_C2_warm,100,hard,20270077,8,1.1328137666450682,1.1878416988858533,1.0697347836702664,0,0,0,0.05502793224078517
seed27_P_C2_warm_step100,27,P_C2_warm,100,hard,20270078,8,1.0977703108161896,1.0366008803918405,1.0366008803918405,0.5,0.625,0.625,-0.06116943042434908
seed27_P_C2_warm_step100,27,P_C2_warm,100,hard,20270079,8,1.420360047525362,0.990458137038782,0.990458137038782,0,0.75,0.75,-0.4299019104865799
seed27_P_C2_warm_step100,27,P_C2_warm,100,hard,20270080,8,1.3865417365991477,1.1427598419665146,1.0690797324284356,0.5,0.5,0.5,-0.2437818946326331
seed27_P_C2_warm_step100,27,P_C2_warm,100,hard,20270081,8,1.919599529787956,1.6043814780595589,1.5379351202058082,0.125,0.25,0.125,-0.3152180517283971
seed27_P_C2_warm_step100,27,P_C2_warm,100,hard,20270082,8,1.9120004172803737,1.639139981268063,1.639139981268063,0,0,0,-0.2728604360123108
seed27_P_C2_warm_step100,27,P_C2_warm,100,hard,20270083,8,1.0591271355662324,1.0275723547717344,1.0204215219537582,0.5,0.5,0.5,-0.03155478079449803
seed27_P_C2_warm_step100,27,P_C2_warm,100,hard,20270084,8,1.5138516095952614,1.3891534665687582,1.3283184665052337,0.25,0.25,0.25,-0.12469814302650328
seed27_P_C2_warm_step100,27,P_C2_warm,100,hard,20270085,8,0.8859286437223968,1.1749930254759184,0.7836835677129981,0.75,0.5,1,0.28906438175352167
seed27_P_C2_warm_step100,27,P_C2_warm,100,hard,20270086,8,1.1503758208599155,0.9374538516915157,0.9374538516915157,0.875,1,1,-0.21292196916839978
seed27_P_C2_warm_step100,27,P_C2_warm,100,hard,20270087,8,0.7397327926441308,0.9185154238554695,0.6692964383294752,0.875,0.875,0.875,0.17878263121133864
seed27_P_C2_warm_step100,27,P_C2_warm,100,hard,20270088,8,2.015477147115242,1.6790470682884666,1.6790470682884666,0,0,0,-0.33643007882677534
seed27_P_C2_warm_step100,27,P_C2_warm,100,hard,20270089,8,0.8206009965850702,1.2734626642698432,0.8116906960472781,1,0.125,1,0.452861667684773
seed27_P_C2_warm_step100,27,P_C2_warm,100,hard,20270090,8,1.5625648764897115,1.5558819453121895,1.4885698249423425,0,0,0,-0.006682931177522056
seed27_P_C2_warm_step100,27,P_C2_warm,100,hard,20270091,8,2.520436684229608,1.6329131532068462,1.6329131532068462,0,0,0,-0.887523531022762
seed27_P_C2_warm_step100,27,P_C2_warm,100,hard,20270092,8,0.7726338148202655,0.821587377388206,0.7298996152729649,0.625,0.625,0.625,0.04895356256794048
seed27_P_C2_warm_step100,27,P_C2_warm,100,hard,20270093,8,2.066952026822831,1.7877098380884233,1.655155781802618,0.375,0.375,0.375,-0.27924218873440787
seed27_P_C2_warm_step100,27,P_C2_warm,100,hard,20270094,8,0.7533669654016026,0.8193650549956975,0.7221754306885689,1,1,1,0.06599808959409481
seed27_P_C2_warm_step100,27,P_C2_warm,100,hard,20270095,8,1.2072549903958414,1.1722286796378623,1.1722286796378623,0.25,0.25,0.25,-0.03502631075797913
seed27_P_C2_warm_step100,27,P_C2_warm,100,hard,20270096,8,1.2969748347411931,1.804532825936088,1.2969748347411931,0,0,0,0.5075579911948949
seed27_P_C2_warm_step100,27,P_C2_warm,100,hard,20270097,8,1.8953509581710744,1.4443982866464562,1.4443982866464562,0,0.125,0.125,-0.45095267152461815
seed27_P_C2_warm_step100,27,P_C2_warm,100,hard,20270098,8,1.492169138423044,1.3040542771262464,1.3040542771262464,0.375,0.5,0.5,-0.18811486129679755
seed27_P_C2_warm_step100,27,P_C2_warm,100,hard,20270099,8,0.971561432709369,1.106475148811022,0.9539858727735595,0.625,0.5,0.625,0.13491371610165304
seed27_P_C2_warm_step200,27,P_C2_warm,200,easy,20270000,8,0.13212499679805864,0.13999535923195025,0.11817646124210575,1,1,1,0.007870362433891609
seed27_P_C2_warm_step200,27,P_C2_warm,200,easy,20270001,8,0.1412523742451469,0.16017897300256517,0.08707822273660065,1,1,1,0.018926598757418284
seed27_P_C2_warm_step200,27,P_C2_warm,200,easy,20270002,8,0.0718629503880747,0.6230026144939271,0.0718629503880747,1,0.75,1,0.5511396641058525
seed27_P_C2_warm_step200,27,P_C2_warm,200,easy,20270003,8,0.4968795339249589,0.8623620130663248,0.3661067863313774,1,0.5,1,0.36548247914136583
seed27_P_C2_warm_step200,27,P_C2_warm,200,easy,20270004,8,0.7665603998824861,1.2716063166045721,0.059583299386849864,0.625,0.5,1,0.505045916722086
seed27_P_C2_warm_step200,27,P_C2_warm,200,easy,20270005,8,0.09610110054564378,0.5904644812909082,0.08468967958787463,1,0.625,1,0.4943633807452644
seed27_P_C2_warm_step200,27,P_C2_warm,200,easy,20270006,8,0.09711830297224391,0.29692818080037586,0.050087285046976335,1,1,1,0.19980987782813195
seed27_P_C2_warm_step200,27,P_C2_warm,200,easy,20270007,8,0.030964687133191116,0.06353360819579396,0.023282397649986544,1,1,1,0.03256892106260284
seed27_P_C2_warm_step200,27,P_C2_warm,200,easy,20270008,8,0.9299463115772432,0.6018182572709746,0.16246955733310786,0.5,0.875,1,-0.32812805430626857
seed27_P_C2_warm_step200,27,P_C2_warm,200,easy,20270009,8,0.11077166298144955,0.24996436655432003,0.04782938523221785,1,1,1,0.13919270357287047
seed27_P_C2_warm_step200,27,P_C2_warm,200,easy,20270010,8,0.46654625954764956,1.2202194667325856,0.4645445935741497,0.875,0.375,0.875,0.7536732071849361
seed27_P_C2_warm_step200,27,P_C2_warm,200,easy,20270011,8,0.08677686829584724,0.0789598622889267,0.027703118565548815,1,1,1,-0.007817006006920549
seed27_P_C2_warm_step200,27,P_C2_warm,200,easy,20270012,8,0.06279462802295184,0.23532405145471783,0.033928348431747336,1,1,1,0.17252942343176597
seed27_P_C2_warm_step200,27,P_C2_warm,200,easy,20270013,8,0.1666936096907673,0.04206962757783032,0.04206962757783032,1,1,1,-0.12462398211293699
seed27_P_C2_warm_step200,27,P_C2_warm,200,easy,20270014,8,0.0606374515137262,0.10162310648695796,0.02305083159011004,1,1,1,0.04098565497323176
seed27_P_C2_warm_step200,27,P_C2_warm,200,easy,20270015,8,0.9118925931927223,0.1936996033275585,0.12928000701708905,0.375,1,1,-0.7181929898651638
seed27_P_C2_warm_step200,27,P_C2_warm,200,easy,20270016,8,0.12100847008329045,0.09523043780339406,0.076147085249683,1,1,1,-0.02577803227989639
seed27_P_C2_warm_step200,27,P_C2_warm,200,easy,20270017,8,0.08278398525777776,0.03461950579359118,0.03461950579359118,1,1,1,-0.04816447946418658
seed27_P_C2_warm_step200,27,P_C2_warm,200,easy,20270018,8,0.07808261644684121,0.18966407698390422,0.04003160489745489,1,1,1,0.11158146053706301
seed27_P_C2_warm_step200,27,P_C2_warm,200,easy,20270019,8,0.31325697921419005,0.2687456564410379,0.06086856049278721,1,0.875,1,-0.04451132277315217
seed27_P_C2_warm_step200,27,P_C2_warm,200,easy,20270020,8,0.39961770939028585,0.6395797271021385,0.39961770939028585,1,0.75,1,0.23996201771185266
seed27_P_C2_warm_step200,27,P_C2_warm,200,easy,20270021,8,0.06951269446479895,0.09182281859347673,0.03778057424799041,1,1,1,0.022310124128677777
seed27_P_C2_warm_step200,27,P_C2_warm,200,easy,20270022,8,1.3773647675882053,0.4448892525967875,0.37761442888252805,0.5,1,1,-0.9324755149914177
seed27_P_C2_warm_step200,27,P_C2_warm,200,easy,20270023,8,0.0767149986021241,1.6831962193537306,0.07093472196247333,1,0.375,1,1.6064812207516066
seed27_P_C2_warm_step200,27,P_C2_warm,200,easy,20270024,8,0.10919034304463561,0.0942446382965997,0.0835147730469134,1,1,1,-0.014945704748035915
seed27_P_C2_warm_step200,27,P_C2_warm,200,easy,20270025,8,0.30352084372699845,0.33796411308787794,0.18362729723277008,1,1,1,0.03444326936087949
seed27_P_C2_warm_step200,27,P_C2_warm,200,easy,20270026,8,0.20552091510449405,0.24445363735425743,0.10096590867858107,1,1,1,0.03893272224976338
seed27_P_C2_warm_step200,27,P_C2_warm,200,easy,20270027,8,0.08179645732580475,0.13415497488749284,0.028437845552579805,1,1,1,0.05235851756168809
seed27_P_C2_warm_step200,27,P_C2_warm,200,easy,20270028,8,0.17379037120499827,0.6193836911755007,0.09072538161173796,1,0.5,1,0.44559331997050244
seed27_P_C2_warm_step200,27,P_C2_warm,200,easy,20270029,8,0.08541119665906097,0.07596100306176305,0.0428736331180463,1,1,1,-0.009450193597297915
seed27_P_C2_warm_step200,27,P_C2_warm,200,easy,20270030,8,0.6508725210726451,0.5212513156932213,0.5212513156932213,0.5,0.625,0.625,-0.1296212053794239
seed27_P_C2_warm_step200,27,P_C2_warm,200,easy,20270031,8,0.2241722609890522,1.312786791199184,0.20671111560101887,1,0.125,1,1.0886145302101318
seed27_P_C2_warm_step200,27,P_C2_warm,200,easy,20270032,8,0.09378690887151085,0.3268308192440034,0.03495109394124262,1,0.875,1,0.23304391037249256
seed27_P_C2_warm_step200,27,P_C2_warm,200,easy,20270033,8,0.4180515054896179,0.39635103226129315,0.2846833563089435,0.875,0.875,0.875,-0.021700473228324746
seed27_P_C2_warm_step200,27,P_C2_warm,200,easy,20270034,8,0.052230781439371265,0.3625905306744311,0.024862063387778778,1,0.875,1,0.3103597492350598
seed27_P_C2_warm_step200,27,P_C2_warm,200,easy,20270035,8,0.04175823101575384,0.33976286320738786,0.03398982555236661,1,0.75,1,0.29800463219163403
seed27_P_C2_warm_step200,27,P_C2_warm,200,easy,20270036,8,0.4337457676241952,0.22999891621477275,0.22522844429131186,1,1,1,-0.20374685140942245
seed27_P_C2_warm_step200,27,P_C2_warm,200,easy,20270037,8,0.08990836307190214,0.10355060515786571,0.07421746318235069,1,1,1,0.013642242085963568
seed27_P_C2_warm_step200,27,P_C2_warm,200,easy,20270038,8,0.04818297713542941,0.09452760213251941,0.027710431212456033,1,1,1,0.04634462499709
seed27_P_C2_warm_step200,27,P_C2_warm,200,easy,20270039,8,0.1317981604241025,0.6125934283523097,0.11206545474656351,1,0.75,1,0.48079526792820715
seed27_P_C2_warm_step200,27,P_C2_warm,200,easy,20270040,8,0.7784344444314172,0.7984556371062737,0.6459856685540909,0.5,0.625,0.625,0.02002119267485647
seed27_P_C2_warm_step200,27,P_C2_warm,200,easy,20270041,8,0.6825826178859258,0.8085465449035285,0.6825826178859258,0.625,0.5,0.625,0.12596392701760273
seed27_P_C2_warm_step200,27,P_C2_warm,200,easy,20270042,8,0.3078786831537357,0.06931869779499392,0.06931869779499392,0.875,1,1,-0.23855998535874176
seed27_P_C2_warm_step200,27,P_C2_warm,200,easy,20270043,8,0.7111609677901717,0.8623627614771969,0.6656188413887406,0.625,0.375,0.625,0.15120179368702524
seed27_P_C2_warm_step200,27,P_C2_warm,200,easy,20270044,8,0.07912914228779441,0.6455396159724093,0.053892292812068324,1,0.625,1,0.5664104736846148
seed27_P_C2_warm_step200,27,P_C2_warm,200,easy,20270045,8,0.17129550898470797,0.21484389318126812,0.15884188055128734,1,1,1,0.04354838419656015
seed27_P_C2_warm_step200,27,P_C2_warm,200,easy,20270046,8,0.11146852325533256,0.258327247230388,0.049956141559592576,1,1,1,0.14685872397505545
seed27_P_C2_warm_step200,27,P_C2_warm,200,easy,20270047,8,0.4226368122364006,0.3877470434685242,0.23173010997124818,0.875,0.875,1,-0.03488976876787642
seed27_P_C2_warm_step200,27,P_C2_warm,200,easy,20270048,8,0.07304470847067711,0.6323149740739097,0.06905553915410394,1,0.75,1,0.5592702656032326
seed27_P_C2_warm_step200,27,P_C2_warm,200,easy,20270049,8,0.29725226316701453,0.2103307392025172,0.16166484778980422,1,1,1,-0.08692152396449734
seed27_P_C2_warm_step200,27,P_C2_warm,200,easy,20270050,8,0.12180563758718205,0.03995002179953233,0.03995002179953233,1,1,1,-0.08185561578764972
seed27_P_C2_warm_step200,27,P_C2_warm,200,easy,20270051,8,1.2081101841668804,1.378361510260502,1.1631946049282207,0.25,0.25,0.25,0.1702513260936216
seed27_P_C2_warm_step200,27,P_C2_warm,200,easy,20270052,8,1.2722278501018227,0.10498475072486059,0.10498475072486059,0.5,1,1,-1.167243099376962
seed27_P_C2_warm_step200,27,P_C2_warm,200,easy,20270053,8,0.18132451548663717,0.6151232254779017,0.18132451548663717,1,0.5,1,0.43379870999126446
seed27_P_C2_warm_step200,27,P_C2_warm,200,easy,20270054,8,0.03028339638589858,0.20104909814984656,0.027085313636672725,1,1,1,0.17076570176394798
seed27_P_C2_warm_step200,27,P_C2_warm,200,easy,20270055,8,0.354004736638886,0.18842736042450486,0.18644314723149966,1,1,1,-0.16557737621438112
seed27_P_C2_warm_step200,27,P_C2_warm,200,easy,20270056,8,0.7162201890479113,0.40433146681839327,0.40433146681839327,0.75,0.75,0.75,-0.311888722229518
seed27_P_C2_warm_step200,27,P_C2_warm,200,easy,20270057,8,0.13385598691707185,0.2551545564504076,0.05252112571657241,1,1,1,0.12129856953333573
seed27_P_C2_warm_step200,27,P_C2_warm,200,easy,20270058,8,0.8903221729931015,0.7205373433514298,0.7205373433514298,0.5,0.5,0.5,-0.16978482964167163
seed27_P_C2_warm_step200,27,P_C2_warm,200,easy,20270059,8,0.2154936434463336,0.6001499603755048,0.2154936434463336,1,0.625,1,0.38465631692917124
seed27_P_C2_warm_step200,27,P_C2_warm,200,easy,20270060,8,0.04500838216412953,0.43395440457182205,0.04387277480789035,1,1,1,0.3889460224076925
seed27_P_C2_warm_step200,27,P_C2_warm,200,easy,20270061,8,1.8936257547976827,1.535833084856684,1.535833084856684,0.375,0.375,0.375,-0.3577926699409988
seed27_P_C2_warm_step200,27,P_C2_warm,200,easy,20270062,8,0.3534789071594483,1.9793954510311764,0.3534789071594483,0.875,0,0.875,1.6259165438717282
seed27_P_C2_warm_step200,27,P_C2_warm,200,easy,20270063,8,0.09676841163402802,0.20228070944865487,0.02909896147179522,1,1,1,0.10551229781462684
seed27_P_C2_warm_step200,27,P_C2_warm,200,easy,20270064,8,0.961990249274533,1.3033568533793878,0.9567062285669682,0.625,0.375,0.625,0.34136660410485475
seed27_P_C2_warm_step200,27,P_C2_warm,200,easy,20270065,8,0.0939335186913061,0.07869614448215906,0.06223447385783112,1,1,1,-0.015237374209147045
seed27_P_C2_warm_step200,27,P_C2_warm,200,easy,20270066,8,0.35557717363372976,0.059146559385235366,0.04906722748828986,1,1,1,-0.2964306142484944
seed27_P_C2_warm_step200,27,P_C2_warm,200,easy,20270067,8,0.4123198288210544,1.5659908397285784,0.27405891837941987,0.75,0,0.75,1.153671010907524
seed27_P_C2_warm_step200,27,P_C2_warm,200,easy,20270068,8,0.9250244758462367,1.0523255446580038,0.885803416410769,0.5,0.5,0.5,0.12730106881176706
seed27_P_C2_warm_step200,27,P_C2_warm,200,easy,20270069,8,0.282965983241373,0.2600763298604169,0.10478198389948176,1,1,1,-0.02288965338095611
seed27_P_C2_warm_step200,27,P_C2_warm,200,easy,20270070,8,0.10752579970053022,0.38491952265794194,0.10752579970053022,1,0.875,1,0.2773937229574117
seed27_P_C2_warm_step200,27,P_C2_warm,200,easy,20270071,8,0.0505491846784078,0.3161434657185266,0.0408081503478282,1,1,1,0.2655942810401188
seed27_P_C2_warm_step200,27,P_C2_warm,200,easy,20270072,8,0.042383637069870056,1.5704332160212073,0.042197211352606394,1,0.375,1,1.5280495789513373
seed27_P_C2_warm_step200,27,P_C2_warm,200,easy,20270073,8,0.12730233649785952,0.8289269253004149,0.11946628758921254,1,0.5,1,0.7016245888025554
seed27_P_C2_warm_step200,27,P_C2_warm,200,easy,20270074,8,0.27313618656605143,0.3472300011826298,0.27313618656605143,1,0.875,1,0.07409381461657838
seed27_P_C2_warm_step200,27,P_C2_warm,200,easy,20270075,8,0.6354831771814143,0.2167998565979777,0.08931262013601692,0.625,1,1,-0.4186833205834366
seed27_P_C2_warm_step200,27,P_C2_warm,200,easy,20270076,8,0.10901408855387201,1.1926345084209289,0.05447831897360962,1,0.375,1,1.083620419867057
seed27_P_C2_warm_step200,27,P_C2_warm,200,easy,20270077,8,0.11054236731975853,0.8331994442264012,0.08999695791809972,1,0.375,1,0.7226570769066427
seed27_P_C2_warm_step200,27,P_C2_warm,200,easy,20270078,8,1.1677954039372371,0.45512647829195685,0.3887821859060298,0.375,1,1,-0.7126689256452803
seed27_P_C2_warm_step200,27,P_C2_warm,200,easy,20270079,8,2.0278180817321454,1.852886814807946,1.7774535600581318,0.375,0.375,0.375,-0.17493126692419936
seed27_P_C2_warm_step200,27,P_C2_warm,200,easy,20270080,8,0.047794761868429576,0.15139986615518478,0.023062051194983522,1,1,1,0.1036051042867552
seed27_P_C2_warm_step200,27,P_C2_warm,200,easy,20270081,8,0.11325866211710635,0.08219213425827224,0.07906096814342842,1,1,1,-0.03106652785883411
seed27_P_C2_warm_step200,27,P_C2_warm,200,easy,20270082,8,0.726087662788662,0.12219917055568914,0.08825471198057784,0.625,1,1,-0.6038884922329728
seed27_P_C2_warm_step200,27,P_C2_warm,200,easy,20270083,8,0.16551868500545988,0.26287454539821015,0.14318766419048712,1,0.875,1,0.09735586039275027
seed27_P_C2_warm_step200,27,P_C2_warm,200,easy,20270084,8,0.39807537259375464,0.4313656543674661,0.39795393648894806,0.75,0.75,0.75,0.03329028177371146
seed27_P_C2_warm_step200,27,P_C2_warm,200,easy,20270085,8,0.14421775828936906,0.7038329865142561,0.037577380388253166,1,0.5,1,0.559615228224887
seed27_P_C2_warm_step200,27,P_C2_warm,200,easy,20270086,8,0.0763737582983898,0.9406678761646836,0.0763737582983898,1,0.5,1,0.8642941178662938
seed27_P_C2_warm_step200,27,P_C2_warm,200,easy,20270087,8,0.14417162006340137,0.21128192100817714,0.047660093089884656,1,0.875,1,0.06711030094477577
seed27_P_C2_warm_step200,27,P_C2_warm,200,easy,20270088,8,0.1590268803427245,0.021752516451534015,0.021752516451534015,1,1,1,-0.1372743638911905
seed27_P_C2_warm_step200,27,P_C2_warm,200,easy,20270089,8,0.443331301986954,0.5087502857266092,0.15789062066288695,0.875,0.75,0.875,0.06541898373965521
seed27_P_C2_warm_step200,27,P_C2_warm,200,easy,20270090,8,0.05049790169405355,0.25994631415488445,0.05049790169405355,1,1,1,0.2094484124608309
seed27_P_C2_warm_step200,27,P_C2_warm,200,easy,20270091,8,0.4397752325292426,0.20513545369404843,0.053153499197385136,1,0.875,1,-0.23463977883519418
seed27_P_C2_warm_step200,27,P_C2_warm,200,easy,20270092,8,0.03249349497033398,0.3013736079037984,0.030227248226194554,1,1,1,0.2688801129334644
seed27_P_C2_warm_step200,27,P_C2_warm,200,easy,20270093,8,1.0929166202149538,0.4272798492235923,0.20131811554261791,0.625,0.875,0.875,-0.6656367709913615
seed27_P_C2_warm_step200,27,P_C2_warm,200,easy,20270094,8,0.09082936637470726,0.2454331892083926,0.029755928069044646,1,1,1,0.15460382283368534
seed27_P_C2_warm_step200,27,P_C2_warm,200,easy,20270095,8,0.07737166627139747,0.4771855993149053,0.036818901219949136,1,0.875,1,0.3998139330435078
seed27_P_C2_warm_step200,27,P_C2_warm,200,easy,20270096,8,0.0561965933954833,0.37763061472428044,0.04570889880830984,1,0.875,1,0.32143402132879717
seed27_P_C2_warm_step200,27,P_C2_warm,200,easy,20270097,8,0.13664679365010127,0.021577571352299433,0.021577571352299433,1,1,1,-0.11506922229780184
seed27_P_C2_warm_step200,27,P_C2_warm,200,easy,20270098,8,0.532421360606467,0.5910600930846422,0.48915315779939256,0.75,0.625,0.75,0.05863873247817519
seed27_P_C2_warm_step200,27,P_C2_warm,200,easy,20270099,8,0.05506616664253566,0.4152491578234805,0.01732786780254762,1,0.5,1,0.3601829911809448
seed27_P_C2_warm_step200,27,P_C2_warm,200,hard,20270000,8,1.6286848708717148,1.820153240664093,1.6286848708717148,0,0,0,0.19146836979237825
seed27_P_C2_warm_step200,27,P_C2_warm,200,hard,20270001,8,1.0593625724562554,0.8395373613927609,0.6387683589363262,0.625,0.75,1,-0.2198252110634945
seed27_P_C2_warm_step200,27,P_C2_warm,200,hard,20270002,8,2.312467197074726,1.7063183178796195,1.7063183178796195,0,0,0,-0.6061488791951066
seed27_P_C2_warm_step200,27,P_C2_warm,200,hard,20270003,8,2.075087005755684,1.8654967428085807,1.8654967428085807,0,0.125,0.125,-0.20959026294710315
seed27_P_C2_warm_step200,27,P_C2_warm,200,hard,20270004,8,1.5045094293546861,1.462219999036505,1.462219999036505,0,0,0,-0.04228943031818111
seed27_P_C2_warm_step200,27,P_C2_warm,200,hard,20270005,8,1.5240979488617363,1.5271496328931913,1.4983419162847151,0,0,0,0.0030516840314549487
seed27_P_C2_warm_step200,27,P_C2_warm,200,hard,20270006,8,1.3826923145378265,1.2187591428861273,1.2140020791175095,0.25,0.25,0.25,-0.16393317165169918
seed27_P_C2_warm_step200,27,P_C2_warm,200,hard,20270007,8,1.88687540954773,1.6422431060225542,1.5870222502955924,0.375,0.375,0.375,-0.24463230352517584
seed27_P_C2_warm_step200,27,P_C2_warm,200,hard,20270008,8,1.3419886083751624,1.449814059602381,1.3419886083751624,0.5,0,0.5,0.10782545122721854
seed27_P_C2_warm_step200,27,P_C2_warm,200,hard,20270009,8,0.7404602153878408,0.8125662254463806,0.7064220567148353,0.625,0.875,0.875,0.07210601005853978
seed27_P_C2_warm_step200,27,P_C2_warm,200,hard,20270010,8,1.4640563552330208,1.5246255608859047,1.3798850465460872,0,0.25,0.25,0.06056920565288393
seed27_P_C2_warm_step200,27,P_C2_warm,200,hard,20270011,8,0.9757400079878907,0.9624382584656821,0.9361249835994714,0.375,0.375,0.375,-0.013301749522208639
seed27_P_C2_warm_step200,27,P_C2_warm,200,hard,20270012,8,0.7479853436055314,0.8611024650414149,0.6672903271403074,1,0.625,1,0.11311712143588348
seed27_P_C2_warm_step200,27,P_C2_warm,200,hard,20270013,8,1.9846680855741512,1.318883886180093,1.318883886180093,0,0.25,0.25,-0.6657841993940583
seed27_P_C2_warm_step200,27,P_C2_warm,200,hard,20270014,8,1.1717176102896685,1.210806149630498,1.1717176102896685,0.5,0.375,0.5,0.039088539340829564
seed27_P_C2_warm_step200,27,P_C2_warm,200,hard,20270015,8,1.41204662372353,1.374610071804449,1.3236124229161197,0.25,0.125,0.25,-0.03743655191908113
seed27_P_C2_warm_step200,27,P_C2_warm,200,hard,20270016,8,1.197969555688823,0.9736605163358066,0.9736605163358066,0.5,0.5,0.5,-0.22430903935301638
seed27_P_C2_warm_step200,27,P_C2_warm,200,hard,20270017,8,1.0333507732594343,1.0315977658861109,1.014934800713677,0.625,0.625,0.625,-0.0017530073733234008
seed27_P_C2_warm_step200,27,P_C2_warm,200,hard,20270018,8,1.2798295656354501,1.4393513875549822,1.2798295656354501,0.5,0.125,0.5,0.15952182191953201
seed27_P_C2_warm_step200,27,P_C2_warm,200,hard,20270019,8,1.2937124993398972,1.2383137119535936,1.1297295031987464,0.625,0.625,0.625,-0.05539878738630355
seed27_P_C2_warm_step200,27,P_C2_warm,200,hard,20270020,8,0.924735261412119,0.9121868852252054,0.8463973460216625,0.875,0.875,0.875,-0.012548376186913623
seed27_P_C2_warm_step200,27,P_C2_warm,200,hard,20270021,8,1.2916032537507043,1.3230313405506824,1.2911246837505364,0.375,0.375,0.375,0.031428086799978106
seed27_P_C2_warm_step200,27,P_C2_warm,200,hard,20270022,8,1.4432132182828672,1.2871233534861042,1.2361308373335058,0.375,0.375,0.375,-0.156089864796763
seed27_P_C2_warm_step200,27,P_C2_warm,200,hard,20270023,8,1.042602443394589,0.9278675399919553,0.9262600730640465,0.625,0.625,0.625,-0.11473490340263381
seed27_P_C2_warm_step200,27,P_C2_warm,200,hard,20270024,8,2.018489036372441,1.3336651112212832,1.3336651112212832,0,0.125,0.125,-0.6848239251511576
seed27_P_C2_warm_step200,27,P_C2_warm,200,hard,20270025,8,1.4309692495206563,1.3236668861301706,1.3236668861301706,0,0.5,0.5,-0.10730236339048571
seed27_P_C2_warm_step200,27,P_C2_warm,200,hard,20270026,8,1.043484114168706,1.0392349992383438,0.996617838159503,0.5,0.5,0.5,-0.0042491149303620634
seed27_P_C2_warm_step200,27,P_C2_warm,200,hard,20270027,8,0.9710633111998468,0.9921326784589806,0.9513005285435461,0.75,0.625,0.75,0.021069367259133776
seed27_P_C2_warm_step200,27,P_C2_warm,200,hard,20270028,8,0.8698214181857915,0.883730095109127,0.8637117783767931,0.75,0.5,0.75,0.013908676923335528
seed27_P_C2_warm_step200,27,P_C2_warm,200,hard,20270029,8,0.595361272181812,0.6137024073330546,0.5402466372923539,0.75,0.875,0.875,0.018341135151242582
seed27_P_C2_warm_step200,27,P_C2_warm,200,hard,20270030,8,1.2668526092183412,1.2034617468423443,1.1658115529615478,0.5,0.5,0.5,-0.06339086237599689
seed27_P_C2_warm_step200,27,P_C2_warm,200,hard,20270031,8,1.3591469738502266,1.1810072310781938,1.1317724361421606,0.375,0.375,0.375,-0.17813974277203282
seed27_P_C2_warm_step200,27,P_C2_warm,200,hard,20270032,8,1.2200472327912595,1.2625182099375967,1.2200472327912595,0.625,0.5,0.625,0.042470977146337185
seed27_P_C2_warm_step200,27,P_C2_warm,200,hard,20270033,8,1.168201912602927,1.3363996221920655,1.1663709647037057,0.25,0.125,0.25,0.1681977095891385
seed27_P_C2_warm_step200,27,P_C2_warm,200,hard,20270034,8,1.168388176964666,1.2364387227463167,1.162470632017006,0.375,0.375,0.375,0.0680505457816507
seed27_P_C2_warm_step200,27,P_C2_warm,200,hard,20270035,8,1.4159080512410487,1.231082896806243,1.231082896806243,0,0.5,0.5,-0.18482515443480563
seed27_P_C2_warm_step200,27,P_C2_warm,200,hard,20270036,8,1.285457254034208,1.20978808011068,1.20978808011068,0.25,0.5,0.5,-0.07566917392352801
seed27_P_C2_warm_step200,27,P_C2_warm,200,hard,20270037,8,1.6311477486850572,1.427291118492795,1.427291118492795,0,0.25,0.25,-0.2038566301922622
seed27_P_C2_warm_step200,27,P_C2_warm,200,hard,20270038,8,1.4296324734883616,1.1459487573273712,1.1459487573273712,0.5,0.5,0.5,-0.2836837161609904
seed27_P_C2_warm_step200,27,P_C2_warm,200,hard,20270039,8,1.6195693038188783,1.5905800649118436,1.5905800649118436,0.25,0.25,0.25,-0.028989238907034753
seed27_P_C2_warm_step200,27,P_C2_warm,200,hard,20270040,8,0.4733267128636238,0.5260506058260669,0.46241182250314233,1,1,1,0.052723892962443064
seed27_P_C2_warm_step200,27,P_C2_warm,200,hard,20270041,8,1.9199276841276265,1.6368542146030007,1.601791878752021,0.375,0.375,0.375,-0.28307346952462575
seed27_P_C2_warm_step200,27,P_C2_warm,200,hard,20270042,8,1.2213541535204355,1.1257692989434682,1.1250908019159904,0.625,0.75,0.75,-0.0955848545769673
seed27_P_C2_warm_step200,27,P_C2_warm,200,hard,20270043,8,1.2767680336458316,1.3810987745336378,1.2767680336458316,0.625,0.25,0.625,0.10433074088780625
seed27_P_C2_warm_step200,27,P_C2_warm,200,hard,20270044,8,1.3624555744575046,1.1668671943222906,1.1668671943222906,0.25,0.375,0.375,-0.19558838013521407
seed27_P_C2_warm_step200,27,P_C2_warm,200,hard,20270045,8,1.183865168179818,0.9732277345113519,0.9732277345113519,0.5,0.5,0.5,-0.2106374336684661
seed27_P_C2_warm_step200,27,P_C2_warm,200,hard,20270046,8,2.005201076174516,1.6797253090120032,1.6797253090120032,0,0.125,0.125,-0.3254757671625128
seed27_P_C2_warm_step200,27,P_C2_warm,200,hard,20270047,8,1.1099867396065677,1.275561370923008,1.1099867396065677,0.75,0.25,0.75,0.16557463131644035
seed27_P_C2_warm_step200,27,P_C2_warm,200,hard,20270048,8,0.8041325368352565,0.7464055333475437,0.6463047474835993,0.75,0.75,0.75,-0.05772700348771287
seed27_P_C2_warm_step200,27,P_C2_warm,200,hard,20270049,8,1.5433861093811532,1.338269128798835,1.3346513118183065,0,0.5,0.5,-0.2051169805823181
seed27_P_C2_warm_step200,27,P_C2_warm,200,hard,20270050,8,0.8207631535239547,0.7644030513819065,0.6615195129413224,0.625,0.625,0.625,-0.05636010214204823
seed27_P_C2_warm_step200,27,P_C2_warm,200,hard,20270051,8,1.2485325784934016,1.3722390339868467,1.2485325784934016,0.25,0.25,0.25,0.12370645549344506
seed27_P_C2_warm_step200,27,P_C2_warm,200,hard,20270052,8,1.2942655887524184,1.2335876570355953,1.1521800865595653,0.625,0.625,0.625,-0.06067793171682312
seed27_P_C2_warm_step200,27,P_C2_warm,200,hard,20270053,8,0.9409152735978558,1.2461783356937206,0.8832159389882335,0.75,0.625,0.75,0.30526306209586485
seed27_P_C2_warm_step200,27,P_C2_warm,200,hard,20270054,8,0.9358288166289654,0.9053698045842086,0.8756845271372317,0.75,0.75,0.75,-0.030459012044756872
seed27_P_C2_warm_step200,27,P_C2_warm,200,hard,20270055,8,1.5763542355337274,1.368222241402547,1.3144098147983363,0.5,0.125,0.5,-0.20813199413118055
seed27_P_C2_warm_step200,27,P_C2_warm,200,hard,20270056,8,0.9593488480487562,0.919082694806142,0.8439316273394548,0.625,0.625,0.625,-0.04026615324261418
seed27_P_C2_warm_step200,27,P_C2_warm,200,hard,20270057,8,2.337508467816796,2.12243109412642,2.12243109412642,0,0,0,-0.21507737369037594
seed27_P_C2_warm_step200,27,P_C2_warm,200,hard,20270058,8,1.7676125491593895,1.4266715863851291,1.3784331331379835,0.375,0.375,0.375,-0.34094096277426034
seed27_P_C2_warm_step200,27,P_C2_warm,200,hard,20270059,8,1.1361373222927962,1.1458995091944115,1.13257729824445,0.375,0.375,0.375,0.009762186901615344
seed27_P_C2_warm_step200,27,P_C2_warm,200,hard,20270060,8,1.5161478583638148,1.5487522844615935,1.5158419099349623,0.125,0.125,0.125,0.032604426097778694
seed27_P_C2_warm_step200,27,P_C2_warm,200,hard,20270061,8,0.8468521887869935,0.988744276516108,0.8445631072230434,0.5,0.625,0.625,0.14189208772911444
seed27_P_C2_warm_step200,27,P_C2_warm,200,hard,20270062,8,1.4627912518143842,1.2394444098778417,1.1982767204776992,0.5,0.5,0.5,-0.22334684193654253
seed27_P_C2_warm_step200,27,P_C2_warm,200,hard,20270063,8,2.259924134561984,1.7804931881225095,1.7804931881225095,0,0,0,-0.4794309464394746
seed27_P_C2_warm_step200,27,P_C2_warm,200,hard,20270064,8,1.2000766545930575,1.1522143380301544,0.9912184041418804,0.25,0.375,0.5,-0.04786231656290307
seed27_P_C2_warm_step200,27,P_C2_warm,200,hard,20270065,8,0.6458006787652769,0.7305504553907558,0.5625622673192793,0.75,0.75,0.75,0.08474977662547889
seed27_P_C2_warm_step200,27,P_C2_warm,200,hard,20270066,8,2.3569429183257045,1.9485753718249976,1.9485753718249976,0.125,0.125,0.125,-0.40836754650070684
seed27_P_C2_warm_step200,27,P_C2_warm,200,hard,20270067,8,1.5844219942095135,1.4036919359936182,1.3327466268360368,0.5,0.5,0.5,-0.18073005821589527
seed27_P_C2_warm_step200,27,P_C2_warm,200,hard,20270068,8,1.139355150439401,1.2323894753351887,1.139355150439401,0.625,0.375,0.625,0.09303432489578767
seed27_P_C2_warm_step200,27,P_C2_warm,200,hard,20270069,8,1.5439003254514376,1.5008527540216254,1.4280706211949645,0,0.125,0.125,-0.04304757142981219
seed27_P_C2_warm_step200,27,P_C2_warm,200,hard,20270070,8,0.629284115913611,0.8616599892417262,0.629284115913611,0.875,0.875,0.875,0.23237587332811516
seed27_P_C2_warm_step200,27,P_C2_warm,200,hard,20270071,8,1.3131372553077882,1.3453132145405633,1.3108567795873411,0.25,0.125,0.125,0.03217595923277505
seed27_P_C2_warm_step200,27,P_C2_warm,200,hard,20270072,8,0.7869955365904102,0.8514849987638257,0.7869955365904102,0.5,0.5,0.5,0.06448946217341545
seed27_P_C2_warm_step200,27,P_C2_warm,200,hard,20270073,8,1.5550217098153387,1.6280303315214109,1.5550217098153387,0.25,0.125,0.25,0.07300862170607214
seed27_P_C2_warm_step200,27,P_C2_warm,200,hard,20270074,8,1.5556990051405974,1.3610164686105801,1.3610164686105801,0,0,0,-0.19468253653001732
seed27_P_C2_warm_step200,27,P_C2_warm,200,hard,20270075,8,1.269658261522077,1.244516160431661,1.2246849288514274,0.25,0.25,0.25,-0.025142101090416036
seed27_P_C2_warm_step200,27,P_C2_warm,200,hard,20270076,8,1.9788357079942462,1.7123027853334012,1.7123027853334012,0,0,0,-0.26653292266084505
seed27_P_C2_warm_step200,27,P_C2_warm,200,hard,20270077,8,1.1198241729196032,1.1545005242637754,1.0715059988142537,0,0,0,0.03467635134417213
seed27_P_C2_warm_step200,27,P_C2_warm,200,hard,20270078,8,1.0222772052285547,0.9781998592352111,0.9781998592352111,0.75,0.75,0.75,-0.044077345993343564
seed27_P_C2_warm_step200,27,P_C2_warm,200,hard,20270079,8,1.3112334468973081,0.9843156916007241,0.9843156916007241,0.375,0.75,0.75,-0.32691775529658407
seed27_P_C2_warm_step200,27,P_C2_warm,200,hard,20270080,8,1.2892669009344593,1.1178470911634237,1.0598021361447656,0.5,0.5,0.5,-0.17141980977103555
seed27_P_C2_warm_step200,27,P_C2_warm,200,hard,20270081,8,1.7648625756545897,1.5405648260126688,1.4781003373897719,0.375,0.375,0.375,-0.22429774964192095
seed27_P_C2_warm_step200,27,P_C2_warm,200,hard,20270082,8,1.916226528058324,1.7069136068860948,1.7069136068860948,0,0,0,-0.2093129211722291
seed27_P_C2_warm_step200,27,P_C2_warm,200,hard,20270083,8,1.0231392101640309,1.020114955325299,1.0155230865031877,0.5,0.5,0.5,-0.0030242548387318102
seed27_P_C2_warm_step200,27,P_C2_warm,200,hard,20270084,8,1.5244601498399415,1.4279863262235208,1.3812987461515494,0.25,0.25,0.25,-0.09647382361642065
seed27_P_C2_warm_step200,27,P_C2_warm,200,hard,20270085,8,0.940480911870507,1.1316164733192426,0.881088495812808,0.5,0.625,0.625,0.19113556144873567
seed27_P_C2_warm_step200,27,P_C2_warm,200,hard,20270086,8,0.9793191462165053,0.8607927338346893,0.8607927338346893,1,1,1,-0.11852641238181594
seed27_P_C2_warm_step200,27,P_C2_warm,200,hard,20270087,8,0.7073437438785954,0.8331402830514897,0.6539987878199595,0.875,0.875,0.875,0.12579653917289424
seed27_P_C2_warm_step200,27,P_C2_warm,200,hard,20270088,8,1.8669347379744012,1.635520532779755,1.635520532779755,0,0,0,-0.23141420519464617
seed27_P_C2_warm_step200,27,P_C2_warm,200,hard,20270089,8,0.7379969751082628,1.1378462136614966,0.7226278899907683,1,0.5,1,0.39984923855323384
seed27_P_C2_warm_step200,27,P_C2_warm,200,hard,20270090,8,1.5411928460222613,1.5574900966229794,1.486969386360749,0,0,0,0.016297250600718183
seed27_P_C2_warm_step200,27,P_C2_warm,200,hard,20270091,8,2.415960149709377,1.8058840106301608,1.8058840106301608,0,0,0,-0.6100761390792162
seed27_P_C2_warm_step200,27,P_C2_warm,200,hard,20270092,8,0.7909222525490913,0.8175788150286247,0.7591773405075316,0.625,0.625,0.625,0.026656562479533408
seed27_P_C2_warm_step200,27,P_C2_warm,200,hard,20270093,8,1.913342064829856,1.6990774643319755,1.6106770685142262,0.375,0.375,0.375,-0.21426460049788054
seed27_P_C2_warm_step200,27,P_C2_warm,200,hard,20270094,8,0.7216831543220231,0.7742478146414336,0.6944278922106569,0.75,1,1,0.05256466031941043
seed27_P_C2_warm_step200,27,P_C2_warm,200,hard,20270095,8,1.2045602012121543,1.195151334373724,1.195151334373724,0.125,0.125,0.125,-0.009408866838430452
seed27_P_C2_warm_step200,27,P_C2_warm,200,hard,20270096,8,1.2714510682105573,1.6344217509051693,1.2670354964980766,0,0,0,0.36297068269461197
seed27_P_C2_warm_step200,27,P_C2_warm,200,hard,20270097,8,1.9488726577301472,1.605332654989195,1.605332654989195,0,0,0,-0.3435400027409521
seed27_P_C2_warm_step200,27,P_C2_warm,200,hard,20270098,8,1.3990647136085006,1.2861213858534382,1.2861213858534382,0.5,0.5,0.5,-0.11294332775506244
seed27_P_C2_warm_step200,27,P_C2_warm,200,hard,20270099,8,0.9262057231838978,1.0401251519478698,0.9104743105091732,0.625,0.625,0.625,0.11391942876397199
seed27_P_C2_warm_step400,27,P_C2_warm,400,easy,20270000,8,0.09068914050291627,0.1556463239118668,0.08100773157327554,1,1,1,0.06495718340895054
seed27_P_C2_warm_step400,27,P_C2_warm,400,easy,20270001,8,0.07605613188144335,0.1425133735335737,0.0398590423881868,1,1,1,0.06645724165213036
seed27_P_C2_warm_step400,27,P_C2_warm,400,easy,20270002,8,0.05337657684134471,0.30927604298312117,0.05337657684134471,1,1,1,0.25589946614177644
seed27_P_C2_warm_step400,27,P_C2_warm,400,easy,20270003,8,0.36457207896792526,0.6505917969499281,0.30866092319476746,1,0.5,1,0.2860197179820028
seed27_P_C2_warm_step400,27,P_C2_warm,400,easy,20270004,8,0.4019305693992194,0.7288522076860663,0.04676759970001377,1,0.5,1,0.3269216382868469
seed27_P_C2_warm_step400,27,P_C2_warm,400,easy,20270005,8,0.09673163471726616,0.46604997408091337,0.08972116764820848,1,0.625,1,0.3693183393636472
seed27_P_C2_warm_step400,27,P_C2_warm,400,easy,20270006,8,0.06434339373306017,0.163304229804875,0.04450944216256698,1,1,1,0.09896083607181483
seed27_P_C2_warm_step400,27,P_C2_warm,400,easy,20270007,8,0.021791540138244025,0.04100536605908579,0.017621138853231657,1,1,1,0.019213825920841768
seed27_P_C2_warm_step400,27,P_C2_warm,400,easy,20270008,8,0.6643380164074123,0.24157993722382004,0.07893312371982777,0.75,1,1,-0.42275807918359226
seed27_P_C2_warm_step400,27,P_C2_warm,400,easy,20270009,8,0.07250617835628045,0.5222437811642962,0.04392383595100578,1,0.625,1,0.44973760280801567
seed27_P_C2_warm_step400,27,P_C2_warm,400,easy,20270010,8,0.2745648058689821,0.9447966011371152,0.27341858379479217,0.875,0.375,0.875,0.6702317952681331
seed27_P_C2_warm_step400,27,P_C2_warm,400,easy,20270011,8,0.05598768075024124,0.06343497341656122,0.022645978577019978,1,1,1,0.0074472926663199795
seed27_P_C2_warm_step400,27,P_C2_warm,400,easy,20270012,8,0.053943960105841154,0.2259259597585868,0.03896168242263961,1,1,1,0.17198199965274563
seed27_P_C2_warm_step400,27,P_C2_warm,400,easy,20270013,8,0.09696967094823258,0.030511085376316218,0.029763193128995964,1,1,1,-0.06645858557191636
seed27_P_C2_warm_step400,27,P_C2_warm,400,easy,20270014,8,0.03196200633781793,0.07065320213203344,0.016294629782603192,1,1,1,0.03869119579421551
seed27_P_C2_warm_step400,27,P_C2_warm,400,easy,20270015,8,0.48628410020008406,0.1419972762326679,0.07803231201604423,0.75,1,1,-0.34428682396741617
seed27_P_C2_warm_step400,27,P_C2_warm,400,easy,20270016,8,0.078244815580644,0.053965255182277516,0.05179543684444711,1,1,1,-0.024279560398366484
seed27_P_C2_warm_step400,27,P_C2_warm,400,easy,20270017,8,0.04363204207657547,0.029698520375830054,0.028135569981760495,1,1,1,-0.013933521700745417
seed27_P_C2_warm_step400,27,P_C2_warm,400,easy,20270018,8,0.052994433598120345,0.5065703613422685,0.04783301297907134,1,0.625,1,0.4535759277441482
seed27_P_C2_warm_step400,27,P_C2_warm,400,easy,20270019,8,0.13925263085943368,0.10172787996093605,0.03710961296226129,1,1,1,-0.03752475089849763
seed27_P_C2_warm_step400,27,P_C2_warm,400,easy,20270020,8,0.240347609162235,0.3762951317005348,0.23869098229397953,1,1,1,0.1359475225382998
seed27_P_C2_warm_step400,27,P_C2_warm,400,easy,20270021,8,0.0503347790373079,0.050184643255516324,0.02901484642148472,1,1,1,-0.00015013578179157855
seed27_P_C2_warm_step400,27,P_C2_warm,400,easy,20270022,8,1.186905962145384,0.3850460575959061,0.3022287024250214,0.5,1,1,-0.8018599045494779
seed27_P_C2_warm_step400,27,P_C2_warm,400,easy,20270023,8,0.10405757664969008,1.374018231437777,0.08623958280356142,1,0.375,1,1.2699606547880868
seed27_P_C2_warm_step400,27,P_C2_warm,400,easy,20270024,8,0.07506601436043459,0.07127033318377304,0.05341433241769475,1,1,1,-0.0037956811766615417
seed27_P_C2_warm_step400,27,P_C2_warm,400,easy,20270025,8,0.2246417606188403,0.18641792069552715,0.12535559888224035,1,1,1,-0.03822383992331316
seed27_P_C2_warm_step400,27,P_C2_warm,400,easy,20270026,8,0.1472730652696285,0.161983995492534,0.08314036370849823,1,1,1,0.01471093022290551
seed27_P_C2_warm_step400,27,P_C2_warm,400,easy,20270027,8,0.06307063822269053,0.2117460462773234,0.029808893141432296,1,1,1,0.14867540805463286
seed27_P_C2_warm_step400,27,P_C2_warm,400,easy,20270028,8,0.10157032865701988,0.36686968212089793,0.06514857434075223,1,0.875,1,0.26529935346387806
seed27_P_C2_warm_step400,27,P_C2_warm,400,easy,20270029,8,0.07208797071113457,0.04422998561190948,0.030385613766507877,1,1,1,-0.027857985099225088
seed27_P_C2_warm_step400,27,P_C2_warm,400,easy,20270030,8,0.4755987101067073,0.3563660697964784,0.3563660697964784,0.625,0.75,0.75,-0.1192326403102289
seed27_P_C2_warm_step400,27,P_C2_warm,400,easy,20270031,8,0.14175404199802288,0.5997537800135664,0.13064889171510996,1,0.5,1,0.4579997380155435
seed27_P_C2_warm_step400,27,P_C2_warm,400,easy,20270032,8,0.062314340380284085,0.17712221296708172,0.033021930650127575,1,1,1,0.11480787258679764
seed27_P_C2_warm_step400,27,P_C2_warm,400,easy,20270033,8,0.23262657225795239,0.32477867860214793,0.15746635594066627,1,0.875,1,0.09215210634419554
seed27_P_C2_warm_step400,27,P_C2_warm,400,easy,20270034,8,0.037216198883262,0.2047055678337145,0.020190386390737516,1,1,1,0.1674893689504525
seed27_P_C2_warm_step400,27,P_C2_warm,400,easy,20270035,8,0.030923785594937844,0.17767011544549535,0.026902174541177864,1,1,1,0.14674632985055752
seed27_P_C2_warm_step400,27,P_C2_warm,400,easy,20270036,8,0.27487798630507687,0.13694364551281146,0.12389772922930146,1,1,1,-0.1379343407922654
seed27_P_C2_warm_step400,27,P_C2_warm,400,easy,20270037,8,0.05663706784429655,0.06653992247579968,0.04924885088022053,1,1,1,0.00990285463150313
seed27_P_C2_warm_step400,27,P_C2_warm,400,easy,20270038,8,0.030976714805369863,0.043788874782402704,0.015341059098625638,1,1,1,0.01281215997703284
seed27_P_C2_warm_step400,27,P_C2_warm,400,easy,20270039,8,0.13949645448208975,0.43135133540688353,0.13188395658910793,1,0.75,1,0.2918548809247938
seed27_P_C2_warm_step400,27,P_C2_warm,400,easy,20270040,8,0.5466724814908439,0.5945057857508974,0.47779132286468035,0.75,0.625,0.75,0.0478333042600535
seed27_P_C2_warm_step400,27,P_C2_warm,400,easy,20270041,8,0.4084094804958744,0.5257199455544757,0.4084094804958744,0.875,0.75,0.875,0.11731046505860127
seed27_P_C2_warm_step400,27,P_C2_warm,400,easy,20270042,8,0.2506930506978291,0.05872959369707911,0.05772459111615066,0.875,1,1,-0.19196345700075
seed27_P_C2_warm_step400,27,P_C2_warm,400,easy,20270043,8,0.5965093042885327,0.7385836106352008,0.5663004146050673,0.75,0.5,0.75,0.14207430634666818
seed27_P_C2_warm_step400,27,P_C2_warm,400,easy,20270044,8,0.07734200943981343,0.42951527830956326,0.06953001361794252,1,0.75,1,0.35217326886974987
seed27_P_C2_warm_step400,27,P_C2_warm,400,easy,20270045,8,0.09603705701185886,0.10188265759735857,0.0861881342512241,1,1,1,0.005845600585499711
seed27_P_C2_warm_step400,27,P_C2_warm,400,easy,20270046,8,0.08344642951541785,0.1649379287377784,0.040063954148454366,1,1,1,0.08149149922236056
seed27_P_C2_warm_step400,27,P_C2_warm,400,easy,20270047,8,0.2690676546429002,0.4058767710594501,0.138613715030445,0.875,0.875,1,0.13680911641654986
seed27_P_C2_warm_step400,27,P_C2_warm,400,easy,20270048,8,0.0310502699774775,0.15173302226918425,0.0310502699774775,1,1,1,0.12068275229170675
seed27_P_C2_warm_step400,27,P_C2_warm,400,easy,20270049,8,0.1760958995347396,0.12250742773373423,0.10690996525808,1,1,1,-0.05358847180100536
seed27_P_C2_warm_step400,27,P_C2_warm,400,easy,20270050,8,0.05120900249482619,0.03145507249876092,0.03145507249876092,1,1,1,-0.01975392999606527
seed27_P_C2_warm_step400,27,P_C2_warm,400,easy,20270051,8,0.7757144994112088,1.1851903606191767,0.7466073696384803,0.625,0.25,0.625,0.40947586120796786
seed27_P_C2_warm_step400,27,P_C2_warm,400,easy,20270052,8,1.0204453110344425,0.12046575078382468,0.11926700836896345,0.625,1,1,-0.8999795602506178
seed27_P_C2_warm_step400,27,P_C2_warm,400,easy,20270053,8,0.163587115636786,0.46565909395848387,0.163587115636786,1,1,1,0.30207197832169785
seed27_P_C2_warm_step400,27,P_C2_warm,400,easy,20270054,8,0.02832103152290295,0.17880852113005102,0.024830400247438093,1,1,1,0.15048748960714808
seed27_P_C2_warm_step400,27,P_C2_warm,400,easy,20270055,8,0.22064093413276867,0.12465401157602547,0.12194526170453576,1,1,1,-0.0959869225567432
seed27_P_C2_warm_step400,27,P_C2_warm,400,easy,20270056,8,0.5794517978731503,0.35286572836372554,0.35286572836372554,0.75,0.75,0.75,-0.22658606950942473
seed27_P_C2_warm_step400,27,P_C2_warm,400,easy,20270057,8,0.12528353681401783,0.1063108404861359,0.0614243345558715,1,1,1,-0.018972696327881927
seed27_P_C2_warm_step400,27,P_C2_warm,400,easy,20270058,8,0.6997569068659566,0.5758602556341148,0.5758602556341148,0.5,0.625,0.625,-0.12389665123184179
seed27_P_C2_warm_step400,27,P_C2_warm,400,easy,20270059,8,0.12428323647544505,0.28618161450607504,0.12428323647544505,1,0.875,1,0.16189837803063
seed27_P_C2_warm_step400,27,P_C2_warm,400,easy,20270060,8,0.05776535174655071,0.4519812089704161,0.05376832998673205,1,0.75,1,0.3942158572238654
seed27_P_C2_warm_step400,27,P_C2_warm,400,easy,20270061,8,1.6646890290023986,1.4738948143706687,1.4738948143706687,0.375,0.375,0.375,-0.19079421463172985
seed27_P_C2_warm_step400,27,P_C2_warm,400,easy,20270062,8,0.2242035838455609,1.2496668299122091,0.2242035838455609,1,0.5,1,1.0254632460666482
seed27_P_C2_warm_step400,27,P_C2_warm,400,easy,20270063,8,0.04662081364055033,0.09710645176705178,0.022535950648022877,1,1,1,0.05048563812650145
seed27_P_C2_warm_step400,27,P_C2_warm,400,easy,20270064,8,0.7286388950953493,0.8146418301986604,0.6809171206214591,0.625,0.625,0.625,0.08600293510331114
seed27_P_C2_warm_step400,27,P_C2_warm,400,easy,20270065,8,0.06830112033584035,0.06519365864192424,0.049066485090867376,1,1,1,-0.003107461693916111
seed27_P_C2_warm_step400,27,P_C2_warm,400,easy,20270066,8,0.12657921394691285,0.03476778533609403,0.028122035485740125,1,1,1,-0.09181142861081881
seed27_P_C2_warm_step400,27,P_C2_warm,400,easy,20270067,8,0.22330412504527397,0.9629685298833673,0.20804082262726017,0.875,0.375,0.75,0.7396644048380934
seed27_P_C2_warm_step400,27,P_C2_warm,400,easy,20270068,8,0.7604656338970937,0.8458712000863096,0.7007658111236515,0.5,0.5,0.5,0.08540556618921591
seed27_P_C2_warm_step400,27,P_C2_warm,400,easy,20270069,8,0.24007740917969322,0.2207940269727113,0.11081822827594663,1,1,1,-0.01928338220698192
seed27_P_C2_warm_step400,27,P_C2_warm,400,easy,20270070,8,0.08266223091214613,0.6063554896950534,0.08266223091214613,1,0.75,1,0.5236932587829073
seed27_P_C2_warm_step400,27,P_C2_warm,400,easy,20270071,8,0.06631571041113728,0.2949905936706571,0.06027352566843857,1,1,1,0.22867488325951985
seed27_P_C2_warm_step400,27,P_C2_warm,400,easy,20270072,8,0.055733155004850286,1.0981286695347685,0.055733155004850286,1,0.375,1,1.0423955145299182
seed27_P_C2_warm_step400,27,P_C2_warm,400,easy,20270073,8,0.15099639745653431,0.7210400188825549,0.14586831326294583,1,0.5,1,0.5700436214260205
seed27_P_C2_warm_step400,27,P_C2_warm,400,easy,20270074,8,0.1500191875999434,0.22714542690239864,0.1500191875999434,1,1,1,0.07712623930245524
seed27_P_C2_warm_step400,27,P_C2_warm,400,easy,20270075,8,0.43974029846956314,0.11624276538729027,0.055040729974481596,0.75,1,1,-0.32349753308227286
seed27_P_C2_warm_step400,27,P_C2_warm,400,easy,20270076,8,0.11001300855220505,1.0272475213335974,0.08211310369564272,1,0.375,1,0.9172345127813923
seed27_P_C2_warm_step400,27,P_C2_warm,400,easy,20270077,8,0.08880485482177561,0.5699009024406704,0.07980335728437465,1,0.75,1,0.4810960476188948
seed27_P_C2_warm_step400,27,P_C2_warm,400,easy,20270078,8,0.6935405686881898,0.26622053347253405,0.22244018243487843,0.625,1,1,-0.42732003521565576
seed27_P_C2_warm_step400,27,P_C2_warm,400,easy,20270079,8,1.6968836273499737,1.1451674347789313,1.0394236214464145,0.375,0.5,0.5,-0.5517161925710423
seed27_P_C2_warm_step400,27,P_C2_warm,400,easy,20270080,8,0.03614539945441222,0.09722309655832422,0.016768414871848474,1,1,1,0.061077697103912
seed27_P_C2_warm_step400,27,P_C2_warm,400,easy,20270081,8,0.06831381543276503,0.05240838660075187,0.04321728596507801,1,1,1,-0.01590542883201316
seed27_P_C2_warm_step400,27,P_C2_warm,400,easy,20270082,8,0.5144182039165974,0.08436598416739784,0.06976916304271635,0.75,1,1,-0.4300522197491996
seed27_P_C2_warm_step400,27,P_C2_warm,400,easy,20270083,8,0.1140012779546114,0.27409650859680695,0.10139804940113858,1,0.875,1,0.16009523064219555
seed27_P_C2_warm_step400,27,P_C2_warm,400,easy,20270084,8,0.2570716915003835,0.41658942633113233,0.25613149813600045,0.875,0.75,0.875,0.15951773483074883
seed27_P_C2_warm_step400,27,P_C2_warm,400,easy,20270085,8,0.13315953173828826,0.44182272908988596,0.04246918208400465,1,0.875,1,0.3086631973515977
seed27_P_C2_warm_step400,27,P_C2_warm,400,easy,20270086,8,0.08049236712518144,0.5678943958650288,0.08049236712518144,1,1,1,0.48740202873984734
seed27_P_C2_warm_step400,27,P_C2_warm,400,easy,20270087,8,0.07919363403267654,0.07438275468728461,0.03112452031582605,1,1,1,-0.004810879345391927
seed27_P_C2_warm_step400,27,P_C2_warm,400,easy,20270088,8,0.11511941535774921,0.01841359226655317,0.01841359226655317,1,1,1,-0.09670582309119603
seed27_P_C2_warm_step400,27,P_C2_warm,400,easy,20270089,8,0.2887059243098152,0.3420491130494163,0.12985386593041154,1,0.875,1,0.053343188739601144
seed27_P_C2_warm_step400,27,P_C2_warm,400,easy,20270090,8,0.04569762212507482,0.17405138023062272,0.04569762212507482,1,1,1,0.1283537581055479
seed27_P_C2_warm_step400,27,P_C2_warm,400,easy,20270091,8,0.19721878215901606,0.1207408686593757,0.046975056673412216,1,1,1,-0.07647791349964037
seed27_P_C2_warm_step400,27,P_C2_warm,400,easy,20270092,8,0.03052584523262355,0.2765041868669659,0.02688345435786291,1,1,1,0.24597834163434232
seed27_P_C2_warm_step400,27,P_C2_warm,400,easy,20270093,8,0.7831126022996796,0.2644101538094103,0.16732804092847847,0.625,1,1,-0.5187024484902694
seed27_P_C2_warm_step400,27,P_C2_warm,400,easy,20270094,8,0.053768234983268604,0.7230708948550789,0.02049364456684995,1,0.5,1,0.6693026598718104
seed27_P_C2_warm_step400,27,P_C2_warm,400,easy,20270095,8,0.04302145934421115,0.2722577127197919,0.031334625188735005,1,1,1,0.22923625337558073
seed27_P_C2_warm_step400,27,P_C2_warm,400,easy,20270096,8,0.07241141832443924,0.6641790781113844,0.06859486633867012,1,0.5,1,0.5917676597869452
seed27_P_C2_warm_step400,27,P_C2_warm,400,easy,20270097,8,0.09212100403560268,0.018594729117127756,0.018594729117127756,1,1,1,-0.07352627491847492
seed27_P_C2_warm_step400,27,P_C2_warm,400,easy,20270098,8,0.2716605007628624,0.33259537927181915,0.2682670074337157,1,0.75,1,0.060934878508956736
seed27_P_C2_warm_step400,27,P_C2_warm,400,easy,20270099,8,0.04165303175035888,0.15783111892808124,0.010864115617142954,1,1,1,0.11617808717772236
seed27_P_C2_warm_step400,27,P_C2_warm,400,hard,20270000,8,1.7522976101295955,1.8987815661540703,1.7522976101295955,0,0,0,0.14648395602447484
seed27_P_C2_warm_step400,27,P_C2_warm,400,hard,20270001,8,1.0306372078655823,0.8221052653652723,0.6764655343174742,0.625,0.75,1,-0.20853194250031004
seed27_P_C2_warm_step400,27,P_C2_warm,400,hard,20270002,8,2.2450228832492405,1.7822876119468716,1.7822876119468716,0,0,0,-0.4627352713023689
seed27_P_C2_warm_step400,27,P_C2_warm,400,hard,20270003,8,1.868101908247096,1.7127743558707813,1.7127743558707813,0,0.125,0.125,-0.15532755237631468
seed27_P_C2_warm_step400,27,P_C2_warm,400,hard,20270004,8,1.5395233586921317,1.5133939087250539,1.5133939087250539,0,0,0,-0.02612944996707789
seed27_P_C2_warm_step400,27,P_C2_warm,400,hard,20270005,8,1.4924876047492786,1.504896812707718,1.4611468198929978,0,0,0,0.012409207958439472
seed27_P_C2_warm_step400,27,P_C2_warm,400,hard,20270006,8,1.2592982425078894,1.11819604828451,1.1112657052939854,0.25,0.375,0.375,-0.14110219422337944
seed27_P_C2_warm_step400,27,P_C2_warm,400,hard,20270007,8,1.7075730665914735,1.5048674060644311,1.465945695228006,0.375,0.25,0.375,-0.2027056605270423
seed27_P_C2_warm_step400,27,P_C2_warm,400,hard,20270008,8,1.3641346064693611,1.4669062107554514,1.3641346064693611,0.25,0,0.25,0.10277160428609022
seed27_P_C2_warm_step400,27,P_C2_warm,400,hard,20270009,8,0.7413902791565951,0.7940383863936133,0.7054649854880446,0.625,0.875,0.875,0.05264810723701829
seed27_P_C2_warm_step400,27,P_C2_warm,400,hard,20270010,8,1.5936479705185032,1.620145208689971,1.5260535439214196,0,0,0,0.026497238171467874
seed27_P_C2_warm_step400,27,P_C2_warm,400,hard,20270011,8,0.9190236162642919,0.9032213769340935,0.8793049766439274,0.375,0.375,0.375,-0.01580223933019831
seed27_P_C2_warm_step400,27,P_C2_warm,400,hard,20270012,8,0.6905222791164413,0.8132072117401802,0.6725107732552886,0.75,0.625,0.75,0.12268493262373892
seed27_P_C2_warm_step400,27,P_C2_warm,400,hard,20270013,8,1.9440467473289995,1.3290431117445387,1.3290431117445387,0,0.25,0.25,-0.6150036355844608
seed27_P_C2_warm_step400,27,P_C2_warm,400,hard,20270014,8,1.199185198343875,1.225896411161775,1.199185198343875,0.375,0.375,0.375,0.0267112128178999
seed27_P_C2_warm_step400,27,P_C2_warm,400,hard,20270015,8,1.418801027207936,1.381397459057458,1.344192018863331,0.25,0.25,0.25,-0.03740356815047807
seed27_P_C2_warm_step400,27,P_C2_warm,400,hard,20270016,8,1.3152673947716833,1.0116293173640345,1.0116293173640345,0.125,0.5,0.5,-0.3036380774076488
seed27_P_C2_warm_step400,27,P_C2_warm,400,hard,20270017,8,1.0283666647222878,1.0217776180897395,1.0140573501908365,0.625,0.625,0.625,-0.006589046632548223
seed27_P_C2_warm_step400,27,P_C2_warm,400,hard,20270018,8,1.344121239067115,1.4481569966017325,1.344121239067115,0.5,0.25,0.5,0.10403575753461758
seed27_P_C2_warm_step400,27,P_C2_warm,400,hard,20270019,8,1.3105102521270526,1.313992278796377,1.220009273556626,0.625,0.625,0.625,0.0034820266693242896
seed27_P_C2_warm_step400,27,P_C2_warm,400,hard,20270020,8,0.8077540807831194,0.8270042452727554,0.7467171960237483,0.875,0.875,0.875,0.019250164489636012
seed27_P_C2_warm_step400,27,P_C2_warm,400,hard,20270021,8,1.296219084898962,1.3330741174991365,1.2915776582860004,0.25,0.25,0.25,0.03685503260017442
seed27_P_C2_warm_step400,27,P_C2_warm,400,hard,20270022,8,1.2629295057274528,1.1577100467188732,1.107969512014716,0.375,0.375,0.375,-0.10521945900857954
seed27_P_C2_warm_step400,27,P_C2_warm,400,hard,20270023,8,0.9586629170365724,0.8698158476286406,0.8698158476286406,0.625,0.625,0.625,-0.08884706940793174
seed27_P_C2_warm_step400,27,P_C2_warm,400,hard,20270024,8,1.7848568561221119,1.245109347492922,1.245109347492922,0,0.25,0.25,-0.5397475086291899
seed27_P_C2_warm_step400,27,P_C2_warm,400,hard,20270025,8,1.4529663171572142,1.3405934496961793,1.3405934496961793,0,0.375,0.375,-0.11237286746103492
seed27_P_C2_warm_step400,27,P_C2_warm,400,hard,20270026,8,1.035857719180009,1.0287379127468714,1.0274203481263955,0.5,0.5,0.5,-0.007119806433137477
seed27_P_C2_warm_step400,27,P_C2_warm,400,hard,20270027,8,1.006554418329052,1.0228656300165206,0.990825267011185,0.625,0.625,0.625,0.01631121168746863
seed27_P_C2_warm_step400,27,P_C2_warm,400,hard,20270028,8,0.8946040368449145,0.9045822366815865,0.8835194074795698,0.625,0.625,0.625,0.00997819983667203
seed27_P_C2_warm_step400,27,P_C2_warm,400,hard,20270029,8,0.5484486631082396,0.6410159227693202,0.5484486631082396,0.875,0.875,0.875,0.09256725966108059
seed27_P_C2_warm_step400,27,P_C2_warm,400,hard,20270030,8,1.2846429862153341,1.226372530617527,1.2025376669122607,0.25,0.25,0.25,-0.05827045559780708
seed27_P_C2_warm_step400,27,P_C2_warm,400,hard,20270031,8,1.1895203819760314,1.0697698320040034,1.0155154716063772,0.375,0.5,0.5,-0.11975054997202794
seed27_P_C2_warm_step400,27,P_C2_warm,400,hard,20270032,8,1.1869285411145312,1.2228419360334293,1.1837971773843292,0.75,0.625,0.75,0.03591339491889811
seed27_P_C2_warm_step400,27,P_C2_warm,400,hard,20270033,8,1.3082324123375488,1.4949184613148472,1.3057609341212906,0.125,0.125,0.125,0.18668604897729835
seed27_P_C2_warm_step400,27,P_C2_warm,400,hard,20270034,8,1.2546447496307005,1.2806861598215384,1.25360411959211,0.375,0.375,0.375,0.026041410190837944
seed27_P_C2_warm_step400,27,P_C2_warm,400,hard,20270035,8,1.5443810964833695,1.2905145920546974,1.2905145920546974,0,0.5,0.5,-0.2538665044286721
seed27_P_C2_warm_step400,27,P_C2_warm,400,hard,20270036,8,1.149823029503746,1.1256310863716714,1.1256310863716714,0.5,0.5,0.5,-0.02419194313207451
seed27_P_C2_warm_step400,27,P_C2_warm,400,hard,20270037,8,1.5331273426327419,1.3807981353156373,1.3807981353156373,0,0.25,0.25,-0.15232920731710453
seed27_P_C2_warm_step400,27,P_C2_warm,400,hard,20270038,8,1.415878509769136,1.1181694644972697,1.1181694644972697,0.25,0.5,0.5,-0.29770904527186626
seed27_P_C2_warm_step400,27,P_C2_warm,400,hard,20270039,8,1.6093198223411291,1.5852107686865948,1.5852107686865948,0.25,0.25,0.25,-0.024109053654534307
seed27_P_C2_warm_step400,27,P_C2_warm,400,hard,20270040,8,0.47434793497494915,0.5267389989407548,0.4703562512876314,1,1,1,0.05239106396580567
seed27_P_C2_warm_step400,27,P_C2_warm,400,hard,20270041,8,1.7127338183905956,1.466135311253481,1.4500978752857434,0.375,0.375,0.375,-0.24659850713711462
seed27_P_C2_warm_step400,27,P_C2_warm,400,hard,20270042,8,1.1232850719861267,1.088922393529222,1.088922393529222,0.75,0.75,0.75,-0.03436267845690466
seed27_P_C2_warm_step400,27,P_C2_warm,400,hard,20270043,8,1.4385124048958693,1.515928620218177,1.4385124048958693,0.25,0.125,0.25,0.07741621532230769
seed27_P_C2_warm_step400,27,P_C2_warm,400,hard,20270044,8,1.4774695113410166,1.2647239781791895,1.2647239781791895,0.25,0.375,0.375,-0.2127455331618271
seed27_P_C2_warm_step400,27,P_C2_warm,400,hard,20270045,8,1.1130991807141428,0.9512306278355529,0.9489526402514336,0.5,0.5,0.5,-0.16186855287858992
seed27_P_C2_warm_step400,27,P_C2_warm,400,hard,20270046,8,2.0236303803878215,1.6632251420412794,1.6632251420412794,0,0.125,0.125,-0.36040523834654214
seed27_P_C2_warm_step400,27,P_C2_warm,400,hard,20270047,8,1.2253408745721448,1.4140035723354711,1.2253408745721448,0.375,0,0.375,0.18866269776332634
seed27_P_C2_warm_step400,27,P_C2_warm,400,hard,20270048,8,0.7157234886476084,0.7005888137831817,0.6365516941657158,0.75,0.75,0.75,-0.015134674864426656
seed27_P_C2_warm_step400,27,P_C2_warm,400,hard,20270049,8,1.6903133068000864,1.4399475441475216,1.4399475441475216,0,0.375,0.375,-0.2503657626525648
seed27_P_C2_warm_step400,27,P_C2_warm,400,hard,20270050,8,0.7804901948254415,0.7485576489759951,0.6977068367686093,0.625,0.625,0.625,-0.03193254584944638
seed27_P_C2_warm_step400,27,P_C2_warm,400,hard,20270051,8,1.3023242115005234,1.4238915443114715,1.3003368685123018,0.25,0.25,0.25,0.12156733281094811
seed27_P_C2_warm_step400,27,P_C2_warm,400,hard,20270052,8,1.2711401146692114,1.2241892940174324,1.1580932139618156,0.625,0.625,0.625,-0.046950820651779024
seed27_P_C2_warm_step400,27,P_C2_warm,400,hard,20270053,8,0.8377847955788026,1.0728503406811616,0.7788835795961293,0.75,0.75,0.75,0.235065545102359
seed27_P_C2_warm_step400,27,P_C2_warm,400,hard,20270054,8,0.8648503015305313,0.8445534540835123,0.8158923405627169,0.75,0.75,0.75,-0.020296847447018984
seed27_P_C2_warm_step400,27,P_C2_warm,400,hard,20270055,8,1.4319967949144419,1.2553259353722612,1.198516390703103,0.5,0.625,0.625,-0.17667085954218065
seed27_P_C2_warm_step400,27,P_C2_warm,400,hard,20270056,8,0.8345088285224742,0.8269744481998604,0.7861053314641471,0.625,0.625,0.625,-0.007534380322613776
seed27_P_C2_warm_step400,27,P_C2_warm,400,hard,20270057,8,2.2824202493759134,2.1061730961441536,2.1061730961441536,0,0,0,-0.17624715323175977
seed27_P_C2_warm_step400,27,P_C2_warm,400,hard,20270058,8,1.7273413542969225,1.4507983281828793,1.4147718953358372,0.375,0.375,0.375,-0.27654302611404313
seed27_P_C2_warm_step400,27,P_C2_warm,400,hard,20270059,8,1.2099200756445343,1.2049653847657171,1.2043004750164035,0.375,0.375,0.375,-0.0049546908788171695
seed27_P_C2_warm_step400,27,P_C2_warm,400,hard,20270060,8,1.5235095150833053,1.5567717328676658,1.5225610715145348,0.125,0.125,0.125,0.03326221778436045
seed27_P_C2_warm_step400,27,P_C2_warm,400,hard,20270061,8,0.8564522704802444,0.9820994337356542,0.8564522704802444,0.75,0.625,0.75,0.1256471632554098
seed27_P_C2_warm_step400,27,P_C2_warm,400,hard,20270062,8,1.4394015662080522,1.2680285886526699,1.2559330175380587,0.5,0.5,0.5,-0.17137297755538228
seed27_P_C2_warm_step400,27,P_C2_warm,400,hard,20270063,8,2.2756909878955818,1.8358053341968266,1.8358053341968266,0,0,0,-0.4398856536987552
seed27_P_C2_warm_step400,27,P_C2_warm,400,hard,20270064,8,1.279377411047136,1.2714672883833926,1.120356956109333,0.125,0.25,0.25,-0.007910122663743469
seed27_P_C2_warm_step400,27,P_C2_warm,400,hard,20270065,8,0.56729671792643,0.6353535621623896,0.5114701331501199,0.75,0.875,0.875,0.06805684423595959
seed27_P_C2_warm_step400,27,P_C2_warm,400,hard,20270066,8,2.106564743770308,1.7834393360423453,1.7834393360423453,0.125,0.125,0.125,-0.32312540772796283
seed27_P_C2_warm_step400,27,P_C2_warm,400,hard,20270067,8,1.492297265764583,1.344009678997366,1.2908924540850204,0.5,0.5,0.5,-0.1482875867672171
seed27_P_C2_warm_step400,27,P_C2_warm,400,hard,20270068,8,1.1132557281919742,1.2062892872193784,1.1132557281919742,0.75,0.375,0.75,0.09303355902740429
seed27_P_C2_warm_step400,27,P_C2_warm,400,hard,20270069,8,1.5755376121477151,1.5357093180853505,1.4956883276924788,0,0.125,0.125,-0.039828294062364655
seed27_P_C2_warm_step400,27,P_C2_warm,400,hard,20270070,8,0.6169660629301359,0.7776460961811033,0.6169660629301359,1,1,1,0.16068003325096736
seed27_P_C2_warm_step400,27,P_C2_warm,400,hard,20270071,8,1.35732649935084,1.4022614951877337,1.3554107542048643,0.125,0.125,0.125,0.04493499583689364
seed27_P_C2_warm_step400,27,P_C2_warm,400,hard,20270072,8,0.7496886301546202,0.8033961343536866,0.7496886301546202,0.5,0.5,0.5,0.05370750419906645
seed27_P_C2_warm_step400,27,P_C2_warm,400,hard,20270073,8,1.683669717265611,1.7773978448245364,1.683669717265611,0,0,0,0.09372812755892546
seed27_P_C2_warm_step400,27,P_C2_warm,400,hard,20270074,8,1.569957811405661,1.406495799684863,1.406495799684863,0,0,0,-0.16346201172079788
seed27_P_C2_warm_step400,27,P_C2_warm,400,hard,20270075,8,1.216622523685514,1.2238872404706935,1.192171880678702,0.25,0.25,0.25,0.007264716785179592
seed27_P_C2_warm_step400,27,P_C2_warm,400,hard,20270076,8,1.938593554928897,1.75243162936346,1.75243162936346,0,0,0,-0.18616192556543698
seed27_P_C2_warm_step400,27,P_C2_warm,400,hard,20270077,8,1.0580436295318825,1.0845105203690897,1.0023877390813927,0.125,0,0.125,0.026466890837207213
seed27_P_C2_warm_step400,27,P_C2_warm,400,hard,20270078,8,0.9689098834471457,0.9410711183717991,0.9352463040823834,1,0.875,1,-0.02783876507534655
seed27_P_C2_warm_step400,27,P_C2_warm,400,hard,20270079,8,1.162672054891518,0.8954325199679107,0.8954325199679107,0.625,0.75,0.75,-0.2672395349236072
seed27_P_C2_warm_step400,27,P_C2_warm,400,hard,20270080,8,1.1550133491579666,1.0355289741118663,0.9791623742514737,0.5,0.5,0.5,-0.11948437504610032
seed27_P_C2_warm_step400,27,P_C2_warm,400,hard,20270081,8,1.6428915163305533,1.4570123282438934,1.4046632419634584,0.375,0.375,0.375,-0.18587918808665993
seed27_P_C2_warm_step400,27,P_C2_warm,400,hard,20270082,8,1.8463121544271732,1.6897939214337576,1.6897939214337576,0,0,0,-0.1565182329934156
seed27_P_C2_warm_step400,27,P_C2_warm,400,hard,20270083,8,1.028279152869171,1.0151994137639146,1.0071294474029127,0.5,0.5,0.5,-0.013079739105256394
seed27_P_C2_warm_step400,27,P_C2_warm,400,hard,20270084,8,1.464765916615811,1.4118871690037007,1.3673681939663687,0.375,0.25,0.375,-0.0528787476121102
seed27_P_C2_warm_step400,27,P_C2_warm,400,hard,20270085,8,0.9549504023228679,1.0812913295574325,0.9318480453248936,0.625,0.625,0.625,0.12634092723456458
seed27_P_C2_warm_step400,27,P_C2_warm,400,hard,20270086,8,0.8174504499388675,0.7652502387224328,0.7652502387224328,1,1,1,-0.0522002112164347
seed27_P_C2_warm_step400,27,P_C2_warm,400,hard,20270087,8,0.6518876384361642,0.7564175880836945,0.6101120009949499,0.875,0.875,0.875,0.10452994964753037
seed27_P_C2_warm_step400,27,P_C2_warm,400,hard,20270088,8,1.7088460859504915,1.5352310359362715,1.5352310359362715,0,0,0,-0.17361505001421995
seed27_P_C2_warm_step400,27,P_C2_warm,400,hard,20270089,8,0.6401902126532525,0.9883268662253626,0.6153650121274976,0.875,0.75,1,0.3481366535721101
seed27_P_C2_warm_step400,27,P_C2_warm,400,hard,20270090,8,1.3804396464314113,1.5039205553586366,1.3561664125250148,0.125,0.125,0.125,0.1234809089272253
seed27_P_C2_warm_step400,27,P_C2_warm,400,hard,20270091,8,2.418029352952848,2.0000181384900584,2.0000181384900584,0,0,0,-0.41801121446278966
seed27_P_C2_warm_step400,27,P_C2_warm,400,hard,20270092,8,0.8381328651450191,0.8590039126393356,0.8134787237930498,0.625,0.625,0.625,0.020871047494316564
seed27_P_C2_warm_step400,27,P_C2_warm,400,hard,20270093,8,1.759825342126173,1.5896367711669757,1.5165068777150477,0.375,0.375,0.375,-0.17018857095919726
seed27_P_C2_warm_step400,27,P_C2_warm,400,hard,20270094,8,0.6578589075069354,0.7065372461291388,0.6305983107223221,0.875,1,1,0.04867833862220339
seed27_P_C2_warm_step400,27,P_C2_warm,400,hard,20270095,8,1.352951715982971,1.3022406766917096,1.2991015499970042,0,0,0,-0.050711039291261306
seed27_P_C2_warm_step400,27,P_C2_warm,400,hard,20270096,8,1.1826177949229724,1.5603407500045126,1.1728614879485544,0.125,0,0.125,0.3777229550815402
seed27_P_C2_warm_step400,27,P_C2_warm,400,hard,20270097,8,1.9654906541652384,1.6544810640310055,1.6544810640310055,0,0,0,-0.3110095901342329
seed27_P_C2_warm_step400,27,P_C2_warm,400,hard,20270098,8,1.2783534239503456,1.2123581972214947,1.2123581972214947,0.5,0.5,0.5,-0.06599522672885083
seed27_P_C2_warm_step400,27,P_C2_warm,400,hard,20270099,8,0.889504255633561,1.0454885252471422,0.8708077997554493,0.625,0.625,0.625,0.15598426961358125
