seed,step,loss,accuracy,inner_loss_before,inner_loss_after,inner_gradient_norm,update_norm,selected_etas,backtracking_trials,eta_zero_fraction,armijo_violations,finite
7,1,1.670235514640808,0.375,1.9769560098648071,1.7910196781158447,4.445050239562988,0.17350605130195618,"[0.05000000074505806, 0.05000000074505806, 0.02500000037252903, 0.05000000074505806]","[1.0, 1.0, 2.0, 1.0]",0.0,0,True
7,2,3.184329032897949,0.09375,2.3525705337524414,2.2116360664367676,6.543588638305664,0.13843145966529846,"[0.012500000186264515, 0.05000000074505806, 0.02500000037252903, 0.05000000074505806]","[3.0, 1.0, 2.0, 1.0]",0.0,0,True
7,3,3.128923177719116,0.1875,2.9557223320007324,2.6100964546203613,7.405877590179443,0.2935675382614136,"[0.02500000037252903, 0.05000000074505806, 0.05000000074505806, 0.05000000074505806]","[2.0, 1.0, 1.0, 1.0]",0.0,0,True
7,4,2.7274179458618164,0.15625,2.3689589500427246,2.0680861473083496,7.570394515991211,0.378519743680954,"[0.05000000074505806, 0.05000000074505806, 0.05000000074505806, 0.05000000074505806]","[1.0, 1.0, 1.0, 1.0]",0.0,0,True
7,5,1.6301721334457397,0.3125,2.441115379333496,1.9796360731124878,6.471085548400879,0.11921729147434235,"[0.012500000186264515, 0.05000000074505806, 0.012500000186264515, 0.05000000074505806]","[3.0, 1.0, 3.0, 1.0]",0.0,0,True
7,6,2.4829208850860596,0.15625,2.261484146118164,2.0471253395080566,4.992192268371582,0.1963171660900116,"[0.05000000074505806, 0.05000000074505806, 0.02500000037252903, 0.05000000074505806]","[1.0, 1.0, 2.0, 1.0]",0.0,0,True
7,7,1.7479802370071411,0.125,2.1421151161193848,1.6226637363433838,6.2849836349487305,0.18701207637786865,"[0.02500000037252903, 0.05000000074505806, 0.02500000037252903, 0.05000000074505806]","[2.0, 1.0, 2.0, 1.0]",0.0,0,True
7,8,2.6531941890716553,0.34375,2.4652905464172363,2.0837268829345703,4.997064590454102,0.14304451644420624,"[0.02500000037252903, 0.05000000074505806, 0.02500000037252903, 0.05000000074505806]","[2.0, 1.0, 2.0, 1.0]",0.0,0,True
7,9,1.5256658792495728,0.5,2.2077646255493164,1.9854731559753418,7.200444221496582,0.3090049922466278,"[0.05000000074505806, 0.05000000074505806, 0.02500000037252903, 0.05000000074505806]","[1.0, 1.0, 2.0, 1.0]",0.0,0,True
7,10,1.2944140434265137,0.46875,2.3867263793945312,2.058732509613037,8.222071647644043,0.2839531898498535,"[0.05000000074505806, 0.05000000074505806, 0.012500000186264515, 0.05000000074505806]","[1.0, 1.0, 3.0, 1.0]",0.0,0,True
7,11,1.6737455129623413,0.25,1.9830255508422852,1.7416914701461792,4.387432098388672,0.17472045123577118,"[0.05000000074505806, 0.05000000074505806, 0.02500000037252903, 0.05000000074505806]","[1.0, 1.0, 2.0, 1.0]",0.0,0,True
7,12,2.1293976306915283,0.34375,2.0512328147888184,1.9141765832901,6.009416580200195,0.14523901045322418,"[0.012500000186264515, 0.05000000074505806, 0.02500000037252903, 0.05000000074505806]","[3.0, 1.0, 2.0, 1.0]",0.0,0,True
7,13,2.459528684616089,0.1875,2.575484037399292,2.125049591064453,6.888733863830566,0.27473780512809753,"[0.05000000074505806, 0.05000000074505806, 0.02500000037252903, 0.05000000074505806]","[1.0, 1.0, 2.0, 1.0]",0.0,0,True
7,14,2.1527538299560547,0.4375,2.4587783813476562,1.9458532333374023,5.31597900390625,0.15936467051506042,"[0.012500000186264515, 0.05000000074505806, 0.05000000074505806, 0.05000000074505806]","[3.0, 1.0, 1.0, 1.0]",0.0,0,True
7,15,2.1933093070983887,0.125,2.1607327461242676,1.9020109176635742,4.433417320251465,0.22167089581489563,"[0.05000000074505806, 0.05000000074505806, 0.05000000074505806, 0.05000000074505806]","[1.0, 1.0, 1.0, 1.0]",0.0,0,True
7,16,1.7858105897903442,0.375,1.8952577114105225,1.7454490661621094,4.551794052124023,0.12945638597011566,"[0.02500000037252903, 0.05000000074505806, 0.02500000037252903, 0.05000000074505806]","[2.0, 1.0, 2.0, 1.0]",0.0,0,True
7,17,1.4456958770751953,0.25,2.542189598083496,1.9213899374008179,8.232942581176758,0.41164714097976685,"[0.05000000074505806, 0.05000000074505806, 0.05000000074505806, 0.05000000074505806]","[1.0, 1.0, 1.0, 1.0]",0.0,0,True
7,18,2.2270877361297607,0.21875,2.3764190673828125,2.163501501083374,7.183986663818359,0.1464689075946808,"[0.02500000037252903, 0.05000000074505806, 0.012500000186264515, 0.05000000074505806]","[2.0, 1.0, 3.0, 1.0]",0.0,0,True
7,19,1.3235846757888794,0.1875,2.0293149948120117,1.678239345550537,6.182028293609619,0.15078163146972656,"[0.02500000037252903, 0.05000000074505806, 0.012500000186264515, 0.05000000074505806]","[2.0, 1.0, 3.0, 1.0]",0.0,0,True
7,20,1.581346035003662,0.15625,1.7332124710083008,1.5911927223205566,2.7215182781219482,0.11947981268167496,"[0.012500000186264515, 0.05000000074505806, 0.05000000074505806, 0.05000000074505806]","[3.0, 1.0, 1.0, 1.0]",0.0,0,True
7,21,1.8353289365768433,0.46875,2.376221179962158,2.0645689964294434,6.555683135986328,0.24767348170280457,"[0.02500000037252903, 0.05000000074505806, 0.05000000074505806, 0.05000000074505806]","[2.0, 1.0, 1.0, 1.0]",0.0,0,True
7,22,1.4761552810668945,0.34375,2.7072196006774902,2.321112632751465,6.891237258911133,0.2824658155441284,"[0.012500000186264515, 0.05000000074505806, 0.05000000074505806, 0.05000000074505806]","[3.0, 1.0, 1.0, 1.0]",0.0,0,True
7,23,1.40528404712677,0.4375,2.228076457977295,1.7926594018936157,6.666693687438965,0.14279530942440033,"[0.012500000186264515, 0.05000000074505806, 0.02500000037252903, 0.05000000074505806]","[3.0, 1.0, 2.0, 1.0]",0.0,0,True
7,24,1.6370092630386353,0.4375,2.3605566024780273,1.5208396911621094,5.307729721069336,0.20622111856937408,"[0.02500000037252903, 0.05000000074505806, 0.05000000074505806, 0.05000000074505806]","[2.0, 1.0, 1.0, 1.0]",0.0,0,True
7,25,1.6863927841186523,0.25,2.611204147338867,2.0859251022338867,7.3047661781311035,0.30500146746635437,"[0.02500000037252903, 0.05000000074505806, 0.05000000074505806, 0.05000000074505806]","[2.0, 1.0, 1.0, 1.0]",0.0,0,True
7,26,1.8061702251434326,0.09375,2.181605339050293,1.9288023710250854,5.640327453613281,0.20042315125465393,"[0.05000000074505806, 0.05000000074505806, 0.012500000186264515, 0.05000000074505806]","[1.0, 1.0, 3.0, 1.0]",0.0,0,True
7,27,1.4762789011001587,0.40625,1.6667022705078125,1.4356822967529297,3.639315128326416,0.12838973104953766,"[0.05000000074505806, 0.05000000074505806, 0.012500000186264515, 0.05000000074505806]","[1.0, 1.0, 3.0, 1.0]",0.0,0,True
7,28,3.059446334838867,0.21875,2.4052562713623047,2.175082206726074,8.148831367492676,0.28390783071517944,"[0.012500000186264515, 0.05000000074505806, 0.05000000074505806, 0.05000000074505806]","[3.0, 1.0, 1.0, 1.0]",0.0,0,True
7,29,1.7464878559112549,0.25,2.8550148010253906,2.518392562866211,6.4755859375,0.2471216320991516,"[0.02500000037252903, 0.05000000074505806, 0.05000000074505806, 0.05000000074505806]","[2.0, 1.0, 1.0, 1.0]",0.0,0,True
7,30,1.7645424604415894,0.34375,2.076484203338623,1.9727470874786377,6.060489177703857,0.17360374331474304,"[0.02500000037252903, 0.05000000074505806, 0.02500000037252903, 0.05000000074505806]","[2.0, 1.0, 2.0, 1.0]",0.0,0,True
7,31,2.140174150466919,0.15625,2.053905725479126,1.8182209730148315,4.829127788543701,0.19658328592777252,"[0.02500000037252903, 0.05000000074505806, 0.05000000074505806, 0.05000000074505806]","[2.0, 1.0, 1.0, 1.0]",0.0,0,True
7,32,3.2228519916534424,0.25,2.5673093795776367,2.1851186752319336,8.380901336669922,0.31587815284729004,"[0.05000000074505806, 0.05000000074505806, 0.012500000186264515, 0.05000000074505806]","[1.0, 1.0, 3.0, 1.0]",0.0,0,True
7,33,0.9465456008911133,0.59375,2.191453456878662,1.8502631187438965,6.8468122482299805,0.23105481266975403,"[0.05000000074505806, 0.05000000074505806, 0.012500000186264515, 0.05000000074505806]","[1.0, 1.0, 3.0, 1.0]",0.0,0,True
7,34,1.725641131401062,0.25,2.1270532608032227,1.7783687114715576,7.575404167175293,0.20958170294761658,"[0.02500000037252903, 0.05000000074505806, 0.02500000037252903, 0.05000000074505806]","[2.0, 1.0, 2.0, 1.0]",0.0,0,True
7,35,1.272947072982788,0.53125,2.127725839614868,2.0677289962768555,4.921502113342285,0.2039479911327362,"[0.02500000037252903, 0.05000000074505806, 0.05000000074505806, 0.05000000074505806]","[2.0, 1.0, 1.0, 1.0]",0.0,0,True
7,36,1.2226572036743164,0.5625,2.0537352561950684,1.6660829782485962,5.762770652770996,0.12928935885429382,"[0.012500000186264515, 0.05000000074505806, 0.02500000037252903, 0.05000000074505806]","[3.0, 1.0, 2.0, 1.0]",0.0,0,True
7,37,1.7671997547149658,0.1875,2.1053996086120605,1.7680447101593018,5.810824871063232,0.16028912365436554,"[0.02500000037252903, 0.05000000074505806, 0.02500000037252903, 0.05000000074505806]","[2.0, 1.0, 2.0, 1.0]",0.0,0,True
7,38,2.2131669521331787,0.125,2.2335386276245117,2.058565139770508,5.561188220977783,0.22637739777565002,"[0.05000000074505806, 0.05000000074505806, 0.012500000186264515, 0.05000000074505806]","[1.0, 1.0, 3.0, 1.0]",0.0,0,True
7,39,1.694876790046692,0.1875,1.9736990928649902,1.6655683517456055,5.738128662109375,0.16296568512916565,"[0.02500000037252903, 0.05000000074505806, 0.02500000037252903, 0.05000000074505806]","[2.0, 1.0, 2.0, 1.0]",0.0,0,True
7,40,1.8126647472381592,0.28125,1.983566164970398,1.748957633972168,4.664911270141602,0.1236886978149414,"[0.02500000037252903, 0.05000000074505806, 0.012500000186264515, 0.05000000074505806]","[2.0, 1.0, 3.0, 1.0]",0.0,0,True
7,41,1.6331294775009155,0.28125,2.4371728897094727,2.127488136291504,6.818626880645752,0.2610121965408325,"[0.02500000037252903, 0.05000000074505806, 0.05000000074505806, 0.05000000074505806]","[2.0, 1.0, 1.0, 1.0]",0.0,0,True
7,42,1.0327236652374268,0.4375,1.8104937076568604,1.6625211238861084,4.452395439147949,0.13495297729969025,"[0.05000000074505806, 0.05000000074505806, 0.012500000186264515, 0.05000000074505806]","[1.0, 1.0, 3.0, 1.0]",0.0,0,True
7,43,1.475132942199707,0.25,2.5353384017944336,1.9470207691192627,5.767654895782471,0.2435203194618225,"[0.02500000037252903, 0.05000000074505806, 0.05000000074505806, 0.05000000074505806]","[2.0, 1.0, 1.0, 1.0]",0.0,0,True
7,44,1.9787794351577759,0.125,2.4446277618408203,2.238859176635742,6.891977310180664,0.20284882187843323,"[0.02500000037252903, 0.05000000074505806, 0.02500000037252903, 0.05000000074505806]","[2.0, 1.0, 2.0, 1.0]",0.0,0,True
7,45,1.2990585565567017,0.4375,1.7971388101577759,1.5920912027359009,3.6102256774902344,0.11090925335884094,"[0.02500000037252903, 0.05000000074505806, 0.02500000037252903, 0.05000000074505806]","[2.0, 1.0, 2.0, 1.0]",0.0,0,True
7,46,1.8653943538665771,0.1875,2.2347044944763184,2.068493604660034,5.6985321044921875,0.21117304265499115,"[0.02500000037252903, 0.05000000074505806, 0.05000000074505806, 0.05000000074505806]","[2.0, 1.0, 1.0, 1.0]",0.0,0,True
7,47,2.4507200717926025,0.15625,2.57230281829834,2.182349443435669,6.605024337768555,0.28307202458381653,"[0.02500000037252903, 0.05000000074505806, 0.05000000074505806, 0.05000000074505806]","[2.0, 1.0, 1.0, 1.0]",0.0,0,True
7,48,1.0379029512405396,0.59375,2.0051262378692627,1.785948395729065,5.472498893737793,0.16705432534217834,"[0.02500000037252903, 0.05000000074505806, 0.02500000037252903, 0.05000000074505806]","[2.0, 1.0, 2.0, 1.0]",0.0,0,True
7,49,1.1170177459716797,0.34375,2.2670443058013916,1.9161009788513184,7.388151168823242,0.28500765562057495,"[0.02500000037252903, 0.05000000074505806, 0.05000000074505806, 0.05000000074505806]","[2.0, 1.0, 1.0, 1.0]",0.0,0,True
7,50,2.7996034622192383,0.09375,2.5732996463775635,2.146013021469116,8.002182006835938,0.40010911226272583,"[0.05000000074505806, 0.05000000074505806, 0.05000000074505806, 0.05000000074505806]","[1.0, 1.0, 1.0, 1.0]",0.0,0,True
7,51,1.7920690774917603,0.40625,1.9292336702346802,1.7479417324066162,3.794490098953247,0.16033796966075897,"[0.05000000074505806, 0.05000000074505806, 0.02500000037252903, 0.05000000074505806]","[1.0, 1.0, 2.0, 1.0]",0.0,0,True
7,52,2.569187641143799,0.25,2.141745090484619,1.949110746383667,6.142612457275391,0.2557365894317627,"[0.02500000037252903, 0.05000000074505806, 0.05000000074505806, 0.05000000074505806]","[2.0, 1.0, 1.0, 1.0]",0.0,0,True
7,53,1.1749725341796875,0.53125,2.385928153991699,2.2342050075531006,5.659686088562012,0.22332772612571716,"[0.02500000037252903, 0.05000000074505806, 0.05000000074505806, 0.05000000074505806]","[2.0, 1.0, 1.0, 1.0]",0.0,0,True
7,54,1.5428107976913452,0.5625,2.445890426635742,2.1171412467956543,6.03271484375,0.23428009450435638,"[0.02500000037252903, 0.05000000074505806, 0.05000000074505806, 0.05000000074505806]","[2.0, 1.0, 1.0, 1.0]",0.0,0,True
7,55,1.4673058986663818,0.09375,1.8572994470596313,1.579929232597351,4.773188591003418,0.13741832971572876,"[0.02500000037252903, 0.05000000074505806, 0.02500000037252903, 0.05000000074505806]","[2.0, 1.0, 2.0, 1.0]",0.0,0,True
7,56,2.413736343383789,0.09375,2.38433837890625,2.1533079147338867,5.928648948669434,0.23704028129577637,"[0.05000000074505806, 0.05000000074505806, 0.02500000037252903, 0.05000000074505806]","[1.0, 1.0, 2.0, 1.0]",0.0,0,True
7,57,1.8244692087173462,0.09375,2.5417234897613525,2.0843505859375,5.625670433044434,0.28128352761268616,"[0.05000000074505806, 0.05000000074505806, 0.05000000074505806, 0.05000000074505806]","[1.0, 1.0, 1.0, 1.0]",0.0,0,True
7,58,1.9338970184326172,0.28125,1.9668676853179932,1.6237003803253174,4.347352027893066,0.1655990034341812,"[0.05000000074505806, 0.05000000074505806, 0.012500000186264515, 0.05000000074505806]","[1.0, 1.0, 3.0, 1.0]",0.0,0,True
7,59,1.3301844596862793,0.40625,2.2541847229003906,1.9419629573822021,6.038599967956543,0.2587725818157196,"[0.05000000074505806, 0.05000000074505806, 0.02500000037252903, 0.05000000074505806]","[1.0, 1.0, 2.0, 1.0]",0.0,0,True
7,60,1.915172815322876,0.5,2.441052198410034,2.185190200805664,7.0729804039001465,0.27200719714164734,"[0.05000000074505806, 0.05000000074505806, 0.02500000037252903, 0.05000000074505806]","[1.0, 1.0, 2.0, 1.0]",0.0,0,True
7,61,2.5004847049713135,0.09375,2.281998634338379,1.9477880001068115,7.2382707595825195,0.2947857975959778,"[0.05000000074505806, 0.05000000074505806, 0.02500000037252903, 0.05000000074505806]","[1.0, 1.0, 2.0, 1.0]",0.0,0,True
7,62,1.7852715253829956,0.3125,2.008922815322876,1.8916926383972168,5.109408378601074,0.13497474789619446,"[0.02500000037252903, 0.05000000074505806, 0.02500000037252903, 0.05000000074505806]","[2.0, 1.0, 2.0, 1.0]",0.0,0,True
7,63,1.3744721412658691,0.46875,2.4506824016571045,2.240851879119873,5.041241645812988,0.2520620822906494,"[0.05000000074505806, 0.05000000074505806, 0.05000000074505806, 0.05000000074505806]","[1.0, 1.0, 1.0, 1.0]",0.0,0,True
7,64,1.7033767700195312,0.28125,2.2679450511932373,1.904387354850769,5.370500564575195,0.1492585986852646,"[0.02500000037252903, 0.05000000074505806, 0.02500000037252903, 0.05000000074505806]","[2.0, 1.0, 2.0, 1.0]",0.0,0,True
7,65,1.5381220579147339,0.375,2.2589054107666016,1.8703380823135376,5.053689002990723,0.2016841173171997,"[0.05000000074505806, 0.05000000074505806, 0.02500000037252903, 0.05000000074505806]","[1.0, 1.0, 2.0, 1.0]",0.0,0,True
7,66,1.609894871711731,0.3125,2.3939857482910156,2.132530927658081,6.4059600830078125,0.17608791589736938,"[0.02500000037252903, 0.05000000074505806, 0.02500000037252903, 0.05000000074505806]","[2.0, 1.0, 2.0, 1.0]",0.0,0,True
7,67,1.492603063583374,0.28125,2.496413469314575,2.2440035343170166,6.363969802856445,0.23190487921237946,"[0.02500000037252903, 0.05000000074505806, 0.05000000074505806, 0.05000000074505806]","[2.0, 1.0, 1.0, 1.0]",0.0,0,True
7,68,1.601200819015503,0.5625,2.2901363372802734,1.9924182891845703,6.394509315490723,0.19475634396076202,"[0.02500000037252903, 0.05000000074505806, 0.02500000037252903, 0.05000000074505806]","[2.0, 1.0, 2.0, 1.0]",0.0,0,True
7,69,2.65505051612854,0.1875,2.5003762245178223,2.180011749267578,5.717010498046875,0.28585052490234375,"[0.05000000074505806, 0.05000000074505806, 0.05000000074505806, 0.05000000074505806]","[1.0, 1.0, 1.0, 1.0]",0.0,0,True
7,70,2.138017416000366,0.15625,2.7535316944122314,2.3648390769958496,6.62138557434082,0.26359131932258606,"[0.05000000074505806, 0.05000000074505806, 0.02500000037252903, 0.05000000074505806]","[1.0, 1.0, 2.0, 1.0]",0.0,0,True
7,71,1.9359365701675415,0.25,2.3548691272735596,1.8102614879608154,6.663850784301758,0.2835063934326172,"[0.05000000074505806, 0.05000000074505806, 0.02500000037252903, 0.05000000074505806]","[1.0, 1.0, 2.0, 1.0]",0.0,0,True
7,72,1.231638789176941,0.28125,2.083527088165283,1.7483607530593872,4.555183410644531,0.11459355056285858,"[0.012500000186264515, 0.05000000074505806, 0.02500000037252903, 0.05000000074505806]","[3.0, 1.0, 2.0, 1.0]",0.0,0,True
7,73,1.9903284311294556,0.1875,2.2381668090820312,2.074801445007324,6.431650161743164,0.2608094811439514,"[0.02500000037252903, 0.05000000074505806, 0.05000000074505806, 0.05000000074505806]","[2.0, 1.0, 1.0, 1.0]",0.0,0,True
7,74,1.6388105154037476,0.40625,2.078737735748291,1.7857580184936523,5.9134674072265625,0.24333147704601288,"[0.05000000074505806, 0.05000000074505806, 0.02500000037252903, 0.05000000074505806]","[1.0, 1.0, 2.0, 1.0]",0.0,0,True
7,75,2.2506115436553955,0.125,2.317164659500122,1.9805781841278076,5.463457107543945,0.27317285537719727,"[0.05000000074505806, 0.05000000074505806, 0.05000000074505806, 0.05000000074505806]","[1.0, 1.0, 1.0, 1.0]",0.0,0,True
7,76,1.8822911977767944,0.34375,2.5148205757141113,2.16841983795166,6.148576736450195,0.30742883682250977,"[0.05000000074505806, 0.05000000074505806, 0.05000000074505806, 0.05000000074505806]","[1.0, 1.0, 1.0, 1.0]",0.0,0,True
7,77,2.6634106636047363,0.15625,2.381608009338379,2.1471879482269287,5.919344902038574,0.2959672808647156,"[0.05000000074505806, 0.05000000074505806, 0.05000000074505806, 0.05000000074505806]","[1.0, 1.0, 1.0, 1.0]",0.0,0,True
7,78,2.5096654891967773,0.375,2.1258974075317383,1.8445260524749756,7.186276912689209,0.2883055806159973,"[0.02500000037252903, 0.05000000074505806, 0.05000000074505806, 0.05000000074505806]","[2.0, 1.0, 1.0, 1.0]",0.0,0,True
7,79,1.3452417850494385,0.4375,1.7969542741775513,1.5216983556747437,4.066680431365967,0.15071606636047363,"[0.05000000074505806, 0.05000000074505806, 0.02500000037252903, 0.05000000074505806]","[1.0, 1.0, 2.0, 1.0]",0.0,0,True
7,80,2.6305339336395264,0.09375,3.1156704425811768,2.2750113010406494,6.44176721572876,0.322088360786438,"[0.05000000074505806, 0.05000000074505806, 0.05000000074505806, 0.05000000074505806]","[1.0, 1.0, 1.0, 1.0]",0.0,0,True
7,81,2.435744047164917,0.0,2.455287456512451,2.012641191482544,5.4881272315979,0.274406373500824,"[0.05000000074505806, 0.05000000074505806, 0.05000000074505806, 0.05000000074505806]","[1.0, 1.0, 1.0, 1.0]",0.0,0,True
7,82,1.772460699081421,0.15625,2.281778335571289,1.6983321905136108,5.494902610778809,0.19650611281394958,"[0.02500000037252903, 0.05000000074505806, 0.05000000074505806, 0.05000000074505806]","[2.0, 1.0, 1.0, 1.0]",0.0,0,True
7,83,1.5482101440429688,0.25,2.377854824066162,2.014019727706909,6.799278736114502,0.18562188744544983,"[0.02500000037252903, 0.05000000074505806, 0.02500000037252903, 0.05000000074505806]","[2.0, 1.0, 2.0, 1.0]",0.0,0,True
7,84,1.5451866388320923,0.5,2.580322742462158,1.9989303350448608,5.764177322387695,0.23680701851844788,"[0.05000000074505806, 0.05000000074505806, 0.02500000037252903, 0.05000000074505806]","[1.0, 1.0, 2.0, 1.0]",0.0,0,True
7,85,1.5113173723220825,0.625,1.9651987552642822,1.6913514137268066,3.377786636352539,0.16064870357513428,"[0.02500000037252903, 0.05000000074505806, 0.05000000074505806, 0.05000000074505806]","[2.0, 1.0, 1.0, 1.0]",0.0,0,True
7,86,1.3344851732254028,0.5625,2.1150553226470947,1.7188624143600464,6.485415935516357,0.1850706785917282,"[0.02500000037252903, 0.05000000074505806, 0.02500000037252903, 0.05000000074505806]","[2.0, 1.0, 2.0, 1.0]",0.0,0,True
7,87,1.0967459678649902,0.5625,2.071220874786377,1.741121768951416,6.063101768493652,0.17812708020210266,"[0.02500000037252903, 0.05000000074505806, 0.02500000037252903, 0.05000000074505806]","[2.0, 1.0, 2.0, 1.0]",0.0,0,True
7,88,1.326341152191162,0.28125,1.6198471784591675,1.4943290948867798,3.5654754638671875,0.10350749641656876,"[0.02500000037252903, 0.05000000074505806, 0.02500000037252903, 0.05000000074505806]","[2.0, 1.0, 2.0, 1.0]",0.0,0,True
7,89,1.8234261274337769,0.15625,2.367128849029541,1.8632996082305908,5.783296585083008,0.22431549429893494,"[0.05000000074505806, 0.05000000074505806, 0.02500000037252903, 0.05000000074505806]","[1.0, 1.0, 2.0, 1.0]",0.0,0,True
7,90,1.7175697088241577,0.125,2.193742513656616,1.8248884677886963,4.356370449066162,0.16890862584114075,"[0.05000000074505806, 0.05000000074505806, 0.02500000037252903, 0.05000000074505806]","[1.0, 1.0, 2.0, 1.0]",0.0,0,True
7,91,2.099060297012329,0.3125,2.2457308769226074,1.923776388168335,6.354401111602783,0.24452802538871765,"[0.05000000074505806, 0.05000000074505806, 0.02500000037252903, 0.05000000074505806]","[1.0, 1.0, 2.0, 1.0]",0.0,0,True
7,92,1.7881834506988525,0.28125,2.8235878944396973,2.3526575565338135,7.173282623291016,0.3586641252040863,"[0.05000000074505806, 0.05000000074505806, 0.05000000074505806, 0.05000000074505806]","[1.0, 1.0, 1.0, 1.0]",0.0,0,True
7,93,2.2748653888702393,0.0,2.4377288818359375,2.1632914543151855,6.4837446212768555,0.3241872191429138,"[0.05000000074505806, 0.05000000074505806, 0.05000000074505806, 0.05000000074505806]","[1.0, 1.0, 1.0, 1.0]",0.0,0,True
7,94,3.3074326515197754,0.125,2.560204029083252,2.3472840785980225,6.431464195251465,0.3215731978416443,"[0.05000000074505806, 0.05000000074505806, 0.05000000074505806, 0.05000000074505806]","[1.0, 1.0, 1.0, 1.0]",0.0,0,True
7,95,1.1409721374511719,0.4375,2.0243306159973145,1.553138256072998,3.013646125793457,0.15068230032920837,"[0.05000000074505806, 0.05000000074505806, 0.05000000074505806, 0.05000000074505806]","[1.0, 1.0, 1.0, 1.0]",0.0,0,True
7,96,1.1475754976272583,0.5,2.1281166076660156,1.7899482250213623,5.271541595458984,0.2229144424200058,"[0.02500000037252903, 0.05000000074505806, 0.05000000074505806, 0.05000000074505806]","[2.0, 1.0, 1.0, 1.0]",0.0,0,True
7,97,1.5758148431777954,0.125,2.2272491455078125,1.8938020467758179,5.568027496337891,0.15811410546302795,"[0.02500000037252903, 0.05000000074505806, 0.02500000037252903, 0.05000000074505806]","[2.0, 1.0, 2.0, 1.0]",0.0,0,True
7,98,1.7187174558639526,0.375,2.224024772644043,1.8517593145370483,4.62333345413208,0.18420912325382233,"[0.02500000037252903, 0.05000000074505806, 0.05000000074505806, 0.05000000074505806]","[2.0, 1.0, 1.0, 1.0]",0.0,0,True
7,99,1.71328604221344,0.46875,1.9967141151428223,1.8743910789489746,3.70847749710083,0.18542388081550598,"[0.05000000074505806, 0.05000000074505806, 0.05000000074505806, 0.05000000074505806]","[1.0, 1.0, 1.0, 1.0]",0.0,0,True
7,100,1.0107792615890503,0.4375,1.913484811782837,1.6075713634490967,4.4407734870910645,0.16475960612297058,"[0.02500000037252903, 0.05000000074505806, 0.05000000074505806, 0.05000000074505806]","[2.0, 1.0, 1.0, 1.0]",0.0,0,True
7,101,2.0400073528289795,0.3125,2.2326369285583496,1.8064323663711548,4.449643135070801,0.22248214483261108,"[0.05000000074505806, 0.05000000074505806, 0.05000000074505806, 0.05000000074505806]","[1.0, 1.0, 1.0, 1.0]",0.0,0,True
7,102,1.3460962772369385,0.4375,2.6440696716308594,1.6720786094665527,5.431791305541992,0.27158957719802856,"[0.05000000074505806, 0.05000000074505806, 0.05000000074505806, 0.05000000074505806]","[1.0, 1.0, 1.0, 1.0]",0.0,0,True
7,103,2.099292516708374,0.5,2.5076451301574707,2.0737123489379883,5.322702407836914,0.2061285674571991,"[0.02500000037252903, 0.05000000074505806, 0.05000000074505806, 0.05000000074505806]","[2.0, 1.0, 1.0, 1.0]",0.0,0,True
7,104,1.2849301099777222,0.3125,2.6398909091949463,1.9739716053009033,7.148487091064453,0.2841414213180542,"[0.02500000037252903, 0.05000000074505806, 0.05000000074505806, 0.05000000074505806]","[2.0, 1.0, 1.0, 1.0]",0.0,0,True
7,105,2.43496036529541,0.28125,2.802135944366455,2.1036481857299805,5.860422611236572,0.29302114248275757,"[0.05000000074505806, 0.05000000074505806, 0.05000000074505806, 0.05000000074505806]","[1.0, 1.0, 1.0, 1.0]",0.0,0,True
7,106,1.7526265382766724,0.28125,2.5718774795532227,2.176405191421509,6.136034965515137,0.3068017363548279,"[0.05000000074505806, 0.05000000074505806, 0.05000000074505806, 0.05000000074505806]","[1.0, 1.0, 1.0, 1.0]",0.0,0,True
7,107,1.0326801538467407,0.53125,2.006279468536377,1.74649178981781,4.855804443359375,0.24279022216796875,"[0.05000000074505806, 0.05000000074505806, 0.05000000074505806, 0.05000000074505806]","[1.0, 1.0, 1.0, 1.0]",0.0,0,True
7,108,1.537964105606079,0.34375,2.1421003341674805,1.90446937084198,4.819547176361084,0.14330127835273743,"[0.02500000037252903, 0.05000000074505806, 0.02500000037252903, 0.05000000074505806]","[2.0, 1.0, 2.0, 1.0]",0.0,0,True
7,109,1.9158135652542114,0.25,2.7922134399414062,1.9298442602157593,7.440374374389648,0.30764639377593994,"[0.02500000037252903, 0.05000000074505806, 0.05000000074505806, 0.05000000074505806]","[2.0, 1.0, 1.0, 1.0]",0.0,0,True
7,110,1.648260474205017,0.1875,2.438262462615967,1.9153423309326172,6.164460182189941,0.30822303891181946,"[0.05000000074505806, 0.05000000074505806, 0.05000000074505806, 0.05000000074505806]","[1.0, 1.0, 1.0, 1.0]",0.0,0,True
7,111,1.3345459699630737,0.34375,1.9381580352783203,1.5546839237213135,4.353303909301758,0.16047216951847076,"[0.02500000037252903, 0.05000000074505806, 0.05000000074505806, 0.05000000074505806]","[2.0, 1.0, 1.0, 1.0]",0.0,0,True
7,112,1.3415135145187378,0.40625,2.0080344676971436,1.5492427349090576,4.147782325744629,0.15630485117435455,"[0.02500000037252903, 0.05000000074505806, 0.05000000074505806, 0.05000000074505806]","[2.0, 1.0, 1.0, 1.0]",0.0,0,True
7,113,1.6733169555664062,0.21875,2.6427230834960938,2.240905523300171,7.802856922149658,0.39014288783073425,"[0.05000000074505806, 0.05000000074505806, 0.05000000074505806, 0.05000000074505806]","[1.0, 1.0, 1.0, 1.0]",0.0,0,True
7,114,1.5157381296157837,0.3125,2.14113187789917,1.848984956741333,4.73602294921875,0.19207704067230225,"[0.05000000074505806, 0.05000000074505806, 0.02500000037252903, 0.05000000074505806]","[1.0, 1.0, 2.0, 1.0]",0.0,0,True
7,115,1.5117120742797852,0.1875,2.4863176345825195,1.7128350734710693,6.060039043426514,0.2540532052516937,"[0.05000000074505806, 0.05000000074505806, 0.02500000037252903, 0.05000000074505806]","[1.0, 1.0, 2.0, 1.0]",0.0,0,True
7,116,1.8185920715332031,0.25,2.1155614852905273,1.8600952625274658,4.943512439727783,0.24717561900615692,"[0.05000000074505806, 0.05000000074505806, 0.05000000074505806, 0.05000000074505806]","[1.0, 1.0, 1.0, 1.0]",0.0,0,True
7,117,1.010326862335205,0.59375,1.8409615755081177,1.5792217254638672,3.762664556503296,0.13698534667491913,"[0.02500000037252903, 0.05000000074505806, 0.05000000074505806, 0.05000000074505806]","[2.0, 1.0, 1.0, 1.0]",0.0,0,True
7,118,1.2758625745773315,0.40625,1.9743187427520752,1.7211482524871826,3.888918399810791,0.1512635052204132,"[0.02500000037252903, 0.05000000074505806, 0.05000000074505806, 0.05000000074505806]","[2.0, 1.0, 1.0, 1.0]",0.0,0,True
7,119,1.1650007963180542,0.6875,1.6320170164108276,1.5134811401367188,3.0280532836914062,0.13283425569534302,"[0.05000000074505806, 0.05000000074505806, 0.02500000037252903, 0.05000000074505806]","[1.0, 1.0, 2.0, 1.0]",0.0,0,True
7,120,1.0140022039413452,0.59375,1.9436147212982178,1.6475188732147217,4.866526126861572,0.13666316866874695,"[0.02500000037252903, 0.05000000074505806, 0.02500000037252903, 0.05000000074505806]","[2.0, 1.0, 2.0, 1.0]",0.0,0,True
7,121,1.4166239500045776,0.46875,2.4224491119384766,1.7503294944763184,4.990386009216309,0.24951931834220886,"[0.05000000074505806, 0.05000000074505806, 0.05000000074505806, 0.05000000074505806]","[1.0, 1.0, 1.0, 1.0]",0.0,0,True
7,122,1.684780478477478,0.28125,3.1175894737243652,2.5140058994293213,5.708189487457275,0.28540945053100586,"[0.05000000074505806, 0.05000000074505806, 0.05000000074505806, 0.05000000074505806]","[1.0, 1.0, 1.0, 1.0]",0.0,0,True
7,123,1.473896861076355,0.1875,2.158324718475342,1.8781427145004272,4.485726356506348,0.22428634762763977,"[0.05000000074505806, 0.05000000074505806, 0.05000000074505806, 0.05000000074505806]","[1.0, 1.0, 1.0, 1.0]",0.0,0,True
7,124,1.5654354095458984,0.21875,2.5459237098693848,1.9536092281341553,5.213993549346924,0.26069968938827515,"[0.05000000074505806, 0.05000000074505806, 0.05000000074505806, 0.05000000074505806]","[1.0, 1.0, 1.0, 1.0]",0.0,0,True
7,125,1.4640297889709473,0.5,2.489593029022217,1.9370737075805664,5.723363876342773,0.2861682176589966,"[0.05000000074505806, 0.05000000074505806, 0.05000000074505806, 0.05000000074505806]","[1.0, 1.0, 1.0, 1.0]",0.0,0,True
7,126,1.385236382484436,0.3125,2.043750286102295,1.728644609451294,3.478799343109131,0.17393997311592102,"[0.05000000074505806, 0.05000000074505806, 0.05000000074505806, 0.05000000074505806]","[1.0, 1.0, 1.0, 1.0]",0.0,0,True
7,127,1.645317792892456,0.0,1.95816969871521,1.726503849029541,4.8968706130981445,0.20074665546417236,"[0.02500000037252903, 0.05000000074505806, 0.05000000074505806, 0.05000000074505806]","[2.0, 1.0, 1.0, 1.0]",0.0,0,True
7,128,1.273260235786438,0.28125,2.152040719985962,1.7495815753936768,4.178818225860596,0.20894090831279755,"[0.05000000074505806, 0.05000000074505806, 0.05000000074505806, 0.05000000074505806]","[1.0, 1.0, 1.0, 1.0]",0.0,0,True
7,129,1.235580325126648,0.46875,1.7772945165634155,1.6172492504119873,3.76086688041687,0.11441810429096222,"[0.02500000037252903, 0.05000000074505806, 0.02500000037252903, 0.05000000074505806]","[2.0, 1.0, 2.0, 1.0]",0.0,0,True
7,130,1.6417633295059204,0.25,1.715977668762207,1.6613852977752686,4.265694618225098,0.15548810362815857,"[0.05000000074505806, 0.05000000074505806, 0.02500000037252903, 0.05000000074505806]","[1.0, 1.0, 2.0, 1.0]",0.0,0,True
7,131,1.3127177953720093,0.4375,2.0940990447998047,1.9830701351165771,5.002983093261719,0.2501491904258728,"[0.05000000074505806, 0.05000000074505806, 0.05000000074505806, 0.05000000074505806]","[1.0, 1.0, 1.0, 1.0]",0.0,0,True
7,132,1.2198834419250488,0.53125,2.748871326446533,1.927963376045227,6.403259754180908,0.32016295194625854,"[0.05000000074505806, 0.05000000074505806, 0.05000000074505806, 0.05000000074505806]","[1.0, 1.0, 1.0, 1.0]",0.0,0,True
7,133,1.564411997795105,0.46875,3.1474156379699707,2.223109722137451,5.887669563293457,0.2943834662437439,"[0.05000000074505806, 0.05000000074505806, 0.05000000074505806, 0.05000000074505806]","[1.0, 1.0, 1.0, 1.0]",0.0,0,True
7,134,1.867302417755127,0.25,2.76564359664917,1.9706318378448486,5.824649810791016,0.29123246669769287,"[0.05000000074505806, 0.05000000074505806, 0.05000000074505806, 0.05000000074505806]","[1.0, 1.0, 1.0, 1.0]",0.0,0,True
7,135,1.6960079669952393,0.15625,2.0611743927001953,1.9639101028442383,3.819953441619873,0.1909976601600647,"[0.05000000074505806, 0.05000000074505806, 0.05000000074505806, 0.05000000074505806]","[1.0, 1.0, 1.0, 1.0]",0.0,0,True
7,136,0.9070613384246826,0.6875,2.024601936340332,1.669493317604065,3.77742338180542,0.13939189910888672,"[0.05000000074505806, 0.05000000074505806, 0.02500000037252903, 0.05000000074505806]","[1.0, 1.0, 2.0, 1.0]",0.0,0,True
7,137,1.0420951843261719,0.5,1.7767921686172485,1.5707931518554688,3.745476245880127,0.11557279527187347,"[0.02500000037252903, 0.05000000074505806, 0.02500000037252903, 0.05000000074505806]","[2.0, 1.0, 2.0, 1.0]",0.0,0,True
7,138,1.231714129447937,0.28125,2.7125821113586426,2.0623350143432617,5.37691068649292,0.2688455283641815,"[0.05000000074505806, 0.05000000074505806, 0.05000000074505806, 0.05000000074505806]","[1.0, 1.0, 1.0, 1.0]",0.0,0,True
7,139,1.595410943031311,0.375,2.2008752822875977,2.1023969650268555,5.908043384552002,0.2954021692276001,"[0.05000000074505806, 0.05000000074505806, 0.05000000074505806, 0.05000000074505806]","[1.0, 1.0, 1.0, 1.0]",0.0,0,True
7,140,2.836376190185547,0.15625,2.330078601837158,1.9889605045318604,5.390753269195557,0.205507293343544,"[0.05000000074505806, 0.05000000074505806, 0.02500000037252903, 0.05000000074505806]","[1.0, 1.0, 2.0, 1.0]",0.0,0,True
7,141,1.465051531791687,0.375,2.5988922119140625,1.9950228929519653,5.243806838989258,0.2621903419494629,"[0.05000000074505806, 0.05000000074505806, 0.05000000074505806, 0.05000000074505806]","[1.0, 1.0, 1.0, 1.0]",0.0,0,True
7,142,1.1198145151138306,0.5,1.944465160369873,1.6748850345611572,4.412626266479492,0.16456077992916107,"[0.02500000037252903, 0.05000000074505806, 0.05000000074505806, 0.05000000074505806]","[2.0, 1.0, 1.0, 1.0]",0.0,0,True
7,143,0.9805738925933838,0.71875,2.0430333614349365,1.610405445098877,4.378183841705322,0.17385052144527435,"[0.05000000074505806, 0.05000000074505806, 0.02500000037252903, 0.05000000074505806]","[1.0, 1.0, 2.0, 1.0]",0.0,0,True
7,144,0.8760854601860046,0.65625,1.827406644821167,1.7113122940063477,4.588589668273926,0.12529733777046204,"[0.02500000037252903, 0.05000000074505806, 0.02500000037252903, 0.05000000074505806]","[2.0, 1.0, 2.0, 1.0]",0.0,0,True
7,145,1.133684754371643,0.59375,1.9639443159103394,1.7337968349456787,3.117856025695801,0.15589281916618347,"[0.05000000074505806, 0.05000000074505806, 0.05000000074505806, 0.05000000074505806]","[1.0, 1.0, 1.0, 1.0]",0.0,0,True
7,146,1.0937201976776123,0.5,2.4609837532043457,1.7937018871307373,5.097831726074219,0.2174496054649353,"[0.05000000074505806, 0.05000000074505806, 0.02500000037252903, 0.05000000074505806]","[1.0, 1.0, 2.0, 1.0]",0.0,0,True
7,147,1.6294070482254028,0.40625,2.506427764892578,2.0215096473693848,5.335711479187012,0.20216280221939087,"[0.02500000037252903, 0.05000000074505806, 0.05000000074505806, 0.05000000074505806]","[2.0, 1.0, 1.0, 1.0]",0.0,0,True
7,148,1.3403205871582031,0.40625,2.209777355194092,2.076566219329834,5.13095235824585,0.25654762983322144,"[0.05000000074505806, 0.05000000074505806, 0.05000000074505806, 0.05000000074505806]","[1.0, 1.0, 1.0, 1.0]",0.0,0,True
7,149,1.7216510772705078,0.15625,2.767454147338867,2.172699213027954,5.643482685089111,0.28217414021492004,"[0.05000000074505806, 0.05000000074505806, 0.05000000074505806, 0.05000000074505806]","[1.0, 1.0, 1.0, 1.0]",0.0,0,True
7,150,1.355910062789917,0.34375,1.8203670978546143,1.547614574432373,4.9375410079956055,0.13942062854766846,"[0.02500000037252903, 0.05000000074505806, 0.02500000037252903, 0.05000000074505806]","[2.0, 1.0, 2.0, 1.0]",0.0,0,True
7,151,1.2287225723266602,0.4375,1.9075950384140015,1.6833653450012207,4.263736724853516,0.16651417315006256,"[0.05000000074505806, 0.05000000074505806, 0.02500000037252903, 0.05000000074505806]","[1.0, 1.0, 2.0, 1.0]",0.0,0,True
7,152,1.1717405319213867,0.46875,2.296630382537842,1.7745554447174072,5.499375820159912,0.27496880292892456,"[0.05000000074505806, 0.05000000074505806, 0.05000000074505806, 0.05000000074505806]","[1.0, 1.0, 1.0, 1.0]",0.0,0,True
7,153,1.0196130275726318,0.53125,1.9105663299560547,1.7701162099838257,3.996187686920166,0.19980937242507935,"[0.05000000074505806, 0.05000000074505806, 0.05000000074505806, 0.05000000074505806]","[1.0, 1.0, 1.0, 1.0]",0.0,0,True
7,154,1.3460850715637207,0.375,1.9133529663085938,1.7353973388671875,4.089139938354492,0.20445699989795685,"[0.05000000074505806, 0.05000000074505806, 0.05000000074505806, 0.05000000074505806]","[1.0, 1.0, 1.0, 1.0]",0.0,0,True
7,155,1.5529378652572632,0.53125,2.3621060848236084,2.188281536102295,6.358188629150391,0.31790944933891296,"[0.05000000074505806, 0.05000000074505806, 0.05000000074505806, 0.05000000074505806]","[1.0, 1.0, 1.0, 1.0]",0.0,0,True
7,156,0.8102657794952393,0.6875,1.8929729461669922,1.597991943359375,4.4384026527404785,0.16598370671272278,"[0.02500000037252903, 0.05000000074505806, 0.05000000074505806, 0.05000000074505806]","[2.0, 1.0, 1.0, 1.0]",0.0,0,True
7,157,0.8631511330604553,0.71875,2.3131842613220215,1.9352071285247803,4.91288948059082,0.2456444650888443,"[0.05000000074505806, 0.05000000074505806, 0.05000000074505806, 0.05000000074505806]","[1.0, 1.0, 1.0, 1.0]",0.0,0,True
7,158,1.2082473039627075,0.53125,2.6102733612060547,1.900851845741272,5.612929344177246,0.2806464433670044,"[0.05000000074505806, 0.05000000074505806, 0.05000000074505806, 0.05000000074505806]","[1.0, 1.0, 1.0, 1.0]",0.0,0,True
7,159,0.9659342765808105,0.625,1.931909203529358,1.6441160440444946,4.361798286437988,0.17728175222873688,"[0.02500000037252903, 0.05000000074505806, 0.05000000074505806, 0.05000000074505806]","[2.0, 1.0, 1.0, 1.0]",0.0,0,True
7,160,1.0996052026748657,0.59375,2.177406072616577,1.7849398851394653,3.8318281173706055,0.19159142673015594,"[0.05000000074505806, 0.05000000074505806, 0.05000000074505806, 0.05000000074505806]","[1.0, 1.0, 1.0, 1.0]",0.0,0,True
7,161,1.475372314453125,0.3125,2.818758010864258,2.1427159309387207,7.605409622192383,0.29187536239624023,"[0.02500000037252903, 0.05000000074505806, 0.05000000074505806, 0.05000000074505806]","[2.0, 1.0, 1.0, 1.0]",0.0,0,True
7,162,0.9870363473892212,0.6875,1.8365166187286377,1.7239389419555664,3.6566128730773926,0.18283064663410187,"[0.05000000074505806, 0.05000000074505806, 0.05000000074505806, 0.05000000074505806]","[1.0, 1.0, 1.0, 1.0]",0.0,0,True
7,163,0.9044113755226135,0.8125,1.7850000858306885,1.5298221111297607,2.823223829269409,0.14116120338439941,"[0.05000000074505806, 0.05000000074505806, 0.05000000074505806, 0.05000000074505806]","[1.0, 1.0, 1.0, 1.0]",0.0,0,True
7,164,1.124822735786438,0.28125,1.9948095083236694,1.7180067300796509,5.531405925750732,0.2214948683977127,"[0.02500000037252903, 0.05000000074505806, 0.05000000074505806, 0.05000000074505806]","[2.0, 1.0, 1.0, 1.0]",0.0,0,True
7,165,1.329370141029358,0.5625,2.144824743270874,1.7990827560424805,3.5537095069885254,0.17768548429012299,"[0.05000000074505806, 0.05000000074505806, 0.05000000074505806, 0.05000000074505806]","[1.0, 1.0, 1.0, 1.0]",0.0,0,True
7,166,1.1497312784194946,0.375,2.331751823425293,1.9476076364517212,4.698622703552246,0.23493117094039917,"[0.05000000074505806, 0.05000000074505806, 0.05000000074505806, 0.05000000074505806]","[1.0, 1.0, 1.0, 1.0]",0.0,0,True
7,167,1.4940247535705566,0.34375,2.390444278717041,2.1462419033050537,4.9416656494140625,0.19432324171066284,"[0.05000000074505806, 0.05000000074505806, 0.02500000037252903, 0.05000000074505806]","[1.0, 1.0, 2.0, 1.0]",0.0,0,True
7,168,1.0864537954330444,0.65625,1.991313099861145,1.6582660675048828,3.7051877975463867,0.1852594017982483,"[0.05000000074505806, 0.05000000074505806, 0.05000000074505806, 0.05000000074505806]","[1.0, 1.0, 1.0, 1.0]",0.0,0,True
7,169,0.6848317980766296,0.8125,2.210494041442871,1.9069812297821045,5.0848283767700195,0.2542414367198944,"[0.05000000074505806, 0.05000000074505806, 0.05000000074505806, 0.05000000074505806]","[1.0, 1.0, 1.0, 1.0]",0.0,0,True
7,170,0.9048737287521362,0.65625,2.267922878265381,1.8278921842575073,4.993772506713867,0.24968864023685455,"[0.05000000074505806, 0.05000000074505806, 0.05000000074505806, 0.05000000074505806]","[1.0, 1.0, 1.0, 1.0]",0.0,0,True
7,171,1.0430831909179688,0.65625,2.3051068782806396,1.6794967651367188,4.6931915283203125,0.2346595823764801,"[0.05000000074505806, 0.05000000074505806, 0.05000000074505806, 0.05000000074505806]","[1.0, 1.0, 1.0, 1.0]",0.0,0,True
7,172,0.9781575202941895,0.53125,2.295877456665039,1.7049710750579834,4.487091064453125,0.19305530190467834,"[0.02500000037252903, 0.05000000074505806, 0.05000000074505806, 0.05000000074505806]","[2.0, 1.0, 1.0, 1.0]",0.0,0,True
7,173,1.0081861019134521,0.625,2.0185680389404297,1.5318851470947266,4.256482124328613,0.1821378916501999,"[0.05000000074505806, 0.05000000074505806, 0.02500000037252903, 0.05000000074505806]","[1.0, 1.0, 2.0, 1.0]",0.0,0,True
7,174,1.0761802196502686,0.34375,2.1839118003845215,1.7311980724334717,4.5346832275390625,0.17800447344779968,"[0.02500000037252903, 0.05000000074505806, 0.05000000074505806, 0.05000000074505806]","[2.0, 1.0, 1.0, 1.0]",0.0,0,True
7,175,1.1070802211761475,0.40625,2.022850513458252,1.6135045289993286,4.003852367401123,0.2001926153898239,"[0.05000000074505806, 0.05000000074505806, 0.05000000074505806, 0.05000000074505806]","[1.0, 1.0, 1.0, 1.0]",0.0,0,True
7,176,1.0757399797439575,0.625,2.4749703407287598,1.7951445579528809,4.730472564697266,0.18971490859985352,"[0.05000000074505806, 0.05000000074505806, 0.02500000037252903, 0.05000000074505806]","[1.0, 1.0, 2.0, 1.0]",0.0,0,True
7,177,1.2217884063720703,0.46875,2.378044843673706,1.6159303188323975,4.589748382568359,0.22948741912841797,"[0.05000000074505806, 0.05000000074505806, 0.05000000074505806, 0.05000000074505806]","[1.0, 1.0, 1.0, 1.0]",0.0,0,True
7,178,1.2523807287216187,0.53125,2.9937186241149902,1.8589279651641846,6.060739517211914,0.30303698778152466,"[0.05000000074505806, 0.05000000074505806, 0.05000000074505806, 0.05000000074505806]","[1.0, 1.0, 1.0, 1.0]",0.0,0,True
7,179,0.9111318588256836,0.59375,2.154954433441162,1.685522437095642,4.25514554977417,0.21275728940963745,"[0.05000000074505806, 0.05000000074505806, 0.05000000074505806, 0.05000000074505806]","[1.0, 1.0, 1.0, 1.0]",0.0,0,True
7,180,0.8873292207717896,0.65625,3.0547235012054443,2.210756301879883,6.165958404541016,0.30829793214797974,"[0.05000000074505806, 0.05000000074505806, 0.05000000074505806, 0.05000000074505806]","[1.0, 1.0, 1.0, 1.0]",0.0,0,True
7,181,0.9021580815315247,0.75,1.941702961921692,1.562465786933899,4.068682670593262,0.1776227205991745,"[0.05000000074505806, 0.05000000074505806, 0.02500000037252903, 0.05000000074505806]","[1.0, 1.0, 2.0, 1.0]",0.0,0,True
7,182,1.5109461545944214,0.46875,3.360095977783203,2.150609254837036,6.779143333435059,0.33895719051361084,"[0.05000000074505806, 0.05000000074505806, 0.05000000074505806, 0.05000000074505806]","[1.0, 1.0, 1.0, 1.0]",0.0,0,True
7,183,1.6324067115783691,0.09375,2.6720104217529297,2.130284070968628,5.432109832763672,0.2716054916381836,"[0.05000000074505806, 0.05000000074505806, 0.05000000074505806, 0.05000000074505806]","[1.0, 1.0, 1.0, 1.0]",0.0,0,True
7,184,0.8996807336807251,0.8125,2.1611557006835938,1.8398866653442383,4.409448146820068,0.22047239542007446,"[0.05000000074505806, 0.05000000074505806, 0.05000000074505806, 0.05000000074505806]","[1.0, 1.0, 1.0, 1.0]",0.0,0,True
7,185,1.0858875513076782,0.5,1.810750961303711,1.565225601196289,3.830575942993164,0.11310704052448273,"[0.02500000037252903, 0.05000000074505806, 0.02500000037252903, 0.05000000074505806]","[2.0, 1.0, 2.0, 1.0]",0.0,0,True
7,186,0.9452502727508545,0.6875,2.454550266265869,2.0259482860565186,6.135251998901367,0.3067626357078552,"[0.05000000074505806, 0.05000000074505806, 0.05000000074505806, 0.05000000074505806]","[1.0, 1.0, 1.0, 1.0]",0.0,0,True
7,187,1.4554402828216553,0.21875,2.051753044128418,1.8344477415084839,4.838690757751465,0.24193453788757324,"[0.05000000074505806, 0.05000000074505806, 0.05000000074505806, 0.05000000074505806]","[1.0, 1.0, 1.0, 1.0]",0.0,0,True
7,188,1.0784600973129272,0.46875,1.7668230533599854,1.6367135047912598,2.8421871662139893,0.14210936427116394,"[0.05000000074505806, 0.05000000074505806, 0.05000000074505806, 0.05000000074505806]","[1.0, 1.0, 1.0, 1.0]",0.0,0,True
7,189,1.0679845809936523,0.53125,2.8237290382385254,1.5657368898391724,5.425740718841553,0.27128705382347107,"[0.05000000074505806, 0.05000000074505806, 0.05000000074505806, 0.05000000074505806]","[1.0, 1.0, 1.0, 1.0]",0.0,0,True
7,190,0.7901513576507568,0.78125,2.6283652782440186,2.1114792823791504,5.925811767578125,0.2962905764579773,"[0.05000000074505806, 0.05000000074505806, 0.05000000074505806, 0.05000000074505806]","[1.0, 1.0, 1.0, 1.0]",0.0,0,True
7,191,0.9137825965881348,0.65625,1.8337504863739014,1.578011393547058,3.4770121574401855,0.17385061085224152,"[0.05000000074505806, 0.05000000074505806, 0.05000000074505806, 0.05000000074505806]","[1.0, 1.0, 1.0, 1.0]",0.0,0,True
7,192,0.8766680955886841,0.5,2.2052950859069824,1.825556993484497,4.710692882537842,0.19937622547149658,"[0.02500000037252903, 0.05000000074505806, 0.05000000074505806, 0.05000000074505806]","[2.0, 1.0, 1.0, 1.0]",0.0,0,True
7,193,0.9107162356376648,0.5625,1.8991336822509766,1.7216724157333374,3.179489850997925,0.15897448360919952,"[0.05000000074505806, 0.05000000074505806, 0.05000000074505806, 0.05000000074505806]","[1.0, 1.0, 1.0, 1.0]",0.0,0,True
7,194,0.8268251419067383,0.71875,2.021679639816284,1.7290408611297607,4.2058587074279785,0.190913587808609,"[0.05000000074505806, 0.05000000074505806, 0.02500000037252903, 0.05000000074505806]","[1.0, 1.0, 2.0, 1.0]",0.0,0,True
7,195,0.9211536049842834,0.40625,1.814666509628296,1.6854106187820435,3.0208656787872314,0.15104328095912933,"[0.05000000074505806, 0.05000000074505806, 0.05000000074505806, 0.05000000074505806]","[1.0, 1.0, 1.0, 1.0]",0.0,0,True
7,196,1.0668737888336182,0.5625,2.4294610023498535,2.0409045219421387,4.142299652099609,0.20711499452590942,"[0.05000000074505806, 0.05000000074505806, 0.05000000074505806, 0.05000000074505806]","[1.0, 1.0, 1.0, 1.0]",0.0,0,True
7,197,1.0605144500732422,0.40625,2.1866111755371094,1.637094497680664,4.495608329772949,0.22478041052818298,"[0.05000000074505806, 0.05000000074505806, 0.05000000074505806, 0.05000000074505806]","[1.0, 1.0, 1.0, 1.0]",0.0,0,True
7,198,0.8028008341789246,0.5625,1.8999152183532715,1.679175615310669,4.7203168869018555,0.17276698350906372,"[0.02500000037252903, 0.05000000074505806, 0.05000000074505806, 0.05000000074505806]","[2.0, 1.0, 1.0, 1.0]",0.0,0,True
7,199,1.0577008724212646,0.4375,2.5299570560455322,1.8696413040161133,5.408803462982178,0.23406605422496796,"[0.02500000037252903, 0.05000000074505806, 0.05000000074505806, 0.05000000074505806]","[2.0, 1.0, 1.0, 1.0]",0.0,0,True
7,200,1.0761749744415283,0.53125,1.884824514389038,1.6932591199874878,4.058746337890625,0.20293733477592468,"[0.05000000074505806, 0.05000000074505806, 0.05000000074505806, 0.05000000074505806]","[1.0, 1.0, 1.0, 1.0]",0.0,0,True
7,201,0.862025797367096,0.6875,2.149444580078125,1.7827516794204712,3.6912291049957275,0.18456144630908966,"[0.05000000074505806, 0.05000000074505806, 0.05000000074505806, 0.05000000074505806]","[1.0, 1.0, 1.0, 1.0]",0.0,0,True
7,202,0.9962099194526672,0.5625,2.2097578048706055,1.692610502243042,4.048294544219971,0.20241472125053406,"[0.05000000074505806, 0.05000000074505806, 0.05000000074505806, 0.05000000074505806]","[1.0, 1.0, 1.0, 1.0]",0.0,0,True
7,203,0.8946205377578735,0.5,2.288095474243164,1.79107666015625,4.725372314453125,0.23626862466335297,"[0.05000000074505806, 0.05000000074505806, 0.05000000074505806, 0.05000000074505806]","[1.0, 1.0, 1.0, 1.0]",0.0,0,True
7,204,0.8598892092704773,0.65625,1.872253656387329,1.644571304321289,3.5538384914398193,0.17769193649291992,"[0.05000000074505806, 0.05000000074505806, 0.05000000074505806, 0.05000000074505806]","[1.0, 1.0, 1.0, 1.0]",0.0,0,True
7,205,0.8655918836593628,0.5,2.389735698699951,1.8846890926361084,6.42152738571167,0.3210763931274414,"[0.05000000074505806, 0.05000000074505806, 0.05000000074505806, 0.05000000074505806]","[1.0, 1.0, 1.0, 1.0]",0.0,0,True
7,206,0.7121208310127258,0.71875,2.2507331371307373,1.792829990386963,4.009329795837402,0.20046651363372803,"[0.05000000074505806, 0.05000000074505806, 0.05000000074505806, 0.05000000074505806]","[1.0, 1.0, 1.0, 1.0]",0.0,0,True
7,207,0.8998081684112549,0.625,1.983961582183838,1.644622802734375,3.734764575958252,0.18673822283744812,"[0.05000000074505806, 0.05000000074505806, 0.05000000074505806, 0.05000000074505806]","[1.0, 1.0, 1.0, 1.0]",0.0,0,True
7,208,0.7983207702636719,0.78125,2.2722744941711426,1.873275637626648,4.317874908447266,0.21589374542236328,"[0.05000000074505806, 0.05000000074505806, 0.05000000074505806, 0.05000000074505806]","[1.0, 1.0, 1.0, 1.0]",0.0,0,True
7,209,1.1604137420654297,0.46875,1.8562381267547607,1.6725492477416992,3.371145009994507,0.13262879848480225,"[0.02500000037252903, 0.05000000074505806, 0.05000000074505806, 0.05000000074505806]","[2.0, 1.0, 1.0, 1.0]",0.0,0,True
7,210,1.1429367065429688,0.53125,2.3987438678741455,1.8631727695465088,4.724842071533203,0.23624208569526672,"[0.05000000074505806, 0.05000000074505806, 0.05000000074505806, 0.05000000074505806]","[1.0, 1.0, 1.0, 1.0]",0.0,0,True
7,211,0.661143958568573,0.84375,2.9992129802703857,1.7997469902038574,4.995617866516113,0.24978086352348328,"[0.05000000074505806, 0.05000000074505806, 0.05000000074505806, 0.05000000074505806]","[1.0, 1.0, 1.0, 1.0]",0.0,0,True
7,212,0.7398220300674438,0.8125,2.2714645862579346,1.7657718658447266,4.740375518798828,0.23701876401901245,"[0.05000000074505806, 0.05000000074505806, 0.05000000074505806, 0.05000000074505806]","[1.0, 1.0, 1.0, 1.0]",0.0,0,True
7,213,0.9585190415382385,0.375,2.3479461669921875,1.7383301258087158,4.780784606933594,0.23903921246528625,"[0.05000000074505806, 0.05000000074505806, 0.05000000074505806, 0.05000000074505806]","[1.0, 1.0, 1.0, 1.0]",0.0,0,True
7,214,0.8137504458427429,0.6875,2.2295732498168945,1.8337256908416748,3.5396533012390137,0.17698267102241516,"[0.05000000074505806, 0.05000000074505806, 0.05000000074505806, 0.05000000074505806]","[1.0, 1.0, 1.0, 1.0]",0.0,0,True
7,215,0.7962309122085571,0.71875,2.0043845176696777,1.762150764465332,3.2447009086608887,0.1622350513935089,"[0.05000000074505806, 0.05000000074505806, 0.05000000074505806, 0.05000000074505806]","[1.0, 1.0, 1.0, 1.0]",0.0,0,True
7,216,0.8486132025718689,0.5625,1.8128407001495361,1.5491766929626465,3.219771385192871,0.12341438978910446,"[0.02500000037252903, 0.05000000074505806, 0.05000000074505806, 0.05000000074505806]","[2.0, 1.0, 1.0, 1.0]",0.0,0,True
7,217,0.9867681860923767,0.5,2.103264808654785,1.7189216613769531,4.289394378662109,0.21446973085403442,"[0.05000000074505806, 0.05000000074505806, 0.05000000074505806, 0.05000000074505806]","[1.0, 1.0, 1.0, 1.0]",0.0,0,True
7,218,0.9759814739227295,0.5,1.8074320554733276,1.6039460897445679,3.099743604660034,0.12982511520385742,"[0.05000000074505806, 0.05000000074505806, 0.02500000037252903, 0.05000000074505806]","[1.0, 1.0, 2.0, 1.0]",0.0,0,True
7,219,0.9331586956977844,0.5,3.0698256492614746,1.9018993377685547,5.405676364898682,0.2702838182449341,"[0.05000000074505806, 0.05000000074505806, 0.05000000074505806, 0.05000000074505806]","[1.0, 1.0, 1.0, 1.0]",0.0,0,True
7,220,0.5518410801887512,0.875,2.591764211654663,1.8747339248657227,4.434396266937256,0.22171981632709503,"[0.05000000074505806, 0.05000000074505806, 0.05000000074505806, 0.05000000074505806]","[1.0, 1.0, 1.0, 1.0]",0.0,0,True
7,221,1.0585122108459473,0.5625,1.762056827545166,1.6060574054718018,3.0125601291656494,0.150628000497818,"[0.05000000074505806, 0.05000000074505806, 0.05000000074505806, 0.05000000074505806]","[1.0, 1.0, 1.0, 1.0]",0.0,0,True
7,222,0.792553186416626,0.6875,2.068577527999878,1.7652000188827515,3.787597417831421,0.18937987089157104,"[0.05000000074505806, 0.05000000074505806, 0.05000000074505806, 0.05000000074505806]","[1.0, 1.0, 1.0, 1.0]",0.0,0,True
7,223,0.8611917495727539,0.53125,2.1369869709014893,1.8690130710601807,3.897429943084717,0.19487148523330688,"[0.05000000074505806, 0.05000000074505806, 0.05000000074505806, 0.05000000074505806]","[1.0, 1.0, 1.0, 1.0]",0.0,0,True
7,224,0.9502444863319397,0.59375,2.4858577251434326,2.0628814697265625,5.810652256011963,0.2905326187610626,"[0.05000000074505806, 0.05000000074505806, 0.05000000074505806, 0.05000000074505806]","[1.0, 1.0, 1.0, 1.0]",0.0,0,True
7,225,0.8348240852355957,0.625,2.3707005977630615,1.701823115348816,4.800905704498291,0.21634379029273987,"[0.05000000074505806, 0.05000000074505806, 0.02500000037252903, 0.05000000074505806]","[1.0, 1.0, 2.0, 1.0]",0.0,0,True
7,226,0.6693950891494751,0.84375,2.653902530670166,1.8941279649734497,4.051331520080566,0.20256657898426056,"[0.05000000074505806, 0.05000000074505806, 0.05000000074505806, 0.05000000074505806]","[1.0, 1.0, 1.0, 1.0]",0.0,0,True
7,227,0.976884126663208,0.5625,1.9979934692382812,1.681194543838501,3.8069729804992676,0.19034865498542786,"[0.05000000074505806, 0.05000000074505806, 0.05000000074505806, 0.05000000074505806]","[1.0, 1.0, 1.0, 1.0]",0.0,0,True
7,228,0.927814245223999,0.53125,2.181558609008789,1.6900959014892578,4.819573402404785,0.18972617387771606,"[0.05000000074505806, 0.05000000074505806, 0.02500000037252903, 0.05000000074505806]","[1.0, 1.0, 2.0, 1.0]",0.0,0,True
7,229,1.0205734968185425,0.40625,2.133951187133789,1.7995123863220215,4.194790363311768,0.20973950624465942,"[0.05000000074505806, 0.05000000074505806, 0.05000000074505806, 0.05000000074505806]","[1.0, 1.0, 1.0, 1.0]",0.0,0,True
7,230,0.7730497717857361,0.6875,2.0699424743652344,1.7298710346221924,4.392466068267822,0.21962329745292664,"[0.05000000074505806, 0.05000000074505806, 0.05000000074505806, 0.05000000074505806]","[1.0, 1.0, 1.0, 1.0]",0.0,0,True
7,231,1.0295146703720093,0.53125,2.1719298362731934,1.8374474048614502,4.163664817810059,0.20818327367305756,"[0.05000000074505806, 0.05000000074505806, 0.05000000074505806, 0.05000000074505806]","[1.0, 1.0, 1.0, 1.0]",0.0,0,True
7,232,1.3339266777038574,0.375,2.1981940269470215,1.7468771934509277,4.09798002243042,0.20489899814128876,"[0.05000000074505806, 0.05000000074505806, 0.05000000074505806, 0.05000000074505806]","[1.0, 1.0, 1.0, 1.0]",0.0,0,True
7,233,0.702933669090271,0.8125,2.4534599781036377,1.7684688568115234,4.863901615142822,0.2431950867176056,"[0.05000000074505806, 0.05000000074505806, 0.05000000074505806, 0.05000000074505806]","[1.0, 1.0, 1.0, 1.0]",0.0,0,True
7,234,0.6926020979881287,0.84375,2.6075456142425537,2.0085158348083496,5.2663068771362305,0.2633153200149536,"[0.05000000074505806, 0.05000000074505806, 0.05000000074505806, 0.05000000074505806]","[1.0, 1.0, 1.0, 1.0]",0.0,0,True
7,235,0.9164294600486755,0.625,2.0872416496276855,1.6817069053649902,4.3958635330200195,0.2197932004928589,"[0.05000000074505806, 0.05000000074505806, 0.05000000074505806, 0.05000000074505806]","[1.0, 1.0, 1.0, 1.0]",0.0,0,True
7,236,1.135542392730713,0.5,2.05143141746521,1.6421492099761963,3.9672799110412598,0.1983639895915985,"[0.05000000074505806, 0.05000000074505806, 0.05000000074505806, 0.05000000074505806]","[1.0, 1.0, 1.0, 1.0]",0.0,0,True
7,237,0.7897683382034302,0.5,1.7154372930526733,1.5830185413360596,3.234257459640503,0.1617128551006317,"[0.05000000074505806, 0.05000000074505806, 0.05000000074505806, 0.05000000074505806]","[1.0, 1.0, 1.0, 1.0]",0.0,0,True
7,238,0.8152955174446106,0.65625,2.408039093017578,1.9909858703613281,5.127843856811523,0.2563922107219696,"[0.05000000074505806, 0.05000000074505806, 0.05000000074505806, 0.05000000074505806]","[1.0, 1.0, 1.0, 1.0]",0.0,0,True
7,239,0.6745539903640747,0.71875,2.039583683013916,1.6513447761535645,4.454545974731445,0.18355515599250793,"[0.05000000074505806, 0.05000000074505806, 0.02500000037252903, 0.05000000074505806]","[1.0, 1.0, 2.0, 1.0]",0.0,0,True
7,240,0.7626516819000244,0.625,2.1832661628723145,1.8608511686325073,5.134252548217773,0.2567126154899597,"[0.05000000074505806, 0.05000000074505806, 0.05000000074505806, 0.05000000074505806]","[1.0, 1.0, 1.0, 1.0]",0.0,0,True
7,241,0.6999102830886841,0.59375,1.9196207523345947,1.683869481086731,3.989006996154785,0.17016878724098206,"[0.05000000074505806, 0.05000000074505806, 0.02500000037252903, 0.05000000074505806]","[1.0, 1.0, 2.0, 1.0]",0.0,0,True
7,242,0.9834595322608948,0.5,2.012200355529785,1.632411241531372,3.59830904006958,0.1799154430627823,"[0.05000000074505806, 0.05000000074505806, 0.05000000074505806, 0.05000000074505806]","[1.0, 1.0, 1.0, 1.0]",0.0,0,True
7,243,1.0080313682556152,0.5625,2.149732828140259,1.6336102485656738,3.4871575832366943,0.17435789108276367,"[0.05000000074505806, 0.05000000074505806, 0.05000000074505806, 0.05000000074505806]","[1.0, 1.0, 1.0, 1.0]",0.0,0,True
7,244,0.6373900175094604,0.71875,1.9655416011810303,1.5909080505371094,4.56779146194458,0.18733295798301697,"[0.05000000074505806, 0.05000000074505806, 0.02500000037252903, 0.05000000074505806]","[1.0, 1.0, 2.0, 1.0]",0.0,0,True
7,245,0.7796591520309448,0.59375,2.389796018600464,1.7928590774536133,4.0358052253723145,0.20179028809070587,"[0.05000000074505806, 0.05000000074505806, 0.05000000074505806, 0.05000000074505806]","[1.0, 1.0, 1.0, 1.0]",0.0,0,True
7,246,0.825420081615448,0.65625,2.099161386489868,1.5992283821105957,4.316695690155029,0.21583478152751923,"[0.05000000074505806, 0.05000000074505806, 0.05000000074505806, 0.05000000074505806]","[1.0, 1.0, 1.0, 1.0]",0.0,0,True
7,247,0.981224775314331,0.59375,1.9907774925231934,1.7010886669158936,4.446032524108887,0.18014469742774963,"[0.02500000037252903, 0.05000000074505806, 0.05000000074505806, 0.05000000074505806]","[2.0, 1.0, 1.0, 1.0]",0.0,0,True
7,248,0.7025429010391235,0.625,2.0447354316711426,1.86411452293396,3.9149510860443115,0.19574755430221558,"[0.05000000074505806, 0.05000000074505806, 0.05000000074505806, 0.05000000074505806]","[1.0, 1.0, 1.0, 1.0]",0.0,0,True
7,249,0.8531095385551453,0.8125,2.524724006652832,1.9075546264648438,4.427198886871338,0.22135993838310242,"[0.05000000074505806, 0.05000000074505806, 0.05000000074505806, 0.05000000074505806]","[1.0, 1.0, 1.0, 1.0]",0.0,0,True
7,250,0.8293495178222656,0.59375,1.979179859161377,1.5821337699890137,4.289506912231445,0.2144753336906433,"[0.05000000074505806, 0.05000000074505806, 0.05000000074505806, 0.05000000074505806]","[1.0, 1.0, 1.0, 1.0]",0.0,0,True
7,251,0.9637207984924316,0.5625,2.038822650909424,1.6926283836364746,3.9196152687072754,0.19598077237606049,"[0.05000000074505806, 0.05000000074505806, 0.05000000074505806, 0.05000000074505806]","[1.0, 1.0, 1.0, 1.0]",0.0,0,True
7,252,0.7567644715309143,0.71875,2.2482590675354004,1.6839735507965088,3.2908935546875,0.16454467177391052,"[0.05000000074505806, 0.05000000074505806, 0.05000000074505806, 0.05000000074505806]","[1.0, 1.0, 1.0, 1.0]",0.0,0,True
7,253,0.8537910580635071,0.65625,2.430168390274048,1.7930891513824463,5.964264869689941,0.29821324348449707,"[0.05000000074505806, 0.05000000074505806, 0.05000000074505806, 0.05000000074505806]","[1.0, 1.0, 1.0, 1.0]",0.0,0,True
7,254,1.0014474391937256,0.5625,2.24367356300354,1.7626891136169434,3.857666492462158,0.19288334250450134,"[0.05000000074505806, 0.05000000074505806, 0.05000000074505806, 0.05000000074505806]","[1.0, 1.0, 1.0, 1.0]",0.0,0,True
7,255,0.7721104621887207,0.65625,1.9732871055603027,1.7634825706481934,3.8367843627929688,0.17244993150234222,"[0.02500000037252903, 0.05000000074505806, 0.05000000074505806, 0.05000000074505806]","[2.0, 1.0, 1.0, 1.0]",0.0,0,True
7,256,0.8129379153251648,0.625,2.4837324619293213,2.089259386062622,5.060842990875244,0.25304216146469116,"[0.05000000074505806, 0.05000000074505806, 0.05000000074505806, 0.05000000074505806]","[1.0, 1.0, 1.0, 1.0]",0.0,0,True
7,257,1.321237325668335,0.53125,2.2780752182006836,1.9103063344955444,3.8620452880859375,0.19310227036476135,"[0.05000000074505806, 0.05000000074505806, 0.05000000074505806, 0.05000000074505806]","[1.0, 1.0, 1.0, 1.0]",0.0,0,True
7,258,0.8052593469619751,0.53125,1.9109997749328613,1.6969878673553467,3.0021185874938965,0.15010595321655273,"[0.05000000074505806, 0.05000000074505806, 0.05000000074505806, 0.05000000074505806]","[1.0, 1.0, 1.0, 1.0]",0.0,0,True
7,259,0.8278776407241821,0.46875,1.8578572273254395,1.627655029296875,3.5587658882141113,0.13348402082920074,"[0.05000000074505806, 0.05000000074505806, 0.02500000037252903, 0.05000000074505806]","[1.0, 1.0, 2.0, 1.0]",0.0,0,True
7,260,0.8259896636009216,0.53125,2.144904613494873,1.9397493600845337,4.220251560211182,0.2110125720500946,"[0.05000000074505806, 0.05000000074505806, 0.05000000074505806, 0.05000000074505806]","[1.0, 1.0, 1.0, 1.0]",0.0,0,True
7,261,0.8463703393936157,0.5625,1.8489773273468018,1.6021571159362793,3.177590847015381,0.12820634245872498,"[0.02500000037252903, 0.05000000074505806, 0.05000000074505806, 0.05000000074505806]","[2.0, 1.0, 1.0, 1.0]",0.0,0,True
7,262,0.6540447473526001,0.71875,1.874320387840271,1.6319005489349365,4.342159748077393,0.16428065299987793,"[0.02500000037252903, 0.05000000074505806, 0.05000000074505806, 0.05000000074505806]","[2.0, 1.0, 1.0, 1.0]",0.0,0,True
7,263,0.7446299195289612,0.59375,1.7891085147857666,1.5602866411209106,3.160106897354126,0.12895411252975464,"[0.05000000074505806, 0.05000000074505806, 0.02500000037252903, 0.05000000074505806]","[1.0, 1.0, 2.0, 1.0]",0.0,0,True
7,264,0.9430890679359436,0.6875,2.0107522010803223,1.732670783996582,3.961855411529541,0.1980927586555481,"[0.05000000074505806, 0.05000000074505806, 0.05000000074505806, 0.05000000074505806]","[1.0, 1.0, 1.0, 1.0]",0.0,0,True
7,265,0.9243209958076477,0.40625,2.2662463188171387,1.747377872467041,4.428706645965576,0.18921954929828644,"[0.05000000074505806, 0.05000000074505806, 0.02500000037252903, 0.05000000074505806]","[1.0, 1.0, 2.0, 1.0]",0.0,0,True
7,266,0.8874219059944153,0.5625,2.0598764419555664,1.7195876836776733,4.007214546203613,0.2003607153892517,"[0.05000000074505806, 0.05000000074505806, 0.05000000074505806, 0.05000000074505806]","[1.0, 1.0, 1.0, 1.0]",0.0,0,True
7,267,0.7228926420211792,0.75,2.077511787414551,1.8512930870056152,4.365042209625244,0.16709183156490326,"[0.05000000074505806, 0.05000000074505806, 0.02500000037252903, 0.05000000074505806]","[1.0, 1.0, 2.0, 1.0]",0.0,0,True
7,268,0.8893448114395142,0.5,1.8973476886749268,1.6838375329971313,3.58309268951416,0.179154634475708,"[0.05000000074505806, 0.05000000074505806, 0.05000000074505806, 0.05000000074505806]","[1.0, 1.0, 1.0, 1.0]",0.0,0,True
7,269,0.6359702348709106,0.65625,2.0471878051757812,1.7276694774627686,3.6094956398010254,0.18047478795051575,"[0.05000000074505806, 0.05000000074505806, 0.05000000074505806, 0.05000000074505806]","[1.0, 1.0, 1.0, 1.0]",0.0,0,True
7,270,0.7719581127166748,0.78125,1.654440999031067,1.5087687969207764,2.8876376152038574,0.08725021779537201,"[0.02500000037252903, 0.05000000074505806, 0.02500000037252903, 0.05000000074505806]","[2.0, 1.0, 2.0, 1.0]",0.0,0,True
7,271,0.6474431157112122,0.78125,2.1178040504455566,1.6705925464630127,3.3623528480529785,0.16811765730381012,"[0.05000000074505806, 0.05000000074505806, 0.05000000074505806, 0.05000000074505806]","[1.0, 1.0, 1.0, 1.0]",0.0,0,True
7,272,0.8632233738899231,0.78125,1.935349702835083,1.6201996803283691,3.1332547664642334,0.1566627472639084,"[0.05000000074505806, 0.05000000074505806, 0.05000000074505806, 0.05000000074505806]","[1.0, 1.0, 1.0, 1.0]",0.0,0,True
7,273,0.6823513507843018,0.625,2.641666889190674,1.7299094200134277,4.637834072113037,0.2318917214870453,"[0.05000000074505806, 0.05000000074505806, 0.05000000074505806, 0.05000000074505806]","[1.0, 1.0, 1.0, 1.0]",0.0,0,True
7,274,1.0257701873779297,0.53125,1.6679561138153076,1.5299131870269775,2.785944938659668,0.08144873380661011,"[0.02500000037252903, 0.05000000074505806, 0.02500000037252903, 0.05000000074505806]","[2.0, 1.0, 2.0, 1.0]",0.0,0,True
7,275,1.0959261655807495,0.59375,2.1969876289367676,1.782210350036621,4.435294151306152,0.22176474332809448,"[0.05000000074505806, 0.05000000074505806, 0.05000000074505806, 0.05000000074505806]","[1.0, 1.0, 1.0, 1.0]",0.0,0,True
7,276,0.9858525991439819,0.46875,2.489901542663574,1.8481076955795288,4.90373420715332,0.24518674612045288,"[0.05000000074505806, 0.05000000074505806, 0.05000000074505806, 0.05000000074505806]","[1.0, 1.0, 1.0, 1.0]",0.0,0,True
7,277,0.6254544854164124,0.71875,1.9411925077438354,1.6594982147216797,3.2188286781311035,0.16094143688678741,"[0.05000000074505806, 0.05000000074505806, 0.05000000074505806, 0.05000000074505806]","[1.0, 1.0, 1.0, 1.0]",0.0,0,True
7,278,0.9792296886444092,0.5625,1.9491876363754272,1.7171467542648315,2.8659024238586426,0.14329512417316437,"[0.05000000074505806, 0.05000000074505806, 0.05000000074505806, 0.05000000074505806]","[1.0, 1.0, 1.0, 1.0]",0.0,0,True
7,279,0.9632958769798279,0.53125,1.8662514686584473,1.7324953079223633,3.109508514404297,0.1554754376411438,"[0.05000000074505806, 0.05000000074505806, 0.05000000074505806, 0.05000000074505806]","[1.0, 1.0, 1.0, 1.0]",0.0,0,True
7,280,0.6544703245162964,0.59375,2.253758430480957,1.7971069812774658,3.298570394515991,0.16492851078510284,"[0.05000000074505806, 0.05000000074505806, 0.05000000074505806, 0.05000000074505806]","[1.0, 1.0, 1.0, 1.0]",0.0,0,True
7,281,0.874613881111145,0.6875,1.9160048961639404,1.6848602294921875,3.3717684745788574,0.16858842968940735,"[0.05000000074505806, 0.05000000074505806, 0.05000000074505806, 0.05000000074505806]","[1.0, 1.0, 1.0, 1.0]",0.0,0,True
7,282,0.6750306487083435,0.6875,2.3886191844940186,1.7680350542068481,5.017498016357422,0.25087490677833557,"[0.05000000074505806, 0.05000000074505806, 0.05000000074505806, 0.05000000074505806]","[1.0, 1.0, 1.0, 1.0]",0.0,0,True
7,283,0.9893133044242859,0.5625,2.0812015533447266,1.8298439979553223,3.1738219261169434,0.15869109332561493,"[0.05000000074505806, 0.05000000074505806, 0.05000000074505806, 0.05000000074505806]","[1.0, 1.0, 1.0, 1.0]",0.0,0,True
7,284,0.7290472984313965,0.8125,1.9530513286590576,1.6870262622833252,3.405885696411133,0.17029428482055664,"[0.05000000074505806, 0.05000000074505806, 0.05000000074505806, 0.05000000074505806]","[1.0, 1.0, 1.0, 1.0]",0.0,0,True
7,285,0.8449931740760803,0.53125,2.2751896381378174,1.6698981523513794,3.9585092067718506,0.19792546331882477,"[0.05000000074505806, 0.05000000074505806, 0.05000000074505806, 0.05000000074505806]","[1.0, 1.0, 1.0, 1.0]",0.0,0,True
7,286,0.6828534007072449,0.75,2.434659481048584,2.031886577606201,4.149759769439697,0.20748800039291382,"[0.05000000074505806, 0.05000000074505806, 0.05000000074505806, 0.05000000074505806]","[1.0, 1.0, 1.0, 1.0]",0.0,0,True
7,287,0.694867730140686,0.8125,2.3212082386016846,1.6872522830963135,4.943147659301758,0.24715739488601685,"[0.05000000074505806, 0.05000000074505806, 0.05000000074505806, 0.05000000074505806]","[1.0, 1.0, 1.0, 1.0]",0.0,0,True
7,288,1.0939723253250122,0.34375,2.4017510414123535,2.0558881759643555,5.822732925415039,0.29113665223121643,"[0.05000000074505806, 0.05000000074505806, 0.05000000074505806, 0.05000000074505806]","[1.0, 1.0, 1.0, 1.0]",0.0,0,True
7,289,0.8435048460960388,0.53125,2.5804619789123535,1.714914321899414,4.6831865310668945,0.23415932059288025,"[0.05000000074505806, 0.05000000074505806, 0.05000000074505806, 0.05000000074505806]","[1.0, 1.0, 1.0, 1.0]",0.0,0,True
7,290,0.9437546133995056,0.59375,1.8168866634368896,1.6806614398956299,3.391636371612549,0.1695818156003952,"[0.05000000074505806, 0.05000000074505806, 0.05000000074505806, 0.05000000074505806]","[1.0, 1.0, 1.0, 1.0]",0.0,0,True
7,291,0.8357123732566833,0.59375,2.3056447505950928,1.6920194625854492,4.264116287231445,0.21320584416389465,"[0.05000000074505806, 0.05000000074505806, 0.05000000074505806, 0.05000000074505806]","[1.0, 1.0, 1.0, 1.0]",0.0,0,True
7,292,1.1829044818878174,0.34375,2.085602283477783,1.673841953277588,2.950230836868286,0.1475115418434143,"[0.05000000074505806, 0.05000000074505806, 0.05000000074505806, 0.05000000074505806]","[1.0, 1.0, 1.0, 1.0]",0.0,0,True
7,293,0.8485523462295532,0.625,2.1305646896362305,1.8370903730392456,3.4377377033233643,0.1718868911266327,"[0.05000000074505806, 0.05000000074505806, 0.05000000074505806, 0.05000000074505806]","[1.0, 1.0, 1.0, 1.0]",0.0,0,True
7,294,0.6695685982704163,0.6875,2.0510215759277344,1.7233632802963257,3.0168819427490234,0.15084409713745117,"[0.05000000074505806, 0.05000000074505806, 0.05000000074505806, 0.05000000074505806]","[1.0, 1.0, 1.0, 1.0]",0.0,0,True
7,295,0.8772055506706238,0.5,2.0723204612731934,1.7303731441497803,3.966076135635376,0.19830381870269775,"[0.05000000074505806, 0.05000000074505806, 0.05000000074505806, 0.05000000074505806]","[1.0, 1.0, 1.0, 1.0]",0.0,0,True
7,296,0.9147875308990479,0.4375,1.6575546264648438,1.5318574905395508,2.4968833923339844,0.09114834666252136,"[0.05000000074505806, 0.05000000074505806, 0.02500000037252903, 0.05000000074505806]","[1.0, 1.0, 2.0, 1.0]",0.0,0,True
7,297,0.8997392654418945,0.5,2.034850597381592,1.6911557912826538,3.4971683025360107,0.14259791374206543,"[0.05000000074505806, 0.05000000074505806, 0.02500000037252903, 0.05000000074505806]","[1.0, 1.0, 2.0, 1.0]",0.0,0,True
7,298,0.6628378033638,0.875,1.9303584098815918,1.630509376525879,2.619471549987793,0.10958683490753174,"[0.05000000074505806, 0.05000000074505806, 0.02500000037252903, 0.05000000074505806]","[1.0, 1.0, 2.0, 1.0]",0.0,0,True
7,299,1.0975584983825684,0.5,1.7109538316726685,1.602771282196045,2.4682602882385254,0.09879220277070999,"[0.02500000037252903, 0.05000000074505806, 0.05000000074505806, 0.05000000074505806]","[2.0, 1.0, 1.0, 1.0]",0.0,0,True
7,300,0.8484562039375305,0.5,2.2918572425842285,1.9113175868988037,4.636963844299316,0.23184821009635925,"[0.05000000074505806, 0.05000000074505806, 0.05000000074505806, 0.05000000074505806]","[1.0, 1.0, 1.0, 1.0]",0.0,0,True
7,301,0.817378044128418,0.71875,1.871323585510254,1.5686852931976318,3.247770309448242,0.16238850355148315,"[0.05000000074505806, 0.05000000074505806, 0.05000000074505806, 0.05000000074505806]","[1.0, 1.0, 1.0, 1.0]",0.0,0,True
7,302,0.7926486730575562,0.75,2.086726427078247,1.702301263809204,3.5838937759399414,0.17919468879699707,"[0.05000000074505806, 0.05000000074505806, 0.05000000074505806, 0.05000000074505806]","[1.0, 1.0, 1.0, 1.0]",0.0,0,True
7,303,0.9519714117050171,0.6875,1.7765905857086182,1.6551487445831299,2.762948989868164,0.13814744353294373,"[0.05000000074505806, 0.05000000074505806, 0.05000000074505806, 0.05000000074505806]","[1.0, 1.0, 1.0, 1.0]",0.0,0,True
7,304,0.846888542175293,0.625,1.9780752658843994,1.7955272197723389,4.426021575927734,0.22130106389522552,"[0.05000000074505806, 0.05000000074505806, 0.05000000074505806, 0.05000000074505806]","[1.0, 1.0, 1.0, 1.0]",0.0,0,True
7,305,0.7689735293388367,0.53125,1.9300148487091064,1.6012299060821533,3.7886366844177246,0.14555321633815765,"[0.02500000037252903, 0.05000000074505806, 0.05000000074505806, 0.05000000074505806]","[2.0, 1.0, 1.0, 1.0]",0.0,0,True
7,306,0.6448230147361755,0.8125,2.005178689956665,1.6635892391204834,3.332061767578125,0.16660308837890625,"[0.05000000074505806, 0.05000000074505806, 0.05000000074505806, 0.05000000074505806]","[1.0, 1.0, 1.0, 1.0]",0.0,0,True
7,307,0.5442484617233276,0.78125,2.268188953399658,1.938446044921875,4.478725433349609,0.2239362597465515,"[0.05000000074505806, 0.05000000074505806, 0.05000000074505806, 0.05000000074505806]","[1.0, 1.0, 1.0, 1.0]",0.0,0,True
7,308,1.3230433464050293,0.4375,1.8573697805404663,1.7408357858657837,3.183405637741089,0.15917028486728668,"[0.05000000074505806, 0.05000000074505806, 0.05000000074505806, 0.05000000074505806]","[1.0, 1.0, 1.0, 1.0]",0.0,0,True
7,309,0.9648330807685852,0.5625,1.9047162532806396,1.7034167051315308,2.7427382469177246,0.13713693618774414,"[0.05000000074505806, 0.05000000074505806, 0.05000000074505806, 0.05000000074505806]","[1.0, 1.0, 1.0, 1.0]",0.0,0,True
7,310,0.8187107443809509,0.5,2.0091185569763184,1.671400547027588,3.614924192428589,0.18074622750282288,"[0.05000000074505806, 0.05000000074505806, 0.05000000074505806, 0.05000000074505806]","[1.0, 1.0, 1.0, 1.0]",0.0,0,True
7,311,0.8761124610900879,0.59375,2.4289634227752686,1.7559561729431152,3.9025936126708984,0.19512969255447388,"[0.05000000074505806, 0.05000000074505806, 0.05000000074505806, 0.05000000074505806]","[1.0, 1.0, 1.0, 1.0]",0.0,0,True
7,312,0.6190204620361328,0.71875,2.1506054401397705,1.9631892442703247,3.943131446838379,0.19715657830238342,"[0.05000000074505806, 0.05000000074505806, 0.05000000074505806, 0.05000000074505806]","[1.0, 1.0, 1.0, 1.0]",0.0,0,True
7,313,0.9156284332275391,0.6875,2.51528263092041,2.0535264015197754,5.826325416564941,0.29131627082824707,"[0.05000000074505806, 0.05000000074505806, 0.05000000074505806, 0.05000000074505806]","[1.0, 1.0, 1.0, 1.0]",0.0,0,True
7,314,0.7169299721717834,0.625,1.9007498025894165,1.5412375926971436,2.900923252105713,0.1450461745262146,"[0.05000000074505806, 0.05000000074505806, 0.05000000074505806, 0.05000000074505806]","[1.0, 1.0, 1.0, 1.0]",0.0,0,True
7,315,0.7254541516304016,0.6875,2.2793772220611572,1.8059730529785156,3.7680349349975586,0.18840175867080688,"[0.05000000074505806, 0.05000000074505806, 0.05000000074505806, 0.05000000074505806]","[1.0, 1.0, 1.0, 1.0]",0.0,0,True
7,316,0.6904468536376953,0.65625,2.028318405151367,1.738102912902832,3.9110496044158936,0.19555246829986572,"[0.05000000074505806, 0.05000000074505806, 0.05000000074505806, 0.05000000074505806]","[1.0, 1.0, 1.0, 1.0]",0.0,0,True
7,317,0.8572807312011719,0.5,2.2622716426849365,1.8769714832305908,3.96347713470459,0.1981738656759262,"[0.05000000074505806, 0.05000000074505806, 0.05000000074505806, 0.05000000074505806]","[1.0, 1.0, 1.0, 1.0]",0.0,0,True
7,318,0.8202478885650635,0.71875,2.4547746181488037,1.8685517311096191,4.11729097366333,0.2058645486831665,"[0.05000000074505806, 0.05000000074505806, 0.05000000074505806, 0.05000000074505806]","[1.0, 1.0, 1.0, 1.0]",0.0,0,True
7,319,0.6866273880004883,0.6875,2.5617141723632812,2.173103094100952,5.008325576782227,0.25041627883911133,"[0.05000000074505806, 0.05000000074505806, 0.05000000074505806, 0.05000000074505806]","[1.0, 1.0, 1.0, 1.0]",0.0,0,True
7,320,0.7999599575996399,0.65625,1.707094430923462,1.6092380285263062,2.5220818519592285,0.09923325479030609,"[0.05000000074505806, 0.05000000074505806, 0.02500000037252903, 0.05000000074505806]","[1.0, 1.0, 2.0, 1.0]",0.0,0,True
7,321,0.6913235783576965,0.6875,2.5233778953552246,1.8130431175231934,5.046298027038574,0.25231486558914185,"[0.05000000074505806, 0.05000000074505806, 0.05000000074505806, 0.05000000074505806]","[1.0, 1.0, 1.0, 1.0]",0.0,0,True
7,322,0.7295739054679871,0.75,1.9676066637039185,1.7708849906921387,2.9698476791381836,0.14849239587783813,"[0.05000000074505806, 0.05000000074505806, 0.05000000074505806, 0.05000000074505806]","[1.0, 1.0, 1.0, 1.0]",0.0,0,True
7,323,0.7708753347396851,0.6875,2.0220553874969482,1.6750707626342773,3.4142446517944336,0.17071223258972168,"[0.05000000074505806, 0.05000000074505806, 0.05000000074505806, 0.05000000074505806]","[1.0, 1.0, 1.0, 1.0]",0.0,0,True
7,324,0.8188691735267639,0.625,1.7830653190612793,1.6332958936691284,2.9051761627197266,0.145258828997612,"[0.05000000074505806, 0.05000000074505806, 0.05000000074505806, 0.05000000074505806]","[1.0, 1.0, 1.0, 1.0]",0.0,0,True
7,325,0.9436488151550293,0.59375,1.8035937547683716,1.7120842933654785,2.563129425048828,0.12815648317337036,"[0.05000000074505806, 0.05000000074505806, 0.05000000074505806, 0.05000000074505806]","[1.0, 1.0, 1.0, 1.0]",0.0,0,True
7,326,0.7231196165084839,0.78125,1.878563404083252,1.7053554058074951,3.226529121398926,0.13766735792160034,"[0.05000000074505806, 0.05000000074505806, 0.02500000037252903, 0.05000000074505806]","[1.0, 1.0, 2.0, 1.0]",0.0,0,True
7,327,0.6833918690681458,0.625,2.030747890472412,1.7744389772415161,2.872105121612549,0.14360526204109192,"[0.05000000074505806, 0.05000000074505806, 0.05000000074505806, 0.05000000074505806]","[1.0, 1.0, 1.0, 1.0]",0.0,0,True
7,328,0.6034641861915588,0.84375,2.18662691116333,1.820605993270874,4.230103015899658,0.21150515973567963,"[0.05000000074505806, 0.05000000074505806, 0.05000000074505806, 0.05000000074505806]","[1.0, 1.0, 1.0, 1.0]",0.0,0,True
7,329,0.6236332058906555,0.78125,2.0671722888946533,1.737417221069336,4.628142356872559,0.23140710592269897,"[0.05000000074505806, 0.05000000074505806, 0.05000000074505806, 0.05000000074505806]","[1.0, 1.0, 1.0, 1.0]",0.0,0,True
7,330,0.8379915952682495,0.6875,2.6897759437561035,2.006304979324341,3.7016220092773438,0.1850810945034027,"[0.05000000074505806, 0.05000000074505806, 0.05000000074505806, 0.05000000074505806]","[1.0, 1.0, 1.0, 1.0]",0.0,0,True
7,331,0.8104218244552612,0.53125,1.7342970371246338,1.557372808456421,2.235337734222412,0.11176688969135284,"[0.05000000074505806, 0.05000000074505806, 0.05000000074505806, 0.05000000074505806]","[1.0, 1.0, 1.0, 1.0]",0.0,0,True
7,332,0.9271528124809265,0.53125,1.9850555658340454,1.6767511367797852,3.3168277740478516,0.16584140062332153,"[0.05000000074505806, 0.05000000074505806, 0.05000000074505806, 0.05000000074505806]","[1.0, 1.0, 1.0, 1.0]",0.0,0,True
7,333,0.524994432926178,0.875,2.356198310852051,1.806168556213379,4.243430137634277,0.2121715098619461,"[0.05000000074505806, 0.05000000074505806, 0.05000000074505806, 0.05000000074505806]","[1.0, 1.0, 1.0, 1.0]",0.0,0,True
7,334,0.6670195460319519,0.71875,2.0955886840820312,1.6834263801574707,3.643984317779541,0.18219923973083496,"[0.05000000074505806, 0.05000000074505806, 0.05000000074505806, 0.05000000074505806]","[1.0, 1.0, 1.0, 1.0]",0.0,0,True
7,335,0.8401705026626587,0.625,2.8522515296936035,2.0034422874450684,4.315668106079102,0.21578340232372284,"[0.05000000074505806, 0.05000000074505806, 0.05000000074505806, 0.05000000074505806]","[1.0, 1.0, 1.0, 1.0]",0.0,0,True
7,336,0.8322461247444153,0.625,1.934080719947815,1.7100732326507568,2.8638670444488525,0.1431933492422104,"[0.05000000074505806, 0.05000000074505806, 0.05000000074505806, 0.05000000074505806]","[1.0, 1.0, 1.0, 1.0]",0.0,0,True
7,337,0.8433733582496643,0.53125,1.780112862586975,1.6642028093338013,2.4746522903442383,0.12373261898756027,"[0.05000000074505806, 0.05000000074505806, 0.05000000074505806, 0.05000000074505806]","[1.0, 1.0, 1.0, 1.0]",0.0,0,True
7,338,0.7637439370155334,0.65625,2.065639019012451,1.7330089807510376,3.2159085273742676,0.1607954353094101,"[0.05000000074505806, 0.05000000074505806, 0.05000000074505806, 0.05000000074505806]","[1.0, 1.0, 1.0, 1.0]",0.0,0,True
7,339,0.9492501020431519,0.5625,2.4557242393493652,1.780263900756836,4.697808742523193,0.23489044606685638,"[0.05000000074505806, 0.05000000074505806, 0.05000000074505806, 0.05000000074505806]","[1.0, 1.0, 1.0, 1.0]",0.0,0,True
7,340,0.8659250736236572,0.6875,2.351273775100708,1.9883991479873657,3.889775037765503,0.1944887489080429,"[0.05000000074505806, 0.05000000074505806, 0.05000000074505806, 0.05000000074505806]","[1.0, 1.0, 1.0, 1.0]",0.0,0,True
7,341,0.7816599607467651,0.5,1.9455718994140625,1.7116541862487793,4.539957046508789,0.17458027601242065,"[0.02500000037252903, 0.05000000074505806, 0.05000000074505806, 0.05000000074505806]","[2.0, 1.0, 1.0, 1.0]",0.0,0,True
7,342,0.6490744352340698,0.8125,2.3245933055877686,2.069890022277832,4.308293342590332,0.17882421612739563,"[0.05000000074505806, 0.05000000074505806, 0.02500000037252903, 0.05000000074505806]","[1.0, 1.0, 2.0, 1.0]",0.0,0,True
7,343,0.8594321608543396,0.46875,1.886218786239624,1.7172441482543945,3.90869402885437,0.16157352924346924,"[0.05000000074505806, 0.05000000074505806, 0.02500000037252903, 0.05000000074505806]","[1.0, 1.0, 2.0, 1.0]",0.0,0,True
7,344,0.6814695596694946,0.75,1.7525759935379028,1.6092462539672852,3.4055075645446777,0.14004352688789368,"[0.05000000074505806, 0.05000000074505806, 0.02500000037252903, 0.05000000074505806]","[1.0, 1.0, 2.0, 1.0]",0.0,0,True
7,345,0.9869838953018188,0.59375,1.9352445602416992,1.7526150941848755,3.7702064514160156,0.18851029872894287,"[0.05000000074505806, 0.05000000074505806, 0.05000000074505806, 0.05000000074505806]","[1.0, 1.0, 1.0, 1.0]",0.0,0,True
7,346,0.9069676399230957,0.46875,2.1245648860931396,1.6933536529541016,2.9645256996154785,0.1482262909412384,"[0.05000000074505806, 0.05000000074505806, 0.05000000074505806, 0.05000000074505806]","[1.0, 1.0, 1.0, 1.0]",0.0,0,True
7,347,0.8309978246688843,0.59375,1.776680588722229,1.6434639692306519,3.8190107345581055,0.14350822567939758,"[0.05000000074505806, 0.05000000074505806, 0.02500000037252903, 0.05000000074505806]","[1.0, 1.0, 2.0, 1.0]",0.0,0,True
7,348,0.8883978128433228,0.53125,1.8818291425704956,1.6547627449035645,3.6580140590667725,0.18290069699287415,"[0.05000000074505806, 0.05000000074505806, 0.05000000074505806, 0.05000000074505806]","[1.0, 1.0, 1.0, 1.0]",0.0,0,True
7,349,0.7292675375938416,0.625,2.095322370529175,1.9240422248840332,3.6464853286743164,0.18232426047325134,"[0.05000000074505806, 0.05000000074505806, 0.05000000074505806, 0.05000000074505806]","[1.0, 1.0, 1.0, 1.0]",0.0,0,True
7,350,0.6879514455795288,0.6875,2.407985210418701,1.7580883502960205,4.630002975463867,0.23150011897087097,"[0.05000000074505806, 0.05000000074505806, 0.05000000074505806, 0.05000000074505806]","[1.0, 1.0, 1.0, 1.0]",0.0,0,True
7,351,0.571610152721405,0.78125,1.9471633434295654,1.779749870300293,3.5310521125793457,0.17655259370803833,"[0.05000000074505806, 0.05000000074505806, 0.05000000074505806, 0.05000000074505806]","[1.0, 1.0, 1.0, 1.0]",0.0,0,True
7,352,0.9335947632789612,0.59375,1.983493685722351,1.644297480583191,3.8203539848327637,0.11722265183925629,"[0.012500000186264515, 0.05000000074505806, 0.05000000074505806, 0.05000000074505806]","[3.0, 1.0, 1.0, 1.0]",0.0,0,True
7,353,0.7481217384338379,0.71875,2.716089963912964,1.997833251953125,4.742842674255371,0.23714213073253632,"[0.05000000074505806, 0.05000000074505806, 0.05000000074505806, 0.05000000074505806]","[1.0, 1.0, 1.0, 1.0]",0.0,0,True
7,354,0.5392266511917114,0.84375,1.638502836227417,1.5292466878890991,2.6647417545318604,0.1332370787858963,"[0.05000000074505806, 0.05000000074505806, 0.05000000074505806, 0.05000000074505806]","[1.0, 1.0, 1.0, 1.0]",0.0,0,True
7,355,0.8378862142562866,0.625,2.083850145339966,1.8090403079986572,3.34537410736084,0.16726870834827423,"[0.05000000074505806, 0.05000000074505806, 0.05000000074505806, 0.05000000074505806]","[1.0, 1.0, 1.0, 1.0]",0.0,0,True
7,356,0.7949099540710449,0.65625,1.9603164196014404,1.6205404996871948,2.838522434234619,0.1419261395931244,"[0.05000000074505806, 0.05000000074505806, 0.05000000074505806, 0.05000000074505806]","[1.0, 1.0, 1.0, 1.0]",0.0,0,True
7,357,0.7926028370857239,0.5625,2.2986745834350586,1.8176348209381104,4.359801292419434,0.21799010038375854,"[0.05000000074505806, 0.05000000074505806, 0.05000000074505806, 0.05000000074505806]","[1.0, 1.0, 1.0, 1.0]",0.0,0,True
7,358,0.67799973487854,0.625,2.815093994140625,2.0742862224578857,6.027052402496338,0.3013526201248169,"[0.05000000074505806, 0.05000000074505806, 0.05000000074505806, 0.05000000074505806]","[1.0, 1.0, 1.0, 1.0]",0.0,0,True
7,359,0.9049845933914185,0.5,2.131408214569092,1.8124476671218872,4.284298419952393,0.16683806478977203,"[0.02500000037252903, 0.05000000074505806, 0.05000000074505806, 0.05000000074505806]","[2.0, 1.0, 1.0, 1.0]",0.0,0,True
7,360,0.734121561050415,0.6875,2.1014585494995117,1.7135266065597534,3.0434610843658447,0.15217304229736328,"[0.05000000074505806, 0.05000000074505806, 0.05000000074505806, 0.05000000074505806]","[1.0, 1.0, 1.0, 1.0]",0.0,0,True
7,361,0.7495977878570557,0.65625,2.5377378463745117,1.8338050842285156,4.7065277099609375,0.23532640933990479,"[0.05000000074505806, 0.05000000074505806, 0.05000000074505806, 0.05000000074505806]","[1.0, 1.0, 1.0, 1.0]",0.0,0,True
7,362,0.8450942635536194,0.65625,1.984718918800354,1.5930726528167725,3.689054489135742,0.18445271253585815,"[0.05000000074505806, 0.05000000074505806, 0.05000000074505806, 0.05000000074505806]","[1.0, 1.0, 1.0, 1.0]",0.0,0,True
7,363,0.6745419502258301,0.71875,2.125998020172119,1.6065495014190674,4.27044677734375,0.21352234482765198,"[0.05000000074505806, 0.05000000074505806, 0.05000000074505806, 0.05000000074505806]","[1.0, 1.0, 1.0, 1.0]",0.0,0,True
7,364,0.61571204662323,0.78125,2.0057122707366943,1.5601317882537842,4.224509239196777,0.16213001310825348,"[0.02500000037252903, 0.05000000074505806, 0.05000000074505806, 0.05000000074505806]","[2.0, 1.0, 1.0, 1.0]",0.0,0,True
7,365,0.8765725493431091,0.46875,1.9217863082885742,1.6865322589874268,3.0958573818206787,0.1547928750514984,"[0.05000000074505806, 0.05000000074505806, 0.05000000074505806, 0.05000000074505806]","[1.0, 1.0, 1.0, 1.0]",0.0,0,True
7,366,0.7909560799598694,0.59375,2.3686013221740723,2.0501697063446045,4.646697998046875,0.2323349118232727,"[0.05000000074505806, 0.05000000074505806, 0.05000000074505806, 0.05000000074505806]","[1.0, 1.0, 1.0, 1.0]",0.0,0,True
7,367,0.7587337493896484,0.84375,1.8663434982299805,1.7552130222320557,3.739095449447632,0.15106436610221863,"[0.02500000037252903, 0.05000000074505806, 0.05000000074505806, 0.05000000074505806]","[2.0, 1.0, 1.0, 1.0]",0.0,0,True
7,368,0.6514273285865784,0.53125,1.9408049583435059,1.6547760963439941,3.1387107372283936,0.15693554282188416,"[0.05000000074505806, 0.05000000074505806, 0.05000000074505806, 0.05000000074505806]","[1.0, 1.0, 1.0, 1.0]",0.0,0,True
7,369,0.8136555552482605,0.59375,2.046901226043701,1.770701289176941,2.948596954345703,0.11824546754360199,"[0.02500000037252903, 0.05000000074505806, 0.05000000074505806, 0.05000000074505806]","[2.0, 1.0, 1.0, 1.0]",0.0,0,True
7,370,0.814552366733551,0.5625,2.117112159729004,1.7298380136489868,3.7578654289245605,0.18789328634738922,"[0.05000000074505806, 0.05000000074505806, 0.05000000074505806, 0.05000000074505806]","[1.0, 1.0, 1.0, 1.0]",0.0,0,True
7,371,0.8285499215126038,0.59375,2.1622087955474854,1.7122970819473267,3.275804042816162,0.16379021108150482,"[0.05000000074505806, 0.05000000074505806, 0.05000000074505806, 0.05000000074505806]","[1.0, 1.0, 1.0, 1.0]",0.0,0,True
7,372,0.7053961753845215,0.65625,1.975395679473877,1.655871868133545,3.375903606414795,0.16879519820213318,"[0.05000000074505806, 0.05000000074505806, 0.05000000074505806, 0.05000000074505806]","[1.0, 1.0, 1.0, 1.0]",0.0,0,True
7,373,0.7499606609344482,0.625,2.1726503372192383,1.8831244707107544,4.603628158569336,0.23018139600753784,"[0.05000000074505806, 0.05000000074505806, 0.05000000074505806, 0.05000000074505806]","[1.0, 1.0, 1.0, 1.0]",0.0,0,True
7,374,0.6283919215202332,0.78125,1.7175877094268799,1.6465370655059814,2.714716672897339,0.10954481363296509,"[0.05000000074505806, 0.05000000074505806, 0.02500000037252903, 0.05000000074505806]","[1.0, 1.0, 2.0, 1.0]",0.0,0,True
7,375,0.8387133479118347,0.5625,2.030883550643921,1.7050771713256836,3.7051236629486084,0.18525618314743042,"[0.05000000074505806, 0.05000000074505806, 0.05000000074505806, 0.05000000074505806]","[1.0, 1.0, 1.0, 1.0]",0.0,0,True
7,376,0.7630388736724854,0.5,2.176710605621338,1.7455626726150513,3.371020555496216,0.16855104267597198,"[0.05000000074505806, 0.05000000074505806, 0.05000000074505806, 0.05000000074505806]","[1.0, 1.0, 1.0, 1.0]",0.0,0,True
7,377,0.49107107520103455,0.78125,2.0077097415924072,1.719650387763977,3.656132936477661,0.1434820592403412,"[0.05000000074505806, 0.05000000074505806, 0.02500000037252903, 0.05000000074505806]","[1.0, 1.0, 2.0, 1.0]",0.0,0,True
7,378,0.7823658585548401,0.65625,2.6601414680480957,1.794339656829834,5.073247909545898,0.2536623775959015,"[0.05000000074505806, 0.05000000074505806, 0.05000000074505806, 0.05000000074505806]","[1.0, 1.0, 1.0, 1.0]",0.0,0,True
7,379,0.8180464506149292,0.625,2.3605356216430664,1.9034249782562256,4.429610729217529,0.22148053348064423,"[0.05000000074505806, 0.05000000074505806, 0.05000000074505806, 0.05000000074505806]","[1.0, 1.0, 1.0, 1.0]",0.0,0,True
7,380,0.8316394090652466,0.5625,2.544177532196045,1.8941371440887451,4.787956237792969,0.239397794008255,"[0.05000000074505806, 0.05000000074505806, 0.05000000074505806, 0.05000000074505806]","[1.0, 1.0, 1.0, 1.0]",0.0,0,True
7,381,0.6864466667175293,0.65625,2.088268995285034,1.8677163124084473,4.088350296020508,0.16666722297668457,"[0.02500000037252903, 0.05000000074505806, 0.05000000074505806, 0.05000000074505806]","[2.0, 1.0, 1.0, 1.0]",0.0,0,True
7,382,0.7335391044616699,0.625,1.7721465826034546,1.6568264961242676,2.566516399383545,0.12832583487033844,"[0.05000000074505806, 0.05000000074505806, 0.05000000074505806, 0.05000000074505806]","[1.0, 1.0, 1.0, 1.0]",0.0,0,True
7,383,1.0606498718261719,0.59375,2.0076725482940674,1.6863453388214111,3.9012949466705322,0.1515514850616455,"[0.05000000074505806, 0.05000000074505806, 0.02500000037252903, 0.05000000074505806]","[1.0, 1.0, 2.0, 1.0]",0.0,0,True
7,384,0.7155369520187378,0.65625,1.997482180595398,1.6524686813354492,3.3503048419952393,0.16751524806022644,"[0.05000000074505806, 0.05000000074505806, 0.05000000074505806, 0.05000000074505806]","[1.0, 1.0, 1.0, 1.0]",0.0,0,True
7,385,0.679527223110199,0.6875,2.005723476409912,1.7254406213760376,4.376852512359619,0.17371472716331482,"[0.02500000037252903, 0.05000000074505806, 0.05000000074505806, 0.05000000074505806]","[2.0, 1.0, 1.0, 1.0]",0.0,0,True
7,386,0.5752918720245361,0.8125,2.0236945152282715,1.788216233253479,3.0655903816223145,0.15327951312065125,"[0.05000000074505806, 0.05000000074505806, 0.05000000074505806, 0.05000000074505806]","[1.0, 1.0, 1.0, 1.0]",0.0,0,True
7,387,0.632645845413208,0.8125,1.8077270984649658,1.5757858753204346,2.3024508953094482,0.11512254923582077,"[0.05000000074505806, 0.05000000074505806, 0.05000000074505806, 0.05000000074505806]","[1.0, 1.0, 1.0, 1.0]",0.0,0,True
7,388,0.7939786911010742,0.65625,2.050912857055664,1.8465291261672974,4.465146541595459,0.22325733304023743,"[0.05000000074505806, 0.05000000074505806, 0.05000000074505806, 0.05000000074505806]","[1.0, 1.0, 1.0, 1.0]",0.0,0,True
7,389,0.8256061673164368,0.59375,2.038257122039795,1.5819549560546875,3.686422824859619,0.18432113528251648,"[0.05000000074505806, 0.05000000074505806, 0.05000000074505806, 0.05000000074505806]","[1.0, 1.0, 1.0, 1.0]",0.0,0,True
7,390,1.0060696601867676,0.53125,2.3394675254821777,1.706136703491211,3.8696603775024414,0.19348303973674774,"[0.05000000074505806, 0.05000000074505806, 0.05000000074505806, 0.05000000074505806]","[1.0, 1.0, 1.0, 1.0]",0.0,0,True
7,391,0.8239954710006714,0.5625,2.483957529067993,1.7993261814117432,4.46142578125,0.22307127714157104,"[0.05000000074505806, 0.05000000074505806, 0.05000000074505806, 0.05000000074505806]","[1.0, 1.0, 1.0, 1.0]",0.0,0,True
7,392,0.6999593377113342,0.78125,2.232555389404297,1.8476896286010742,4.205053329467773,0.21025264263153076,"[0.05000000074505806, 0.05000000074505806, 0.05000000074505806, 0.05000000074505806]","[1.0, 1.0, 1.0, 1.0]",0.0,0,True
7,393,0.6273567080497742,0.75,1.7160576581954956,1.542060375213623,2.9563119411468506,0.11710245162248611,"[0.05000000074505806, 0.05000000074505806, 0.02500000037252903, 0.05000000074505806]","[1.0, 1.0, 2.0, 1.0]",0.0,0,True
7,394,0.6524375081062317,0.6875,2.1194875240325928,1.7728073596954346,2.908923864364624,0.14544619619846344,"[0.05000000074505806, 0.05000000074505806, 0.05000000074505806, 0.05000000074505806]","[1.0, 1.0, 1.0, 1.0]",0.0,0,True
7,395,0.792255163192749,0.53125,2.57887601852417,1.7875481843948364,4.166508674621582,0.20832544565200806,"[0.05000000074505806, 0.05000000074505806, 0.05000000074505806, 0.05000000074505806]","[1.0, 1.0, 1.0, 1.0]",0.0,0,True
7,396,0.7498586773872375,0.71875,1.9952976703643799,1.6638541221618652,3.3759727478027344,0.16879865527153015,"[0.05000000074505806, 0.05000000074505806, 0.05000000074505806, 0.05000000074505806]","[1.0, 1.0, 1.0, 1.0]",0.0,0,True
7,397,0.8340426087379456,0.5,2.7879159450531006,2.079984188079834,4.022377014160156,0.2011188566684723,"[0.05000000074505806, 0.05000000074505806, 0.05000000074505806, 0.05000000074505806]","[1.0, 1.0, 1.0, 1.0]",0.0,0,True
7,398,0.668925940990448,0.75,2.3094725608825684,1.942260980606079,4.983741760253906,0.24918711185455322,"[0.05000000074505806, 0.05000000074505806, 0.05000000074505806, 0.05000000074505806]","[1.0, 1.0, 1.0, 1.0]",0.0,0,True
7,399,0.6012502908706665,0.84375,2.2266876697540283,1.9131977558135986,4.776459693908691,0.23882299661636353,"[0.05000000074505806, 0.05000000074505806, 0.05000000074505806, 0.05000000074505806]","[1.0, 1.0, 1.0, 1.0]",0.0,0,True
7,400,0.6334825158119202,0.84375,1.8737374544143677,1.7023169994354248,2.764342784881592,0.13821715116500854,"[0.05000000074505806, 0.05000000074505806, 0.05000000074505806, 0.05000000074505806]","[1.0, 1.0, 1.0, 1.0]",0.0,0,True
17,1,1.2183215618133545,0.3125,1.7772530317306519,1.502692461013794,7.424219131469727,0.10544455796480179,"[0.0062500000931322575, 0.05000000074505806, 0.012500000186264515, 0.05000000074505806]","[4.0, 1.0, 3.0, 1.0]",0.0,0,True
17,2,2.9726781845092773,0.0,2.6555051803588867,2.0927391052246094,8.285809516906738,0.270288348197937,"[0.05000000074505806, 0.05000000074505806, 0.012500000186264515, 0.05000000074505806]","[1.0, 1.0, 3.0, 1.0]",0.0,0,True
17,3,2.9329843521118164,0.3125,2.717221736907959,2.5909509658813477,9.921974182128906,0.37862610816955566,"[0.05000000074505806, 0.05000000074505806, 0.02500000037252903, 0.05000000074505806]","[1.0, 1.0, 2.0, 1.0]",0.0,0,True
17,4,2.251981258392334,0.125,2.1910057067871094,1.7348090410232544,6.6090593338012695,0.23963451385498047,"[0.05000000074505806, 0.05000000074505806, 0.012500000186264515, 0.05000000074505806]","[1.0, 1.0, 3.0, 1.0]",0.0,0,True
17,5,1.97849440574646,0.28125,2.7587616443634033,2.484633445739746,7.995269775390625,0.2846810221672058,"[0.05000000074505806, 0.05000000074505806, 0.012500000186264515, 0.05000000074505806]","[1.0, 1.0, 3.0, 1.0]",0.0,0,True
17,6,2.963383436203003,0.15625,3.119779109954834,2.5578885078430176,9.285579681396484,0.35868772864341736,"[0.05000000074505806, 0.05000000074505806, 0.02500000037252903, 0.05000000074505806]","[1.0, 1.0, 2.0, 1.0]",0.0,0,True
17,7,2.3993682861328125,0.0,2.5527396202087402,2.079596757888794,7.728951930999756,0.28980278968811035,"[0.012500000186264515, 0.05000000074505806, 0.05000000074505806, 0.05000000074505806]","[3.0, 1.0, 1.0, 1.0]",0.0,0,True
17,8,2.4378888607025146,0.03125,2.19612979888916,1.8183393478393555,8.770360946655273,0.15242856740951538,"[0.012500000186264515, 0.05000000074505806, 0.012500000186264515, 0.05000000074505806]","[3.0, 1.0, 3.0, 1.0]",0.0,0,True
17,9,2.6168313026428223,0.0,2.3231289386749268,2.1021664142608643,7.4022722244262695,0.3148688077926636,"[0.02500000037252903, 0.05000000074505806, 0.05000000074505806, 0.05000000074505806]","[2.0, 1.0, 1.0, 1.0]",0.0,0,True
17,10,1.2839546203613281,0.21875,2.741774082183838,2.012101650238037,9.729503631591797,0.38366252183914185,"[0.02500000037252903, 0.05000000074505806, 0.05000000074505806, 0.05000000074505806]","[2.0, 1.0, 1.0, 1.0]",0.0,0,True
17,11,2.9993066787719727,0.0625,3.0944528579711914,2.6591639518737793,9.459541320800781,0.30100297927856445,"[0.05000000074505806, 0.05000000074505806, 0.012500000186264515, 0.05000000074505806]","[1.0, 1.0, 3.0, 1.0]",0.0,0,True
17,12,2.0925488471984863,0.53125,3.2788329124450684,2.9292163848876953,9.464437484741211,0.3833784759044647,"[0.05000000074505806, 0.05000000074505806, 0.02500000037252903, 0.05000000074505806]","[1.0, 1.0, 2.0, 1.0]",0.0,0,True
17,13,1.0247924327850342,0.5625,2.2843594551086426,1.8200424909591675,7.255942344665527,0.24249298870563507,"[0.012500000186264515, 0.05000000074505806, 0.05000000074505806, 0.05000000074505806]","[3.0, 1.0, 1.0, 1.0]",0.0,0,True
17,14,2.7257626056671143,0.21875,2.365699052810669,2.1722216606140137,9.13159465789795,0.20911699533462524,"[0.012500000186264515, 0.05000000074505806, 0.02500000037252903, 0.05000000074505806]","[3.0, 1.0, 2.0, 1.0]",0.0,0,True
17,15,2.0826878547668457,0.21875,2.3849501609802246,2.0141687393188477,9.10830020904541,0.3416798710823059,"[0.05000000074505806, 0.05000000074505806, 0.012500000186264515, 0.05000000074505806]","[1.0, 1.0, 3.0, 1.0]",0.0,0,True
17,16,1.4770898818969727,0.3125,2.9374184608459473,2.5159027576446533,10.814126968383789,0.5407063961029053,"[0.05000000074505806, 0.05000000074505806, 0.05000000074505806, 0.05000000074505806]","[1.0, 1.0, 1.0, 1.0]",0.0,0,True
17,17,2.530783176422119,0.25,2.8595430850982666,2.364739418029785,8.652111053466797,0.4326055645942688,"[0.05000000074505806, 0.05000000074505806, 0.05000000074505806, 0.05000000074505806]","[1.0, 1.0, 1.0, 1.0]",0.0,0,True
17,18,1.8105639219284058,0.4375,2.635258436203003,2.2147653102874756,9.423355102539062,0.15891948342323303,"[0.012500000186264515, 0.05000000074505806, 0.012500000186264515, 0.05000000074505806]","[3.0, 1.0, 3.0, 1.0]",0.0,0,True
17,19,2.8749377727508545,0.1875,2.67913818359375,1.995762825012207,7.931143760681152,0.29092109203338623,"[0.02500000037252903, 0.05000000074505806, 0.05000000074505806, 0.05000000074505806]","[2.0, 1.0, 1.0, 1.0]",0.0,0,True
17,20,2.4429686069488525,0.25,3.329411029815674,2.4488353729248047,10.548765182495117,0.3747928738594055,"[0.012500000186264515, 0.05000000074505806, 0.05000000074505806, 0.05000000074505806]","[3.0, 1.0, 1.0, 1.0]",0.0,0,True
17,21,2.7220683097839355,0.28125,2.742164134979248,2.171602725982666,8.123441696166992,0.4061720371246338,"[0.05000000074505806, 0.05000000074505806, 0.05000000074505806, 0.05000000074505806]","[1.0, 1.0, 1.0, 1.0]",0.0,0,True
17,22,2.4036664962768555,0.28125,2.860590934753418,2.4798336029052734,7.672741889953613,0.38363707065582275,"[0.05000000074505806, 0.05000000074505806, 0.05000000074505806, 0.05000000074505806]","[1.0, 1.0, 1.0, 1.0]",0.0,0,True
17,23,2.740917921066284,0.15625,2.450397253036499,1.7644917964935303,7.884411811828613,0.3190932869911194,"[0.05000000074505806, 0.05000000074505806, 0.02500000037252903, 0.05000000074505806]","[1.0, 1.0, 2.0, 1.0]",0.0,0,True
17,24,1.0247446298599243,0.5625,2.2476117610931396,2.094200611114502,6.357110023498535,0.13960735499858856,"[0.012500000186264515, 0.05000000074505806, 0.02500000037252903, 0.05000000074505806]","[3.0, 1.0, 2.0, 1.0]",0.0,0,True
17,25,2.508387327194214,0.25,2.1208548545837402,1.8572131395339966,6.686342239379883,0.21112415194511414,"[0.012500000186264515, 0.05000000074505806, 0.05000000074505806, 0.05000000074505806]","[3.0, 1.0, 1.0, 1.0]",0.0,0,True
17,26,2.3749749660491943,0.25,2.3665809631347656,2.165858745574951,7.8580756187438965,0.1338254064321518,"[0.012500000186264515, 0.05000000074505806, 0.012500000186264515, 0.05000000074505806]","[3.0, 1.0, 3.0, 1.0]",0.0,0,True
17,27,2.1687357425689697,0.1875,1.9397249221801758,1.7587270736694336,4.86119270324707,0.1372472047805786,"[0.02500000037252903, 0.05000000074505806, 0.02500000037252903, 0.05000000074505806]","[2.0, 1.0, 2.0, 1.0]",0.0,0,True
17,28,1.9367954730987549,0.46875,2.6107304096221924,2.1664838790893555,8.229823112487793,0.3160110116004944,"[0.05000000074505806, 0.05000000074505806, 0.02500000037252903, 0.05000000074505806]","[1.0, 1.0, 2.0, 1.0]",0.0,0,True
17,29,2.0367279052734375,0.15625,2.1984288692474365,1.8009371757507324,7.3806304931640625,0.23253121972084045,"[0.02500000037252903, 0.05000000074505806, 0.02500000037252903, 0.05000000074505806]","[2.0, 1.0, 2.0, 1.0]",0.0,0,True
17,30,3.247941732406616,0.34375,2.643817901611328,2.3103628158569336,8.941810607910156,0.2652725577354431,"[0.02500000037252903, 0.05000000074505806, 0.02500000037252903, 0.05000000074505806]","[2.0, 1.0, 2.0, 1.0]",0.0,0,True
17,31,1.4628819227218628,0.15625,2.4235329627990723,1.651106357574463,7.176255226135254,0.31362783908843994,"[0.05000000074505806, 0.05000000074505806, 0.02500000037252903, 0.05000000074505806]","[1.0, 1.0, 2.0, 1.0]",0.0,0,True
17,32,2.133456230163574,0.40625,2.6545162200927734,2.3789353370666504,7.2011895179748535,0.3600594997406006,"[0.05000000074505806, 0.05000000074505806, 0.05000000074505806, 0.05000000074505806]","[1.0, 1.0, 1.0, 1.0]",0.0,0,True
17,33,1.3891962766647339,0.3125,1.894707202911377,1.5637046098709106,5.058899402618408,0.1542404592037201,"[0.02500000037252903, 0.05000000074505806, 0.02500000037252903, 0.05000000074505806]","[2.0, 1.0, 2.0, 1.0]",0.0,0,True
17,34,1.414304494857788,0.28125,2.381479263305664,2.0048305988311768,6.129980564117432,0.20259049534797668,"[0.012500000186264515, 0.05000000074505806, 0.05000000074505806, 0.05000000074505806]","[3.0, 1.0, 1.0, 1.0]",0.0,0,True
17,35,1.9602738618850708,0.4375,2.113387107849121,1.842721939086914,6.888922214508057,0.23117664456367493,"[0.012500000186264515, 0.05000000074505806, 0.05000000074505806, 0.05000000074505806]","[3.0, 1.0, 1.0, 1.0]",0.0,0,True
17,36,1.9228684902191162,0.1875,2.3573808670043945,1.9052153825759888,6.219426155090332,0.31097131967544556,"[0.05000000074505806, 0.05000000074505806, 0.05000000074505806, 0.05000000074505806]","[1.0, 1.0, 1.0, 1.0]",0.0,0,True
17,37,1.6268771886825562,0.25,1.8797518014907837,1.6516058444976807,6.994205951690674,0.14190413057804108,"[0.012500000186264515, 0.05000000074505806, 0.012500000186264515, 0.05000000074505806]","[3.0, 1.0, 3.0, 1.0]",0.0,0,True
17,38,1.5367100238800049,0.34375,2.6169984340667725,1.9726319313049316,6.346116065979004,0.1932152658700943,"[0.05000000074505806, 0.05000000074505806, 0.012500000186264515, 0.05000000074505806]","[1.0, 1.0, 3.0, 1.0]",0.0,0,True
17,39,1.702989101409912,0.5,2.0831663608551025,1.9247633218765259,7.974579811096191,0.3448871970176697,"[0.05000000074505806, 0.05000000074505806, 0.02500000037252903, 0.05000000074505806]","[1.0, 1.0, 2.0, 1.0]",0.0,0,True
17,40,1.369966983795166,0.34375,2.1646945476531982,1.9551342725753784,6.787839889526367,0.19356657564640045,"[0.02500000037252903, 0.05000000074505806, 0.02500000037252903, 0.05000000074505806]","[2.0, 1.0, 2.0, 1.0]",0.0,0,True
17,41,1.6141728162765503,0.375,2.0097861289978027,1.7715086936950684,6.517719268798828,0.16225387156009674,"[0.012500000186264515, 0.05000000074505806, 0.02500000037252903, 0.05000000074505806]","[3.0, 1.0, 2.0, 1.0]",0.0,0,True
17,42,2.303985834121704,0.15625,2.6369733810424805,2.2275571823120117,5.407814025878906,0.21692797541618347,"[0.05000000074505806, 0.05000000074505806, 0.02500000037252903, 0.05000000074505806]","[1.0, 1.0, 2.0, 1.0]",0.0,0,True
17,43,2.2884929180145264,0.1875,2.4392457008361816,2.168083906173706,7.251064777374268,0.1756015121936798,"[0.012500000186264515, 0.05000000074505806, 0.02500000037252903, 0.05000000074505806]","[3.0, 1.0, 2.0, 1.0]",0.0,0,True
17,44,2.6483867168426514,0.15625,2.4352214336395264,2.1651458740234375,6.592588424682617,0.27093255519866943,"[0.05000000074505806, 0.05000000074505806, 0.02500000037252903, 0.05000000074505806]","[1.0, 1.0, 2.0, 1.0]",0.0,0,True
17,45,1.6638902425765991,0.21875,2.224726676940918,1.9559909105300903,6.551845550537109,0.20938245952129364,"[0.05000000074505806, 0.05000000074505806, 0.012500000186264515, 0.05000000074505806]","[1.0, 1.0, 3.0, 1.0]",0.0,0,True
17,46,1.080599308013916,0.4375,2.059147596359253,1.6448962688446045,6.011697769165039,0.1487378180027008,"[0.02500000037252903, 0.05000000074505806, 0.012500000186264515, 0.05000000074505806]","[2.0, 1.0, 3.0, 1.0]",0.0,0,True
17,47,2.6425304412841797,0.125,2.3845038414001465,1.9209145307540894,6.407966613769531,0.22800685465335846,"[0.012500000186264515, 0.05000000074505806, 0.05000000074505806, 0.05000000074505806]","[3.0, 1.0, 1.0, 1.0]",0.0,0,True
17,48,1.5963702201843262,0.25,1.985257863998413,1.4922897815704346,6.441836357116699,0.16458335518836975,"[0.012500000186264515, 0.05000000074505806, 0.02500000037252903, 0.05000000074505806]","[3.0, 1.0, 2.0, 1.0]",0.0,0,True
17,49,1.379396677017212,0.21875,2.583578586578369,2.4064412117004395,8.338983535766602,0.23430722951889038,"[0.02500000037252903, 0.05000000074505806, 0.02500000037252903, 0.05000000074505806]","[2.0, 1.0, 2.0, 1.0]",0.0,0,True
17,50,2.6484649181365967,0.34375,2.3106307983398438,2.0936148166656494,7.013629913330078,0.35068151354789734,"[0.05000000074505806, 0.05000000074505806, 0.05000000074505806, 0.05000000074505806]","[1.0, 1.0, 1.0, 1.0]",0.0,0,True
17,51,2.752643346786499,0.40625,2.3137412071228027,1.9876211881637573,6.691223621368408,0.2757151424884796,"[0.05000000074505806, 0.05000000074505806, 0.02500000037252903, 0.05000000074505806]","[1.0, 1.0, 2.0, 1.0]",0.0,0,True
17,52,1.9242788553237915,0.4375,2.5309576988220215,2.015727996826172,6.311961650848389,0.19954973459243774,"[0.02500000037252903, 0.05000000074505806, 0.02500000037252903, 0.05000000074505806]","[2.0, 1.0, 2.0, 1.0]",0.0,0,True
17,53,1.239744782447815,0.5625,1.9012978076934814,1.6191229820251465,3.58243465423584,0.12784621119499207,"[0.05000000074505806, 0.05000000074505806, 0.012500000186264515, 0.05000000074505806]","[1.0, 1.0, 3.0, 1.0]",0.0,0,True
17,54,2.1519758701324463,0.0625,3.127293348312378,1.657853603363037,6.976342678070068,0.3488171100616455,"[0.05000000074505806, 0.05000000074505806, 0.05000000074505806, 0.05000000074505806]","[1.0, 1.0, 1.0, 1.0]",0.0,0,True
17,55,2.245812177658081,0.375,3.0275492668151855,2.290684700012207,8.250728607177734,0.4125363826751709,"[0.05000000074505806, 0.05000000074505806, 0.05000000074505806, 0.05000000074505806]","[1.0, 1.0, 1.0, 1.0]",0.0,0,True
17,56,2.92234468460083,0.03125,2.37788987159729,2.169278144836426,7.335663795471191,0.30985236167907715,"[0.05000000074505806, 0.05000000074505806, 0.02500000037252903, 0.05000000074505806]","[1.0, 1.0, 2.0, 1.0]",0.0,0,True
17,57,1.139660120010376,0.46875,2.0781002044677734,1.8596336841583252,6.159490585327148,0.13264046609401703,"[0.02500000037252903, 0.05000000074505806, 0.012500000186264515, 0.05000000074505806]","[2.0, 1.0, 3.0, 1.0]",0.0,0,True
17,58,2.6798295974731445,0.34375,2.6570088863372803,2.2109103202819824,8.688980102539062,0.3253011107444763,"[0.012500000186264515, 0.05000000074505806, 0.05000000074505806, 0.05000000074505806]","[3.0, 1.0, 1.0, 1.0]",0.0,0,True
17,59,1.848120093345642,0.21875,2.308694839477539,2.0156617164611816,6.549195766448975,0.2858063876628876,"[0.02500000037252903, 0.05000000074505806, 0.05000000074505806, 0.05000000074505806]","[2.0, 1.0, 1.0, 1.0]",0.0,0,True
17,60,1.5395190715789795,0.46875,3.152644634246826,1.9443501234054565,6.092490196228027,0.3046244978904724,"[0.05000000074505806, 0.05000000074505806, 0.05000000074505806, 0.05000000074505806]","[1.0, 1.0, 1.0, 1.0]",0.0,0,True
17,61,1.3724907636642456,0.5,2.0082077980041504,1.924433708190918,5.387839317321777,0.1487044245004654,"[0.02500000037252903, 0.05000000074505806, 0.02500000037252903, 0.05000000074505806]","[2.0, 1.0, 2.0, 1.0]",0.0,0,True
17,62,1.811943769454956,0.375,1.9190013408660889,1.7847564220428467,6.101217269897461,0.1650620400905609,"[0.02500000037252903, 0.05000000074505806, 0.02500000037252903, 0.05000000074505806]","[2.0, 1.0, 2.0, 1.0]",0.0,0,True
17,63,1.1233279705047607,0.53125,1.7093605995178223,1.5579527616500854,4.800486087799072,0.08608612418174744,"[0.012500000186264515, 0.05000000074505806, 0.012500000186264515, 0.05000000074505806]","[3.0, 1.0, 3.0, 1.0]",0.0,0,True
17,64,1.827168345451355,0.5,2.040163040161133,1.8625062704086304,6.649447917938232,0.2846534848213196,"[0.02500000037252903, 0.05000000074505806, 0.05000000074505806, 0.05000000074505806]","[2.0, 1.0, 1.0, 1.0]",0.0,0,True
17,65,1.5299152135849,0.59375,2.589538097381592,2.2191662788391113,6.398273468017578,0.2610231041908264,"[0.05000000074505806, 0.05000000074505806, 0.02500000037252903, 0.05000000074505806]","[1.0, 1.0, 2.0, 1.0]",0.0,0,True
17,66,1.6826510429382324,0.34375,2.1632604598999023,1.9108192920684814,6.26959228515625,0.12266679108142853,"[0.012500000186264515, 0.05000000074505806, 0.012500000186264515, 0.05000000074505806]","[3.0, 1.0, 3.0, 1.0]",0.0,0,True
17,67,1.4699487686157227,0.21875,2.4993109703063965,2.3178951740264893,6.996437072753906,0.2956694960594177,"[0.05000000074505806, 0.05000000074505806, 0.02500000037252903, 0.05000000074505806]","[1.0, 1.0, 2.0, 1.0]",0.0,0,True
17,68,1.5849978923797607,0.40625,2.100492477416992,1.5319445133209229,4.731477737426758,0.19649505615234375,"[0.05000000074505806, 0.05000000074505806, 0.02500000037252903, 0.05000000074505806]","[1.0, 1.0, 2.0, 1.0]",0.0,0,True
17,69,2.100813388824463,0.21875,2.225250005722046,2.0163888931274414,6.218504905700684,0.23818162083625793,"[0.05000000074505806, 0.05000000074505806, 0.02500000037252903, 0.05000000074505806]","[1.0, 1.0, 2.0, 1.0]",0.0,0,True
17,70,1.1309151649475098,0.53125,2.1000585556030273,2.0130367279052734,4.574459552764893,0.1339457482099533,"[0.02500000037252903, 0.05000000074505806, 0.02500000037252903, 0.05000000074505806]","[2.0, 1.0, 2.0, 1.0]",0.0,0,True
17,71,2.668694257736206,0.1875,2.8353240489959717,2.449909210205078,8.506367683410645,0.2423699051141739,"[0.02500000037252903, 0.05000000074505806, 0.02500000037252903, 0.05000000074505806]","[2.0, 1.0, 2.0, 1.0]",0.0,0,True
17,72,1.88895583152771,0.5,2.303054094314575,1.7126045227050781,5.3593058586120605,0.19888508319854736,"[0.05000000074505806, 0.05000000074505806, 0.012500000186264515, 0.05000000074505806]","[1.0, 1.0, 3.0, 1.0]",0.0,0,True
17,73,1.1119797229766846,0.53125,2.469883918762207,2.185659408569336,6.463290214538574,0.18538552522659302,"[0.02500000037252903, 0.05000000074505806, 0.02500000037252903, 0.05000000074505806]","[2.0, 1.0, 2.0, 1.0]",0.0,0,True
17,74,1.964941382408142,0.46875,2.4898877143859863,2.180104970932007,6.633420944213867,0.21183772385120392,"[0.05000000074505806, 0.05000000074505806, 0.012500000186264515, 0.05000000074505806]","[1.0, 1.0, 3.0, 1.0]",0.0,0,True
17,75,2.23545503616333,0.5625,2.38146710395813,2.135165214538574,6.180287837982178,0.24178390204906464,"[0.05000000074505806, 0.05000000074505806, 0.012500000186264515, 0.05000000074505806]","[1.0, 1.0, 3.0, 1.0]",0.0,0,True
17,76,1.037423849105835,0.53125,1.8408557176589966,1.6536223888397217,4.983936309814453,0.2029447853565216,"[0.012500000186264515, 0.05000000074505806, 0.05000000074505806, 0.05000000074505806]","[3.0, 1.0, 1.0, 1.0]",0.0,0,True
17,77,1.5664076805114746,0.3125,1.992633581161499,1.7712385654449463,4.3807268142700195,0.1305193156003952,"[0.02500000037252903, 0.05000000074505806, 0.02500000037252903, 0.05000000074505806]","[2.0, 1.0, 2.0, 1.0]",0.0,0,True
17,78,1.3806183338165283,0.25,1.8161314725875854,1.52816903591156,4.506295204162598,0.11239708214998245,"[0.012500000186264515, 0.05000000074505806, 0.02500000037252903, 0.05000000074505806]","[3.0, 1.0, 2.0, 1.0]",0.0,0,True
17,79,2.034376859664917,0.4375,2.442683696746826,2.105020523071289,7.216701507568359,0.21284852921962738,"[0.02500000037252903, 0.05000000074505806, 0.02500000037252903, 0.05000000074505806]","[2.0, 1.0, 2.0, 1.0]",0.0,0,True
17,80,1.3710578680038452,0.71875,2.1554408073425293,1.8221981525421143,4.91574764251709,0.21933197975158691,"[0.05000000074505806, 0.05000000074505806, 0.02500000037252903, 0.05000000074505806]","[1.0, 1.0, 2.0, 1.0]",0.0,0,True
17,81,1.7201242446899414,0.375,2.335817337036133,1.618767499923706,6.111687660217285,0.2245931774377823,"[0.012500000186264515, 0.05000000074505806, 0.05000000074505806, 0.05000000074505806]","[3.0, 1.0, 1.0, 1.0]",0.0,0,True
17,82,1.79766047000885,0.3125,2.3454394340515137,1.892137050628662,7.128979682922363,0.21127384901046753,"[0.02500000037252903, 0.05000000074505806, 0.02500000037252903, 0.05000000074505806]","[2.0, 1.0, 2.0, 1.0]",0.0,0,True
17,83,1.5334326028823853,0.1875,2.5114660263061523,2.1724295616149902,5.988804817199707,0.16772030293941498,"[0.02500000037252903, 0.05000000074505806, 0.02500000037252903, 0.05000000074505806]","[2.0, 1.0, 2.0, 1.0]",0.0,0,True
17,84,1.5064750909805298,0.4375,1.8902159929275513,1.6200714111328125,6.9726667404174805,0.1616545021533966,"[0.02500000037252903, 0.05000000074505806, 0.012500000186264515, 0.05000000074505806]","[2.0, 1.0, 3.0, 1.0]",0.0,0,True
17,85,1.1073756217956543,0.53125,2.418790817260742,1.8017899990081787,6.9896135330200195,0.18550732731819153,"[0.02500000037252903, 0.05000000074505806, 0.012500000186264515, 0.05000000074505806]","[2.0, 1.0, 3.0, 1.0]",0.0,0,True
17,86,1.1914564371109009,0.28125,2.3023014068603516,1.8218467235565186,6.847819805145264,0.2951198220252991,"[0.05000000074505806, 0.05000000074505806, 0.02500000037252903, 0.05000000074505806]","[1.0, 1.0, 2.0, 1.0]",0.0,0,True
17,87,1.5887141227722168,0.375,2.437258243560791,2.084536075592041,5.4366583824157715,0.21568365395069122,"[0.02500000037252903, 0.05000000074505806, 0.05000000074505806, 0.05000000074505806]","[2.0, 1.0, 1.0, 1.0]",0.0,0,True
17,88,1.0862152576446533,0.34375,1.867236852645874,1.710970401763916,5.31143856048584,0.21321900188922882,"[0.02500000037252903, 0.05000000074505806, 0.05000000074505806, 0.05000000074505806]","[2.0, 1.0, 1.0, 1.0]",0.0,0,True
17,89,2.3668341636657715,0.0625,2.4156126976013184,1.756201982498169,6.172133445739746,0.30860668420791626,"[0.05000000074505806, 0.05000000074505806, 0.05000000074505806, 0.05000000074505806]","[1.0, 1.0, 1.0, 1.0]",0.0,0,True
17,90,2.0694468021392822,0.1875,2.396073818206787,1.7774986028671265,6.733611106872559,0.26177042722702026,"[0.05000000074505806, 0.05000000074505806, 0.012500000186264515, 0.05000000074505806]","[1.0, 1.0, 3.0, 1.0]",0.0,0,True
17,91,1.539308786392212,0.34375,2.7413265705108643,2.4393980503082275,6.308370590209961,0.3154185116291046,"[0.05000000074505806, 0.05000000074505806, 0.05000000074505806, 0.05000000074505806]","[1.0, 1.0, 1.0, 1.0]",0.0,0,True
17,92,1.813280701637268,0.28125,2.4669370651245117,2.0938172340393066,6.521110534667969,0.2623806595802307,"[0.02500000037252903, 0.05000000074505806, 0.05000000074505806, 0.05000000074505806]","[2.0, 1.0, 1.0, 1.0]",0.0,0,True
17,93,1.685706377029419,0.34375,2.3276047706604004,1.9093005657196045,4.439728736877441,0.16676980257034302,"[0.02500000037252903, 0.05000000074505806, 0.05000000074505806, 0.05000000074505806]","[2.0, 1.0, 1.0, 1.0]",0.0,0,True
17,94,1.3836009502410889,0.40625,2.3629202842712402,1.8284610509872437,5.665035247802734,0.2832517623901367,"[0.05000000074505806, 0.05000000074505806, 0.05000000074505806, 0.05000000074505806]","[1.0, 1.0, 1.0, 1.0]",0.0,0,True
17,95,1.5901862382888794,0.375,1.8768084049224854,1.6771272420883179,4.438370704650879,0.18995442986488342,"[0.02500000037252903, 0.05000000074505806, 0.05000000074505806, 0.05000000074505806]","[2.0, 1.0, 1.0, 1.0]",0.0,0,True
17,96,2.0577967166900635,0.125,2.4334497451782227,1.8466500043869019,5.912921905517578,0.22066375613212585,"[0.05000000074505806, 0.05000000074505806, 0.02500000037252903, 0.05000000074505806]","[1.0, 1.0, 2.0, 1.0]",0.0,0,True
17,97,0.9643375277519226,0.53125,2.772542953491211,2.0078635215759277,5.903663635253906,0.2951831817626953,"[0.05000000074505806, 0.05000000074505806, 0.05000000074505806, 0.05000000074505806]","[1.0, 1.0, 1.0, 1.0]",0.0,0,True
17,98,1.255358338356018,0.40625,2.1540703773498535,1.9868967533111572,4.975424766540527,0.24877122044563293,"[0.05000000074505806, 0.05000000074505806, 0.05000000074505806, 0.05000000074505806]","[1.0, 1.0, 1.0, 1.0]",0.0,0,True
17,99,1.3772354125976562,0.40625,2.131242275238037,1.7751801013946533,4.639806747436523,0.17286087572574615,"[0.02500000037252903, 0.05000000074505806, 0.05000000074505806, 0.05000000074505806]","[2.0, 1.0, 1.0, 1.0]",0.0,0,True
17,100,2.0479018688201904,0.375,2.0907821655273438,1.798720121383667,5.110278606414795,0.20700201392173767,"[0.012500000186264515, 0.05000000074505806, 0.05000000074505806, 0.05000000074505806]","[3.0, 1.0, 1.0, 1.0]",0.0,0,True
17,101,1.689401388168335,0.375,2.177140235900879,1.980008840560913,4.272259712219238,0.14199590682983398,"[0.05000000074505806, 0.05000000074505806, 0.012500000186264515, 0.05000000074505806]","[1.0, 1.0, 3.0, 1.0]",0.0,0,True
17,102,1.1802699565887451,0.65625,2.744973659515381,2.198657751083374,7.2935919761657715,0.36467957496643066,"[0.05000000074505806, 0.05000000074505806, 0.05000000074505806, 0.05000000074505806]","[1.0, 1.0, 1.0, 1.0]",0.0,0,True
17,103,1.396281123161316,0.53125,1.8701214790344238,1.6201670169830322,4.749030590057373,0.1855529099702835,"[0.02500000037252903, 0.05000000074505806, 0.05000000074505806, 0.05000000074505806]","[2.0, 1.0, 1.0, 1.0]",0.0,0,True
17,104,1.824781894683838,0.3125,2.6975040435791016,2.1954493522644043,6.03471565246582,0.24829359352588654,"[0.02500000037252903, 0.05000000074505806, 0.05000000074505806, 0.05000000074505806]","[2.0, 1.0, 1.0, 1.0]",0.0,0,True
17,105,1.2849100828170776,0.3125,2.470691680908203,2.0608890056610107,6.026478290557861,0.30132389068603516,"[0.05000000074505806, 0.05000000074505806, 0.05000000074505806, 0.05000000074505806]","[1.0, 1.0, 1.0, 1.0]",0.0,0,True
17,106,1.738964557647705,0.46875,3.099804401397705,2.155122995376587,7.008562088012695,0.35042810440063477,"[0.05000000074505806, 0.05000000074505806, 0.05000000074505806, 0.05000000074505806]","[1.0, 1.0, 1.0, 1.0]",0.0,0,True
17,107,1.648041844367981,0.3125,2.117539405822754,1.8803820610046387,5.035688400268555,0.14449003338813782,"[0.02500000037252903, 0.05000000074505806, 0.02500000037252903, 0.05000000074505806]","[2.0, 1.0, 2.0, 1.0]",0.0,0,True
17,108,2.1667799949645996,0.28125,2.5917999744415283,2.009078025817871,7.205860137939453,0.26937443017959595,"[0.02500000037252903, 0.05000000074505806, 0.05000000074505806, 0.05000000074505806]","[2.0, 1.0, 1.0, 1.0]",0.0,0,True
17,109,1.6720800399780273,0.25,2.5864486694335938,2.105801820755005,5.33982515335083,0.2669912576675415,"[0.05000000074505806, 0.05000000074505806, 0.05000000074505806, 0.05000000074505806]","[1.0, 1.0, 1.0, 1.0]",0.0,0,True
17,110,1.1084563732147217,0.4375,1.5766104459762573,1.4862635135650635,2.6063437461853027,0.08833912014961243,"[0.02500000037252903, 0.05000000074505806, 0.02500000037252903, 0.05000000074505806]","[2.0, 1.0, 2.0, 1.0]",0.0,0,True
17,111,0.897371232509613,0.5625,2.0841612815856934,1.5629773139953613,5.194199562072754,0.2034086138010025,"[0.05000000074505806, 0.05000000074505806, 0.012500000186264515, 0.05000000074505806]","[1.0, 1.0, 3.0, 1.0]",0.0,0,True
17,112,1.4959865808486938,0.21875,2.549398899078369,2.0529370307922363,4.98097038269043,0.24904850125312805,"[0.05000000074505806, 0.05000000074505806, 0.05000000074505806, 0.05000000074505806]","[1.0, 1.0, 1.0, 1.0]",0.0,0,True
17,113,1.1431684494018555,0.375,2.1110525131225586,1.8424322605133057,5.026302814483643,0.21381762623786926,"[0.02500000037252903, 0.05000000074505806, 0.05000000074505806, 0.05000000074505806]","[2.0, 1.0, 1.0, 1.0]",0.0,0,True
17,114,1.2203081846237183,0.78125,2.5695419311523438,2.285250186920166,5.772343635559082,0.28861719369888306,"[0.05000000074505806, 0.05000000074505806, 0.05000000074505806, 0.05000000074505806]","[1.0, 1.0, 1.0, 1.0]",0.0,0,True
17,115,1.6137895584106445,0.15625,2.5266146659851074,2.034332752227783,5.906130313873291,0.2953065037727356,"[0.05000000074505806, 0.05000000074505806, 0.05000000074505806, 0.05000000074505806]","[1.0, 1.0, 1.0, 1.0]",0.0,0,True
17,116,2.046332836151123,0.21875,2.368558406829834,1.9671716690063477,5.060455322265625,0.20124201476573944,"[0.05000000074505806, 0.05000000074505806, 0.02500000037252903, 0.05000000074505806]","[1.0, 1.0, 2.0, 1.0]",0.0,0,True
17,117,1.1039769649505615,0.25,1.7346771955490112,1.6758249998092651,3.5433146953582764,0.15011639893054962,"[0.05000000074505806, 0.05000000074505806, 0.02500000037252903, 0.05000000074505806]","[1.0, 1.0, 2.0, 1.0]",0.0,0,True
17,118,1.1042734384536743,0.46875,2.53615403175354,1.7343541383743286,5.201600074768066,0.21256907284259796,"[0.02500000037252903, 0.05000000074505806, 0.05000000074505806, 0.05000000074505806]","[2.0, 1.0, 1.0, 1.0]",0.0,0,True
17,119,1.1461881399154663,0.5,2.3429818153381348,1.7193820476531982,5.9581499099731445,0.201791450381279,"[0.05000000074505806, 0.05000000074505806, 0.012500000186264515, 0.05000000074505806]","[1.0, 1.0, 3.0, 1.0]",0.0,0,True
17,120,2.3419723510742188,0.21875,2.6107568740844727,2.066863536834717,6.177145957946777,0.3088572919368744,"[0.05000000074505806, 0.05000000074505806, 0.05000000074505806, 0.05000000074505806]","[1.0, 1.0, 1.0, 1.0]",0.0,0,True
17,121,2.7285385131835938,0.1875,2.5948898792266846,2.1983025074005127,7.1922197341918945,0.2742260694503784,"[0.02500000037252903, 0.05000000074505806, 0.05000000074505806, 0.05000000074505806]","[2.0, 1.0, 1.0, 1.0]",0.0,0,True
17,122,2.03139328956604,0.21875,2.4278883934020996,2.187786817550659,6.015682220458984,0.22312995791435242,"[0.05000000074505806, 0.05000000074505806, 0.02500000037252903, 0.05000000074505806]","[1.0, 1.0, 2.0, 1.0]",0.0,0,True
17,123,1.2139992713928223,0.4375,2.6090121269226074,1.625949501991272,5.779102325439453,0.28895512223243713,"[0.05000000074505806, 0.05000000074505806, 0.05000000074505806, 0.05000000074505806]","[1.0, 1.0, 1.0, 1.0]",0.0,0,True
17,124,1.1350038051605225,0.40625,2.3998751640319824,1.7479476928710938,5.889013767242432,0.24031463265419006,"[0.05000000074505806, 0.05000000074505806, 0.02500000037252903, 0.05000000074505806]","[1.0, 1.0, 2.0, 1.0]",0.0,0,True
17,125,2.0253384113311768,0.34375,2.046680450439453,1.8685619831085205,4.572767734527588,0.22863838076591492,"[0.05000000074505806, 0.05000000074505806, 0.05000000074505806, 0.05000000074505806]","[1.0, 1.0, 1.0, 1.0]",0.0,0,True
17,126,1.1440213918685913,0.375,1.8073067665100098,1.531598448753357,4.287052154541016,0.12587624788284302,"[0.02500000037252903, 0.05000000074505806, 0.02500000037252903, 0.05000000074505806]","[2.0, 1.0, 2.0, 1.0]",0.0,0,True
17,127,0.9926944375038147,0.78125,1.7747514247894287,1.5630385875701904,3.6865501403808594,0.12391695380210876,"[0.02500000037252903, 0.05000000074505806, 0.02500000037252903, 0.05000000074505806]","[2.0, 1.0, 2.0, 1.0]",0.0,0,True
17,128,0.9430158734321594,0.53125,2.14231014251709,1.9266431331634521,5.677798271179199,0.21721412241458893,"[0.02500000037252903, 0.05000000074505806, 0.05000000074505806, 0.05000000074505806]","[2.0, 1.0, 1.0, 1.0]",0.0,0,True
17,129,1.7075883150100708,0.1875,2.5065507888793945,1.9649522304534912,6.267583847045898,0.25424933433532715,"[0.02500000037252903, 0.05000000074505806, 0.05000000074505806, 0.05000000074505806]","[2.0, 1.0, 1.0, 1.0]",0.0,0,True
17,130,1.46877920627594,0.3125,2.7816481590270996,2.008875846862793,6.783107757568359,0.2574189305305481,"[0.05000000074505806, 0.05000000074505806, 0.02500000037252903, 0.05000000074505806]","[1.0, 1.0, 2.0, 1.0]",0.0,0,True
17,131,1.215402603149414,0.5,1.9635008573532104,1.7897788286209106,4.755587100982666,0.1198425218462944,"[0.012500000186264515, 0.05000000074505806, 0.02500000037252903, 0.05000000074505806]","[3.0, 1.0, 2.0, 1.0]",0.0,0,True
17,132,1.0325238704681396,0.5625,2.011702537536621,1.6369435787200928,3.1632633209228516,0.13351771235466003,"[0.05000000074505806, 0.05000000074505806, 0.02500000037252903, 0.05000000074505806]","[1.0, 1.0, 2.0, 1.0]",0.0,0,True
17,133,0.7876828908920288,0.90625,1.6315724849700928,1.4613168239593506,3.1399614810943604,0.07902617752552032,"[0.02500000037252903, 0.05000000074505806, 0.012500000186264515, 0.05000000074505806]","[2.0, 1.0, 3.0, 1.0]",0.0,0,True
17,134,1.9526790380477905,0.125,2.5334713459014893,2.2637839317321777,5.708877086639404,0.28544387221336365,"[0.05000000074505806, 0.05000000074505806, 0.05000000074505806, 0.05000000074505806]","[1.0, 1.0, 1.0, 1.0]",0.0,0,True
17,135,1.1340770721435547,0.34375,2.213698148727417,1.5635812282562256,4.848776340484619,0.17501051723957062,"[0.012500000186264515, 0.05000000074505806, 0.05000000074505806, 0.05000000074505806]","[3.0, 1.0, 1.0, 1.0]",0.0,0,True
17,136,1.2872644662857056,0.375,2.233351469039917,1.7958561182022095,4.387311935424805,0.21936561167240143,"[0.05000000074505806, 0.05000000074505806, 0.05000000074505806, 0.05000000074505806]","[1.0, 1.0, 1.0, 1.0]",0.0,0,True
17,137,1.2943439483642578,0.15625,1.934744954109192,1.8673405647277832,4.002265453338623,0.16396793723106384,"[0.02500000037252903, 0.05000000074505806, 0.05000000074505806, 0.05000000074505806]","[2.0, 1.0, 1.0, 1.0]",0.0,0,True
17,138,2.219113349914551,0.09375,2.524016857147217,2.1107373237609863,5.890913963317871,0.23971156775951385,"[0.05000000074505806, 0.05000000074505806, 0.02500000037252903, 0.05000000074505806]","[1.0, 1.0, 2.0, 1.0]",0.0,0,True
17,139,1.6195857524871826,0.125,2.678255558013916,1.9969401359558105,5.440359115600586,0.2720179557800293,"[0.05000000074505806, 0.05000000074505806, 0.05000000074505806, 0.05000000074505806]","[1.0, 1.0, 1.0, 1.0]",0.0,0,True
17,140,0.8017050623893738,0.53125,2.4246668815612793,1.9398930072784424,5.9750494956970215,0.2467688024044037,"[0.05000000074505806, 0.05000000074505806, 0.02500000037252903, 0.05000000074505806]","[1.0, 1.0, 2.0, 1.0]",0.0,0,True
17,141,2.179979085922241,0.5,3.0034213066101074,2.232508659362793,7.060098648071289,0.35300493240356445,"[0.05000000074505806, 0.05000000074505806, 0.05000000074505806, 0.05000000074505806]","[1.0, 1.0, 1.0, 1.0]",0.0,0,True
17,142,1.2518115043640137,0.375,1.966034173965454,1.6038987636566162,5.836878776550293,0.17522059381008148,"[0.02500000037252903, 0.05000000074505806, 0.02500000037252903, 0.05000000074505806]","[2.0, 1.0, 2.0, 1.0]",0.0,0,True
17,143,1.1155903339385986,0.4375,2.123922348022461,1.7917513847351074,4.023031234741211,0.15965965390205383,"[0.05000000074505806, 0.05000000074505806, 0.02500000037252903, 0.05000000074505806]","[1.0, 1.0, 2.0, 1.0]",0.0,0,True
17,144,1.4624245166778564,0.3125,2.2320704460144043,1.696826457977295,3.82899808883667,0.1576174795627594,"[0.02500000037252903, 0.05000000074505806, 0.05000000074505806, 0.05000000074505806]","[2.0, 1.0, 1.0, 1.0]",0.0,0,True
17,145,1.2318272590637207,0.46875,2.6453747749328613,1.8557260036468506,4.936797618865967,0.24683988094329834,"[0.05000000074505806, 0.05000000074505806, 0.05000000074505806, 0.05000000074505806]","[1.0, 1.0, 1.0, 1.0]",0.0,0,True
17,146,2.0243723392486572,0.25,2.7163023948669434,1.9709287881851196,7.725622177124023,0.30346450209617615,"[0.05000000074505806, 0.05000000074505806, 0.02500000037252903, 0.05000000074505806]","[1.0, 1.0, 2.0, 1.0]",0.0,0,True
17,147,1.5315334796905518,0.375,2.156005382537842,2.057356357574463,4.3386125564575195,0.21693062782287598,"[0.05000000074505806, 0.05000000074505806, 0.05000000074505806, 0.05000000074505806]","[1.0, 1.0, 1.0, 1.0]",0.0,0,True
17,148,1.1179020404815674,0.375,1.807340145111084,1.4841277599334717,3.6884865760803223,0.13641080260276794,"[0.012500000186264515, 0.05000000074505806, 0.05000000074505806, 0.05000000074505806]","[3.0, 1.0, 1.0, 1.0]",0.0,0,True
17,149,1.07321035861969,0.46875,2.11539888381958,1.583106517791748,5.815296649932861,0.20805802941322327,"[0.05000000074505806, 0.05000000074505806, 0.02500000037252903, 0.05000000074505806]","[1.0, 1.0, 2.0, 1.0]",0.0,0,True
17,150,1.0034631490707397,0.59375,1.611005187034607,1.4811362028121948,3.477403163909912,0.09905394166707993,"[0.02500000037252903, 0.05000000074505806, 0.02500000037252903, 0.05000000074505806]","[2.0, 1.0, 2.0, 1.0]",0.0,0,True
17,151,1.6204355955123901,0.40625,2.2817180156707764,1.946400761604309,5.710649490356445,0.28553247451782227,"[0.05000000074505806, 0.05000000074505806, 0.05000000074505806, 0.05000000074505806]","[1.0, 1.0, 1.0, 1.0]",0.0,0,True
17,152,1.411316156387329,0.21875,2.0977001190185547,1.8306089639663696,4.318334102630615,0.179074227809906,"[0.05000000074505806, 0.05000000074505806, 0.02500000037252903, 0.05000000074505806]","[1.0, 1.0, 2.0, 1.0]",0.0,0,True
17,153,1.5340698957443237,0.34375,2.0146384239196777,1.6723636388778687,4.311399459838867,0.19873565435409546,"[0.05000000074505806, 0.05000000074505806, 0.02500000037252903, 0.05000000074505806]","[1.0, 1.0, 2.0, 1.0]",0.0,0,True
17,154,1.4426079988479614,0.5,2.600339412689209,1.657470703125,5.3149847984313965,0.2657492458820343,"[0.05000000074505806, 0.05000000074505806, 0.05000000074505806, 0.05000000074505806]","[1.0, 1.0, 1.0, 1.0]",0.0,0,True
17,155,1.154736876487732,0.25,2.7619221210479736,1.846804141998291,5.019179344177246,0.25095894932746887,"[0.05000000074505806, 0.05000000074505806, 0.05000000074505806, 0.05000000074505806]","[1.0, 1.0, 1.0, 1.0]",0.0,0,True
17,156,1.3614591360092163,0.25,2.000861406326294,1.6980602741241455,4.40595006942749,0.22029751539230347,"[0.05000000074505806, 0.05000000074505806, 0.05000000074505806, 0.05000000074505806]","[1.0, 1.0, 1.0, 1.0]",0.0,0,True
17,157,0.8109755516052246,0.75,2.027304172515869,1.579341173171997,4.541187763214111,0.13846167922019958,"[0.02500000037252903, 0.05000000074505806, 0.02500000037252903, 0.05000000074505806]","[2.0, 1.0, 2.0, 1.0]",0.0,0,True
17,158,1.5175782442092896,0.34375,2.286973714828491,1.7938919067382812,5.125547409057617,0.2562773823738098,"[0.05000000074505806, 0.05000000074505806, 0.05000000074505806, 0.05000000074505806]","[1.0, 1.0, 1.0, 1.0]",0.0,0,True
17,159,1.5298027992248535,0.1875,2.5293312072753906,1.754248857498169,4.940816402435303,0.24704082310199738,"[0.05000000074505806, 0.05000000074505806, 0.05000000074505806, 0.05000000074505806]","[1.0, 1.0, 1.0, 1.0]",0.0,0,True
17,160,2.256645917892456,0.21875,2.3424463272094727,1.9695782661437988,6.479401111602783,0.27308499813079834,"[0.05000000074505806, 0.05000000074505806, 0.02500000037252903, 0.05000000074505806]","[1.0, 1.0, 2.0, 1.0]",0.0,0,True
17,161,1.7706630229949951,0.125,2.3843655586242676,2.003621816635132,4.27636194229126,0.21381808817386627,"[0.05000000074505806, 0.05000000074505806, 0.05000000074505806, 0.05000000074505806]","[1.0, 1.0, 1.0, 1.0]",0.0,0,True
17,162,1.1524001359939575,0.40625,1.884652853012085,1.758037805557251,3.763458251953125,0.1503734588623047,"[0.05000000074505806, 0.05000000074505806, 0.02500000037252903, 0.05000000074505806]","[1.0, 1.0, 2.0, 1.0]",0.0,0,True
17,163,1.289083480834961,0.53125,2.424393653869629,2.273373603820801,6.44442081451416,0.322221040725708,"[0.05000000074505806, 0.05000000074505806, 0.05000000074505806, 0.05000000074505806]","[1.0, 1.0, 1.0, 1.0]",0.0,0,True
17,164,1.3635270595550537,0.28125,2.865492582321167,1.8276208639144897,5.728030204772949,0.28640154004096985,"[0.05000000074505806, 0.05000000074505806, 0.05000000074505806, 0.05000000074505806]","[1.0, 1.0, 1.0, 1.0]",0.0,0,True
17,165,0.8429199457168579,0.59375,2.3831262588500977,1.8370325565338135,5.766064643859863,0.2883032262325287,"[0.05000000074505806, 0.05000000074505806, 0.05000000074505806, 0.05000000074505806]","[1.0, 1.0, 1.0, 1.0]",0.0,0,True
17,166,2.1396238803863525,0.3125,2.1427292823791504,2.0102133750915527,5.548781394958496,0.27743908762931824,"[0.05000000074505806, 0.05000000074505806, 0.05000000074505806, 0.05000000074505806]","[1.0, 1.0, 1.0, 1.0]",0.0,0,True
17,167,0.7593965530395508,0.71875,1.8822273015975952,1.7064021825790405,4.630963325500488,0.1308239996433258,"[0.02500000037252903, 0.05000000074505806, 0.02500000037252903, 0.05000000074505806]","[2.0, 1.0, 2.0, 1.0]",0.0,0,True
17,168,1.6684415340423584,0.28125,2.2663469314575195,1.6947221755981445,4.655525207519531,0.18587899208068848,"[0.05000000074505806, 0.05000000074505806, 0.02500000037252903, 0.05000000074505806]","[1.0, 1.0, 2.0, 1.0]",0.0,0,True
17,169,1.1724539995193481,0.4375,2.6203835010528564,1.8006685972213745,4.354052543640137,0.21770262718200684,"[0.05000000074505806, 0.05000000074505806, 0.05000000074505806, 0.05000000074505806]","[1.0, 1.0, 1.0, 1.0]",0.0,0,True
17,170,0.8905211687088013,0.75,2.1495771408081055,1.8863308429718018,4.536924362182617,0.22684620320796967,"[0.05000000074505806, 0.05000000074505806, 0.05000000074505806, 0.05000000074505806]","[1.0, 1.0, 1.0, 1.0]",0.0,0,True
17,171,1.1469522714614868,0.4375,2.508382797241211,1.9941182136535645,6.012502670288086,0.24306869506835938,"[0.02500000037252903, 0.05000000074505806, 0.05000000074505806, 0.05000000074505806]","[2.0, 1.0, 1.0, 1.0]",0.0,0,True
17,172,2.3656864166259766,0.15625,2.660522699356079,2.0866992473602295,7.02184534072876,0.35109227895736694,"[0.05000000074505806, 0.05000000074505806, 0.05000000074505806, 0.05000000074505806]","[1.0, 1.0, 1.0, 1.0]",0.0,0,True
17,173,1.6326870918273926,0.3125,2.199549674987793,2.101329803466797,5.419501304626465,0.20820461213588715,"[0.05000000074505806, 0.05000000074505806, 0.02500000037252903, 0.05000000074505806]","[1.0, 1.0, 2.0, 1.0]",0.0,0,True
17,174,0.7281161546707153,0.8125,1.878068208694458,1.7272040843963623,3.5735182762145996,0.17867591977119446,"[0.05000000074505806, 0.05000000074505806, 0.05000000074505806, 0.05000000074505806]","[1.0, 1.0, 1.0, 1.0]",0.0,0,True
17,175,1.371077299118042,0.125,2.204273223876953,1.7842988967895508,5.192944526672363,0.2596472501754761,"[0.05000000074505806, 0.05000000074505806, 0.05000000074505806, 0.05000000074505806]","[1.0, 1.0, 1.0, 1.0]",0.0,0,True
17,176,1.252341866493225,0.4375,2.6928598880767822,1.7045987844467163,5.276706218719482,0.2638353109359741,"[0.05000000074505806, 0.05000000074505806, 0.05000000074505806, 0.05000000074505806]","[1.0, 1.0, 1.0, 1.0]",0.0,0,True
17,177,1.1592530012130737,0.4375,2.715691328048706,2.215247392654419,5.466100692749023,0.21651145815849304,"[0.02500000037252903, 0.05000000074505806, 0.05000000074505806, 0.05000000074505806]","[2.0, 1.0, 1.0, 1.0]",0.0,0,True
17,178,0.9881426095962524,0.5625,2.275683879852295,1.7563867568969727,5.031886100769043,0.25159430503845215,"[0.05000000074505806, 0.05000000074505806, 0.05000000074505806, 0.05000000074505806]","[1.0, 1.0, 1.0, 1.0]",0.0,0,True
17,179,1.5217759609222412,0.59375,2.2913341522216797,1.8233692646026611,4.845541000366211,0.24227705597877502,"[0.05000000074505806, 0.05000000074505806, 0.05000000074505806, 0.05000000074505806]","[1.0, 1.0, 1.0, 1.0]",0.0,0,True
17,180,1.021384835243225,0.6875,2.189744472503662,1.9829362630844116,5.500910758972168,0.21473552286624908,"[0.02500000037252903, 0.05000000074505806, 0.05000000074505806, 0.05000000074505806]","[2.0, 1.0, 1.0, 1.0]",0.0,0,True
17,181,1.6934605836868286,0.46875,2.533064365386963,1.9501032829284668,6.175302028656006,0.30876511335372925,"[0.05000000074505806, 0.05000000074505806, 0.05000000074505806, 0.05000000074505806]","[1.0, 1.0, 1.0, 1.0]",0.0,0,True
17,182,0.9330207705497742,0.65625,1.7812352180480957,1.651218295097351,3.313328981399536,0.12837183475494385,"[0.05000000074505806, 0.05000000074505806, 0.02500000037252903, 0.05000000074505806]","[1.0, 1.0, 2.0, 1.0]",0.0,0,True
17,183,1.0010671615600586,0.5625,2.4151201248168945,1.75358247756958,4.375008583068848,0.21875043213367462,"[0.05000000074505806, 0.05000000074505806, 0.05000000074505806, 0.05000000074505806]","[1.0, 1.0, 1.0, 1.0]",0.0,0,True
17,184,1.6041171550750732,0.4375,2.3721282482147217,2.086928367614746,4.897433280944824,0.24487164616584778,"[0.05000000074505806, 0.05000000074505806, 0.05000000074505806, 0.05000000074505806]","[1.0, 1.0, 1.0, 1.0]",0.0,0,True
17,185,0.9686253070831299,0.53125,2.2619616985321045,1.593226432800293,4.141951560974121,0.16530068218708038,"[0.02500000037252903, 0.05000000074505806, 0.05000000074505806, 0.05000000074505806]","[2.0, 1.0, 1.0, 1.0]",0.0,0,True
17,186,0.8712502717971802,0.53125,1.7867963314056396,1.5677993297576904,3.6872379779815674,0.11229320615530014,"[0.02500000037252903, 0.05000000074505806, 0.02500000037252903, 0.05000000074505806]","[2.0, 1.0, 2.0, 1.0]",0.0,0,True
17,187,1.721466302871704,0.46875,2.3654189109802246,2.0560221672058105,4.8500823974609375,0.24250411987304688,"[0.05000000074505806, 0.05000000074505806, 0.05000000074505806, 0.05000000074505806]","[1.0, 1.0, 1.0, 1.0]",0.0,0,True
17,188,1.2717183828353882,0.53125,2.5828089714050293,1.9483191967010498,6.655961513519287,0.3327980637550354,"[0.05000000074505806, 0.05000000074505806, 0.05000000074505806, 0.05000000074505806]","[1.0, 1.0, 1.0, 1.0]",0.0,0,True
17,189,1.2055366039276123,0.375,2.1371402740478516,1.7878555059432983,4.2282867431640625,0.15739157795906067,"[0.02500000037252903, 0.05000000074505806, 0.05000000074505806, 0.05000000074505806]","[2.0, 1.0, 1.0, 1.0]",0.0,0,True
17,190,1.017915964126587,0.5625,2.1460790634155273,1.7110775709152222,3.7244820594787598,0.186224102973938,"[0.05000000074505806, 0.05000000074505806, 0.05000000074505806, 0.05000000074505806]","[1.0, 1.0, 1.0, 1.0]",0.0,0,True
17,191,1.1505873203277588,0.46875,2.3302602767944336,2.0070111751556396,5.088314533233643,0.25441572070121765,"[0.05000000074505806, 0.05000000074505806, 0.05000000074505806, 0.05000000074505806]","[1.0, 1.0, 1.0, 1.0]",0.0,0,True
17,192,1.1692866086959839,0.53125,2.131930112838745,1.8363521099090576,4.747039318084717,0.1818881332874298,"[0.02500000037252903, 0.05000000074505806, 0.05000000074505806, 0.05000000074505806]","[2.0, 1.0, 1.0, 1.0]",0.0,0,True
17,193,0.907874345779419,0.375,2.229673385620117,1.6883089542388916,4.339125156402588,0.2169562578201294,"[0.05000000074505806, 0.05000000074505806, 0.05000000074505806, 0.05000000074505806]","[1.0, 1.0, 1.0, 1.0]",0.0,0,True
17,194,1.038080096244812,0.59375,2.037170886993408,1.6671350002288818,3.865668296813965,0.19328343868255615,"[0.05000000074505806, 0.05000000074505806, 0.05000000074505806, 0.05000000074505806]","[1.0, 1.0, 1.0, 1.0]",0.0,0,True
17,195,1.0109553337097168,0.5625,1.9400774240493774,1.7769148349761963,4.196455955505371,0.17675313353538513,"[0.02500000037252903, 0.05000000074505806, 0.05000000074505806, 0.05000000074505806]","[2.0, 1.0, 1.0, 1.0]",0.0,0,True
17,196,1.133704423904419,0.5,2.5878283977508545,1.8208906650543213,5.00045919418335,0.2500229775905609,"[0.05000000074505806, 0.05000000074505806, 0.05000000074505806, 0.05000000074505806]","[1.0, 1.0, 1.0, 1.0]",0.0,0,True
17,197,1.2014868259429932,0.46875,2.6184401512145996,1.6813218593597412,4.854438781738281,0.24272193014621735,"[0.05000000074505806, 0.05000000074505806, 0.05000000074505806, 0.05000000074505806]","[1.0, 1.0, 1.0, 1.0]",0.0,0,True
17,198,1.2293168306350708,0.40625,2.2139205932617188,1.9073909521102905,4.65604305267334,0.232802152633667,"[0.05000000074505806, 0.05000000074505806, 0.05000000074505806, 0.05000000074505806]","[1.0, 1.0, 1.0, 1.0]",0.0,0,True
17,199,0.7254290580749512,0.78125,2.4222850799560547,1.6565319299697876,4.156789779663086,0.2078394889831543,"[0.05000000074505806, 0.05000000074505806, 0.05000000074505806, 0.05000000074505806]","[1.0, 1.0, 1.0, 1.0]",0.0,0,True
17,200,1.3369176387786865,0.4375,2.5462236404418945,1.8126130104064941,5.061275482177734,0.25306379795074463,"[0.05000000074505806, 0.05000000074505806, 0.05000000074505806, 0.05000000074505806]","[1.0, 1.0, 1.0, 1.0]",0.0,0,True
17,201,0.8975727558135986,0.71875,2.2534708976745605,1.8196032047271729,4.2971272468566895,0.21485635638237,"[0.05000000074505806, 0.05000000074505806, 0.05000000074505806, 0.05000000074505806]","[1.0, 1.0, 1.0, 1.0]",0.0,0,True
17,202,1.0622503757476807,0.5,1.9087988138198853,1.6226837635040283,3.4768152236938477,0.15288704633712769,"[0.05000000074505806, 0.05000000074505806, 0.02500000037252903, 0.05000000074505806]","[1.0, 1.0, 2.0, 1.0]",0.0,0,True
17,203,0.9634093642234802,0.65625,2.3134636878967285,1.7523748874664307,3.45965576171875,0.17298278212547302,"[0.05000000074505806, 0.05000000074505806, 0.05000000074505806, 0.05000000074505806]","[1.0, 1.0, 1.0, 1.0]",0.0,0,True
17,204,1.0550565719604492,0.34375,1.8782374858856201,1.6824129819869995,3.439840316772461,0.17199203372001648,"[0.05000000074505806, 0.05000000074505806, 0.05000000074505806, 0.05000000074505806]","[1.0, 1.0, 1.0, 1.0]",0.0,0,True
17,205,0.9531422257423401,0.46875,2.619880437850952,1.8276054859161377,4.110222339630127,0.20551112294197083,"[0.05000000074505806, 0.05000000074505806, 0.05000000074505806, 0.05000000074505806]","[1.0, 1.0, 1.0, 1.0]",0.0,0,True
17,206,1.309785008430481,0.28125,2.286924362182617,1.7131166458129883,4.149895191192627,0.20749476552009583,"[0.05000000074505806, 0.05000000074505806, 0.05000000074505806, 0.05000000074505806]","[1.0, 1.0, 1.0, 1.0]",0.0,0,True
17,207,0.7864773273468018,0.71875,1.9875009059906006,1.6783387660980225,4.576760292053223,0.18898910284042358,"[0.05000000074505806, 0.05000000074505806, 0.02500000037252903, 0.05000000074505806]","[1.0, 1.0, 2.0, 1.0]",0.0,0,True
17,208,1.1501940488815308,0.5625,2.63360857963562,2.263749599456787,5.8712873458862305,0.2935643494129181,"[0.05000000074505806, 0.05000000074505806, 0.05000000074505806, 0.05000000074505806]","[1.0, 1.0, 1.0, 1.0]",0.0,0,True
17,209,1.3314242362976074,0.375,2.189819812774658,1.8371355533599854,4.555366516113281,0.22776831686496735,"[0.05000000074505806, 0.05000000074505806, 0.05000000074505806, 0.05000000074505806]","[1.0, 1.0, 1.0, 1.0]",0.0,0,True
17,210,0.8696525692939758,0.46875,2.231800079345703,1.8180575370788574,3.3956918716430664,0.16978459060192108,"[0.05000000074505806, 0.05000000074505806, 0.05000000074505806, 0.05000000074505806]","[1.0, 1.0, 1.0, 1.0]",0.0,0,True
17,211,1.0899641513824463,0.5,2.156390905380249,1.6947851181030273,3.997969627380371,0.1540541797876358,"[0.05000000074505806, 0.05000000074505806, 0.02500000037252903, 0.05000000074505806]","[1.0, 1.0, 2.0, 1.0]",0.0,0,True
17,212,1.433642864227295,0.28125,2.2054378986358643,1.836592435836792,4.935924053192139,0.24679620563983917,"[0.05000000074505806, 0.05000000074505806, 0.05000000074505806, 0.05000000074505806]","[1.0, 1.0, 1.0, 1.0]",0.0,0,True
17,213,0.7935118079185486,0.59375,2.000856399536133,1.5736429691314697,3.315246105194092,0.1657623052597046,"[0.05000000074505806, 0.05000000074505806, 0.05000000074505806, 0.05000000074505806]","[1.0, 1.0, 1.0, 1.0]",0.0,0,True
17,214,0.7951316833496094,0.59375,2.2965497970581055,1.7396459579467773,4.782127380371094,0.23910637199878693,"[0.05000000074505806, 0.05000000074505806, 0.05000000074505806, 0.05000000074505806]","[1.0, 1.0, 1.0, 1.0]",0.0,0,True
17,215,0.8266624212265015,0.625,2.212679386138916,1.771951675415039,3.6025891304016113,0.18012946844100952,"[0.05000000074505806, 0.05000000074505806, 0.05000000074505806, 0.05000000074505806]","[1.0, 1.0, 1.0, 1.0]",0.0,0,True
17,216,0.9272395968437195,0.5,2.398035764694214,1.6059041023254395,4.00264835357666,0.20013239979743958,"[0.05000000074505806, 0.05000000074505806, 0.05000000074505806, 0.05000000074505806]","[1.0, 1.0, 1.0, 1.0]",0.0,0,True
17,217,1.3635433912277222,0.28125,2.287203311920166,1.7999682426452637,4.988612651824951,0.24943062663078308,"[0.05000000074505806, 0.05000000074505806, 0.05000000074505806, 0.05000000074505806]","[1.0, 1.0, 1.0, 1.0]",0.0,0,True
17,218,0.9643284678459167,0.53125,2.1825318336486816,1.7405574321746826,3.9686806201934814,0.1984340399503708,"[0.05000000074505806, 0.05000000074505806, 0.05000000074505806, 0.05000000074505806]","[1.0, 1.0, 1.0, 1.0]",0.0,0,True
17,219,1.045107364654541,0.59375,2.444964647293091,1.9892642498016357,5.901937007904053,0.29509687423706055,"[0.05000000074505806, 0.05000000074505806, 0.05000000074505806, 0.05000000074505806]","[1.0, 1.0, 1.0, 1.0]",0.0,0,True
17,220,1.6297221183776855,0.4375,2.6669492721557617,2.1276841163635254,5.1134934425354,0.25567466020584106,"[0.05000000074505806, 0.05000000074505806, 0.05000000074505806, 0.05000000074505806]","[1.0, 1.0, 1.0, 1.0]",0.0,0,True
17,221,1.2108643054962158,0.5625,2.591580390930176,2.1644041538238525,4.860937595367432,0.24304689466953278,"[0.05000000074505806, 0.05000000074505806, 0.05000000074505806, 0.05000000074505806]","[1.0, 1.0, 1.0, 1.0]",0.0,0,True
17,222,0.7742879390716553,0.6875,2.3640494346618652,1.9970685243606567,4.666677474975586,0.23333385586738586,"[0.05000000074505806, 0.05000000074505806, 0.05000000074505806, 0.05000000074505806]","[1.0, 1.0, 1.0, 1.0]",0.0,0,True
17,223,1.014712929725647,0.625,2.4443976879119873,1.5404052734375,4.099126815795898,0.2049563229084015,"[0.05000000074505806, 0.05000000074505806, 0.05000000074505806, 0.05000000074505806]","[1.0, 1.0, 1.0, 1.0]",0.0,0,True
17,224,1.0501152276992798,0.59375,2.5896615982055664,1.7128114700317383,4.835166931152344,0.24175836145877838,"[0.05000000074505806, 0.05000000074505806, 0.05000000074505806, 0.05000000074505806]","[1.0, 1.0, 1.0, 1.0]",0.0,0,True
17,225,1.270749568939209,0.4375,2.2703616619110107,1.9193916320800781,4.867138385772705,0.24335691332817078,"[0.05000000074505806, 0.05000000074505806, 0.05000000074505806, 0.05000000074505806]","[1.0, 1.0, 1.0, 1.0]",0.0,0,True
17,226,0.8491557836532593,0.53125,2.3334484100341797,1.891402006149292,5.284039497375488,0.2642019987106323,"[0.05000000074505806, 0.05000000074505806, 0.05000000074505806, 0.05000000074505806]","[1.0, 1.0, 1.0, 1.0]",0.0,0,True
17,227,1.0542811155319214,0.46875,1.9171470403671265,1.6233241558074951,3.624025583267212,0.1636735498905182,"[0.02500000037252903, 0.05000000074505806, 0.05000000074505806, 0.05000000074505806]","[2.0, 1.0, 1.0, 1.0]",0.0,0,True
17,228,0.7637912034988403,0.78125,1.947355031967163,1.7046611309051514,3.5381839275360107,0.15063506364822388,"[0.05000000074505806, 0.05000000074505806, 0.02500000037252903, 0.05000000074505806]","[1.0, 1.0, 2.0, 1.0]",0.0,0,True
17,229,0.7022899389266968,0.65625,1.845312476158142,1.5572372674942017,3.4458329677581787,0.14819538593292236,"[0.05000000074505806, 0.05000000074505806, 0.02500000037252903, 0.05000000074505806]","[1.0, 1.0, 2.0, 1.0]",0.0,0,True
17,230,0.756760835647583,0.65625,2.076045036315918,1.6915998458862305,3.520906925201416,0.1409139633178711,"[0.02500000037252903, 0.05000000074505806, 0.05000000074505806, 0.05000000074505806]","[2.0, 1.0, 1.0, 1.0]",0.0,0,True
17,231,0.872067391872406,0.8125,1.8892555236816406,1.6589927673339844,2.26007080078125,0.11300353705883026,"[0.05000000074505806, 0.05000000074505806, 0.05000000074505806, 0.05000000074505806]","[1.0, 1.0, 1.0, 1.0]",0.0,0,True
17,232,1.0694427490234375,0.5,2.1205577850341797,1.7314752340316772,4.35566520690918,0.18814152479171753,"[0.02500000037252903, 0.05000000074505806, 0.05000000074505806, 0.05000000074505806]","[2.0, 1.0, 1.0, 1.0]",0.0,0,True
17,233,0.7418410778045654,0.71875,2.126595973968506,1.7340471744537354,3.4594149589538574,0.1729707419872284,"[0.05000000074505806, 0.05000000074505806, 0.05000000074505806, 0.05000000074505806]","[1.0, 1.0, 1.0, 1.0]",0.0,0,True
17,234,0.8936329483985901,0.59375,2.2180700302124023,1.9097598791122437,4.521339416503906,0.2260669469833374,"[0.05000000074505806, 0.05000000074505806, 0.05000000074505806, 0.05000000074505806]","[1.0, 1.0, 1.0, 1.0]",0.0,0,True
17,235,0.8747507929801941,0.53125,1.8464431762695312,1.6413424015045166,4.099425315856934,0.16725479066371918,"[0.02500000037252903, 0.05000000074505806, 0.05000000074505806, 0.05000000074505806]","[2.0, 1.0, 1.0, 1.0]",0.0,0,True
17,236,0.9212978482246399,0.46875,2.292880058288574,1.839658260345459,4.413166522979736,0.2206583321094513,"[0.05000000074505806, 0.05000000074505806, 0.05000000074505806, 0.05000000074505806]","[1.0, 1.0, 1.0, 1.0]",0.0,0,True
17,237,0.9060519933700562,0.5,2.20043683052063,1.6421751976013184,3.9245948791503906,0.1962297409772873,"[0.05000000074505806, 0.05000000074505806, 0.05000000074505806, 0.05000000074505806]","[1.0, 1.0, 1.0, 1.0]",0.0,0,True
17,238,0.8942561745643616,0.625,2.419569492340088,1.7158920764923096,4.91658353805542,0.24582916498184204,"[0.05000000074505806, 0.05000000074505806, 0.05000000074505806, 0.05000000074505806]","[1.0, 1.0, 1.0, 1.0]",0.0,0,True
17,239,0.9598034024238586,0.5625,2.226194381713867,1.6643433570861816,4.256441116333008,0.2128220498561859,"[0.05000000074505806, 0.05000000074505806, 0.05000000074505806, 0.05000000074505806]","[1.0, 1.0, 1.0, 1.0]",0.0,0,True
17,240,0.7332871556282043,0.59375,2.254065752029419,1.883392572402954,5.205269813537598,0.26026347279548645,"[0.05000000074505806, 0.05000000074505806, 0.05000000074505806, 0.05000000074505806]","[1.0, 1.0, 1.0, 1.0]",0.0,0,True
17,241,0.9895199537277222,0.625,2.076946258544922,1.7569806575775146,5.001767635345459,0.19061586260795593,"[0.05000000074505806, 0.05000000074505806, 0.02500000037252903, 0.05000000074505806]","[1.0, 1.0, 2.0, 1.0]",0.0,0,True
17,242,0.9899214506149292,0.5625,2.5015203952789307,1.8922369480133057,3.9726462364196777,0.19863231480121613,"[0.05000000074505806, 0.05000000074505806, 0.05000000074505806, 0.05000000074505806]","[1.0, 1.0, 1.0, 1.0]",0.0,0,True
17,243,0.7920864224433899,0.65625,2.086665630340576,1.6081154346466064,3.856600761413574,0.19283002614974976,"[0.05000000074505806, 0.05000000074505806, 0.05000000074505806, 0.05000000074505806]","[1.0, 1.0, 1.0, 1.0]",0.0,0,True
17,244,0.6145389676094055,0.78125,2.342144012451172,2.0836398601531982,5.278943061828613,0.26394712924957275,"[0.05000000074505806, 0.05000000074505806, 0.05000000074505806, 0.05000000074505806]","[1.0, 1.0, 1.0, 1.0]",0.0,0,True
17,245,0.5609455704689026,0.84375,2.0991790294647217,1.6456105709075928,4.24610710144043,0.21230536699295044,"[0.05000000074505806, 0.05000000074505806, 0.05000000074505806, 0.05000000074505806]","[1.0, 1.0, 1.0, 1.0]",0.0,0,True
17,246,1.1018751859664917,0.5,2.078399896621704,1.6560310125350952,4.478719711303711,0.1997043937444687,"[0.02500000037252903, 0.05000000074505806, 0.05000000074505806, 0.05000000074505806]","[2.0, 1.0, 1.0, 1.0]",0.0,0,True
17,247,0.9305664300918579,0.5,2.408212661743164,1.670248031616211,6.028369903564453,0.2503977119922638,"[0.02500000037252903, 0.05000000074505806, 0.05000000074505806, 0.05000000074505806]","[2.0, 1.0, 1.0, 1.0]",0.0,0,True
17,248,1.0709683895111084,0.25,2.5988869667053223,1.8946647644042969,4.941112518310547,0.24705561995506287,"[0.05000000074505806, 0.05000000074505806, 0.05000000074505806, 0.05000000074505806]","[1.0, 1.0, 1.0, 1.0]",0.0,0,True
17,249,0.9549627304077148,0.40625,2.380089282989502,1.748060941696167,4.792323112487793,0.18526840209960938,"[0.05000000074505806, 0.05000000074505806, 0.02500000037252903, 0.05000000074505806]","[1.0, 1.0, 2.0, 1.0]",0.0,0,True
17,250,0.9286806583404541,0.46875,2.1900479793548584,1.7521007061004639,3.6009767055511475,0.1372447907924652,"[0.05000000074505806, 0.05000000074505806, 0.02500000037252903, 0.05000000074505806]","[1.0, 1.0, 2.0, 1.0]",0.0,0,True
17,251,1.2100608348846436,0.375,2.409628391265869,1.9093959331512451,5.144558429718018,0.25722792744636536,"[0.05000000074505806, 0.05000000074505806, 0.05000000074505806, 0.05000000074505806]","[1.0, 1.0, 1.0, 1.0]",0.0,0,True
17,252,1.319854974746704,0.34375,2.315702438354492,2.041937828063965,4.344401836395264,0.21722009778022766,"[0.05000000074505806, 0.05000000074505806, 0.05000000074505806, 0.05000000074505806]","[1.0, 1.0, 1.0, 1.0]",0.0,0,True
17,253,1.180124282836914,0.46875,2.69169282913208,1.712842345237732,5.996563911437988,0.2998282015323639,"[0.05000000074505806, 0.05000000074505806, 0.05000000074505806, 0.05000000074505806]","[1.0, 1.0, 1.0, 1.0]",0.0,0,True
17,254,1.1240379810333252,0.34375,2.3195831775665283,1.7025911808013916,4.603074073791504,0.23015370965003967,"[0.05000000074505806, 0.05000000074505806, 0.05000000074505806, 0.05000000074505806]","[1.0, 1.0, 1.0, 1.0]",0.0,0,True
17,255,0.6678416728973389,0.65625,2.07059383392334,1.7937365770339966,2.621131658554077,0.13105657696723938,"[0.05000000074505806, 0.05000000074505806, 0.05000000074505806, 0.05000000074505806]","[1.0, 1.0, 1.0, 1.0]",0.0,0,True
17,256,1.0015593767166138,0.5,2.065279722213745,1.6837072372436523,3.8471057415008545,0.19235527515411377,"[0.05000000074505806, 0.05000000074505806, 0.05000000074505806, 0.05000000074505806]","[1.0, 1.0, 1.0, 1.0]",0.0,0,True
17,257,1.0599634647369385,0.4375,1.8943674564361572,1.7465767860412598,3.555114269256592,0.1513953059911728,"[0.05000000074505806, 0.05000000074505806, 0.02500000037252903, 0.05000000074505806]","[1.0, 1.0, 2.0, 1.0]",0.0,0,True
17,258,0.7337349653244019,0.8125,1.9214646816253662,1.671877384185791,3.966968536376953,0.19834843277931213,"[0.05000000074505806, 0.05000000074505806, 0.05000000074505806, 0.05000000074505806]","[1.0, 1.0, 1.0, 1.0]",0.0,0,True
17,259,1.3321887254714966,0.25,2.3192009925842285,1.9990431070327759,4.351881980895996,0.21759410202503204,"[0.05000000074505806, 0.05000000074505806, 0.05000000074505806, 0.05000000074505806]","[1.0, 1.0, 1.0, 1.0]",0.0,0,True
17,260,0.9233167767524719,0.625,2.343104839324951,1.7874996662139893,5.123935699462891,0.20027068257331848,"[0.02500000037252903, 0.05000000074505806, 0.05000000074505806, 0.05000000074505806]","[2.0, 1.0, 1.0, 1.0]",0.0,0,True
17,261,0.9963366985321045,0.5,2.3503007888793945,1.7890756130218506,3.62913179397583,0.1814565658569336,"[0.05000000074505806, 0.05000000074505806, 0.05000000074505806, 0.05000000074505806]","[1.0, 1.0, 1.0, 1.0]",0.0,0,True
17,262,0.7814491987228394,0.5625,1.7824809551239014,1.5972905158996582,3.1076512336730957,0.11897992342710495,"[0.02500000037252903, 0.05000000074505806, 0.05000000074505806, 0.05000000074505806]","[2.0, 1.0, 1.0, 1.0]",0.0,0,True
17,263,0.9585148096084595,0.40625,2.2470381259918213,1.8932868242263794,5.036388397216797,0.2518194019794464,"[0.05000000074505806, 0.05000000074505806, 0.05000000074505806, 0.05000000074505806]","[1.0, 1.0, 1.0, 1.0]",0.0,0,True
17,264,0.9098650813102722,0.6875,1.6721210479736328,1.5472750663757324,2.2776994705200195,0.11388497799634933,"[0.05000000074505806, 0.05000000074505806, 0.05000000074505806, 0.05000000074505806]","[1.0, 1.0, 1.0, 1.0]",0.0,0,True
17,265,1.1054041385650635,0.40625,2.1201581954956055,1.610863208770752,3.4521002769470215,0.1726050078868866,"[0.05000000074505806, 0.05000000074505806, 0.05000000074505806, 0.05000000074505806]","[1.0, 1.0, 1.0, 1.0]",0.0,0,True
17,266,0.8505810499191284,0.625,2.3137776851654053,1.7756767272949219,3.9649362564086914,0.1982468068599701,"[0.05000000074505806, 0.05000000074505806, 0.05000000074505806, 0.05000000074505806]","[1.0, 1.0, 1.0, 1.0]",0.0,0,True
17,267,0.8384616374969482,0.6875,1.783044695854187,1.675769329071045,3.585458755493164,0.17927294969558716,"[0.05000000074505806, 0.05000000074505806, 0.05000000074505806, 0.05000000074505806]","[1.0, 1.0, 1.0, 1.0]",0.0,0,True
17,268,1.0898573398590088,0.4375,2.3105382919311523,1.861180305480957,4.771649360656738,0.23858249187469482,"[0.05000000074505806, 0.05000000074505806, 0.05000000074505806, 0.05000000074505806]","[1.0, 1.0, 1.0, 1.0]",0.0,0,True
17,269,0.8452982306480408,0.53125,2.896289825439453,1.9577150344848633,5.933197021484375,0.2966598868370056,"[0.05000000074505806, 0.05000000074505806, 0.05000000074505806, 0.05000000074505806]","[1.0, 1.0, 1.0, 1.0]",0.0,0,True
17,270,0.6979284882545471,0.625,2.752181053161621,1.8166277408599854,5.571781158447266,0.27858906984329224,"[0.05000000074505806, 0.05000000074505806, 0.05000000074505806, 0.05000000074505806]","[1.0, 1.0, 1.0, 1.0]",0.0,0,True
17,271,0.9773087501525879,0.5,1.7991629838943481,1.5581728219985962,3.0481374263763428,0.15240687131881714,"[0.05000000074505806, 0.05000000074505806, 0.05000000074505806, 0.05000000074505806]","[1.0, 1.0, 1.0, 1.0]",0.0,0,True
17,272,0.9420607089996338,0.59375,2.72687029838562,1.93817138671875,5.140740394592285,0.2570370137691498,"[0.05000000074505806, 0.05000000074505806, 0.05000000074505806, 0.05000000074505806]","[1.0, 1.0, 1.0, 1.0]",0.0,0,True
17,273,0.722429096698761,0.59375,2.406428813934326,1.5999499559402466,5.031128883361816,0.2515564262866974,"[0.05000000074505806, 0.05000000074505806, 0.05000000074505806, 0.05000000074505806]","[1.0, 1.0, 1.0, 1.0]",0.0,0,True
17,274,1.0744175910949707,0.53125,2.2594404220581055,1.9218462705612183,4.825439453125,0.2412720024585724,"[0.05000000074505806, 0.05000000074505806, 0.05000000074505806, 0.05000000074505806]","[1.0, 1.0, 1.0, 1.0]",0.0,0,True
17,275,1.0843716859817505,0.46875,2.4815564155578613,1.950497031211853,5.2354278564453125,0.26177138090133667,"[0.05000000074505806, 0.05000000074505806, 0.05000000074505806, 0.05000000074505806]","[1.0, 1.0, 1.0, 1.0]",0.0,0,True
17,276,0.9916087985038757,0.5625,2.387899875640869,1.9321410655975342,4.9830098152160645,0.24915048480033875,"[0.05000000074505806, 0.05000000074505806, 0.05000000074505806, 0.05000000074505806]","[1.0, 1.0, 1.0, 1.0]",0.0,0,True
17,277,0.7726978063583374,0.625,2.1293320655822754,1.761857032775879,4.993516445159912,0.24967584013938904,"[0.05000000074505806, 0.05000000074505806, 0.05000000074505806, 0.05000000074505806]","[1.0, 1.0, 1.0, 1.0]",0.0,0,True
17,278,0.8890137076377869,0.6875,2.2444658279418945,1.7706069946289062,3.6806225776672363,0.18403112888336182,"[0.05000000074505806, 0.05000000074505806, 0.05000000074505806, 0.05000000074505806]","[1.0, 1.0, 1.0, 1.0]",0.0,0,True
17,279,1.1427593231201172,0.40625,2.270479917526245,2.009181499481201,4.963368892669678,0.2481684386730194,"[0.05000000074505806, 0.05000000074505806, 0.05000000074505806, 0.05000000074505806]","[1.0, 1.0, 1.0, 1.0]",0.0,0,True
17,280,0.7198920249938965,0.75,1.9331392049789429,1.7362250089645386,3.2575314044952393,0.16287657618522644,"[0.05000000074505806, 0.05000000074505806, 0.05000000074505806, 0.05000000074505806]","[1.0, 1.0, 1.0, 1.0]",0.0,0,True
17,281,0.9287999272346497,0.5625,2.449516534805298,1.8459482192993164,4.7421112060546875,0.2371055781841278,"[0.05000000074505806, 0.05000000074505806, 0.05000000074505806, 0.05000000074505806]","[1.0, 1.0, 1.0, 1.0]",0.0,0,True
17,282,0.7300390601158142,0.8125,2.1221706867218018,1.5954861640930176,4.016366004943848,0.17161819338798523,"[0.05000000074505806, 0.05000000074505806, 0.02500000037252903, 0.05000000074505806]","[1.0, 1.0, 2.0, 1.0]",0.0,0,True
17,283,0.7888957858085632,0.53125,1.7759175300598145,1.6300910711288452,3.5616862773895264,0.1478644162416458,"[0.02500000037252903, 0.05000000074505806, 0.05000000074505806, 0.05000000074505806]","[2.0, 1.0, 1.0, 1.0]",0.0,0,True
17,284,0.9981687068939209,0.59375,2.6079111099243164,1.842026710510254,6.518752098083496,0.3259376287460327,"[0.05000000074505806, 0.05000000074505806, 0.05000000074505806, 0.05000000074505806]","[1.0, 1.0, 1.0, 1.0]",0.0,0,True
17,285,0.5586016178131104,0.8125,2.2213351726531982,1.638517141342163,4.219837188720703,0.21099187433719635,"[0.05000000074505806, 0.05000000074505806, 0.05000000074505806, 0.05000000074505806]","[1.0, 1.0, 1.0, 1.0]",0.0,0,True
17,286,0.9068874716758728,0.5,1.7938015460968018,1.4553093910217285,3.5933547019958496,0.13950634002685547,"[0.05000000074505806, 0.05000000074505806, 0.02500000037252903, 0.05000000074505806]","[1.0, 1.0, 2.0, 1.0]",0.0,0,True
17,287,0.8898252248764038,0.5,1.8682844638824463,1.5958366394042969,3.17057466506958,0.15852874517440796,"[0.05000000074505806, 0.05000000074505806, 0.05000000074505806, 0.05000000074505806]","[1.0, 1.0, 1.0, 1.0]",0.0,0,True
17,288,0.789033830165863,0.6875,2.267267942428589,1.644046664237976,4.386048316955566,0.21930241584777832,"[0.05000000074505806, 0.05000000074505806, 0.05000000074505806, 0.05000000074505806]","[1.0, 1.0, 1.0, 1.0]",0.0,0,True
17,289,0.8366307020187378,0.6875,2.0245399475097656,1.696793794631958,2.7447712421417236,0.13723856210708618,"[0.05000000074505806, 0.05000000074505806, 0.05000000074505806, 0.05000000074505806]","[1.0, 1.0, 1.0, 1.0]",0.0,0,True
17,290,1.0432382822036743,0.53125,2.839948892593384,2.0492238998413086,6.387857437133789,0.3193928599357605,"[0.05000000074505806, 0.05000000074505806, 0.05000000074505806, 0.05000000074505806]","[1.0, 1.0, 1.0, 1.0]",0.0,0,True
17,291,0.7931693196296692,0.6875,2.4858574867248535,1.9163355827331543,3.9881153106689453,0.1994057595729828,"[0.05000000074505806, 0.05000000074505806, 0.05000000074505806, 0.05000000074505806]","[1.0, 1.0, 1.0, 1.0]",0.0,0,True
17,292,1.1433558464050293,0.5,2.626507043838501,2.272549629211426,5.915677070617676,0.2957838773727417,"[0.05000000074505806, 0.05000000074505806, 0.05000000074505806, 0.05000000074505806]","[1.0, 1.0, 1.0, 1.0]",0.0,0,True
17,293,0.7380777597427368,0.625,1.9771735668182373,1.6630157232284546,3.5653772354125977,0.1527079939842224,"[0.02500000037252903, 0.05000000074505806, 0.05000000074505806, 0.05000000074505806]","[2.0, 1.0, 1.0, 1.0]",0.0,0,True
17,294,0.6551417708396912,0.75,1.8915799856185913,1.675879955291748,2.7507517337799072,0.13753759860992432,"[0.05000000074505806, 0.05000000074505806, 0.05000000074505806, 0.05000000074505806]","[1.0, 1.0, 1.0, 1.0]",0.0,0,True
17,295,0.6714707016944885,0.9375,2.5378639698028564,1.7199699878692627,4.023220062255859,0.2011609971523285,"[0.05000000074505806, 0.05000000074505806, 0.05000000074505806, 0.05000000074505806]","[1.0, 1.0, 1.0, 1.0]",0.0,0,True
17,296,0.6718571186065674,0.84375,2.6957297325134277,1.7010475397109985,4.4375529289245605,0.22187766432762146,"[0.05000000074505806, 0.05000000074505806, 0.05000000074505806, 0.05000000074505806]","[1.0, 1.0, 1.0, 1.0]",0.0,0,True
17,297,0.8934240341186523,0.65625,2.2876877784729004,1.494412899017334,5.016486167907715,0.20061540603637695,"[0.05000000074505806, 0.05000000074505806, 0.02500000037252903, 0.05000000074505806]","[1.0, 1.0, 2.0, 1.0]",0.0,0,True
17,298,0.73117595911026,0.65625,2.080202579498291,1.8592360019683838,3.2661375999450684,0.16330689191818237,"[0.05000000074505806, 0.05000000074505806, 0.05000000074505806, 0.05000000074505806]","[1.0, 1.0, 1.0, 1.0]",0.0,0,True
17,299,0.7804893851280212,0.65625,1.9060219526290894,1.7071847915649414,4.091343879699707,0.20456719398498535,"[0.05000000074505806, 0.05000000074505806, 0.05000000074505806, 0.05000000074505806]","[1.0, 1.0, 1.0, 1.0]",0.0,0,True
17,300,0.7993773818016052,0.625,2.1545960903167725,1.6516404151916504,4.383559703826904,0.2191779911518097,"[0.05000000074505806, 0.05000000074505806, 0.05000000074505806, 0.05000000074505806]","[1.0, 1.0, 1.0, 1.0]",0.0,0,True
17,301,0.672454297542572,0.59375,1.8965976238250732,1.7375801801681519,3.4986653327941895,0.17493325471878052,"[0.05000000074505806, 0.05000000074505806, 0.05000000074505806, 0.05000000074505806]","[1.0, 1.0, 1.0, 1.0]",0.0,0,True
17,302,0.752479076385498,0.53125,2.039538621902466,1.6491649150848389,3.6920464038848877,0.18460232019424438,"[0.05000000074505806, 0.05000000074505806, 0.05000000074505806, 0.05000000074505806]","[1.0, 1.0, 1.0, 1.0]",0.0,0,True
17,303,0.6514195799827576,0.90625,2.0143396854400635,1.6403294801712036,3.9715170860290527,0.19857585430145264,"[0.05000000074505806, 0.05000000074505806, 0.05000000074505806, 0.05000000074505806]","[1.0, 1.0, 1.0, 1.0]",0.0,0,True
17,304,0.7709269523620605,0.75,2.3197479248046875,1.762669563293457,3.7381324768066406,0.1869066208600998,"[0.05000000074505806, 0.05000000074505806, 0.05000000074505806, 0.05000000074505806]","[1.0, 1.0, 1.0, 1.0]",0.0,0,True
17,305,0.8215867280960083,0.59375,1.843031883239746,1.6171247959136963,2.6157093048095703,0.13078546524047852,"[0.05000000074505806, 0.05000000074505806, 0.05000000074505806, 0.05000000074505806]","[1.0, 1.0, 1.0, 1.0]",0.0,0,True
17,306,1.0901756286621094,0.375,2.5917623043060303,1.8361526727676392,5.965325355529785,0.2982662618160248,"[0.05000000074505806, 0.05000000074505806, 0.05000000074505806, 0.05000000074505806]","[1.0, 1.0, 1.0, 1.0]",0.0,0,True
17,307,0.7143099904060364,0.6875,2.262415885925293,1.7842413187026978,3.6484665870666504,0.18242332339286804,"[0.05000000074505806, 0.05000000074505806, 0.05000000074505806, 0.05000000074505806]","[1.0, 1.0, 1.0, 1.0]",0.0,0,True
17,308,0.6609542369842529,0.71875,2.1508445739746094,1.7179224491119385,3.8424172401428223,0.19212085008621216,"[0.05000000074505806, 0.05000000074505806, 0.05000000074505806, 0.05000000074505806]","[1.0, 1.0, 1.0, 1.0]",0.0,0,True
17,309,0.712549090385437,0.65625,2.279050827026367,1.7494924068450928,5.180129051208496,0.25900644063949585,"[0.05000000074505806, 0.05000000074505806, 0.05000000074505806, 0.05000000074505806]","[1.0, 1.0, 1.0, 1.0]",0.0,0,True
17,310,0.7914563417434692,0.5,1.8924471139907837,1.7367388010025024,3.95011830329895,0.197505921125412,"[0.05000000074505806, 0.05000000074505806, 0.05000000074505806, 0.05000000074505806]","[1.0, 1.0, 1.0, 1.0]",0.0,0,True
17,311,0.6254282593727112,0.75,2.3393900394439697,1.6483393907546997,3.6561379432678223,0.18280690908432007,"[0.05000000074505806, 0.05000000074505806, 0.05000000074505806, 0.05000000074505806]","[1.0, 1.0, 1.0, 1.0]",0.0,0,True
17,312,0.7078832983970642,0.75,1.981791377067566,1.6156537532806396,3.030941963195801,0.15154708921909332,"[0.05000000074505806, 0.05000000074505806, 0.05000000074505806, 0.05000000074505806]","[1.0, 1.0, 1.0, 1.0]",0.0,0,True
17,313,0.8872831463813782,0.625,2.3886799812316895,1.7482526302337646,3.7276787757873535,0.18638396263122559,"[0.05000000074505806, 0.05000000074505806, 0.05000000074505806, 0.05000000074505806]","[1.0, 1.0, 1.0, 1.0]",0.0,0,True
17,314,0.7190239429473877,0.65625,2.6186933517456055,1.7217040061950684,4.629415512084961,0.2314707487821579,"[0.05000000074505806, 0.05000000074505806, 0.05000000074505806, 0.05000000074505806]","[1.0, 1.0, 1.0, 1.0]",0.0,0,True
17,315,0.8529934883117676,0.5625,2.0778965950012207,1.7285385131835938,3.694479465484619,0.18472398817539215,"[0.05000000074505806, 0.05000000074505806, 0.05000000074505806, 0.05000000074505806]","[1.0, 1.0, 1.0, 1.0]",0.0,0,True
17,316,0.7610419392585754,0.65625,2.3441193103790283,1.9009323120117188,4.650731563568115,0.23253658413887024,"[0.05000000074505806, 0.05000000074505806, 0.05000000074505806, 0.05000000074505806]","[1.0, 1.0, 1.0, 1.0]",0.0,0,True
17,317,0.8991270661354065,0.6875,1.688387155532837,1.581725835800171,2.3685336112976074,0.11842668801546097,"[0.05000000074505806, 0.05000000074505806, 0.05000000074505806, 0.05000000074505806]","[1.0, 1.0, 1.0, 1.0]",0.0,0,True
17,318,0.8533780574798584,0.6875,2.3141651153564453,1.8210787773132324,4.618535041809082,0.2309267669916153,"[0.05000000074505806, 0.05000000074505806, 0.05000000074505806, 0.05000000074505806]","[1.0, 1.0, 1.0, 1.0]",0.0,0,True
17,319,0.6396207213401794,0.78125,2.1888489723205566,1.8411134481430054,3.8110785484313965,0.1905539333820343,"[0.05000000074505806, 0.05000000074505806, 0.05000000074505806, 0.05000000074505806]","[1.0, 1.0, 1.0, 1.0]",0.0,0,True
17,320,0.8650830984115601,0.6875,2.3867650032043457,1.7462408542633057,4.190258026123047,0.2095128893852234,"[0.05000000074505806, 0.05000000074505806, 0.05000000074505806, 0.05000000074505806]","[1.0, 1.0, 1.0, 1.0]",0.0,0,True
17,321,0.8645699620246887,0.5,2.32110595703125,1.573326587677002,3.6951775550842285,0.18475887179374695,"[0.05000000074505806, 0.05000000074505806, 0.05000000074505806, 0.05000000074505806]","[1.0, 1.0, 1.0, 1.0]",0.0,0,True
17,322,0.7500577569007874,0.78125,2.1952788829803467,1.9850763082504272,4.135801792144775,0.20679010450839996,"[0.05000000074505806, 0.05000000074505806, 0.05000000074505806, 0.05000000074505806]","[1.0, 1.0, 1.0, 1.0]",0.0,0,True
17,323,0.6982930898666382,0.5625,1.8411321640014648,1.7077209949493408,2.9213004112243652,0.14606501162052155,"[0.05000000074505806, 0.05000000074505806, 0.05000000074505806, 0.05000000074505806]","[1.0, 1.0, 1.0, 1.0]",0.0,0,True
17,324,0.9031789898872375,0.5625,3.2708520889282227,2.1445257663726807,6.702779769897461,0.3351389765739441,"[0.05000000074505806, 0.05000000074505806, 0.05000000074505806, 0.05000000074505806]","[1.0, 1.0, 1.0, 1.0]",0.0,0,True
17,325,0.754478931427002,0.59375,2.454458713531494,1.789699673652649,4.796961307525635,0.2053542286157608,"[0.05000000074505806, 0.05000000074505806, 0.02500000037252903, 0.05000000074505806]","[1.0, 1.0, 2.0, 1.0]",0.0,0,True
17,326,1.0480985641479492,0.5625,2.234002113342285,1.7556853294372559,3.7753305435180664,0.18876653909683228,"[0.05000000074505806, 0.05000000074505806, 0.05000000074505806, 0.05000000074505806]","[1.0, 1.0, 1.0, 1.0]",0.0,0,True
17,327,0.7439898252487183,0.59375,2.0897328853607178,1.7476003170013428,3.562229633331299,0.1781114935874939,"[0.05000000074505806, 0.05000000074505806, 0.05000000074505806, 0.05000000074505806]","[1.0, 1.0, 1.0, 1.0]",0.0,0,True
17,328,0.784271240234375,0.65625,1.9913743734359741,1.6760729551315308,3.9320859909057617,0.19660428166389465,"[0.05000000074505806, 0.05000000074505806, 0.05000000074505806, 0.05000000074505806]","[1.0, 1.0, 1.0, 1.0]",0.0,0,True
17,329,0.8326747417449951,0.59375,2.301670789718628,1.9307529926300049,4.699546813964844,0.2349773645401001,"[0.05000000074505806, 0.05000000074505806, 0.05000000074505806, 0.05000000074505806]","[1.0, 1.0, 1.0, 1.0]",0.0,0,True
17,330,0.8465179204940796,0.5,1.9956896305084229,1.8268264532089233,3.475734233856201,0.1737867146730423,"[0.05000000074505806, 0.05000000074505806, 0.05000000074505806, 0.05000000074505806]","[1.0, 1.0, 1.0, 1.0]",0.0,0,True
17,331,0.6552369594573975,0.625,2.1916661262512207,1.6155667304992676,3.8443045616149902,0.192215234041214,"[0.05000000074505806, 0.05000000074505806, 0.05000000074505806, 0.05000000074505806]","[1.0, 1.0, 1.0, 1.0]",0.0,0,True
17,332,0.9609452486038208,0.53125,2.11332368850708,1.695020079612732,3.222815990447998,0.1611407995223999,"[0.05000000074505806, 0.05000000074505806, 0.05000000074505806, 0.05000000074505806]","[1.0, 1.0, 1.0, 1.0]",0.0,0,True
17,333,0.6223084330558777,0.90625,2.724545955657959,1.8053029775619507,5.473892688751221,0.27369463443756104,"[0.05000000074505806, 0.05000000074505806, 0.05000000074505806, 0.05000000074505806]","[1.0, 1.0, 1.0, 1.0]",0.0,0,True
17,334,0.8217872381210327,0.65625,2.1371209621429443,1.7978370189666748,3.831221103668213,0.19156105816364288,"[0.05000000074505806, 0.05000000074505806, 0.05000000074505806, 0.05000000074505806]","[1.0, 1.0, 1.0, 1.0]",0.0,0,True
17,335,0.8455072045326233,0.6875,1.9437980651855469,1.731327772140503,4.123710632324219,0.20618554949760437,"[0.05000000074505806, 0.05000000074505806, 0.05000000074505806, 0.05000000074505806]","[1.0, 1.0, 1.0, 1.0]",0.0,0,True
17,336,0.6906367540359497,0.78125,1.8871195316314697,1.7113698720932007,3.577517509460449,0.14199991524219513,"[0.02500000037252903, 0.05000000074505806, 0.05000000074505806, 0.05000000074505806]","[2.0, 1.0, 1.0, 1.0]",0.0,0,True
17,337,0.7770266532897949,0.5,2.1755926609039307,1.6785986423492432,4.375388145446777,0.17434978485107422,"[0.02500000037252903, 0.05000000074505806, 0.05000000074505806, 0.05000000074505806]","[2.0, 1.0, 1.0, 1.0]",0.0,0,True
17,338,0.8254567980766296,0.6875,2.204096555709839,1.8894321918487549,4.588356971740723,0.2294178605079651,"[0.05000000074505806, 0.05000000074505806, 0.05000000074505806, 0.05000000074505806]","[1.0, 1.0, 1.0, 1.0]",0.0,0,True
17,339,0.7794572710990906,0.5625,1.993578314781189,1.5917868614196777,3.55527925491333,0.17776396870613098,"[0.05000000074505806, 0.05000000074505806, 0.05000000074505806, 0.05000000074505806]","[1.0, 1.0, 1.0, 1.0]",0.0,0,True
17,340,0.7053123116493225,0.75,2.7979841232299805,1.8368362188339233,4.993617057800293,0.24968087673187256,"[0.05000000074505806, 0.05000000074505806, 0.05000000074505806, 0.05000000074505806]","[1.0, 1.0, 1.0, 1.0]",0.0,0,True
17,341,0.7487785220146179,0.75,2.514798164367676,1.7877123355865479,4.388114929199219,0.21940575540065765,"[0.05000000074505806, 0.05000000074505806, 0.05000000074505806, 0.05000000074505806]","[1.0, 1.0, 1.0, 1.0]",0.0,0,True
17,342,0.6657046675682068,0.59375,2.226431131362915,1.8216092586517334,5.196941375732422,0.25984707474708557,"[0.05000000074505806, 0.05000000074505806, 0.05000000074505806, 0.05000000074505806]","[1.0, 1.0, 1.0, 1.0]",0.0,0,True
17,343,0.5207889676094055,0.8125,1.9937541484832764,1.7579431533813477,3.0813512802124023,0.15406754612922668,"[0.05000000074505806, 0.05000000074505806, 0.05000000074505806, 0.05000000074505806]","[1.0, 1.0, 1.0, 1.0]",0.0,0,True
17,344,0.9183611273765564,0.5,2.047626495361328,1.593858242034912,3.7942893505096436,0.1897144764661789,"[0.05000000074505806, 0.05000000074505806, 0.05000000074505806, 0.05000000074505806]","[1.0, 1.0, 1.0, 1.0]",0.0,0,True
17,345,0.7980051636695862,0.6875,1.7637128829956055,1.6893274784088135,2.39544677734375,0.11977232992649078,"[0.05000000074505806, 0.05000000074505806, 0.05000000074505806, 0.05000000074505806]","[1.0, 1.0, 1.0, 1.0]",0.0,0,True
17,346,0.9445629715919495,0.625,2.2436203956604004,1.9092304706573486,5.0915703773498535,0.20036131143569946,"[0.05000000074505806, 0.05000000074505806, 0.02500000037252903, 0.05000000074505806]","[1.0, 1.0, 2.0, 1.0]",0.0,0,True
17,347,0.5491794347763062,0.8125,1.867975115776062,1.65799081325531,2.917372703552246,0.14586865901947021,"[0.05000000074505806, 0.05000000074505806, 0.05000000074505806, 0.05000000074505806]","[1.0, 1.0, 1.0, 1.0]",0.0,0,True
17,348,0.6528932452201843,0.75,2.1659095287323,1.7085634469985962,3.415128707885742,0.17075642943382263,"[0.05000000074505806, 0.05000000074505806, 0.05000000074505806, 0.05000000074505806]","[1.0, 1.0, 1.0, 1.0]",0.0,0,True
17,349,0.7617402672767639,0.75,2.913886785507202,1.7248435020446777,5.396602153778076,0.2698301076889038,"[0.05000000074505806, 0.05000000074505806, 0.05000000074505806, 0.05000000074505806]","[1.0, 1.0, 1.0, 1.0]",0.0,0,True
17,350,0.7982338666915894,0.59375,2.1658501625061035,1.6095770597457886,4.090084552764893,0.16958080232143402,"[0.02500000037252903, 0.05000000074505806, 0.05000000074505806, 0.05000000074505806]","[2.0, 1.0, 1.0, 1.0]",0.0,0,True
17,351,0.7231408357620239,0.625,2.0817666053771973,1.8915317058563232,4.924189567565918,0.17945823073387146,"[0.02500000037252903, 0.05000000074505806, 0.05000000074505806, 0.05000000074505806]","[2.0, 1.0, 1.0, 1.0]",0.0,0,True
17,352,0.7579777240753174,0.75,2.1115009784698486,1.6379985809326172,4.751900672912598,0.23759502172470093,"[0.05000000074505806, 0.05000000074505806, 0.05000000074505806, 0.05000000074505806]","[1.0, 1.0, 1.0, 1.0]",0.0,0,True
17,353,0.7535056471824646,0.65625,2.277695655822754,1.7570717334747314,4.151183128356934,0.20755916833877563,"[0.05000000074505806, 0.05000000074505806, 0.05000000074505806, 0.05000000074505806]","[1.0, 1.0, 1.0, 1.0]",0.0,0,True
17,354,0.7287169694900513,0.6875,2.399888038635254,1.8674999475479126,5.644922256469727,0.28224611282348633,"[0.05000000074505806, 0.05000000074505806, 0.05000000074505806, 0.05000000074505806]","[1.0, 1.0, 1.0, 1.0]",0.0,0,True
17,355,0.7542168498039246,0.6875,2.493363857269287,2.0818800926208496,3.908522605895996,0.1954261213541031,"[0.05000000074505806, 0.05000000074505806, 0.05000000074505806, 0.05000000074505806]","[1.0, 1.0, 1.0, 1.0]",0.0,0,True
17,356,0.6130349040031433,0.84375,1.8677902221679688,1.6216915845870972,2.327672004699707,0.11638358980417252,"[0.05000000074505806, 0.05000000074505806, 0.05000000074505806, 0.05000000074505806]","[1.0, 1.0, 1.0, 1.0]",0.0,0,True
17,357,0.8278958201408386,0.75,2.394162654876709,1.9573713541030884,4.907932758331299,0.24539664387702942,"[0.05000000074505806, 0.05000000074505806, 0.05000000074505806, 0.05000000074505806]","[1.0, 1.0, 1.0, 1.0]",0.0,0,True
17,358,0.7011875510215759,0.5625,2.4757347106933594,1.7201015949249268,4.085187911987305,0.20425939559936523,"[0.05000000074505806, 0.05000000074505806, 0.05000000074505806, 0.05000000074505806]","[1.0, 1.0, 1.0, 1.0]",0.0,0,True
17,359,0.5754897594451904,0.875,2.461240768432617,1.5991311073303223,4.271928787231445,0.2135964334011078,"[0.05000000074505806, 0.05000000074505806, 0.05000000074505806, 0.05000000074505806]","[1.0, 1.0, 1.0, 1.0]",0.0,0,True
17,360,0.9019510746002197,0.5625,2.642399787902832,2.0068681240081787,5.411277770996094,0.27056390047073364,"[0.05000000074505806, 0.05000000074505806, 0.05000000074505806, 0.05000000074505806]","[1.0, 1.0, 1.0, 1.0]",0.0,0,True
17,361,0.7244952321052551,0.6875,2.442155599594116,1.7730815410614014,4.409345626831055,0.22046728432178497,"[0.05000000074505806, 0.05000000074505806, 0.05000000074505806, 0.05000000074505806]","[1.0, 1.0, 1.0, 1.0]",0.0,0,True
17,362,0.5325078368186951,0.875,2.233158588409424,1.7447892427444458,3.1738240718841553,0.1586911976337433,"[0.05000000074505806, 0.05000000074505806, 0.05000000074505806, 0.05000000074505806]","[1.0, 1.0, 1.0, 1.0]",0.0,0,True
17,363,0.6387603282928467,0.875,2.747222661972046,1.6918448209762573,5.214039325714111,0.260701984167099,"[0.05000000074505806, 0.05000000074505806, 0.05000000074505806, 0.05000000074505806]","[1.0, 1.0, 1.0, 1.0]",0.0,0,True
17,364,0.7454320788383484,0.6875,2.3274147510528564,1.7751010656356812,4.716912746429443,0.2358456254005432,"[0.05000000074505806, 0.05000000074505806, 0.05000000074505806, 0.05000000074505806]","[1.0, 1.0, 1.0, 1.0]",0.0,0,True
17,365,0.7497589588165283,0.65625,1.8500103950500488,1.6402947902679443,2.529719829559326,0.12648600339889526,"[0.05000000074505806, 0.05000000074505806, 0.05000000074505806, 0.05000000074505806]","[1.0, 1.0, 1.0, 1.0]",0.0,0,True
17,366,0.8856475949287415,0.59375,2.8002657890319824,2.1167774200439453,5.305660247802734,0.2652830183506012,"[0.05000000074505806, 0.05000000074505806, 0.05000000074505806, 0.05000000074505806]","[1.0, 1.0, 1.0, 1.0]",0.0,0,True
17,367,0.8495055437088013,0.5625,2.0435822010040283,1.7463854551315308,3.4128174781799316,0.17064088582992554,"[0.05000000074505806, 0.05000000074505806, 0.05000000074505806, 0.05000000074505806]","[1.0, 1.0, 1.0, 1.0]",0.0,0,True
17,368,0.6076544523239136,0.8125,2.126112937927246,1.5448514223098755,3.0232107639312744,0.15116053819656372,"[0.05000000074505806, 0.05000000074505806, 0.05000000074505806, 0.05000000074505806]","[1.0, 1.0, 1.0, 1.0]",0.0,0,True
17,369,0.8668428659439087,0.59375,2.2360682487487793,1.9112577438354492,3.488396644592285,0.1744198352098465,"[0.05000000074505806, 0.05000000074505806, 0.05000000074505806, 0.05000000074505806]","[1.0, 1.0, 1.0, 1.0]",0.0,0,True
17,370,0.5895017385482788,0.71875,2.0610804557800293,1.7890942096710205,3.213909387588501,0.16069546341896057,"[0.05000000074505806, 0.05000000074505806, 0.05000000074505806, 0.05000000074505806]","[1.0, 1.0, 1.0, 1.0]",0.0,0,True
17,371,0.6886907815933228,0.8125,2.2095272541046143,1.5870893001556396,4.115115165710449,0.20575575530529022,"[0.05000000074505806, 0.05000000074505806, 0.05000000074505806, 0.05000000074505806]","[1.0, 1.0, 1.0, 1.0]",0.0,0,True
17,372,0.8290608525276184,0.6875,2.184934139251709,1.7090425491333008,4.641368865966797,0.23206846415996552,"[0.05000000074505806, 0.05000000074505806, 0.05000000074505806, 0.05000000074505806]","[1.0, 1.0, 1.0, 1.0]",0.0,0,True
17,373,0.817977786064148,0.65625,2.00938081741333,1.6232025623321533,3.4815523624420166,0.13986772298812866,"[0.02500000037252903, 0.05000000074505806, 0.05000000074505806, 0.05000000074505806]","[2.0, 1.0, 1.0, 1.0]",0.0,0,True
17,374,0.887177586555481,0.5625,2.1645572185516357,1.7600425481796265,3.481278419494629,0.17406393587589264,"[0.05000000074505806, 0.05000000074505806, 0.05000000074505806, 0.05000000074505806]","[1.0, 1.0, 1.0, 1.0]",0.0,0,True
17,375,0.6752303838729858,0.78125,2.1762609481811523,1.6913654804229736,3.6474199295043945,0.18237099051475525,"[0.05000000074505806, 0.05000000074505806, 0.05000000074505806, 0.05000000074505806]","[1.0, 1.0, 1.0, 1.0]",0.0,0,True
17,376,0.683345377445221,0.75,2.7883529663085938,1.7535836696624756,4.796563625335693,0.2398281842470169,"[0.05000000074505806, 0.05000000074505806, 0.05000000074505806, 0.05000000074505806]","[1.0, 1.0, 1.0, 1.0]",0.0,0,True
17,377,0.9812420010566711,0.53125,2.090985059738159,1.7808375358581543,3.818953037261963,0.19094768166542053,"[0.05000000074505806, 0.05000000074505806, 0.05000000074505806, 0.05000000074505806]","[1.0, 1.0, 1.0, 1.0]",0.0,0,True
17,378,0.6981495022773743,0.65625,2.1360878944396973,1.6394848823547363,4.329283714294434,0.16786998510360718,"[0.02500000037252903, 0.05000000074505806, 0.05000000074505806, 0.05000000074505806]","[2.0, 1.0, 1.0, 1.0]",0.0,0,True
17,379,0.6298707127571106,0.75,2.090564250946045,1.7469580173492432,4.047668933868408,0.20238345861434937,"[0.05000000074505806, 0.05000000074505806, 0.05000000074505806, 0.05000000074505806]","[1.0, 1.0, 1.0, 1.0]",0.0,0,True
17,380,1.0079524517059326,0.46875,2.165076732635498,1.708836317062378,4.499324798583984,0.22496625781059265,"[0.05000000074505806, 0.05000000074505806, 0.05000000074505806, 0.05000000074505806]","[1.0, 1.0, 1.0, 1.0]",0.0,0,True
17,381,0.7651364207267761,0.625,2.2165157794952393,1.8588308095932007,4.367271900177002,0.21836359798908234,"[0.05000000074505806, 0.05000000074505806, 0.05000000074505806, 0.05000000074505806]","[1.0, 1.0, 1.0, 1.0]",0.0,0,True
17,382,0.6351664662361145,0.8125,2.601255416870117,2.0338211059570312,3.945530414581299,0.1972765326499939,"[0.05000000074505806, 0.05000000074505806, 0.05000000074505806, 0.05000000074505806]","[1.0, 1.0, 1.0, 1.0]",0.0,0,True
17,383,0.6499930024147034,0.59375,2.360218048095703,1.94504976272583,4.9631571769714355,0.24815784394741058,"[0.05000000074505806, 0.05000000074505806, 0.05000000074505806, 0.05000000074505806]","[1.0, 1.0, 1.0, 1.0]",0.0,0,True
17,384,0.6713988184928894,0.6875,1.9635698795318604,1.5635042190551758,2.710287094116211,0.13551437854766846,"[0.05000000074505806, 0.05000000074505806, 0.05000000074505806, 0.05000000074505806]","[1.0, 1.0, 1.0, 1.0]",0.0,0,True
17,385,0.7827339768409729,0.65625,1.7827799320220947,1.5965843200683594,2.3295741081237793,0.11647871136665344,"[0.05000000074505806, 0.05000000074505806, 0.05000000074505806, 0.05000000074505806]","[1.0, 1.0, 1.0, 1.0]",0.0,0,True
17,386,0.6614710092544556,0.78125,2.0575218200683594,1.831969976425171,3.212327480316162,0.16061636805534363,"[0.05000000074505806, 0.05000000074505806, 0.05000000074505806, 0.05000000074505806]","[1.0, 1.0, 1.0, 1.0]",0.0,0,True
17,387,0.7229284644126892,0.6875,2.2770609855651855,1.648520588874817,4.029911518096924,0.20149558782577515,"[0.05000000074505806, 0.05000000074505806, 0.05000000074505806, 0.05000000074505806]","[1.0, 1.0, 1.0, 1.0]",0.0,0,True
17,388,0.9473158121109009,0.4375,2.1660561561584473,1.7623252868652344,4.099802017211914,0.20499008893966675,"[0.05000000074505806, 0.05000000074505806, 0.05000000074505806, 0.05000000074505806]","[1.0, 1.0, 1.0, 1.0]",0.0,0,True
17,389,0.7955752015113831,0.6875,2.801687479019165,2.2415575981140137,5.314203262329102,0.26571017503738403,"[0.05000000074505806, 0.05000000074505806, 0.05000000074505806, 0.05000000074505806]","[1.0, 1.0, 1.0, 1.0]",0.0,0,True
17,390,0.7039181590080261,0.5,1.9460303783416748,1.5357739925384521,3.002047061920166,0.15010236203670502,"[0.05000000074505806, 0.05000000074505806, 0.05000000074505806, 0.05000000074505806]","[1.0, 1.0, 1.0, 1.0]",0.0,0,True
17,391,0.8673080801963806,0.53125,2.5432889461517334,1.6452420949935913,4.843287944793701,0.24216438829898834,"[0.05000000074505806, 0.05000000074505806, 0.05000000074505806, 0.05000000074505806]","[1.0, 1.0, 1.0, 1.0]",0.0,0,True
17,392,0.7670830488204956,0.6875,2.00518536567688,1.6988798379898071,3.0850582122802734,0.15425291657447815,"[0.05000000074505806, 0.05000000074505806, 0.05000000074505806, 0.05000000074505806]","[1.0, 1.0, 1.0, 1.0]",0.0,0,True
17,393,0.7407461404800415,0.6875,2.771627426147461,1.7810828685760498,5.189889430999756,0.25949448347091675,"[0.05000000074505806, 0.05000000074505806, 0.05000000074505806, 0.05000000074505806]","[1.0, 1.0, 1.0, 1.0]",0.0,0,True
17,394,0.7211558818817139,0.75,2.294686794281006,1.9199466705322266,4.166748046875,0.20833739638328552,"[0.05000000074505806, 0.05000000074505806, 0.05000000074505806, 0.05000000074505806]","[1.0, 1.0, 1.0, 1.0]",0.0,0,True
17,395,0.7299480438232422,0.625,2.275662422180176,1.6433006525039673,4.009932994842529,0.20049667358398438,"[0.05000000074505806, 0.05000000074505806, 0.05000000074505806, 0.05000000074505806]","[1.0, 1.0, 1.0, 1.0]",0.0,0,True
17,396,0.7140023708343506,0.71875,2.0022425651550293,1.8112990856170654,3.4990925788879395,0.1749546378850937,"[0.05000000074505806, 0.05000000074505806, 0.05000000074505806, 0.05000000074505806]","[1.0, 1.0, 1.0, 1.0]",0.0,0,True
17,397,0.6627024412155151,0.65625,2.1315503120422363,1.7660448551177979,3.3899013996124268,0.16949507594108582,"[0.05000000074505806, 0.05000000074505806, 0.05000000074505806, 0.05000000074505806]","[1.0, 1.0, 1.0, 1.0]",0.0,0,True
17,398,0.738215446472168,0.625,2.0731682777404785,1.9071202278137207,3.5433692932128906,0.17716845870018005,"[0.05000000074505806, 0.05000000074505806, 0.05000000074505806, 0.05000000074505806]","[1.0, 1.0, 1.0, 1.0]",0.0,0,True
17,399,0.7284116744995117,0.75,2.0370731353759766,1.6051747798919678,2.9084653854370117,0.1454232931137085,"[0.05000000074505806, 0.05000000074505806, 0.05000000074505806, 0.05000000074505806]","[1.0, 1.0, 1.0, 1.0]",0.0,0,True
17,400,0.7639016509056091,0.5,2.1334118843078613,1.6723902225494385,3.64509916305542,0.18225497007369995,"[0.05000000074505806, 0.05000000074505806, 0.05000000074505806, 0.05000000074505806]","[1.0, 1.0, 1.0, 1.0]",0.0,0,True
27,1,2.273752212524414,0.125,2.0283565521240234,1.6997244358062744,5.989110946655273,0.13540199398994446,"[0.012500000186264515, 0.05000000074505806, 0.012500000186264515, 0.05000000074505806]","[3.0, 1.0, 3.0, 1.0]",0.0,0,True
27,2,1.9295923709869385,0.40625,1.9709564447402954,1.81794273853302,7.055489540100098,0.20841631293296814,"[0.05000000074505806, 0.05000000074505806, 0.012500000186264515, 0.05000000074505806]","[1.0, 1.0, 3.0, 1.0]",0.0,0,True
27,3,2.2149739265441895,0.125,1.8244893550872803,1.6290667057037354,6.186784744262695,0.11230303347110748,"[0.012500000186264515, 0.05000000074505806, 0.012500000186264515, 0.05000000074505806]","[3.0, 1.0, 3.0, 1.0]",0.0,0,True
27,4,1.2002546787261963,0.59375,1.8687270879745483,1.6637539863586426,6.48808479309082,0.17022870481014252,"[0.02500000037252903, 0.05000000074505806, 0.012500000186264515, 0.05000000074505806]","[2.0, 1.0, 3.0, 1.0]",0.0,0,True
27,5,2.9808812141418457,0.3125,2.170366048812866,2.0054519176483154,6.696962356567383,0.25803419947624207,"[0.05000000074505806, 0.05000000074505806, 0.012500000186264515, 0.05000000074505806]","[1.0, 1.0, 3.0, 1.0]",0.0,0,True
27,6,1.7435117959976196,0.0625,1.9333465099334717,1.533435583114624,6.850606918334961,0.14785626530647278,"[0.012500000186264515, 0.05000000074505806, 0.012500000186264515, 0.05000000074505806]","[3.0, 1.0, 3.0, 1.0]",0.0,0,True
27,7,1.6659018993377686,0.375,2.108858108520508,1.9317882061004639,7.492619514465332,0.21532876789569855,"[0.02500000037252903, 0.05000000074505806, 0.02500000037252903, 0.05000000074505806]","[2.0, 1.0, 2.0, 1.0]",0.0,0,True
27,8,2.0201592445373535,0.125,2.2067313194274902,1.8481159210205078,6.948630332946777,0.24165743589401245,"[0.012500000186264515, 0.05000000074505806, 0.05000000074505806, 0.05000000074505806]","[3.0, 1.0, 1.0, 1.0]",0.0,0,True
27,9,2.066803455352783,0.28125,1.9235637187957764,1.6964256763458252,5.215365409851074,0.19911614060401917,"[0.05000000074505806, 0.05000000074505806, 0.012500000186264515, 0.05000000074505806]","[1.0, 1.0, 3.0, 1.0]",0.0,0,True
27,10,1.6127294301986694,0.09375,2.063690185546875,1.5915969610214233,6.483752250671387,0.1762496381998062,"[0.012500000186264515, 0.05000000074505806, 0.02500000037252903, 0.05000000074505806]","[3.0, 1.0, 2.0, 1.0]",0.0,0,True
27,11,1.211896300315857,0.34375,1.835526943206787,1.6118311882019043,6.20986270904541,0.14777874946594238,"[0.012500000186264515, 0.05000000074505806, 0.02500000037252903, 0.05000000074505806]","[3.0, 1.0, 2.0, 1.0]",0.0,0,True
27,12,2.0931613445281982,0.3125,2.2075676918029785,2.0031776428222656,6.974480628967285,0.2764837443828583,"[0.05000000074505806, 0.05000000074505806, 0.02500000037252903, 0.05000000074505806]","[1.0, 1.0, 2.0, 1.0]",0.0,0,True
27,13,1.705513834953308,0.0625,1.9510326385498047,1.562978744506836,4.558933734893799,0.13684558868408203,"[0.02500000037252903, 0.05000000074505806, 0.02500000037252903, 0.05000000074505806]","[2.0, 1.0, 2.0, 1.0]",0.0,0,True
27,14,1.3952170610427856,0.15625,2.0142412185668945,1.663940191268921,7.324732780456543,0.17303454875946045,"[0.012500000186264515, 0.05000000074505806, 0.02500000037252903, 0.05000000074505806]","[3.0, 1.0, 2.0, 1.0]",0.0,0,True
27,15,1.3604339361190796,0.34375,1.9200730323791504,1.6692066192626953,5.786410331726074,0.1692347526550293,"[0.02500000037252903, 0.05000000074505806, 0.02500000037252903, 0.05000000074505806]","[2.0, 1.0, 2.0, 1.0]",0.0,0,True
27,16,1.2864266633987427,0.3125,1.9374003410339355,1.549567461013794,5.720180034637451,0.15937435626983643,"[0.02500000037252903, 0.05000000074505806, 0.012500000186264515, 0.05000000074505806]","[2.0, 1.0, 3.0, 1.0]",0.0,0,True
27,17,1.420592188835144,0.21875,1.804443597793579,1.4301986694335938,5.542675971984863,0.1531534343957901,"[0.02500000037252903, 0.05000000074505806, 0.012500000186264515, 0.05000000074505806]","[2.0, 1.0, 3.0, 1.0]",0.0,0,True
27,18,1.7995325326919556,0.1875,2.2195780277252197,1.84822678565979,6.453993320465088,0.2604534924030304,"[0.05000000074505806, 0.05000000074505806, 0.012500000186264515, 0.05000000074505806]","[1.0, 1.0, 3.0, 1.0]",0.0,0,True
27,19,2.620467185974121,0.25,2.2347183227539062,1.9501357078552246,6.872995376586914,0.22738656401634216,"[0.012500000186264515, 0.05000000074505806, 0.05000000074505806, 0.05000000074505806]","[3.0, 1.0, 1.0, 1.0]",0.0,0,True
27,20,1.5123556852340698,0.25,2.200594902038574,1.9242610931396484,9.516724586486816,0.23006200790405273,"[0.012500000186264515, 0.05000000074505806, 0.02500000037252903, 0.05000000074505806]","[3.0, 1.0, 2.0, 1.0]",0.0,0,True
27,21,2.683687210083008,0.0,2.189440965652466,1.7589702606201172,6.338184356689453,0.2426985800266266,"[0.05000000074505806, 0.05000000074505806, 0.012500000186264515, 0.05000000074505806]","[1.0, 1.0, 3.0, 1.0]",0.0,0,True
27,22,2.5695226192474365,0.0625,2.6048736572265625,1.9640130996704102,7.89534854888916,0.3141542375087738,"[0.05000000074505806, 0.05000000074505806, 0.02500000037252903, 0.05000000074505806]","[1.0, 1.0, 2.0, 1.0]",0.0,0,True
27,23,2.532899856567383,0.0,2.494631767272949,1.7658920288085938,6.8187150955200195,0.28066176176071167,"[0.012500000186264515, 0.05000000074505806, 0.05000000074505806, 0.05000000074505806]","[3.0, 1.0, 1.0, 1.0]",0.0,0,True
27,24,2.1951029300689697,0.28125,2.154601573944092,1.9366841316223145,7.142344951629639,0.17039474844932556,"[0.02500000037252903, 0.05000000074505806, 0.012500000186264515, 0.05000000074505806]","[2.0, 1.0, 3.0, 1.0]",0.0,0,True
27,25,1.5830291509628296,0.09375,2.4484403133392334,1.8045012950897217,8.118536949157715,0.29589974880218506,"[0.012500000186264515, 0.05000000074505806, 0.05000000074505806, 0.05000000074505806]","[3.0, 1.0, 1.0, 1.0]",0.0,0,True
27,26,2.098196029663086,0.1875,2.0464069843292236,1.6873506307601929,4.922508716583252,0.14295010268688202,"[0.02500000037252903, 0.05000000074505806, 0.012500000186264515, 0.05000000074505806]","[2.0, 1.0, 3.0, 1.0]",0.0,0,True
27,27,1.4133827686309814,0.40625,2.2180912494659424,1.8010207414627075,5.051589012145996,0.21248292922973633,"[0.02500000037252903, 0.05000000074505806, 0.05000000074505806, 0.05000000074505806]","[2.0, 1.0, 1.0, 1.0]",0.0,0,True
27,28,1.4024784564971924,0.53125,1.8083419799804688,1.5789707899093628,5.243812561035156,0.10778498649597168,"[0.012500000186264515, 0.05000000074505806, 0.012500000186264515, 0.05000000074505806]","[3.0, 1.0, 3.0, 1.0]",0.0,0,True
27,29,0.9073864817619324,0.75,1.7051239013671875,1.5200177431106567,6.251702785491943,0.11851849406957626,"[0.012500000186264515, 0.05000000074505806, 0.012500000186264515, 0.05000000074505806]","[3.0, 1.0, 3.0, 1.0]",0.0,0,True
27,30,1.4642198085784912,0.15625,1.6219995021820068,1.4967315196990967,3.7546284198760986,0.08521738648414612,"[0.012500000186264515, 0.05000000074505806, 0.012500000186264515, 0.05000000074505806]","[3.0, 1.0, 3.0, 1.0]",0.0,0,True
27,31,2.0684752464294434,0.28125,1.9439536333084106,1.7711488008499146,5.760493278503418,0.15750716626644135,"[0.02500000037252903, 0.05000000074505806, 0.012500000186264515, 0.05000000074505806]","[2.0, 1.0, 3.0, 1.0]",0.0,0,True
27,32,1.5734764337539673,0.40625,2.046800374984741,1.729469656944275,6.344322204589844,0.18049490451812744,"[0.02500000037252903, 0.05000000074505806, 0.02500000037252903, 0.05000000074505806]","[2.0, 1.0, 2.0, 1.0]",0.0,0,True
27,33,1.2553863525390625,0.21875,2.5898067951202393,1.8709596395492554,7.4444403648376465,0.2912718951702118,"[0.05000000074505806, 0.05000000074505806, 0.02500000037252903, 0.05000000074505806]","[1.0, 1.0, 2.0, 1.0]",0.0,0,True
27,34,1.4027323722839355,0.28125,2.2407989501953125,2.1394314765930176,7.089646339416504,0.2624358534812927,"[0.05000000074505806, 0.05000000074505806, 0.02500000037252903, 0.05000000074505806]","[1.0, 1.0, 2.0, 1.0]",0.0,0,True
27,35,1.4498142004013062,0.0625,1.88829505443573,1.6777455806732178,6.777703285217285,0.15105605125427246,"[0.02500000037252903, 0.05000000074505806, 0.012500000186264515, 0.05000000074505806]","[2.0, 1.0, 3.0, 1.0]",0.0,0,True
27,36,2.454314708709717,0.125,2.0766799449920654,1.7250332832336426,7.49810791015625,0.2671804428100586,"[0.05000000074505806, 0.05000000074505806, 0.012500000186264515, 0.05000000074505806]","[1.0, 1.0, 3.0, 1.0]",0.0,0,True
27,37,1.412889003753662,0.40625,2.496077537536621,1.974429965019226,6.553210258483887,0.283174991607666,"[0.05000000074505806, 0.05000000074505806, 0.02500000037252903, 0.05000000074505806]","[1.0, 1.0, 2.0, 1.0]",0.0,0,True
27,38,1.075161099433899,0.5,1.824289083480835,1.5733366012573242,6.164549827575684,0.14717063307762146,"[0.02500000037252903, 0.05000000074505806, 0.012500000186264515, 0.05000000074505806]","[2.0, 1.0, 3.0, 1.0]",0.0,0,True
27,39,2.265329122543335,0.375,2.1697068214416504,1.8395607471466064,7.82494592666626,0.33234459161758423,"[0.05000000074505806, 0.05000000074505806, 0.012500000186264515, 0.05000000074505806]","[1.0, 1.0, 3.0, 1.0]",0.0,0,True
27,40,1.5176968574523926,0.125,2.0476183891296387,1.6698098182678223,6.193708419799805,0.20263682305812836,"[0.012500000186264515, 0.05000000074505806, 0.05000000074505806, 0.05000000074505806]","[3.0, 1.0, 1.0, 1.0]",0.0,0,True
27,41,1.7774988412857056,0.375,1.881927490234375,1.6428048610687256,4.5238776206970215,0.12846383452415466,"[0.012500000186264515, 0.05000000074505806, 0.02500000037252903, 0.05000000074505806]","[3.0, 1.0, 2.0, 1.0]",0.0,0,True
27,42,1.8171850442886353,0.28125,2.111624240875244,1.615376591682434,4.966397285461426,0.2043435424566269,"[0.05000000074505806, 0.05000000074505806, 0.012500000186264515, 0.05000000074505806]","[1.0, 1.0, 3.0, 1.0]",0.0,0,True
27,43,1.053809404373169,0.6875,2.067340612411499,1.6276214122772217,7.022587776184082,0.1914440244436264,"[0.012500000186264515, 0.05000000074505806, 0.05000000074505806, 0.05000000074505806]","[3.0, 1.0, 1.0, 1.0]",0.0,0,True
27,44,1.5716153383255005,0.34375,1.8807449340820312,1.6120363473892212,5.745960235595703,0.11078746616840363,"[0.012500000186264515, 0.05000000074505806, 0.012500000186264515, 0.05000000074505806]","[3.0, 1.0, 3.0, 1.0]",0.0,0,True
27,45,1.140009880065918,0.375,1.6128437519073486,1.4778321981430054,4.016468048095703,0.0863274484872818,"[0.012500000186264515, 0.05000000074505806, 0.012500000186264515, 0.05000000074505806]","[3.0, 1.0, 3.0, 1.0]",0.0,0,True
27,46,1.312461018562317,0.1875,1.6627545356750488,1.4900962114334106,3.1986091136932373,0.11121833324432373,"[0.02500000037252903, 0.05000000074505806, 0.02500000037252903, 0.05000000074505806]","[2.0, 1.0, 2.0, 1.0]",0.0,0,True
27,47,1.9267628192901611,0.15625,1.8168425559997559,1.6611101627349854,4.739573955535889,0.18031033873558044,"[0.02500000037252903, 0.05000000074505806, 0.05000000074505806, 0.05000000074505806]","[2.0, 1.0, 1.0, 1.0]",0.0,0,True
27,48,1.4620949029922485,0.34375,1.8497403860092163,1.559995412826538,5.717337608337402,0.1054973155260086,"[0.012500000186264515, 0.05000000074505806, 0.012500000186264515, 0.05000000074505806]","[3.0, 1.0, 3.0, 1.0]",0.0,0,True
27,49,1.4523117542266846,0.28125,1.9530255794525146,1.5346827507019043,6.04168701171875,0.15052130818367004,"[0.012500000186264515, 0.05000000074505806, 0.02500000037252903, 0.05000000074505806]","[3.0, 1.0, 2.0, 1.0]",0.0,0,True
27,50,2.054600238800049,0.21875,1.8807411193847656,1.6718389987945557,5.748624801635742,0.1666989028453827,"[0.02500000037252903, 0.05000000074505806, 0.02500000037252903, 0.05000000074505806]","[2.0, 1.0, 2.0, 1.0]",0.0,0,True
27,51,1.520046353340149,0.09375,1.9144320487976074,1.5588021278381348,4.702381134033203,0.12415296584367752,"[0.012500000186264515, 0.05000000074505806, 0.02500000037252903, 0.05000000074505806]","[3.0, 1.0, 2.0, 1.0]",0.0,0,True
27,52,1.8150014877319336,0.28125,2.1998393535614014,1.8923457860946655,7.76283073425293,0.1943819224834442,"[0.012500000186264515, 0.05000000074505806, 0.02500000037252903, 0.05000000074505806]","[3.0, 1.0, 2.0, 1.0]",0.0,0,True
27,53,2.2827823162078857,0.15625,2.593726873397827,2.1750192642211914,9.906475067138672,0.389229416847229,"[0.05000000074505806, 0.05000000074505806, 0.02500000037252903, 0.05000000074505806]","[1.0, 1.0, 2.0, 1.0]",0.0,0,True
27,54,2.392712354660034,0.3125,2.390345573425293,2.2428712844848633,7.546512126922607,0.3773256540298462,"[0.05000000074505806, 0.05000000074505806, 0.05000000074505806, 0.05000000074505806]","[1.0, 1.0, 1.0, 1.0]",0.0,0,True
27,55,1.2403067350387573,0.5625,2.0342817306518555,1.6610567569732666,5.825104713439941,0.15404954552650452,"[0.012500000186264515, 0.05000000074505806, 0.02500000037252903, 0.05000000074505806]","[3.0, 1.0, 2.0, 1.0]",0.0,0,True
27,56,1.083168625831604,0.53125,2.0774898529052734,1.6354821920394897,6.944026947021484,0.17257118225097656,"[0.012500000186264515, 0.05000000074505806, 0.02500000037252903, 0.05000000074505806]","[3.0, 1.0, 2.0, 1.0]",0.0,0,True
27,57,1.5479828119277954,0.25,1.8769147396087646,1.651700735092163,5.657580375671387,0.15503230690956116,"[0.02500000037252903, 0.05000000074505806, 0.012500000186264515, 0.05000000074505806]","[2.0, 1.0, 3.0, 1.0]",0.0,0,True
27,58,2.546790361404419,0.28125,2.2908132076263428,2.0482020378112793,7.938612937927246,0.3172372281551361,"[0.02500000037252903, 0.05000000074505806, 0.05000000074505806, 0.05000000074505806]","[2.0, 1.0, 1.0, 1.0]",0.0,0,True
27,59,1.342856764793396,0.25,1.920445442199707,1.6442137956619263,5.356822967529297,0.16800746321678162,"[0.02500000037252903, 0.05000000074505806, 0.02500000037252903, 0.05000000074505806]","[2.0, 1.0, 2.0, 1.0]",0.0,0,True
27,60,1.2427334785461426,0.5,1.840779423713684,1.6700718402862549,5.174435615539551,0.13582995533943176,"[0.012500000186264515, 0.05000000074505806, 0.02500000037252903, 0.05000000074505806]","[3.0, 1.0, 2.0, 1.0]",0.0,0,True
27,61,1.1619600057601929,0.34375,1.790461540222168,1.460029125213623,5.683396339416504,0.11827492713928223,"[0.012500000186264515, 0.05000000074505806, 0.012500000186264515, 0.05000000074505806]","[3.0, 1.0, 3.0, 1.0]",0.0,0,True
27,62,1.328145146369934,0.28125,1.683171033859253,1.5765609741210938,4.332893371582031,0.12329903244972229,"[0.02500000037252903, 0.05000000074505806, 0.02500000037252903, 0.05000000074505806]","[2.0, 1.0, 2.0, 1.0]",0.0,0,True
27,63,1.3509618043899536,0.4375,1.9562956094741821,1.6247164011001587,6.162651538848877,0.14101579785346985,"[0.012500000186264515, 0.05000000074505806, 0.02500000037252903, 0.05000000074505806]","[3.0, 1.0, 2.0, 1.0]",0.0,0,True
27,64,1.3012056350708008,0.59375,1.8425184488296509,1.647022008895874,4.957218170166016,0.1328355073928833,"[0.012500000186264515, 0.05000000074505806, 0.02500000037252903, 0.05000000074505806]","[3.0, 1.0, 2.0, 1.0]",0.0,0,True
27,65,1.4522018432617188,0.40625,2.1828813552856445,1.7356795072555542,6.342371463775635,0.1550258994102478,"[0.012500000186264515, 0.05000000074505806, 0.02500000037252903, 0.05000000074505806]","[3.0, 1.0, 2.0, 1.0]",0.0,0,True
27,66,1.512175440788269,0.28125,1.8629608154296875,1.6459243297576904,6.525529861450195,0.16704347729682922,"[0.012500000186264515, 0.05000000074505806, 0.02500000037252903, 0.05000000074505806]","[3.0, 1.0, 2.0, 1.0]",0.0,0,True
27,67,0.8796736001968384,0.625,1.6908915042877197,1.5287126302719116,4.2792887687683105,0.13216057419776917,"[0.02500000037252903, 0.05000000074505806, 0.02500000037252903, 0.05000000074505806]","[2.0, 1.0, 2.0, 1.0]",0.0,0,True
27,68,1.2993736267089844,0.4375,1.72720205783844,1.5373799800872803,4.460566520690918,0.14615494012832642,"[0.02500000037252903, 0.05000000074505806, 0.02500000037252903, 0.05000000074505806]","[2.0, 1.0, 2.0, 1.0]",0.0,0,True
27,69,1.2756911516189575,0.375,1.9456781148910522,1.699021339416504,5.140909194946289,0.1997690349817276,"[0.02500000037252903, 0.05000000074505806, 0.05000000074505806, 0.05000000074505806]","[2.0, 1.0, 1.0, 1.0]",0.0,0,True
27,70,2.0241596698760986,0.125,2.0468015670776367,1.805800437927246,6.116086959838867,0.16851173341274261,"[0.02500000037252903, 0.05000000074505806, 0.02500000037252903, 0.05000000074505806]","[2.0, 1.0, 2.0, 1.0]",0.0,0,True
27,71,1.8259222507476807,0.21875,1.822580099105835,1.570435643196106,5.709066390991211,0.09823176264762878,"[0.012500000186264515, 0.05000000074505806, 0.012500000186264515, 0.05000000074505806]","[3.0, 1.0, 3.0, 1.0]",0.0,0,True
27,72,1.3115211725234985,0.46875,1.5998930931091309,1.4515557289123535,3.719407081604004,0.09775330126285553,"[0.02500000037252903, 0.05000000074505806, 0.012500000186264515, 0.05000000074505806]","[2.0, 1.0, 3.0, 1.0]",0.0,0,True
27,73,1.3282591104507446,0.25,1.9139587879180908,1.6534693241119385,5.404865264892578,0.13850875198841095,"[0.012500000186264515, 0.05000000074505806, 0.02500000037252903, 0.05000000074505806]","[3.0, 1.0, 2.0, 1.0]",0.0,0,True
27,74,1.4704116582870483,0.21875,2.1360011100769043,1.8727385997772217,5.426166534423828,0.2713083326816559,"[0.05000000074505806, 0.05000000074505806, 0.05000000074505806, 0.05000000074505806]","[1.0, 1.0, 1.0, 1.0]",0.0,0,True
27,75,1.5540145635604858,0.15625,2.1129181385040283,1.9537029266357422,4.563368797302246,0.2035294473171234,"[0.02500000037252903, 0.05000000074505806, 0.05000000074505806, 0.05000000074505806]","[2.0, 1.0, 1.0, 1.0]",0.0,0,True
27,76,1.5321900844573975,0.1875,1.791572093963623,1.647938847541809,4.765758514404297,0.14157268404960632,"[0.02500000037252903, 0.05000000074505806, 0.02500000037252903, 0.05000000074505806]","[2.0, 1.0, 2.0, 1.0]",0.0,0,True
27,77,1.5485130548477173,0.25,2.018303155899048,1.6787900924682617,5.842309951782227,0.16813641786575317,"[0.02500000037252903, 0.05000000074505806, 0.02500000037252903, 0.05000000074505806]","[2.0, 1.0, 2.0, 1.0]",0.0,0,True
27,78,1.0950262546539307,0.59375,1.7651183605194092,1.5255727767944336,5.014736175537109,0.15466967225074768,"[0.02500000037252903, 0.05000000074505806, 0.02500000037252903, 0.05000000074505806]","[2.0, 1.0, 2.0, 1.0]",0.0,0,True
27,79,1.5476491451263428,0.15625,1.9940463304519653,1.8637027740478516,4.9280853271484375,0.18920806050300598,"[0.05000000074505806, 0.05000000074505806, 0.02500000037252903, 0.05000000074505806]","[1.0, 1.0, 2.0, 1.0]",0.0,0,True
27,80,1.8174710273742676,0.46875,2.4448037147521973,1.8257324695587158,6.838361740112305,0.29983070492744446,"[0.02500000037252903, 0.05000000074505806, 0.05000000074505806, 0.05000000074505806]","[2.0, 1.0, 1.0, 1.0]",0.0,0,True
27,81,1.247359037399292,0.4375,2.0844709873199463,1.7959034442901611,5.874814033508301,0.2721564471721649,"[0.02500000037252903, 0.05000000074505806, 0.05000000074505806, 0.05000000074505806]","[2.0, 1.0, 1.0, 1.0]",0.0,0,True
27,82,1.6025482416152954,0.375,2.0788846015930176,1.8164536952972412,5.536975860595703,0.16958239674568176,"[0.02500000037252903, 0.05000000074505806, 0.02500000037252903, 0.05000000074505806]","[2.0, 1.0, 2.0, 1.0]",0.0,0,True
27,83,1.3326750993728638,0.53125,1.9635515213012695,1.646203637123108,4.978907585144043,0.16328412294387817,"[0.012500000186264515, 0.05000000074505806, 0.05000000074505806, 0.05000000074505806]","[3.0, 1.0, 1.0, 1.0]",0.0,0,True
27,84,1.149736762046814,0.34375,2.397357940673828,1.8083895444869995,7.4291486740112305,0.3069417476654053,"[0.05000000074505806, 0.05000000074505806, 0.02500000037252903, 0.05000000074505806]","[1.0, 1.0, 2.0, 1.0]",0.0,0,True
27,85,1.9110044240951538,0.21875,1.9210799932479858,1.7591073513031006,4.532068729400635,0.11511269956827164,"[0.02500000037252903, 0.05000000074505806, 0.012500000186264515, 0.05000000074505806]","[2.0, 1.0, 3.0, 1.0]",0.0,0,True
27,86,1.2238388061523438,0.4375,2.26204252243042,1.7789082527160645,6.082009315490723,0.23473970592021942,"[0.05000000074505806, 0.05000000074505806, 0.012500000186264515, 0.05000000074505806]","[1.0, 1.0, 3.0, 1.0]",0.0,0,True
27,87,1.2733649015426636,0.28125,1.9645359516143799,1.6796174049377441,5.38580322265625,0.21110817790031433,"[0.02500000037252903, 0.05000000074505806, 0.05000000074505806, 0.05000000074505806]","[2.0, 1.0, 1.0, 1.0]",0.0,0,True
27,88,1.2485135793685913,0.46875,1.805242896080017,1.6076135635375977,4.680563926696777,0.12954992055892944,"[0.012500000186264515, 0.05000000074505806, 0.02500000037252903, 0.05000000074505806]","[3.0, 1.0, 2.0, 1.0]",0.0,0,True
27,89,1.331524133682251,0.53125,1.8334908485412598,1.6185908317565918,4.8694586753845215,0.1613733470439911,"[0.05000000074505806, 0.05000000074505806, 0.012500000186264515, 0.05000000074505806]","[1.0, 1.0, 3.0, 1.0]",0.0,0,True
27,90,1.1656891107559204,0.5,1.7497093677520752,1.590248703956604,4.792328834533691,0.14708009362220764,"[0.02500000037252903, 0.05000000074505806, 0.02500000037252903, 0.05000000074505806]","[2.0, 1.0, 2.0, 1.0]",0.0,0,True
27,91,1.0933430194854736,0.34375,1.8450913429260254,1.5854864120483398,3.9851698875427246,0.12482061982154846,"[0.02500000037252903, 0.05000000074505806, 0.02500000037252903, 0.05000000074505806]","[2.0, 1.0, 2.0, 1.0]",0.0,0,True
27,92,0.8938305377960205,0.65625,1.8056679964065552,1.6051830053329468,4.260514259338379,0.21302571892738342,"[0.05000000074505806, 0.05000000074505806, 0.05000000074505806, 0.05000000074505806]","[1.0, 1.0, 1.0, 1.0]",0.0,0,True
27,93,1.4423710107803345,0.5,1.6913342475891113,1.5613014698028564,4.642014980316162,0.11841531842947006,"[0.02500000037252903, 0.05000000074505806, 0.012500000186264515, 0.05000000074505806]","[2.0, 1.0, 3.0, 1.0]",0.0,0,True
27,94,1.2778900861740112,0.34375,1.8555066585540771,1.615675449371338,4.322936534881592,0.12524722516536713,"[0.02500000037252903, 0.05000000074505806, 0.02500000037252903, 0.05000000074505806]","[2.0, 1.0, 2.0, 1.0]",0.0,0,True
27,95,1.2799628973007202,0.40625,1.8421638011932373,1.5599679946899414,5.298843860626221,0.16676680743694305,"[0.02500000037252903, 0.05000000074505806, 0.02500000037252903, 0.05000000074505806]","[2.0, 1.0, 2.0, 1.0]",0.0,0,True
27,96,1.1903297901153564,0.28125,2.062406301498413,1.8281651735305786,5.905411720275879,0.2120535522699356,"[0.05000000074505806, 0.05000000074505806, 0.012500000186264515, 0.05000000074505806]","[1.0, 1.0, 3.0, 1.0]",0.0,0,True
27,97,1.2401732206344604,0.40625,1.970049262046814,1.7081446647644043,5.221352577209473,0.22222255170345306,"[0.05000000074505806, 0.05000000074505806, 0.012500000186264515, 0.05000000074505806]","[1.0, 1.0, 3.0, 1.0]",0.0,0,True
27,98,0.9869387745857239,0.53125,1.8055715560913086,1.6086041927337646,3.8274922370910645,0.1595190316438675,"[0.02500000037252903, 0.05000000074505806, 0.05000000074505806, 0.05000000074505806]","[2.0, 1.0, 1.0, 1.0]",0.0,0,True
27,99,1.3892927169799805,0.15625,1.6633304357528687,1.5291574001312256,3.6178574562072754,0.14635461568832397,"[0.02500000037252903, 0.05000000074505806, 0.05000000074505806, 0.05000000074505806]","[2.0, 1.0, 1.0, 1.0]",0.0,0,True
27,100,1.3882527351379395,0.3125,1.8771073818206787,1.750502347946167,3.9994263648986816,0.1577126681804657,"[0.05000000074505806, 0.05000000074505806, 0.02500000037252903, 0.05000000074505806]","[1.0, 1.0, 2.0, 1.0]",0.0,0,True
27,101,1.1433368921279907,0.59375,1.7513198852539062,1.6188857555389404,3.453465461730957,0.1129474863409996,"[0.02500000037252903, 0.05000000074505806, 0.02500000037252903, 0.05000000074505806]","[2.0, 1.0, 2.0, 1.0]",0.0,0,True
27,102,1.0901477336883545,0.59375,1.666233777999878,1.5595592260360718,3.652017593383789,0.09722337126731873,"[0.02500000037252903, 0.05000000074505806, 0.012500000186264515, 0.05000000074505806]","[2.0, 1.0, 3.0, 1.0]",0.0,0,True
27,103,1.8961405754089355,0.3125,2.1951398849487305,1.9037189483642578,6.128963470458984,0.2054177224636078,"[0.012500000186264515, 0.05000000074505806, 0.05000000074505806, 0.05000000074505806]","[3.0, 1.0, 1.0, 1.0]",0.0,0,True
27,104,1.4535961151123047,0.21875,1.918694019317627,1.6521819829940796,5.25137996673584,0.15444937348365784,"[0.02500000037252903, 0.05000000074505806, 0.02500000037252903, 0.05000000074505806]","[2.0, 1.0, 2.0, 1.0]",0.0,0,True
27,105,0.9084497690200806,0.71875,1.7345283031463623,1.563194990158081,4.9369964599609375,0.13344761729240417,"[0.02500000037252903, 0.05000000074505806, 0.02500000037252903, 0.05000000074505806]","[2.0, 1.0, 2.0, 1.0]",0.0,0,True
27,106,1.6364185810089111,0.1875,2.008167028427124,1.8254356384277344,5.610280990600586,0.2294013649225235,"[0.02500000037252903, 0.05000000074505806, 0.05000000074505806, 0.05000000074505806]","[2.0, 1.0, 1.0, 1.0]",0.0,0,True
27,107,1.2557858228683472,0.40625,1.719569444656372,1.590820550918579,3.4771158695220947,0.10560435056686401,"[0.02500000037252903, 0.05000000074505806, 0.02500000037252903, 0.05000000074505806]","[2.0, 1.0, 2.0, 1.0]",0.0,0,True
27,108,1.0383535623550415,0.46875,1.9754526615142822,1.7394545078277588,5.228133201599121,0.15613935887813568,"[0.02500000037252903, 0.05000000074505806, 0.02500000037252903, 0.05000000074505806]","[2.0, 1.0, 2.0, 1.0]",0.0,0,True
27,109,1.9797219038009644,0.28125,2.1309807300567627,1.8018231391906738,5.414201736450195,0.22498610615730286,"[0.05000000074505806, 0.05000000074505806, 0.012500000186264515, 0.05000000074505806]","[1.0, 1.0, 3.0, 1.0]",0.0,0,True
27,110,1.20949387550354,0.625,1.9299730062484741,1.671125888824463,3.9937455654144287,0.12128084897994995,"[0.02500000037252903, 0.05000000074505806, 0.02500000037252903, 0.05000000074505806]","[2.0, 1.0, 2.0, 1.0]",0.0,0,True
27,111,1.579366683959961,0.34375,1.9164314270019531,1.7664642333984375,4.786001205444336,0.17873317003250122,"[0.02500000037252903, 0.05000000074505806, 0.05000000074505806, 0.05000000074505806]","[2.0, 1.0, 1.0, 1.0]",0.0,0,True
27,112,0.8759873509407043,0.46875,2.0081522464752197,1.6297690868377686,4.197312831878662,0.17214733362197876,"[0.05000000074505806, 0.05000000074505806, 0.02500000037252903, 0.05000000074505806]","[1.0, 1.0, 2.0, 1.0]",0.0,0,True
27,113,0.9631190299987793,0.5,1.5511072874069214,1.4957606792449951,2.2438125610351562,0.06480018049478531,"[0.012500000186264515, 0.05000000074505806, 0.02500000037252903, 0.05000000074505806]","[3.0, 1.0, 2.0, 1.0]",0.0,0,True
27,114,1.200698733329773,0.3125,2.2388954162597656,1.8603639602661133,5.910628318786621,0.17023134231567383,"[0.02500000037252903, 0.05000000074505806, 0.02500000037252903, 0.05000000074505806]","[2.0, 1.0, 2.0, 1.0]",0.0,0,True
27,115,0.9926747679710388,0.625,1.8478131294250488,1.5662550926208496,4.512134075164795,0.12195663899183273,"[0.02500000037252903, 0.05000000074505806, 0.012500000186264515, 0.05000000074505806]","[2.0, 1.0, 3.0, 1.0]",0.0,0,True
27,116,1.1818021535873413,0.46875,2.134586811065674,1.7562227249145508,5.980757713317871,0.1693495810031891,"[0.02500000037252903, 0.05000000074505806, 0.02500000037252903, 0.05000000074505806]","[2.0, 1.0, 2.0, 1.0]",0.0,0,True
27,117,1.3064991235733032,0.40625,1.815551996231079,1.5942379236221313,5.512548446655273,0.1529359519481659,"[0.02500000037252903, 0.05000000074505806, 0.02500000037252903, 0.05000000074505806]","[2.0, 1.0, 2.0, 1.0]",0.0,0,True
27,118,1.1170536279678345,0.4375,1.699062466621399,1.5169355869293213,3.259498119354248,0.11169712990522385,"[0.02500000037252903, 0.05000000074505806, 0.02500000037252903, 0.05000000074505806]","[2.0, 1.0, 2.0, 1.0]",0.0,0,True
27,119,1.115909457206726,0.65625,1.7039554119110107,1.5123465061187744,3.88238525390625,0.11264762282371521,"[0.012500000186264515, 0.05000000074505806, 0.02500000037252903, 0.05000000074505806]","[3.0, 1.0, 2.0, 1.0]",0.0,0,True
27,120,0.9736641645431519,0.65625,1.9817415475845337,1.6463632583618164,6.2355122566223145,0.17240001261234283,"[0.02500000037252903, 0.05000000074505806, 0.02500000037252903, 0.05000000074505806]","[2.0, 1.0, 2.0, 1.0]",0.0,0,True
27,121,1.2091567516326904,0.5,1.665846347808838,1.587094783782959,2.749194860458374,0.11884898692369461,"[0.05000000074505806, 0.05000000074505806, 0.02500000037252903, 0.05000000074505806]","[1.0, 1.0, 2.0, 1.0]",0.0,0,True
27,122,1.0921711921691895,0.59375,1.9222071170806885,1.6461377143859863,5.072107315063477,0.1476878821849823,"[0.02500000037252903, 0.05000000074505806, 0.02500000037252903, 0.05000000074505806]","[2.0, 1.0, 2.0, 1.0]",0.0,0,True
27,123,1.83625066280365,0.25,1.9672179222106934,1.5927389860153198,4.077999114990234,0.181606262922287,"[0.05000000074505806, 0.05000000074505806, 0.02500000037252903, 0.05000000074505806]","[1.0, 1.0, 2.0, 1.0]",0.0,0,True
27,124,0.9169724583625793,0.6875,1.8468048572540283,1.5563768148422241,4.3437957763671875,0.1370953917503357,"[0.02500000037252903, 0.05000000074505806, 0.02500000037252903, 0.05000000074505806]","[2.0, 1.0, 2.0, 1.0]",0.0,0,True
27,125,1.1892759799957275,0.40625,2.0585460662841797,1.7268004417419434,5.286838054656982,0.1320667266845703,"[0.02500000037252903, 0.05000000074505806, 0.012500000186264515, 0.05000000074505806]","[2.0, 1.0, 3.0, 1.0]",0.0,0,True
27,126,1.0636109113693237,0.46875,1.6492362022399902,1.5236008167266846,3.7296202182769775,0.1051660105586052,"[0.012500000186264515, 0.05000000074505806, 0.02500000037252903, 0.05000000074505806]","[3.0, 1.0, 2.0, 1.0]",0.0,0,True
27,127,1.121852159500122,0.5625,1.6504496335983276,1.5256767272949219,3.3023784160614014,0.12470734119415283,"[0.012500000186264515, 0.05000000074505806, 0.05000000074505806, 0.05000000074505806]","[3.0, 1.0, 1.0, 1.0]",0.0,0,True
27,128,1.5188575983047485,0.46875,2.263381004333496,1.6446399688720703,5.118695259094238,0.2245837301015854,"[0.05000000074505806, 0.05000000074505806, 0.02500000037252903, 0.05000000074505806]","[1.0, 1.0, 2.0, 1.0]",0.0,0,True
27,129,1.1340019702911377,0.65625,2.1330323219299316,1.8498398065567017,6.259949684143066,0.2596326172351837,"[0.05000000074505806, 0.05000000074505806, 0.02500000037252903, 0.05000000074505806]","[1.0, 1.0, 2.0, 1.0]",0.0,0,True
27,130,1.430320143699646,0.53125,1.8584152460098267,1.6397175788879395,3.6048331260681152,0.180241659283638,"[0.05000000074505806, 0.05000000074505806, 0.05000000074505806, 0.05000000074505806]","[1.0, 1.0, 1.0, 1.0]",0.0,0,True
27,131,0.9766809344291687,0.5,1.977064609527588,1.6378108263015747,4.892300605773926,0.14268773794174194,"[0.02500000037252903, 0.05000000074505806, 0.02500000037252903, 0.05000000074505806]","[2.0, 1.0, 2.0, 1.0]",0.0,0,True
27,132,1.1397000551223755,0.59375,2.0909574031829834,1.7314616441726685,4.535062789916992,0.18320545554161072,"[0.02500000037252903, 0.05000000074505806, 0.05000000074505806, 0.05000000074505806]","[2.0, 1.0, 1.0, 1.0]",0.0,0,True
27,133,0.9488282799720764,0.53125,1.771704912185669,1.6486468315124512,4.181704521179199,0.17261260747909546,"[0.02500000037252903, 0.05000000074505806, 0.05000000074505806, 0.05000000074505806]","[2.0, 1.0, 1.0, 1.0]",0.0,0,True
27,134,1.697901964187622,0.15625,2.395418167114258,1.8364708423614502,5.620829105377197,0.2810414731502533,"[0.05000000074505806, 0.05000000074505806, 0.05000000074505806, 0.05000000074505806]","[1.0, 1.0, 1.0, 1.0]",0.0,0,True
27,135,1.0093122720718384,0.59375,1.6876696348190308,1.57004976272583,4.22857666015625,0.12242639064788818,"[0.02500000037252903, 0.05000000074505806, 0.02500000037252903, 0.05000000074505806]","[2.0, 1.0, 2.0, 1.0]",0.0,0,True
27,136,1.6181200742721558,0.40625,1.9853448867797852,1.814915657043457,5.127756118774414,0.20153889060020447,"[0.02500000037252903, 0.05000000074505806, 0.05000000074505806, 0.05000000074505806]","[2.0, 1.0, 1.0, 1.0]",0.0,0,True
27,137,0.9817530512809753,0.59375,1.8909473419189453,1.6303317546844482,3.6090738773345947,0.12511533498764038,"[0.02500000037252903, 0.05000000074505806, 0.02500000037252903, 0.05000000074505806]","[2.0, 1.0, 2.0, 1.0]",0.0,0,True
27,138,0.8872205018997192,0.53125,1.7546712160110474,1.5866106748580933,3.987574815750122,0.15452852845191956,"[0.05000000074505806, 0.05000000074505806, 0.02500000037252903, 0.05000000074505806]","[1.0, 1.0, 2.0, 1.0]",0.0,0,True
27,139,0.788744330406189,0.65625,2.0132670402526855,1.755410075187683,3.7107291221618652,0.13624319434165955,"[0.05000000074505806, 0.05000000074505806, 0.02500000037252903, 0.05000000074505806]","[1.0, 1.0, 2.0, 1.0]",0.0,0,True
27,140,0.9628089070320129,0.53125,2.063401699066162,1.8983685970306396,5.6779632568359375,0.2292904406785965,"[0.02500000037252903, 0.05000000074505806, 0.05000000074505806, 0.05000000074505806]","[2.0, 1.0, 1.0, 1.0]",0.0,0,True
27,141,1.319831371307373,0.34375,2.0719404220581055,1.6767977476119995,3.9859437942504883,0.17524506151676178,"[0.02500000037252903, 0.05000000074505806, 0.05000000074505806, 0.05000000074505806]","[2.0, 1.0, 1.0, 1.0]",0.0,0,True
27,142,1.1086446046829224,0.59375,1.8396661281585693,1.6011730432510376,4.279708385467529,0.12048454582691193,"[0.02500000037252903, 0.05000000074505806, 0.02500000037252903, 0.05000000074505806]","[2.0, 1.0, 2.0, 1.0]",0.0,0,True
27,143,1.1328341960906982,0.46875,1.9092049598693848,1.6621086597442627,4.103321075439453,0.12368421256542206,"[0.02500000037252903, 0.05000000074505806, 0.02500000037252903, 0.05000000074505806]","[2.0, 1.0, 2.0, 1.0]",0.0,0,True
27,144,0.854017972946167,0.59375,1.8301067352294922,1.6979788541793823,3.7460734844207764,0.18730367720127106,"[0.05000000074505806, 0.05000000074505806, 0.05000000074505806, 0.05000000074505806]","[1.0, 1.0, 1.0, 1.0]",0.0,0,True
27,145,0.9111988544464111,0.5625,1.8859882354736328,1.7438035011291504,4.260861873626709,0.13071700930595398,"[0.02500000037252903, 0.05000000074505806, 0.02500000037252903, 0.05000000074505806]","[2.0, 1.0, 2.0, 1.0]",0.0,0,True
27,146,1.0530163049697876,0.34375,1.8183495998382568,1.539504051208496,5.512302398681641,0.11398905515670776,"[0.02500000037252903, 0.05000000074505806, 0.012500000186264515, 0.05000000074505806]","[2.0, 1.0, 3.0, 1.0]",0.0,0,True
27,147,0.9733317494392395,0.65625,1.979501724243164,1.6483155488967896,5.37428092956543,0.1660010814666748,"[0.02500000037252903, 0.05000000074505806, 0.02500000037252903, 0.05000000074505806]","[2.0, 1.0, 2.0, 1.0]",0.0,0,True
27,148,0.7870231866836548,0.8125,1.8094727993011475,1.59126615524292,4.458127021789551,0.13370677828788757,"[0.012500000186264515, 0.05000000074505806, 0.05000000074505806, 0.05000000074505806]","[3.0, 1.0, 1.0, 1.0]",0.0,0,True
27,149,1.0719273090362549,0.5625,2.017444372177124,1.7469558715820312,4.129961013793945,0.16501006484031677,"[0.02500000037252903, 0.05000000074505806, 0.05000000074505806, 0.05000000074505806]","[2.0, 1.0, 1.0, 1.0]",0.0,0,True
27,150,0.906821608543396,0.71875,1.7827094793319702,1.6765310764312744,4.312535285949707,0.19063350558280945,"[0.05000000074505806, 0.05000000074505806, 0.02500000037252903, 0.05000000074505806]","[1.0, 1.0, 2.0, 1.0]",0.0,0,True
27,151,0.7520373463630676,0.8125,1.994211196899414,1.7010490894317627,5.001345157623291,0.1673557162284851,"[0.05000000074505806, 0.05000000074505806, 0.02500000037252903, 0.05000000074505806]","[1.0, 1.0, 2.0, 1.0]",0.0,0,True
27,152,0.7925660610198975,0.65625,2.0652687549591064,1.7586569786071777,4.5021538734436035,0.18446467816829681,"[0.05000000074505806, 0.05000000074505806, 0.02500000037252903, 0.05000000074505806]","[1.0, 1.0, 2.0, 1.0]",0.0,0,True
27,153,1.2003917694091797,0.34375,1.9264469146728516,1.8467388153076172,3.8595383167266846,0.1929769217967987,"[0.05000000074505806, 0.05000000074505806, 0.05000000074505806, 0.05000000074505806]","[1.0, 1.0, 1.0, 1.0]",0.0,0,True
27,154,1.2613277435302734,0.34375,2.0180890560150146,1.7482852935791016,4.308055877685547,0.1282733976840973,"[0.02500000037252903, 0.05000000074505806, 0.02500000037252903, 0.05000000074505806]","[2.0, 1.0, 2.0, 1.0]",0.0,0,True
27,155,1.0968470573425293,0.4375,2.0623486042022705,1.7469104528427124,5.7970476150512695,0.17514389753341675,"[0.02500000037252903, 0.05000000074505806, 0.02500000037252903, 0.05000000074505806]","[2.0, 1.0, 2.0, 1.0]",0.0,0,True
27,156,1.321015477180481,0.34375,2.2973318099975586,1.9358348846435547,5.8438215255737305,0.23715415596961975,"[0.05000000074505806, 0.05000000074505806, 0.02500000037252903, 0.05000000074505806]","[1.0, 1.0, 2.0, 1.0]",0.0,0,True
27,157,0.8775355219841003,0.625,1.6673312187194824,1.5671770572662354,3.185209274291992,0.09220070391893387,"[0.02500000037252903, 0.05000000074505806, 0.02500000037252903, 0.05000000074505806]","[2.0, 1.0, 2.0, 1.0]",0.0,0,True
27,158,0.8119828701019287,0.65625,1.9400449991226196,1.8097326755523682,4.9492716789245605,0.1857215166091919,"[0.05000000074505806, 0.05000000074505806, 0.02500000037252903, 0.05000000074505806]","[1.0, 1.0, 2.0, 1.0]",0.0,0,True
27,159,0.9759625792503357,0.46875,2.3655452728271484,1.8089604377746582,5.0115437507629395,0.2237575352191925,"[0.05000000074505806, 0.05000000074505806, 0.02500000037252903, 0.05000000074505806]","[1.0, 1.0, 2.0, 1.0]",0.0,0,True
27,160,1.1575796604156494,0.4375,1.964005708694458,1.7402390241622925,4.641641616821289,0.18278594315052032,"[0.05000000074505806, 0.05000000074505806, 0.02500000037252903, 0.05000000074505806]","[1.0, 1.0, 2.0, 1.0]",0.0,0,True
27,161,0.9114036560058594,0.625,2.04548978805542,1.8683466911315918,5.371054649353027,0.2685527205467224,"[0.05000000074505806, 0.05000000074505806, 0.05000000074505806, 0.05000000074505806]","[1.0, 1.0, 1.0, 1.0]",0.0,0,True
27,162,1.2029722929000854,0.53125,2.2123117446899414,2.0793776512145996,5.802802562713623,0.2901401221752167,"[0.05000000074505806, 0.05000000074505806, 0.05000000074505806, 0.05000000074505806]","[1.0, 1.0, 1.0, 1.0]",0.0,0,True
27,163,1.3461732864379883,0.4375,2.2158608436584473,1.5321177244186401,4.385730743408203,0.19432640075683594,"[0.02500000037252903, 0.05000000074505806, 0.05000000074505806, 0.05000000074505806]","[2.0, 1.0, 1.0, 1.0]",0.0,0,True
27,164,0.9187283515930176,0.40625,2.1828432083129883,1.8286120891571045,6.175371170043945,0.2388860285282135,"[0.05000000074505806, 0.05000000074505806, 0.02500000037252903, 0.05000000074505806]","[1.0, 1.0, 2.0, 1.0]",0.0,0,True
27,165,0.9562110900878906,0.71875,1.8408609628677368,1.6581716537475586,3.392645835876465,0.13043269515037537,"[0.05000000074505806, 0.05000000074505806, 0.02500000037252903, 0.05000000074505806]","[1.0, 1.0, 2.0, 1.0]",0.0,0,True
27,166,0.9230560064315796,0.5,1.8561503887176514,1.6524958610534668,4.924834251403809,0.1514458954334259,"[0.02500000037252903, 0.05000000074505806, 0.02500000037252903, 0.05000000074505806]","[2.0, 1.0, 2.0, 1.0]",0.0,0,True
27,167,1.1499857902526855,0.5625,1.9976387023925781,1.836246132850647,4.886528015136719,0.18834567070007324,"[0.02500000037252903, 0.05000000074505806, 0.05000000074505806, 0.05000000074505806]","[2.0, 1.0, 1.0, 1.0]",0.0,0,True
27,168,0.9208718538284302,0.65625,1.8127237558364868,1.533223271369934,4.2606096267700195,0.1366681009531021,"[0.02500000037252903, 0.05000000074505806, 0.02500000037252903, 0.05000000074505806]","[2.0, 1.0, 2.0, 1.0]",0.0,0,True
27,169,1.0985060930252075,0.5,2.066380262374878,1.8040940761566162,5.230923175811768,0.26154616475105286,"[0.05000000074505806, 0.05000000074505806, 0.05000000074505806, 0.05000000074505806]","[1.0, 1.0, 1.0, 1.0]",0.0,0,True
27,170,1.136472225189209,0.53125,1.75620698928833,1.5511209964752197,2.6064937114715576,0.1096799373626709,"[0.05000000074505806, 0.05000000074505806, 0.02500000037252903, 0.05000000074505806]","[1.0, 1.0, 2.0, 1.0]",0.0,0,True
27,171,1.0631556510925293,0.34375,1.7928061485290527,1.6478271484375,3.5334067344665527,0.1417504847049713,"[0.02500000037252903, 0.05000000074505806, 0.05000000074505806, 0.05000000074505806]","[2.0, 1.0, 1.0, 1.0]",0.0,0,True
27,172,1.6718641519546509,0.4375,1.9711936712265015,1.7499520778656006,5.617714881896973,0.21254298090934753,"[0.05000000074505806, 0.05000000074505806, 0.012500000186264515, 0.05000000074505806]","[1.0, 1.0, 3.0, 1.0]",0.0,0,True
27,173,1.7451390027999878,0.3125,2.225555419921875,1.9324461221694946,7.290973663330078,0.2883661985397339,"[0.02500000037252903, 0.05000000074505806, 0.05000000074505806, 0.05000000074505806]","[2.0, 1.0, 1.0, 1.0]",0.0,0,True
27,174,1.1285463571548462,0.5,1.6442101001739502,1.4947189092636108,3.1794185638427734,0.09330952167510986,"[0.02500000037252903, 0.05000000074505806, 0.02500000037252903, 0.05000000074505806]","[2.0, 1.0, 2.0, 1.0]",0.0,0,True
27,175,1.336036205291748,0.65625,2.0240354537963867,1.7540360689163208,4.473414421081543,0.22367073595523834,"[0.05000000074505806, 0.05000000074505806, 0.05000000074505806, 0.05000000074505806]","[1.0, 1.0, 1.0, 1.0]",0.0,0,True
27,176,0.9983108639717102,0.5625,2.2136988639831543,1.8807294368743896,4.472679138183594,0.22363394498825073,"[0.05000000074505806, 0.05000000074505806, 0.05000000074505806, 0.05000000074505806]","[1.0, 1.0, 1.0, 1.0]",0.0,0,True
27,177,0.8954843282699585,0.59375,2.0553369522094727,1.7674610614776611,5.445617198944092,0.15979090332984924,"[0.02500000037252903, 0.05000000074505806, 0.02500000037252903, 0.05000000074505806]","[2.0, 1.0, 2.0, 1.0]",0.0,0,True
27,178,1.0268633365631104,0.65625,2.0137295722961426,1.8298373222351074,3.992790699005127,0.19963952898979187,"[0.05000000074505806, 0.05000000074505806, 0.05000000074505806, 0.05000000074505806]","[1.0, 1.0, 1.0, 1.0]",0.0,0,True
27,179,1.0948879718780518,0.4375,2.1789045333862305,1.7670241594314575,4.482801914215088,0.22414010763168335,"[0.05000000074505806, 0.05000000074505806, 0.05000000074505806, 0.05000000074505806]","[1.0, 1.0, 1.0, 1.0]",0.0,0,True
27,180,1.0125834941864014,0.5,1.769212007522583,1.571276307106018,2.815626621246338,0.14078132808208466,"[0.05000000074505806, 0.05000000074505806, 0.05000000074505806, 0.05000000074505806]","[1.0, 1.0, 1.0, 1.0]",0.0,0,True
27,181,0.8398599624633789,0.6875,2.320478916168213,1.8110017776489258,3.428832530975342,0.1531495749950409,"[0.02500000037252903, 0.05000000074505806, 0.05000000074505806, 0.05000000074505806]","[2.0, 1.0, 1.0, 1.0]",0.0,0,True
27,182,1.1268579959869385,0.4375,1.770607829093933,1.552865982055664,2.453629970550537,0.12268149852752686,"[0.05000000074505806, 0.05000000074505806, 0.05000000074505806, 0.05000000074505806]","[1.0, 1.0, 1.0, 1.0]",0.0,0,True
27,183,0.777843177318573,0.65625,1.8214460611343384,1.6618692874908447,4.611783981323242,0.13810980319976807,"[0.02500000037252903, 0.05000000074505806, 0.02500000037252903, 0.05000000074505806]","[2.0, 1.0, 2.0, 1.0]",0.0,0,True
27,184,1.1658143997192383,0.375,2.084960460662842,1.924222707748413,4.874302864074707,0.24371516704559326,"[0.05000000074505806, 0.05000000074505806, 0.05000000074505806, 0.05000000074505806]","[1.0, 1.0, 1.0, 1.0]",0.0,0,True
27,185,0.8700359463691711,0.5625,1.733358383178711,1.5114305019378662,3.4903645515441895,0.11280673742294312,"[0.02500000037252903, 0.05000000074505806, 0.02500000037252903, 0.05000000074505806]","[2.0, 1.0, 2.0, 1.0]",0.0,0,True
27,186,1.0945988893508911,0.4375,1.700501799583435,1.519646167755127,3.2923898696899414,0.10246288776397705,"[0.02500000037252903, 0.05000000074505806, 0.02500000037252903, 0.05000000074505806]","[2.0, 1.0, 2.0, 1.0]",0.0,0,True
27,187,1.0419154167175293,0.5625,1.8836636543273926,1.6735323667526245,3.954009771347046,0.12114299833774567,"[0.02500000037252903, 0.05000000074505806, 0.02500000037252903, 0.05000000074505806]","[2.0, 1.0, 2.0, 1.0]",0.0,0,True
27,188,1.0663416385650635,0.625,1.8207544088363647,1.7650712728500366,3.491994857788086,0.17459973692893982,"[0.05000000074505806, 0.05000000074505806, 0.05000000074505806, 0.05000000074505806]","[1.0, 1.0, 1.0, 1.0]",0.0,0,True
27,189,1.1055291891098022,0.5,1.8835078477859497,1.6012651920318604,3.6123437881469727,0.18061718344688416,"[0.05000000074505806, 0.05000000074505806, 0.05000000074505806, 0.05000000074505806]","[1.0, 1.0, 1.0, 1.0]",0.0,0,True
27,190,1.349363923072815,0.375,2.1737818717956543,1.7551004886627197,4.0993852615356445,0.20496924221515656,"[0.05000000074505806, 0.05000000074505806, 0.05000000074505806, 0.05000000074505806]","[1.0, 1.0, 1.0, 1.0]",0.0,0,True
27,191,1.205512523651123,0.375,1.9813379049301147,1.7932885885238647,5.131476402282715,0.1885083168745041,"[0.02500000037252903, 0.05000000074505806, 0.05000000074505806, 0.05000000074505806]","[2.0, 1.0, 1.0, 1.0]",0.0,0,True
27,192,0.7984303832054138,0.65625,1.8240914344787598,1.6903631687164307,3.932051181793213,0.14721275866031647,"[0.02500000037252903, 0.05000000074505806, 0.05000000074505806, 0.05000000074505806]","[2.0, 1.0, 1.0, 1.0]",0.0,0,True
27,193,0.9091054201126099,0.5625,1.9120821952819824,1.6586956977844238,3.9122233390808105,0.14265204966068268,"[0.02500000037252903, 0.05000000074505806, 0.05000000074505806, 0.05000000074505806]","[2.0, 1.0, 1.0, 1.0]",0.0,0,True
27,194,0.9877583980560303,0.5,1.8337382078170776,1.7219078540802002,3.290428638458252,0.126988485455513,"[0.02500000037252903, 0.05000000074505806, 0.05000000074505806, 0.05000000074505806]","[2.0, 1.0, 1.0, 1.0]",0.0,0,True
27,195,0.9628689885139465,0.53125,1.8567050695419312,1.658778190612793,3.502265453338623,0.17511329054832458,"[0.05000000074505806, 0.05000000074505806, 0.05000000074505806, 0.05000000074505806]","[1.0, 1.0, 1.0, 1.0]",0.0,0,True
27,196,1.1008681058883667,0.4375,1.8353327512741089,1.697919487953186,3.4936609268188477,0.14368392527103424,"[0.02500000037252903, 0.05000000074505806, 0.05000000074505806, 0.05000000074505806]","[2.0, 1.0, 1.0, 1.0]",0.0,0,True
27,197,0.9170675277709961,0.6875,1.8458021879196167,1.5888135433197021,4.135405540466309,0.12257523834705353,"[0.02500000037252903, 0.05000000074505806, 0.02500000037252903, 0.05000000074505806]","[2.0, 1.0, 2.0, 1.0]",0.0,0,True
27,198,1.070097804069519,0.53125,1.6624457836151123,1.539365530014038,2.69852876663208,0.09567780792713165,"[0.05000000074505806, 0.05000000074505806, 0.02500000037252903, 0.05000000074505806]","[1.0, 1.0, 2.0, 1.0]",0.0,0,True
27,199,0.6577172875404358,0.875,1.980132818222046,1.8469116687774658,3.636089563369751,0.18180447816848755,"[0.05000000074505806, 0.05000000074505806, 0.05000000074505806, 0.05000000074505806]","[1.0, 1.0, 1.0, 1.0]",0.0,0,True
27,200,1.3549153804779053,0.53125,2.009833812713623,1.8250658512115479,3.8498427867889404,0.15392979979515076,"[0.02500000037252903, 0.05000000074505806, 0.05000000074505806, 0.05000000074505806]","[2.0, 1.0, 1.0, 1.0]",0.0,0,True
27,201,0.9414739608764648,0.5625,1.8514913320541382,1.6503723859786987,3.6174774169921875,0.13474884629249573,"[0.02500000037252903, 0.05000000074505806, 0.05000000074505806, 0.05000000074505806]","[2.0, 1.0, 1.0, 1.0]",0.0,0,True
27,202,0.9257959723472595,0.625,1.9434702396392822,1.7397754192352295,3.0401744842529297,0.15200874209403992,"[0.05000000074505806, 0.05000000074505806, 0.05000000074505806, 0.05000000074505806]","[1.0, 1.0, 1.0, 1.0]",0.0,0,True
27,203,0.9161446690559387,0.59375,2.021144390106201,1.6239213943481445,3.616030216217041,0.14897671341896057,"[0.05000000074505806, 0.05000000074505806, 0.02500000037252903, 0.05000000074505806]","[1.0, 1.0, 2.0, 1.0]",0.0,0,True
27,204,1.2771682739257812,0.53125,1.9243783950805664,1.700576901435852,4.03566837310791,0.2017834335565567,"[0.05000000074505806, 0.05000000074505806, 0.05000000074505806, 0.05000000074505806]","[1.0, 1.0, 1.0, 1.0]",0.0,0,True
27,205,1.0308717489242554,0.375,1.9330449104309082,1.769507884979248,3.510803461074829,0.17554017901420593,"[0.05000000074505806, 0.05000000074505806, 0.05000000074505806, 0.05000000074505806]","[1.0, 1.0, 1.0, 1.0]",0.0,0,True
27,206,1.0789011716842651,0.5,2.0253920555114746,1.8735897541046143,4.332071304321289,0.2166035771369934,"[0.05000000074505806, 0.05000000074505806, 0.05000000074505806, 0.05000000074505806]","[1.0, 1.0, 1.0, 1.0]",0.0,0,True
27,207,0.882066011428833,0.4375,1.8285236358642578,1.669667363166809,3.344447612762451,0.16722238063812256,"[0.05000000074505806, 0.05000000074505806, 0.05000000074505806, 0.05000000074505806]","[1.0, 1.0, 1.0, 1.0]",0.0,0,True
27,208,0.8861105442047119,0.8125,1.8623685836791992,1.5643891096115112,3.2376294136047363,0.14586302638053894,"[0.02500000037252903, 0.05000000074505806, 0.05000000074505806, 0.05000000074505806]","[2.0, 1.0, 1.0, 1.0]",0.0,0,True
27,209,0.7555760741233826,0.625,2.1726388931274414,1.7271428108215332,4.976894855499268,0.20227693021297455,"[0.05000000074505806, 0.05000000074505806, 0.02500000037252903, 0.05000000074505806]","[1.0, 1.0, 2.0, 1.0]",0.0,0,True
27,210,0.8576821684837341,0.625,1.9356212615966797,1.772005319595337,3.0627007484436035,0.12325496971607208,"[0.02500000037252903, 0.05000000074505806, 0.05000000074505806, 0.05000000074505806]","[2.0, 1.0, 1.0, 1.0]",0.0,0,True
27,211,0.7830756902694702,0.625,2.6913955211639404,1.9779272079467773,5.384190559387207,0.2692095637321472,"[0.05000000074505806, 0.05000000074505806, 0.05000000074505806, 0.05000000074505806]","[1.0, 1.0, 1.0, 1.0]",0.0,0,True
27,212,0.9568315148353577,0.46875,1.9677397012710571,1.6184792518615723,3.2181284427642822,0.1416577249765396,"[0.02500000037252903, 0.05000000074505806, 0.05000000074505806, 0.05000000074505806]","[2.0, 1.0, 1.0, 1.0]",0.0,0,True
27,213,1.043433666229248,0.5,1.7944002151489258,1.6773288249969482,2.9948720932006836,0.13292554020881653,"[0.02500000037252903, 0.05000000074505806, 0.05000000074505806, 0.05000000074505806]","[2.0, 1.0, 1.0, 1.0]",0.0,0,True
27,214,0.9645031094551086,0.4375,1.7750813961029053,1.5529460906982422,2.8865809440612793,0.1443290412425995,"[0.05000000074505806, 0.05000000074505806, 0.05000000074505806, 0.05000000074505806]","[1.0, 1.0, 1.0, 1.0]",0.0,0,True
27,215,0.8994401097297668,0.53125,1.730485439300537,1.6224702596664429,2.3019514083862305,0.11509756743907928,"[0.05000000074505806, 0.05000000074505806, 0.05000000074505806, 0.05000000074505806]","[1.0, 1.0, 1.0, 1.0]",0.0,0,True
27,216,0.7898682355880737,0.53125,1.845329999923706,1.6718127727508545,3.114291191101074,0.12594400346279144,"[0.02500000037252903, 0.05000000074505806, 0.05000000074505806, 0.05000000074505806]","[2.0, 1.0, 1.0, 1.0]",0.0,0,True
27,217,0.7537238001823425,0.84375,1.8277966976165771,1.6102594137191772,2.7633543014526367,0.13816770911216736,"[0.05000000074505806, 0.05000000074505806, 0.05000000074505806, 0.05000000074505806]","[1.0, 1.0, 1.0, 1.0]",0.0,0,True
27,218,1.1196354627609253,0.46875,1.9525363445281982,1.757530927658081,3.328266143798828,0.1664133071899414,"[0.05000000074505806, 0.05000000074505806, 0.05000000074505806, 0.05000000074505806]","[1.0, 1.0, 1.0, 1.0]",0.0,0,True
27,219,0.8894591927528381,0.78125,1.8559813499450684,1.6861752271652222,3.0454771518707275,0.15227386355400085,"[0.05000000074505806, 0.05000000074505806, 0.05000000074505806, 0.05000000074505806]","[1.0, 1.0, 1.0, 1.0]",0.0,0,True
27,220,0.9696301817893982,0.5,1.8190094232559204,1.6792577505111694,2.99467396736145,0.10764705389738083,"[0.02500000037252903, 0.05000000074505806, 0.05000000074505806, 0.05000000074505806]","[2.0, 1.0, 1.0, 1.0]",0.0,0,True
27,221,0.7830658555030823,0.625,1.806743860244751,1.7430064678192139,3.2122135162353516,0.13014063239097595,"[0.02500000037252903, 0.05000000074505806, 0.05000000074505806, 0.05000000074505806]","[2.0, 1.0, 1.0, 1.0]",0.0,0,True
27,222,1.1773229837417603,0.40625,1.6790595054626465,1.5940818786621094,3.0676021575927734,0.11958131939172745,"[0.05000000074505806, 0.05000000074505806, 0.02500000037252903, 0.05000000074505806]","[1.0, 1.0, 2.0, 1.0]",0.0,0,True
27,223,0.6713033318519592,0.84375,1.8333415985107422,1.6961538791656494,2.496018171310425,0.1248009130358696,"[0.05000000074505806, 0.05000000074505806, 0.05000000074505806, 0.05000000074505806]","[1.0, 1.0, 1.0, 1.0]",0.0,0,True
27,224,0.8672501444816589,0.53125,1.8703867197036743,1.6569058895111084,2.5337462425231934,0.12668731808662415,"[0.05000000074505806, 0.05000000074505806, 0.05000000074505806, 0.05000000074505806]","[1.0, 1.0, 1.0, 1.0]",0.0,0,True
27,225,0.9377431273460388,0.5,2.217824935913086,1.86570143699646,4.079484462738037,0.15155094861984253,"[0.02500000037252903, 0.05000000074505806, 0.05000000074505806, 0.05000000074505806]","[2.0, 1.0, 1.0, 1.0]",0.0,0,True
27,226,0.7807282209396362,0.625,2.088616371154785,1.7828311920166016,3.574876546859741,0.17874382436275482,"[0.05000000074505806, 0.05000000074505806, 0.05000000074505806, 0.05000000074505806]","[1.0, 1.0, 1.0, 1.0]",0.0,0,True
27,227,0.8829259872436523,0.5625,1.921203851699829,1.7431833744049072,3.5188262462615967,0.13469208776950836,"[0.05000000074505806, 0.05000000074505806, 0.02500000037252903, 0.05000000074505806]","[1.0, 1.0, 2.0, 1.0]",0.0,0,True
27,228,1.0884743928909302,0.46875,2.2046303749084473,1.8631330728530884,3.549849033355713,0.17749245464801788,"[0.05000000074505806, 0.05000000074505806, 0.05000000074505806, 0.05000000074505806]","[1.0, 1.0, 1.0, 1.0]",0.0,0,True
27,229,0.9666948318481445,0.53125,2.1096415519714355,1.762127161026001,3.730587959289551,0.18652939796447754,"[0.05000000074505806, 0.05000000074505806, 0.05000000074505806, 0.05000000074505806]","[1.0, 1.0, 1.0, 1.0]",0.0,0,True
27,230,0.8818511366844177,0.5625,1.8031446933746338,1.590604305267334,3.7263660430908203,0.11175863444805145,"[0.02500000037252903, 0.05000000074505806, 0.02500000037252903, 0.05000000074505806]","[2.0, 1.0, 2.0, 1.0]",0.0,0,True
27,231,1.1037369966506958,0.65625,2.3233962059020996,1.8327076435089111,3.9076130390167236,0.19538065791130066,"[0.05000000074505806, 0.05000000074505806, 0.05000000074505806, 0.05000000074505806]","[1.0, 1.0, 1.0, 1.0]",0.0,0,True
27,232,0.748445451259613,0.78125,1.858721137046814,1.762800931930542,3.341068744659424,0.1670534461736679,"[0.05000000074505806, 0.05000000074505806, 0.05000000074505806, 0.05000000074505806]","[1.0, 1.0, 1.0, 1.0]",0.0,0,True
27,233,0.7739858627319336,0.625,2.05906343460083,1.7838023900985718,4.358293533325195,0.16703659296035767,"[0.02500000037252903, 0.05000000074505806, 0.05000000074505806, 0.05000000074505806]","[2.0, 1.0, 1.0, 1.0]",0.0,0,True
27,234,1.0016555786132812,0.71875,1.6905224323272705,1.6092889308929443,2.4631495475769043,0.12315748631954193,"[0.05000000074505806, 0.05000000074505806, 0.05000000074505806, 0.05000000074505806]","[1.0, 1.0, 1.0, 1.0]",0.0,0,True
27,235,1.0824476480484009,0.5,2.0935800075531006,1.8745031356811523,4.317758560180664,0.2158879190683365,"[0.05000000074505806, 0.05000000074505806, 0.05000000074505806, 0.05000000074505806]","[1.0, 1.0, 1.0, 1.0]",0.0,0,True
27,236,0.9578626751899719,0.5,1.967610478401184,1.8169158697128296,3.3784523010253906,0.14107587933540344,"[0.05000000074505806, 0.05000000074505806, 0.02500000037252903, 0.05000000074505806]","[1.0, 1.0, 2.0, 1.0]",0.0,0,True
27,237,1.007030963897705,0.5,1.9526991844177246,1.7764400243759155,3.0220351219177246,0.11291348934173584,"[0.05000000074505806, 0.05000000074505806, 0.02500000037252903, 0.05000000074505806]","[1.0, 1.0, 2.0, 1.0]",0.0,0,True
27,238,1.28941810131073,0.46875,2.5191445350646973,1.8710464239120483,5.46164083480835,0.2326781004667282,"[0.02500000037252903, 0.05000000074505806, 0.05000000074505806, 0.05000000074505806]","[2.0, 1.0, 1.0, 1.0]",0.0,0,True
27,239,1.118504524230957,0.46875,2.2566189765930176,1.8678607940673828,4.863319396972656,0.20847412943840027,"[0.02500000037252903, 0.05000000074505806, 0.05000000074505806, 0.05000000074505806]","[2.0, 1.0, 1.0, 1.0]",0.0,0,True
27,240,0.757249116897583,0.5625,1.8043036460876465,1.5826606750488281,3.6638290882110596,0.13788551092147827,"[0.05000000074505806, 0.05000000074505806, 0.02500000037252903, 0.05000000074505806]","[1.0, 1.0, 2.0, 1.0]",0.0,0,True
27,241,1.0341991186141968,0.6875,1.7981369495391846,1.6648380756378174,2.9874682426452637,0.13144944608211517,"[0.02500000037252903, 0.05000000074505806, 0.05000000074505806, 0.05000000074505806]","[2.0, 1.0, 1.0, 1.0]",0.0,0,True
27,242,1.0267043113708496,0.53125,1.8784103393554688,1.7385386228561401,2.897634983062744,0.11390731483697891,"[0.02500000037252903, 0.05000000074505806, 0.05000000074505806, 0.05000000074505806]","[2.0, 1.0, 1.0, 1.0]",0.0,0,True
27,243,0.7393770217895508,0.5,2.0297179222106934,1.6693965196609497,3.7424187660217285,0.14805546402931213,"[0.02500000037252903, 0.05000000074505806, 0.05000000074505806, 0.05000000074505806]","[2.0, 1.0, 1.0, 1.0]",0.0,0,True
27,244,0.8948977589607239,0.65625,2.1538031101226807,1.9083914756774902,3.68850040435791,0.18442502617835999,"[0.05000000074505806, 0.05000000074505806, 0.05000000074505806, 0.05000000074505806]","[1.0, 1.0, 1.0, 1.0]",0.0,0,True
27,245,0.8082460165023804,0.65625,2.2125649452209473,1.951444149017334,5.668739318847656,0.28343698382377625,"[0.05000000074505806, 0.05000000074505806, 0.05000000074505806, 0.05000000074505806]","[1.0, 1.0, 1.0, 1.0]",0.0,0,True
27,246,1.0026663541793823,0.625,2.0236928462982178,1.8678793907165527,3.5021212100982666,0.17510606348514557,"[0.05000000074505806, 0.05000000074505806, 0.05000000074505806, 0.05000000074505806]","[1.0, 1.0, 1.0, 1.0]",0.0,0,True
27,247,0.841354250907898,0.5,1.9209219217300415,1.6966084241867065,4.116574287414551,0.1585063934326172,"[0.05000000074505806, 0.05000000074505806, 0.02500000037252903, 0.05000000074505806]","[1.0, 1.0, 2.0, 1.0]",0.0,0,True
27,248,0.98734050989151,0.46875,2.2825865745544434,2.0649847984313965,4.7390456199646,0.19267013669013977,"[0.02500000037252903, 0.05000000074505806, 0.05000000074505806, 0.05000000074505806]","[2.0, 1.0, 1.0, 1.0]",0.0,0,True
27,249,0.9283860325813293,0.59375,1.9349157810211182,1.6765501499176025,3.8199973106384277,0.14360956847667694,"[0.02500000037252903, 0.05000000074505806, 0.05000000074505806, 0.05000000074505806]","[2.0, 1.0, 1.0, 1.0]",0.0,0,True
27,250,0.6588006019592285,0.78125,1.7760072946548462,1.5638680458068848,2.9803993701934814,0.1490199714899063,"[0.05000000074505806, 0.05000000074505806, 0.05000000074505806, 0.05000000074505806]","[1.0, 1.0, 1.0, 1.0]",0.0,0,True
27,251,0.9671317934989929,0.6875,2.3194284439086914,2.137477397918701,4.062919616699219,0.20314598083496094,"[0.05000000074505806, 0.05000000074505806, 0.05000000074505806, 0.05000000074505806]","[1.0, 1.0, 1.0, 1.0]",0.0,0,True
27,252,0.8015062212944031,0.65625,1.789350986480713,1.5838403701782227,2.8916099071502686,0.1275668740272522,"[0.02500000037252903, 0.05000000074505806, 0.05000000074505806, 0.05000000074505806]","[2.0, 1.0, 1.0, 1.0]",0.0,0,True
27,253,0.7616924047470093,0.6875,1.6883747577667236,1.5868029594421387,2.6807966232299805,0.13403983414173126,"[0.05000000074505806, 0.05000000074505806, 0.05000000074505806, 0.05000000074505806]","[1.0, 1.0, 1.0, 1.0]",0.0,0,True
27,254,0.899196207523346,0.6875,1.8766534328460693,1.7133629322052002,3.280017852783203,0.16400089859962463,"[0.05000000074505806, 0.05000000074505806, 0.05000000074505806, 0.05000000074505806]","[1.0, 1.0, 1.0, 1.0]",0.0,0,True
27,255,1.0165404081344604,0.46875,1.730043888092041,1.5388364791870117,2.3673958778381348,0.11836980283260345,"[0.05000000074505806, 0.05000000074505806, 0.05000000074505806, 0.05000000074505806]","[1.0, 1.0, 1.0, 1.0]",0.0,0,True
27,256,0.9555668830871582,0.53125,1.932340383529663,1.688998818397522,3.518035888671875,0.15339073538780212,"[0.05000000074505806, 0.05000000074505806, 0.02500000037252903, 0.05000000074505806]","[1.0, 1.0, 2.0, 1.0]",0.0,0,True
27,257,0.950411319732666,0.40625,2.140352725982666,1.9511884450912476,4.248111724853516,0.17032723128795624,"[0.02500000037252903, 0.05000000074505806, 0.05000000074505806, 0.05000000074505806]","[2.0, 1.0, 1.0, 1.0]",0.0,0,True
27,258,0.8411258459091187,0.625,1.723134160041809,1.59830641746521,2.775930404663086,0.13879652321338654,"[0.05000000074505806, 0.05000000074505806, 0.05000000074505806, 0.05000000074505806]","[1.0, 1.0, 1.0, 1.0]",0.0,0,True
27,259,0.7740150690078735,0.65625,2.013070583343506,1.7295502424240112,4.234394073486328,0.21171969175338745,"[0.05000000074505806, 0.05000000074505806, 0.05000000074505806, 0.05000000074505806]","[1.0, 1.0, 1.0, 1.0]",0.0,0,True
27,260,0.8414049744606018,0.53125,2.0598220825195312,1.7762229442596436,3.4859256744384766,0.1742962896823883,"[0.05000000074505806, 0.05000000074505806, 0.05000000074505806, 0.05000000074505806]","[1.0, 1.0, 1.0, 1.0]",0.0,0,True
27,261,0.6351900100708008,0.6875,2.08408784866333,1.7135484218597412,3.6821177005767822,0.18410590291023254,"[0.05000000074505806, 0.05000000074505806, 0.05000000074505806, 0.05000000074505806]","[1.0, 1.0, 1.0, 1.0]",0.0,0,True
27,262,0.8795519471168518,0.65625,1.7895314693450928,1.6612600088119507,2.3264851570129395,0.11632426083087921,"[0.05000000074505806, 0.05000000074505806, 0.05000000074505806, 0.05000000074505806]","[1.0, 1.0, 1.0, 1.0]",0.0,0,True
27,263,0.9990898966789246,0.40625,1.920853853225708,1.7150306701660156,3.48519229888916,0.13749894499778748,"[0.05000000074505806, 0.05000000074505806, 0.02500000037252903, 0.05000000074505806]","[1.0, 1.0, 2.0, 1.0]",0.0,0,True
27,264,1.10258150100708,0.5,2.0913045406341553,1.7098032236099243,3.282900333404541,0.16414502263069153,"[0.05000000074505806, 0.05000000074505806, 0.05000000074505806, 0.05000000074505806]","[1.0, 1.0, 1.0, 1.0]",0.0,0,True
27,265,0.8429847955703735,0.5625,1.944627285003662,1.7238893508911133,2.8055403232574463,0.11773188412189484,"[0.02500000037252903, 0.05000000074505806, 0.05000000074505806, 0.05000000074505806]","[2.0, 1.0, 1.0, 1.0]",0.0,0,True
27,266,1.0248314142227173,0.5,1.9050179719924927,1.6813775300979614,2.5566225051879883,0.1278311163187027,"[0.05000000074505806, 0.05000000074505806, 0.05000000074505806, 0.05000000074505806]","[1.0, 1.0, 1.0, 1.0]",0.0,0,True
27,267,0.7069565057754517,0.625,1.9710636138916016,1.8284084796905518,3.62070631980896,0.18103532493114471,"[0.05000000074505806, 0.05000000074505806, 0.05000000074505806, 0.05000000074505806]","[1.0, 1.0, 1.0, 1.0]",0.0,0,True
27,268,0.7884699702262878,0.65625,2.106358766555786,1.777951717376709,3.6725921630859375,0.1626093089580536,"[0.02500000037252903, 0.05000000074505806, 0.05000000074505806, 0.05000000074505806]","[2.0, 1.0, 1.0, 1.0]",0.0,0,True
27,269,0.7524449825286865,0.8125,2.0528512001037598,1.926850438117981,3.1023659706115723,0.15511830151081085,"[0.05000000074505806, 0.05000000074505806, 0.05000000074505806, 0.05000000074505806]","[1.0, 1.0, 1.0, 1.0]",0.0,0,True
27,270,1.1991811990737915,0.4375,1.9719798564910889,1.696955680847168,4.067153453826904,0.16955618560314178,"[0.05000000074505806, 0.05000000074505806, 0.02500000037252903, 0.05000000074505806]","[1.0, 1.0, 2.0, 1.0]",0.0,0,True
27,271,0.5918948650360107,0.78125,2.149505138397217,1.8077423572540283,3.4820101261138916,0.17410051822662354,"[0.05000000074505806, 0.05000000074505806, 0.05000000074505806, 0.05000000074505806]","[1.0, 1.0, 1.0, 1.0]",0.0,0,True
27,272,0.9858925342559814,0.5625,2.208756923675537,2.0838232040405273,4.482110977172852,0.22410553693771362,"[0.05000000074505806, 0.05000000074505806, 0.05000000074505806, 0.05000000074505806]","[1.0, 1.0, 1.0, 1.0]",0.0,0,True
27,273,0.8747001886367798,0.625,1.9483765363693237,1.7024434804916382,2.939082384109497,0.1296587884426117,"[0.05000000074505806, 0.05000000074505806, 0.02500000037252903, 0.05000000074505806]","[1.0, 1.0, 2.0, 1.0]",0.0,0,True
27,274,0.8233850598335266,0.75,1.957310676574707,1.6561596393585205,3.5765044689178467,0.1391284018754959,"[0.02500000037252903, 0.05000000074505806, 0.05000000074505806, 0.05000000074505806]","[2.0, 1.0, 1.0, 1.0]",0.0,0,True
27,275,0.9196937680244446,0.53125,2.3027005195617676,1.9274861812591553,4.004958152770996,0.20024791359901428,"[0.05000000074505806, 0.05000000074505806, 0.05000000074505806, 0.05000000074505806]","[1.0, 1.0, 1.0, 1.0]",0.0,0,True
27,276,0.754742443561554,0.6875,1.7833958864212036,1.635111927986145,2.9712295532226562,0.10676055401563644,"[0.02500000037252903, 0.05000000074505806, 0.05000000074505806, 0.05000000074505806]","[2.0, 1.0, 1.0, 1.0]",0.0,0,True
27,277,0.8613596558570862,0.6875,1.7327330112457275,1.6155900955200195,2.1563892364501953,0.10781945288181305,"[0.05000000074505806, 0.05000000074505806, 0.05000000074505806, 0.05000000074505806]","[1.0, 1.0, 1.0, 1.0]",0.0,0,True
27,278,0.6136355400085449,0.78125,1.9205727577209473,1.712059736251831,3.410214424133301,0.13365983963012695,"[0.02500000037252903, 0.05000000074505806, 0.05000000074505806, 0.05000000074505806]","[2.0, 1.0, 1.0, 1.0]",0.0,0,True
27,279,1.0027310848236084,0.46875,1.8743053674697876,1.7443017959594727,3.280062198638916,0.16400311887264252,"[0.05000000074505806, 0.05000000074505806, 0.05000000074505806, 0.05000000074505806]","[1.0, 1.0, 1.0, 1.0]",0.0,0,True
27,280,0.701272189617157,0.75,2.4360404014587402,1.8796792030334473,3.625250816345215,0.1812625527381897,"[0.05000000074505806, 0.05000000074505806, 0.05000000074505806, 0.05000000074505806]","[1.0, 1.0, 1.0, 1.0]",0.0,0,True
27,281,1.025260090827942,0.53125,1.9918537139892578,1.8267459869384766,2.9956750869750977,0.14978376030921936,"[0.05000000074505806, 0.05000000074505806, 0.05000000074505806, 0.05000000074505806]","[1.0, 1.0, 1.0, 1.0]",0.0,0,True
27,282,1.1280975341796875,0.59375,1.8810988664627075,1.7241042852401733,3.1616921424865723,0.122435562312603,"[0.05000000074505806, 0.05000000074505806, 0.02500000037252903, 0.05000000074505806]","[1.0, 1.0, 2.0, 1.0]",0.0,0,True
27,283,1.0971143245697021,0.5,2.0531561374664307,1.8615624904632568,3.9985907077789307,0.19992953538894653,"[0.05000000074505806, 0.05000000074505806, 0.05000000074505806, 0.05000000074505806]","[1.0, 1.0, 1.0, 1.0]",0.0,0,True
27,284,1.0735498666763306,0.53125,2.223383903503418,1.914847731590271,3.9946484565734863,0.19973242282867432,"[0.05000000074505806, 0.05000000074505806, 0.05000000074505806, 0.05000000074505806]","[1.0, 1.0, 1.0, 1.0]",0.0,0,True
27,285,0.8852068781852722,0.71875,2.628746271133423,2.1028316020965576,3.768441677093506,0.1884220838546753,"[0.05000000074505806, 0.05000000074505806, 0.05000000074505806, 0.05000000074505806]","[1.0, 1.0, 1.0, 1.0]",0.0,0,True
27,286,0.9379502534866333,0.625,2.209460496902466,1.8787360191345215,3.347438335418701,0.167371928691864,"[0.05000000074505806, 0.05000000074505806, 0.05000000074505806, 0.05000000074505806]","[1.0, 1.0, 1.0, 1.0]",0.0,0,True
27,287,0.6250270009040833,0.84375,2.1804471015930176,1.9800975322723389,4.180573463439941,0.2090286761522293,"[0.05000000074505806, 0.05000000074505806, 0.05000000074505806, 0.05000000074505806]","[1.0, 1.0, 1.0, 1.0]",0.0,0,True
27,288,0.7652642726898193,0.75,2.076336145401001,1.7111455202102661,3.061641216278076,0.15308207273483276,"[0.05000000074505806, 0.05000000074505806, 0.05000000074505806, 0.05000000074505806]","[1.0, 1.0, 1.0, 1.0]",0.0,0,True
27,289,1.0430488586425781,0.46875,1.9222376346588135,1.7284901142120361,2.988438129425049,0.14942190051078796,"[0.05000000074505806, 0.05000000074505806, 0.05000000074505806, 0.05000000074505806]","[1.0, 1.0, 1.0, 1.0]",0.0,0,True
27,290,0.9109725952148438,0.53125,1.9945313930511475,1.7883074283599854,3.175905704498291,0.1587952822446823,"[0.05000000074505806, 0.05000000074505806, 0.05000000074505806, 0.05000000074505806]","[1.0, 1.0, 1.0, 1.0]",0.0,0,True
27,291,0.8191583156585693,0.65625,1.8355169296264648,1.611865758895874,2.5274057388305664,0.12637028098106384,"[0.05000000074505806, 0.05000000074505806, 0.05000000074505806, 0.05000000074505806]","[1.0, 1.0, 1.0, 1.0]",0.0,0,True
27,292,0.7219526767730713,0.71875,1.9966042041778564,1.734342336654663,3.117238998413086,0.15586194396018982,"[0.05000000074505806, 0.05000000074505806, 0.05000000074505806, 0.05000000074505806]","[1.0, 1.0, 1.0, 1.0]",0.0,0,True
27,293,0.5904690623283386,0.84375,2.2711405754089355,1.8959157466888428,4.00661563873291,0.20033079385757446,"[0.05000000074505806, 0.05000000074505806, 0.05000000074505806, 0.05000000074505806]","[1.0, 1.0, 1.0, 1.0]",0.0,0,True
27,294,0.7754481434822083,0.6875,2.014251470565796,1.8472458124160767,3.396304130554199,0.16981521248817444,"[0.05000000074505806, 0.05000000074505806, 0.05000000074505806, 0.05000000074505806]","[1.0, 1.0, 1.0, 1.0]",0.0,0,True
27,295,0.6782512664794922,0.71875,1.9668995141983032,1.6980595588684082,3.5724945068359375,0.1424010545015335,"[0.02500000037252903, 0.05000000074505806, 0.05000000074505806, 0.05000000074505806]","[2.0, 1.0, 1.0, 1.0]",0.0,0,True
27,296,0.8863035440444946,0.65625,2.1663129329681396,1.915688395500183,5.002326965332031,0.1465749442577362,"[0.02500000037252903, 0.05000000074505806, 0.02500000037252903, 0.05000000074505806]","[2.0, 1.0, 2.0, 1.0]",0.0,0,True
27,297,1.1040188074111938,0.53125,2.741544485092163,2.1433258056640625,4.277895927429199,0.2138948142528534,"[0.05000000074505806, 0.05000000074505806, 0.05000000074505806, 0.05000000074505806]","[1.0, 1.0, 1.0, 1.0]",0.0,0,True
27,298,1.0002796649932861,0.5,2.296074390411377,1.8874423503875732,4.324747085571289,0.2162373661994934,"[0.05000000074505806, 0.05000000074505806, 0.05000000074505806, 0.05000000074505806]","[1.0, 1.0, 1.0, 1.0]",0.0,0,True
27,299,0.8831032514572144,0.59375,1.9456799030303955,1.8262395858764648,2.7182350158691406,0.135911762714386,"[0.05000000074505806, 0.05000000074505806, 0.05000000074505806, 0.05000000074505806]","[1.0, 1.0, 1.0, 1.0]",0.0,0,True
27,300,0.7453954219818115,0.6875,1.9390740394592285,1.7257295846939087,2.7535037994384766,0.1376751959323883,"[0.05000000074505806, 0.05000000074505806, 0.05000000074505806, 0.05000000074505806]","[1.0, 1.0, 1.0, 1.0]",0.0,0,True
27,301,0.8259533643722534,0.59375,2.037318706512451,1.7779819965362549,3.2112700939178467,0.16056351363658905,"[0.05000000074505806, 0.05000000074505806, 0.05000000074505806, 0.05000000074505806]","[1.0, 1.0, 1.0, 1.0]",0.0,0,True
27,302,1.141027808189392,0.34375,2.5786333084106445,1.8308706283569336,5.037199020385742,0.2518599331378937,"[0.05000000074505806, 0.05000000074505806, 0.05000000074505806, 0.05000000074505806]","[1.0, 1.0, 1.0, 1.0]",0.0,0,True
27,303,0.9927466511726379,0.5,1.7909804582595825,1.6345021724700928,2.8018856048583984,0.1115315780043602,"[0.02500000037252903, 0.05000000074505806, 0.05000000074505806, 0.05000000074505806]","[2.0, 1.0, 1.0, 1.0]",0.0,0,True
27,304,0.7873345613479614,0.71875,2.634568691253662,2.1166038513183594,4.483671188354492,0.22418354451656342,"[0.05000000074505806, 0.05000000074505806, 0.05000000074505806, 0.05000000074505806]","[1.0, 1.0, 1.0, 1.0]",0.0,0,True
27,305,1.3428627252578735,0.53125,2.43284273147583,1.8863095045089722,4.093781471252441,0.20468905568122864,"[0.05000000074505806, 0.05000000074505806, 0.05000000074505806, 0.05000000074505806]","[1.0, 1.0, 1.0, 1.0]",0.0,0,True
27,306,0.9847484827041626,0.5,2.0510873794555664,1.7252143621444702,2.8035287857055664,0.1401764452457428,"[0.05000000074505806, 0.05000000074505806, 0.05000000074505806, 0.05000000074505806]","[1.0, 1.0, 1.0, 1.0]",0.0,0,True
27,307,0.7670827507972717,0.6875,1.9022654294967651,1.729719638824463,2.615543842315674,0.11015547811985016,"[0.05000000074505806, 0.05000000074505806, 0.02500000037252903, 0.05000000074505806]","[1.0, 1.0, 2.0, 1.0]",0.0,0,True
27,308,0.7899579405784607,0.71875,2.041934013366699,1.8254095315933228,3.1498124599456787,0.15749062597751617,"[0.05000000074505806, 0.05000000074505806, 0.05000000074505806, 0.05000000074505806]","[1.0, 1.0, 1.0, 1.0]",0.0,0,True
27,309,1.1046044826507568,0.5,2.3345227241516113,1.9107794761657715,4.602338790893555,0.23011696338653564,"[0.05000000074505806, 0.05000000074505806, 0.05000000074505806, 0.05000000074505806]","[1.0, 1.0, 1.0, 1.0]",0.0,0,True
27,310,0.9472593069076538,0.5,1.8304975032806396,1.6537914276123047,2.7432899475097656,0.13716450333595276,"[0.05000000074505806, 0.05000000074505806, 0.05000000074505806, 0.05000000074505806]","[1.0, 1.0, 1.0, 1.0]",0.0,0,True
27,311,0.9097801446914673,0.5,2.023486852645874,1.7881362438201904,3.0101218223571777,0.15050609409809113,"[0.05000000074505806, 0.05000000074505806, 0.05000000074505806, 0.05000000074505806]","[1.0, 1.0, 1.0, 1.0]",0.0,0,True
27,312,0.7369512319564819,0.5,2.1773762702941895,1.7500433921813965,3.2143568992614746,0.16071787476539612,"[0.05000000074505806, 0.05000000074505806, 0.05000000074505806, 0.05000000074505806]","[1.0, 1.0, 1.0, 1.0]",0.0,0,True
27,313,0.7884273529052734,0.75,2.2800190448760986,1.9400768280029297,3.692049503326416,0.18460246920585632,"[0.05000000074505806, 0.05000000074505806, 0.05000000074505806, 0.05000000074505806]","[1.0, 1.0, 1.0, 1.0]",0.0,0,True
27,314,0.8914821147918701,0.5,1.905989646911621,1.7109711170196533,3.2972216606140137,0.16486109793186188,"[0.05000000074505806, 0.05000000074505806, 0.05000000074505806, 0.05000000074505806]","[1.0, 1.0, 1.0, 1.0]",0.0,0,True
27,315,0.6592098474502563,0.71875,1.82161283493042,1.6891016960144043,2.253960609436035,0.112698033452034,"[0.05000000074505806, 0.05000000074505806, 0.05000000074505806, 0.05000000074505806]","[1.0, 1.0, 1.0, 1.0]",0.0,0,True
27,316,0.7369018197059631,0.65625,2.240194320678711,1.8973748683929443,2.7859439849853516,0.13929720222949982,"[0.05000000074505806, 0.05000000074505806, 0.05000000074505806, 0.05000000074505806]","[1.0, 1.0, 1.0, 1.0]",0.0,0,True
27,317,0.6859511137008667,0.65625,2.0359866619110107,1.6945774555206299,2.696655750274658,0.13483279943466187,"[0.05000000074505806, 0.05000000074505806, 0.05000000074505806, 0.05000000074505806]","[1.0, 1.0, 1.0, 1.0]",0.0,0,True
27,318,0.826400101184845,0.71875,2.073275089263916,1.7661793231964111,3.5136237144470215,0.1756811887025833,"[0.05000000074505806, 0.05000000074505806, 0.05000000074505806, 0.05000000074505806]","[1.0, 1.0, 1.0, 1.0]",0.0,0,True
27,319,0.8211510181427002,0.65625,2.7948834896087646,2.1667330265045166,4.719801902770996,0.23599009215831757,"[0.05000000074505806, 0.05000000074505806, 0.05000000074505806, 0.05000000074505806]","[1.0, 1.0, 1.0, 1.0]",0.0,0,True
27,320,0.7399583458900452,0.8125,2.043572187423706,1.8445320129394531,3.1432042121887207,0.157160222530365,"[0.05000000074505806, 0.05000000074505806, 0.05000000074505806, 0.05000000074505806]","[1.0, 1.0, 1.0, 1.0]",0.0,0,True
27,321,1.0286586284637451,0.5,2.288588047027588,1.9121651649475098,3.9930553436279297,0.1996527910232544,"[0.05000000074505806, 0.05000000074505806, 0.05000000074505806, 0.05000000074505806]","[1.0, 1.0, 1.0, 1.0]",0.0,0,True
27,322,0.9636231064796448,0.59375,1.928520917892456,1.7739348411560059,2.894320011138916,0.14471599459648132,"[0.05000000074505806, 0.05000000074505806, 0.05000000074505806, 0.05000000074505806]","[1.0, 1.0, 1.0, 1.0]",0.0,0,True
27,323,0.7069007754325867,0.625,2.2119061946868896,1.815253734588623,3.34275221824646,0.16713762283325195,"[0.05000000074505806, 0.05000000074505806, 0.05000000074505806, 0.05000000074505806]","[1.0, 1.0, 1.0, 1.0]",0.0,0,True
27,324,0.6972877979278564,0.65625,2.167921543121338,1.7242597341537476,3.172823667526245,0.15864118933677673,"[0.05000000074505806, 0.05000000074505806, 0.05000000074505806, 0.05000000074505806]","[1.0, 1.0, 1.0, 1.0]",0.0,0,True
27,325,0.7402843236923218,0.6875,2.0369505882263184,1.8363456726074219,4.0130109786987305,0.20065052807331085,"[0.05000000074505806, 0.05000000074505806, 0.05000000074505806, 0.05000000074505806]","[1.0, 1.0, 1.0, 1.0]",0.0,0,True
27,326,0.6032159328460693,0.6875,2.104921817779541,1.7875287532806396,3.717440605163574,0.18587201833724976,"[0.05000000074505806, 0.05000000074505806, 0.05000000074505806, 0.05000000074505806]","[1.0, 1.0, 1.0, 1.0]",0.0,0,True
27,327,0.6847418546676636,0.6875,1.987945795059204,1.8789639472961426,3.7362074851989746,0.16171637177467346,"[0.02500000037252903, 0.05000000074505806, 0.05000000074505806, 0.05000000074505806]","[2.0, 1.0, 1.0, 1.0]",0.0,0,True
27,328,0.7130258083343506,0.78125,1.7230327129364014,1.5724210739135742,2.822493076324463,0.1075662225484848,"[0.05000000074505806, 0.05000000074505806, 0.02500000037252903, 0.05000000074505806]","[1.0, 1.0, 2.0, 1.0]",0.0,0,True
27,329,0.6843991279602051,0.75,2.0157504081726074,1.837425947189331,3.19180965423584,0.159590482711792,"[0.05000000074505806, 0.05000000074505806, 0.05000000074505806, 0.05000000074505806]","[1.0, 1.0, 1.0, 1.0]",0.0,0,True
27,330,1.0273103713989258,0.625,1.8696693181991577,1.6730585098266602,2.7251462936401367,0.13625730574131012,"[0.05000000074505806, 0.05000000074505806, 0.05000000074505806, 0.05000000074505806]","[1.0, 1.0, 1.0, 1.0]",0.0,0,True
27,331,0.6447792053222656,0.84375,1.99900221824646,1.7428163290023804,3.4866838455200195,0.17433419823646545,"[0.05000000074505806, 0.05000000074505806, 0.05000000074505806, 0.05000000074505806]","[1.0, 1.0, 1.0, 1.0]",0.0,0,True
27,332,1.0910217761993408,0.59375,1.9506410360336304,1.728714942932129,2.336063861846924,0.11680319160223007,"[0.05000000074505806, 0.05000000074505806, 0.05000000074505806, 0.05000000074505806]","[1.0, 1.0, 1.0, 1.0]",0.0,0,True
27,333,0.7173817753791809,0.625,1.959874153137207,1.8072855472564697,2.7517170906066895,0.13758584856987,"[0.05000000074505806, 0.05000000074505806, 0.05000000074505806, 0.05000000074505806]","[1.0, 1.0, 1.0, 1.0]",0.0,0,True
27,334,0.8000604510307312,0.625,2.037071943283081,1.7426255941390991,2.9541499614715576,0.1477074921131134,"[0.05000000074505806, 0.05000000074505806, 0.05000000074505806, 0.05000000074505806]","[1.0, 1.0, 1.0, 1.0]",0.0,0,True
27,335,0.7809535264968872,0.71875,2.52717924118042,1.9811270236968994,4.266663074493408,0.2133331596851349,"[0.05000000074505806, 0.05000000074505806, 0.05000000074505806, 0.05000000074505806]","[1.0, 1.0, 1.0, 1.0]",0.0,0,True
27,336,0.6563318371772766,0.78125,2.275455951690674,1.9384905099868774,3.433992385864258,0.1716996282339096,"[0.05000000074505806, 0.05000000074505806, 0.05000000074505806, 0.05000000074505806]","[1.0, 1.0, 1.0, 1.0]",0.0,0,True
27,337,0.6576085090637207,0.84375,2.36102294921875,1.8165737390518188,3.449333906173706,0.1724666953086853,"[0.05000000074505806, 0.05000000074505806, 0.05000000074505806, 0.05000000074505806]","[1.0, 1.0, 1.0, 1.0]",0.0,0,True
27,338,0.9328247308731079,0.40625,2.0363757610321045,1.8073906898498535,3.4805240631103516,0.17402619123458862,"[0.05000000074505806, 0.05000000074505806, 0.05000000074505806, 0.05000000074505806]","[1.0, 1.0, 1.0, 1.0]",0.0,0,True
27,339,0.6803666353225708,0.78125,2.253779411315918,1.919939637184143,3.337113380432129,0.16685566306114197,"[0.05000000074505806, 0.05000000074505806, 0.05000000074505806, 0.05000000074505806]","[1.0, 1.0, 1.0, 1.0]",0.0,0,True
27,340,0.9159955978393555,0.59375,2.166163444519043,1.801316499710083,2.98974347114563,0.14948716759681702,"[0.05000000074505806, 0.05000000074505806, 0.05000000074505806, 0.05000000074505806]","[1.0, 1.0, 1.0, 1.0]",0.0,0,True
27,341,1.0336835384368896,0.53125,2.561344861984253,1.813904047012329,4.914474010467529,0.24572370946407318,"[0.05000000074505806, 0.05000000074505806, 0.05000000074505806, 0.05000000074505806]","[1.0, 1.0, 1.0, 1.0]",0.0,0,True
27,342,0.7819582223892212,0.65625,2.4116060733795166,2.091992139816284,4.9968976974487305,0.24984487891197205,"[0.05000000074505806, 0.05000000074505806, 0.05000000074505806, 0.05000000074505806]","[1.0, 1.0, 1.0, 1.0]",0.0,0,True
27,343,0.5988224148750305,0.78125,1.9568240642547607,1.7084182500839233,3.714473009109497,0.18572363257408142,"[0.05000000074505806, 0.05000000074505806, 0.05000000074505806, 0.05000000074505806]","[1.0, 1.0, 1.0, 1.0]",0.0,0,True
27,344,0.8942109942436218,0.65625,1.8203749656677246,1.5858811140060425,2.066467523574829,0.10332338511943817,"[0.05000000074505806, 0.05000000074505806, 0.05000000074505806, 0.05000000074505806]","[1.0, 1.0, 1.0, 1.0]",0.0,0,True
27,345,0.8066518306732178,0.6875,1.9711024761199951,1.7420943975448608,3.360062599182129,0.12843282520771027,"[0.02500000037252903, 0.05000000074505806, 0.05000000074505806, 0.05000000074505806]","[2.0, 1.0, 1.0, 1.0]",0.0,0,True
27,346,0.8676105737686157,0.59375,2.086318016052246,1.9271442890167236,3.6873154640197754,0.18436577916145325,"[0.05000000074505806, 0.05000000074505806, 0.05000000074505806, 0.05000000074505806]","[1.0, 1.0, 1.0, 1.0]",0.0,0,True
27,347,0.8341718912124634,0.78125,2.354620933532715,1.8739111423492432,3.8435158729553223,0.19217580556869507,"[0.05000000074505806, 0.05000000074505806, 0.05000000074505806, 0.05000000074505806]","[1.0, 1.0, 1.0, 1.0]",0.0,0,True
27,348,0.6717525720596313,0.71875,2.389854669570923,1.8948694467544556,3.6143250465393066,0.18071624636650085,"[0.05000000074505806, 0.05000000074505806, 0.05000000074505806, 0.05000000074505806]","[1.0, 1.0, 1.0, 1.0]",0.0,0,True
27,349,1.1017075777053833,0.53125,2.2818634510040283,2.0576064586639404,3.604595899581909,0.1802298128604889,"[0.05000000074505806, 0.05000000074505806, 0.05000000074505806, 0.05000000074505806]","[1.0, 1.0, 1.0, 1.0]",0.0,0,True
27,350,0.9407854080200195,0.5,1.8495575189590454,1.6575896739959717,2.5986900329589844,0.12993450462818146,"[0.05000000074505806, 0.05000000074505806, 0.05000000074505806, 0.05000000074505806]","[1.0, 1.0, 1.0, 1.0]",0.0,0,True
27,351,0.7092006802558899,0.75,2.183790445327759,1.8725290298461914,2.8410744667053223,0.14205370843410492,"[0.05000000074505806, 0.05000000074505806, 0.05000000074505806, 0.05000000074505806]","[1.0, 1.0, 1.0, 1.0]",0.0,0,True
27,352,0.9476224780082703,0.53125,2.2586987018585205,2.0091514587402344,3.5204076766967773,0.17602038383483887,"[0.05000000074505806, 0.05000000074505806, 0.05000000074505806, 0.05000000074505806]","[1.0, 1.0, 1.0, 1.0]",0.0,0,True
27,353,0.8797634243965149,0.5,1.8460941314697266,1.7222654819488525,3.2493534088134766,0.16246768832206726,"[0.05000000074505806, 0.05000000074505806, 0.05000000074505806, 0.05000000074505806]","[1.0, 1.0, 1.0, 1.0]",0.0,0,True
27,354,0.7613890171051025,0.84375,1.8622738122940063,1.675573468208313,3.3754496574401855,0.16877248883247375,"[0.05000000074505806, 0.05000000074505806, 0.05000000074505806, 0.05000000074505806]","[1.0, 1.0, 1.0, 1.0]",0.0,0,True
27,355,0.5335459113121033,0.875,2.041358470916748,1.7889459133148193,3.1873130798339844,0.15936565399169922,"[0.05000000074505806, 0.05000000074505806, 0.05000000074505806, 0.05000000074505806]","[1.0, 1.0, 1.0, 1.0]",0.0,0,True
27,356,0.6798699498176575,0.65625,1.920405626296997,1.7778698205947876,3.534170627593994,0.17670853435993195,"[0.05000000074505806, 0.05000000074505806, 0.05000000074505806, 0.05000000074505806]","[1.0, 1.0, 1.0, 1.0]",0.0,0,True
27,357,0.8744126558303833,0.625,2.449021339416504,1.960490345954895,3.857912063598633,0.19289559125900269,"[0.05000000074505806, 0.05000000074505806, 0.05000000074505806, 0.05000000074505806]","[1.0, 1.0, 1.0, 1.0]",0.0,0,True
27,358,0.8362998962402344,0.65625,2.2512454986572266,1.801865577697754,2.9808053970336914,0.14904028177261353,"[0.05000000074505806, 0.05000000074505806, 0.05000000074505806, 0.05000000074505806]","[1.0, 1.0, 1.0, 1.0]",0.0,0,True
27,359,0.880457878112793,0.6875,2.2090797424316406,1.8920613527297974,3.712233543395996,0.18561168015003204,"[0.05000000074505806, 0.05000000074505806, 0.05000000074505806, 0.05000000074505806]","[1.0, 1.0, 1.0, 1.0]",0.0,0,True
27,360,0.7611873149871826,0.625,2.422511577606201,2.047118663787842,5.25408935546875,0.19774982333183289,"[0.02500000037252903, 0.05000000074505806, 0.05000000074505806, 0.05000000074505806]","[2.0, 1.0, 1.0, 1.0]",0.0,0,True
27,361,0.7341136336326599,0.65625,1.6544300317764282,1.5358456373214722,1.6629915237426758,0.08314958214759827,"[0.05000000074505806, 0.05000000074505806, 0.05000000074505806, 0.05000000074505806]","[1.0, 1.0, 1.0, 1.0]",0.0,0,True
27,362,0.6552866101264954,0.59375,1.8889024257659912,1.7138550281524658,2.682476282119751,0.1341238170862198,"[0.05000000074505806, 0.05000000074505806, 0.05000000074505806, 0.05000000074505806]","[1.0, 1.0, 1.0, 1.0]",0.0,0,True
27,363,0.9006125330924988,0.5,2.570383310317993,1.965703010559082,3.714545488357544,0.18572726845741272,"[0.05000000074505806, 0.05000000074505806, 0.05000000074505806, 0.05000000074505806]","[1.0, 1.0, 1.0, 1.0]",0.0,0,True
27,364,0.7803273797035217,0.5625,2.158409595489502,1.8737159967422485,2.8237576484680176,0.1411879062652588,"[0.05000000074505806, 0.05000000074505806, 0.05000000074505806, 0.05000000074505806]","[1.0, 1.0, 1.0, 1.0]",0.0,0,True
27,365,0.7134913206100464,0.6875,2.366328716278076,1.9367525577545166,3.2358148097991943,0.16179072856903076,"[0.05000000074505806, 0.05000000074505806, 0.05000000074505806, 0.05000000074505806]","[1.0, 1.0, 1.0, 1.0]",0.0,0,True
27,366,1.0325466394424438,0.53125,2.4020562171936035,1.94782555103302,5.075328826904297,0.2537664473056793,"[0.05000000074505806, 0.05000000074505806, 0.05000000074505806, 0.05000000074505806]","[1.0, 1.0, 1.0, 1.0]",0.0,0,True
27,367,0.7940717935562134,0.53125,1.8470406532287598,1.6613028049468994,2.447239637374878,0.12236198782920837,"[0.05000000074505806, 0.05000000074505806, 0.05000000074505806, 0.05000000074505806]","[1.0, 1.0, 1.0, 1.0]",0.0,0,True
27,368,0.7721875905990601,0.65625,2.4542453289031982,2.111104965209961,4.381091117858887,0.21905456483364105,"[0.05000000074505806, 0.05000000074505806, 0.05000000074505806, 0.05000000074505806]","[1.0, 1.0, 1.0, 1.0]",0.0,0,True
27,369,0.7296745777130127,0.75,2.1886773109436035,1.8025944232940674,3.222996234893799,0.16114981472492218,"[0.05000000074505806, 0.05000000074505806, 0.05000000074505806, 0.05000000074505806]","[1.0, 1.0, 1.0, 1.0]",0.0,0,True
27,370,0.76179039478302,0.6875,2.1600847244262695,1.884925365447998,3.9747753143310547,0.19873875379562378,"[0.05000000074505806, 0.05000000074505806, 0.05000000074505806, 0.05000000074505806]","[1.0, 1.0, 1.0, 1.0]",0.0,0,True
27,371,0.6690317988395691,0.78125,2.0286450386047363,1.7630301713943481,2.9731030464172363,0.14865516126155853,"[0.05000000074505806, 0.05000000074505806, 0.05000000074505806, 0.05000000074505806]","[1.0, 1.0, 1.0, 1.0]",0.0,0,True
27,372,0.6441509127616882,0.8125,2.4836785793304443,1.9789981842041016,4.383876800537109,0.21919384598731995,"[0.05000000074505806, 0.05000000074505806, 0.05000000074505806, 0.05000000074505806]","[1.0, 1.0, 1.0, 1.0]",0.0,0,True
27,373,0.8922269940376282,0.59375,2.137838363647461,1.946076512336731,3.1496901512145996,0.1574845016002655,"[0.05000000074505806, 0.05000000074505806, 0.05000000074505806, 0.05000000074505806]","[1.0, 1.0, 1.0, 1.0]",0.0,0,True
27,374,0.863226056098938,0.65625,2.1539883613586426,1.8999301195144653,3.636939287185669,0.1818469762802124,"[0.05000000074505806, 0.05000000074505806, 0.05000000074505806, 0.05000000074505806]","[1.0, 1.0, 1.0, 1.0]",0.0,0,True
27,375,0.8029682636260986,0.5625,2.104750633239746,1.8068864345550537,2.949852466583252,0.14749261736869812,"[0.05000000074505806, 0.05000000074505806, 0.05000000074505806, 0.05000000074505806]","[1.0, 1.0, 1.0, 1.0]",0.0,0,True
27,376,0.7488918900489807,0.59375,2.1651740074157715,1.9082326889038086,2.9080963134765625,0.14540481567382812,"[0.05000000074505806, 0.05000000074505806, 0.05000000074505806, 0.05000000074505806]","[1.0, 1.0, 1.0, 1.0]",0.0,0,True
27,377,0.9547182321548462,0.59375,2.200740337371826,1.91545569896698,4.919544696807861,0.19999194145202637,"[0.05000000074505806, 0.05000000074505806, 0.02500000037252903, 0.05000000074505806]","[1.0, 1.0, 2.0, 1.0]",0.0,0,True
27,378,0.5160578489303589,0.875,2.327406406402588,2.014835834503174,4.20275354385376,0.21013769507408142,"[0.05000000074505806, 0.05000000074505806, 0.05000000074505806, 0.05000000074505806]","[1.0, 1.0, 1.0, 1.0]",0.0,0,True
27,379,0.6182981133460999,0.71875,1.9192442893981934,1.8371152877807617,2.745626211166382,0.13728129863739014,"[0.05000000074505806, 0.05000000074505806, 0.05000000074505806, 0.05000000074505806]","[1.0, 1.0, 1.0, 1.0]",0.0,0,True
27,380,0.7316297292709351,0.65625,1.8955912590026855,1.6937503814697266,2.5163965225219727,0.10337354987859726,"[0.05000000074505806, 0.05000000074505806, 0.02500000037252903, 0.05000000074505806]","[1.0, 1.0, 2.0, 1.0]",0.0,0,True
27,381,0.8088383674621582,0.59375,2.0091724395751953,1.7779326438903809,3.9800872802734375,0.19900435209274292,"[0.05000000074505806, 0.05000000074505806, 0.05000000074505806, 0.05000000074505806]","[1.0, 1.0, 1.0, 1.0]",0.0,0,True
27,382,0.5274733304977417,0.78125,2.127758264541626,1.8808856010437012,2.941047430038452,0.14705237746238708,"[0.05000000074505806, 0.05000000074505806, 0.05000000074505806, 0.05000000074505806]","[1.0, 1.0, 1.0, 1.0]",0.0,0,True
27,383,0.7788278460502625,0.59375,2.016895055770874,1.7809791564941406,2.9576010704040527,0.14788004755973816,"[0.05000000074505806, 0.05000000074505806, 0.05000000074505806, 0.05000000074505806]","[1.0, 1.0, 1.0, 1.0]",0.0,0,True
27,384,0.9622617363929749,0.4375,2.524125576019287,2.064314126968384,4.658417701721191,0.23292091488838196,"[0.05000000074505806, 0.05000000074505806, 0.05000000074505806, 0.05000000074505806]","[1.0, 1.0, 1.0, 1.0]",0.0,0,True
27,385,0.8959791660308838,0.625,2.111938714981079,1.832725167274475,2.768670082092285,0.13843350112438202,"[0.05000000074505806, 0.05000000074505806, 0.05000000074505806, 0.05000000074505806]","[1.0, 1.0, 1.0, 1.0]",0.0,0,True
27,386,0.7798128128051758,0.5,1.976462721824646,1.845066785812378,3.136075496673584,0.15680378675460815,"[0.05000000074505806, 0.05000000074505806, 0.05000000074505806, 0.05000000074505806]","[1.0, 1.0, 1.0, 1.0]",0.0,0,True
27,387,0.8510541319847107,0.65625,2.2678890228271484,1.9348829984664917,3.0787062644958496,0.15393531322479248,"[0.05000000074505806, 0.05000000074505806, 0.05000000074505806, 0.05000000074505806]","[1.0, 1.0, 1.0, 1.0]",0.0,0,True
27,388,0.9756302833557129,0.46875,2.0167908668518066,1.88498854637146,4.07609748840332,0.2038048952817917,"[0.05000000074505806, 0.05000000074505806, 0.05000000074505806, 0.05000000074505806]","[1.0, 1.0, 1.0, 1.0]",0.0,0,True
27,389,0.8263998627662659,0.625,2.1599011421203613,1.8102092742919922,3.3095836639404297,0.13859744369983673,"[0.05000000074505806, 0.05000000074505806, 0.02500000037252903, 0.05000000074505806]","[1.0, 1.0, 2.0, 1.0]",0.0,0,True
27,390,0.7032267451286316,0.625,1.9616957902908325,1.7751100063323975,3.070511817932129,0.15352560579776764,"[0.05000000074505806, 0.05000000074505806, 0.05000000074505806, 0.05000000074505806]","[1.0, 1.0, 1.0, 1.0]",0.0,0,True
27,391,0.6756932735443115,0.625,2.100543975830078,1.6325371265411377,3.406097173690796,0.17030484974384308,"[0.05000000074505806, 0.05000000074505806, 0.05000000074505806, 0.05000000074505806]","[1.0, 1.0, 1.0, 1.0]",0.0,0,True
27,392,0.8499553203582764,0.65625,2.428382396697998,1.9004395008087158,5.441348075866699,0.27206742763519287,"[0.05000000074505806, 0.05000000074505806, 0.05000000074505806, 0.05000000074505806]","[1.0, 1.0, 1.0, 1.0]",0.0,0,True
27,393,0.8819614052772522,0.53125,2.224280834197998,1.8041603565216064,3.2211716175079346,0.16105857491493225,"[0.05000000074505806, 0.05000000074505806, 0.05000000074505806, 0.05000000074505806]","[1.0, 1.0, 1.0, 1.0]",0.0,0,True
27,394,0.8506545424461365,0.5,1.9322487115859985,1.7355360984802246,2.4985287189483643,0.12492643296718597,"[0.05000000074505806, 0.05000000074505806, 0.05000000074505806, 0.05000000074505806]","[1.0, 1.0, 1.0, 1.0]",0.0,0,True
27,395,0.9963467121124268,0.59375,2.454749345779419,2.0056192874908447,4.848650932312012,0.24243253469467163,"[0.05000000074505806, 0.05000000074505806, 0.05000000074505806, 0.05000000074505806]","[1.0, 1.0, 1.0, 1.0]",0.0,0,True
27,396,0.6787922382354736,0.65625,2.154463052749634,1.7283432483673096,4.742653846740723,0.1845872402191162,"[0.05000000074505806, 0.05000000074505806, 0.02500000037252903, 0.05000000074505806]","[1.0, 1.0, 2.0, 1.0]",0.0,0,True
27,397,0.7252464890480042,0.65625,1.9549609422683716,1.8218908309936523,3.780824899673462,0.18904125690460205,"[0.05000000074505806, 0.05000000074505806, 0.05000000074505806, 0.05000000074505806]","[1.0, 1.0, 1.0, 1.0]",0.0,0,True
27,398,0.5526120066642761,0.8125,2.507168769836426,1.970770001411438,4.293268203735352,0.21466341614723206,"[0.05000000074505806, 0.05000000074505806, 0.05000000074505806, 0.05000000074505806]","[1.0, 1.0, 1.0, 1.0]",0.0,0,True
27,399,0.6374990940093994,0.78125,2.1751632690429688,1.867547869682312,3.7222676277160645,0.1861134022474289,"[0.05000000074505806, 0.05000000074505806, 0.05000000074505806, 0.05000000074505806]","[1.0, 1.0, 1.0, 1.0]",0.0,0,True
27,400,0.7773786783218384,0.59375,1.8997716903686523,1.6798079013824463,2.507105588912964,0.12535527348518372,"[0.05000000074505806, 0.05000000074505806, 0.05000000074505806, 0.05000000074505806]","[1.0, 1.0, 1.0, 1.0]",0.0,0,True
