scope,feature,count,harm_count,harm_gt_005_count,spearman,auroc_harm,auroc_harm_gt_005
primary/overall,query_entropy,5400,2235,1749,0.014575423682840144,0.4759590883227131,0.4853502388734401
primary/overall,query_max_probability,5400,2235,1749,0.004580140189251116,0.5360839862732416,0.5244580030784896
primary/overall,query_probability_gap,5400,2235,1749,0.022087569611715305,0.5448571660817597,0.5304498450341151
primary/overall,assignment_entropy,5400,2235,1749,-0.0003720849847120629,0.49036914518768265,0.4890423748813541
primary/overall,assignment_probability_gap,5400,2235,1749,0.00870391570772459,0.5141759527267972,0.5101692104374234
primary/overall,inner_loss_before,5400,2235,1749,-0.15057210918742944,0.46102045937282427,0.49511001238881425
primary/overall,gradient_norm,5400,2235,1749,-0.15001788054473755,0.45436644507352864,0.48370481766863216
primary/overall,chosen_eta,5400,2235,1749,0.10078503537808355,0.5362214659075246,0.5425691466062933
primary/overall,backtracking_trials,5400,2235,1749,-0.10078503537808355,0.4637785340924754,0.4574308533937067
primary/overall,normalized_update,5400,2235,1749,-0.07871353912674078,0.4931153450597453,0.5585208216175178
primary/overall,representation_shift,5400,2235,1749,-0.08923203621051794,0.4868220999395655,0.5505218852608815
primary/overall,relative_inner_reduction,5400,2235,1749,-0.21358339095507742,0.41978406155129333,0.4455967247551874
primary/overall,query_js,5400,2235,1749,-0.200334510604369,0.44554498835487416,0.5475500418989667
primary/overall,prediction_changed_fraction,5400,2235,1749,-0.19335960494903415,0.435635640093161,0.5104630748031626
full_grid/overall,query_entropy,6600,2721,2153,0.021769266470786416,0.48096460563429255,0.4941519518056031
full_grid/overall,query_max_probability,6600,2721,2153,-0.0018649702507288436,0.5316790748135509,0.5165127996130511
full_grid/overall,query_probability_gap,6600,2721,2153,0.015891036159666333,0.5404969455010769,0.5226757503427634
full_grid/overall,assignment_entropy,6600,2721,2153,0.009602968085467104,0.4981784993859168,0.4982290257416895
full_grid/overall,assignment_probability_gap,6600,2721,2153,0.0004199939784201295,0.506623315605785,0.5020881223672607
full_grid/overall,inner_loss_before,6600,2721,2153,-0.15192584539069326,0.4595499527748573,0.4879731776151611
full_grid/overall,gradient_norm,6600,2721,2153,-0.15173582851397027,0.4512874239951855,0.4758237886879698
full_grid/overall,chosen_eta,6600,2721,2153,0.09817403414067058,0.5375975898644394,0.5462786092608919
full_grid/overall,backtracking_trials,6600,2721,2153,-0.09817403414067058,0.46240241013556066,0.4537213907391081
full_grid/overall,normalized_update,6600,2721,2153,-0.07462451025097641,0.49385201500100573,0.5559800095901661
full_grid/overall,representation_shift,6600,2721,2153,-0.08352324869211475,0.48809508582810845,0.5484041752629488
full_grid/overall,relative_inner_reduction,6600,2721,2153,-0.20783953734532057,0.41803929393366535,0.4409182787709422
full_grid/overall,query_js,6600,2721,2153,-0.21008716393908244,0.4426561515994823,0.5397315609943233
full_grid/overall,prediction_changed_fraction,6600,2721,2153,-0.1911004875609263,0.43689007963137766,0.5097572785569338
primary/easy,query_entropy,2700,1087,850,-0.2610411344609148,0.3274818046335803,0.3965046104928458
primary/easy,query_max_probability,2700,1087,850,0.3053876321976633,0.7047893409744082,0.6343879173290938
primary/easy,query_probability_gap,2700,1087,850,0.3193722632883763,0.71172357073479,0.6401602543720191
primary/easy,assignment_entropy,2700,1087,850,-0.2205582778790009,0.42402775060727266,0.4371710651828299
primary/easy,assignment_probability_gap,2700,1087,850,0.22055868960567301,0.5837540087981106,0.5636216216216217
primary/easy,inner_loss_before,2700,1087,850,-0.10813246842237793,0.4850675656792699,0.5235027027027027
primary/easy,gradient_norm,2700,1087,850,-0.20111602697826922,0.4140176612402336,0.4372260731319555
primary/easy,chosen_eta,2700,1087,850,0.15345894286120015,0.5900617168121707,0.6221300476947536
primary/easy,backtracking_trials,2700,1087,850,-0.15345894286120015,0.4099382831878293,0.37786995230524645
primary/easy,normalized_update,2700,1087,850,0.030685721020751244,0.5480379916855402,0.6076890302066773
primary/easy,representation_shift,2700,1087,850,0.014966457776224965,0.5400372205818524,0.5971389507154213
primary/easy,relative_inner_reduction,2700,1087,850,-0.17369169643690394,0.4328697775833542,0.4404152623211447
primary/easy,query_js,2700,1087,850,-0.2140313245889639,0.43869811233589096,0.5670893481717011
primary/easy,prediction_changed_fraction,2700,1087,850,-0.28135566307495613,0.3984780968339692,0.4976216216216216
full_grid/easy,query_entropy,3300,1307,1022,-0.25659852761928753,0.33008797816074703,0.40068085095416206
full_grid/easy,query_max_probability,3300,1307,1022,0.3025213379100662,0.7023246243259211,0.6315720522516919
full_grid/easy,query_probability_gap,3300,1307,1022,0.3172153647427812,0.7090251995219689,0.6377628949760236
full_grid/easy,assignment_entropy,3300,1307,1022,-0.2175166250144687,0.4258262756679749,0.4359484235321608
full_grid/easy,assignment_probability_gap,3300,1307,1022,0.2180766858058603,0.5813330589734307,0.566188712246297
full_grid/easy,inner_loss_before,3300,1307,1022,-0.10918358011040408,0.4891634876620582,0.5189277510227154
full_grid/easy,gradient_norm,3300,1307,1022,-0.1990145698765335,0.417278377918737,0.434239531019932
full_grid/easy,chosen_eta,3300,1307,1022,0.14394840883573237,0.5874430053772749,0.6165596989153461
full_grid/easy,backtracking_trials,3300,1307,1022,-0.14394840883573237,0.41255699462272505,0.3834403010846539
full_grid/easy,normalized_update,3300,1307,1022,0.025842949365583335,0.5493304607442038,0.6028277800590692
full_grid/easy,representation_shift,3300,1307,1022,0.012076251963175714,0.5418267685944417,0.5926624790173686
full_grid/easy,relative_inner_reduction,3300,1307,1022,-0.17195445177732543,0.4339541877827177,0.4381890764893158
full_grid/easy,query_js,3300,1307,1022,-0.2354278484011578,0.43447744227980795,0.5576268536447496
full_grid/easy,prediction_changed_fraction,3300,1307,1022,-0.2997235861748298,0.3934217350627733,0.4903750500404619
primary/hard,query_entropy,2700,1148,899,0.13433333410064532,0.5344915743201983,0.5085461111395906
primary/hard,query_max_probability,2700,1148,899,-0.12466530991059964,0.4723423636804483,0.491787407687856
primary/hard,query_probability_gap,2700,1148,899,-0.08775081223342202,0.49106076457487696,0.5025486397064046
primary/hard,assignment_entropy,2700,1148,899,0.002234753246685487,0.4905112881209814,0.4771147409763084
primary/hard,assignment_probability_gap,2700,1148,899,0.015691738168353047,0.5130976328172707,0.5130785702418443
primary/hard,inner_loss_before,2700,1148,899,-0.20155933202307558,0.42452247745967886,0.4845435640439528
primary/hard,gradient_norm,2700,1148,899,-0.14803928200508365,0.4560783657818169,0.5368078171872134
primary/hard,chosen_eta,2700,1148,899,-0.08328634642296512,0.48099254867272534,0.47078436834313403
primary/hard,backtracking_trials,2700,1148,899,0.08328634642296512,0.5190074513272747,0.5292156316568659
primary/hard,normalized_update,2700,1148,899,-0.18065707645044488,0.44507087628865977,0.5235485909138354
primary/hard,representation_shift,2700,1148,899,-0.1927099285838951,0.4378333902079816,0.5140488629787308
primary/hard,relative_inner_reduction,2700,1148,899,-0.23781993080901354,0.4062241819030856,0.457553861746564
primary/hard,query_js,2700,1148,899,-0.1787575352662371,0.45380805704227883,0.5448221510852641
primary/hard,prediction_changed_fraction,2700,1148,899,-0.1695586342171348,0.4537277964366536,0.5126233788051255
full_grid/hard,query_entropy,3300,1414,1131,0.12348315888759824,0.5316271837000395,0.5056307449353665
full_grid/hard,query_max_probability,3300,1414,1131,-0.11564822217736596,0.4757685604191384,0.4951441805784344
full_grid/hard,query_probability_gap,3300,1414,1131,-0.08206810011857572,0.4935822055164159,0.5046815529001821
full_grid/hard,assignment_entropy,3300,1414,1131,0.009100823283054057,0.49925078858438793,0.48073998252850736
full_grid/hard,assignment_probability_gap,3300,1414,1131,0.01570361390455369,0.505839949242614,0.5120439567427691
full_grid/hard,inner_loss_before,3300,1414,1131,-0.18934673000363594,0.42412040779899834,0.48510907861315644
full_grid/hard,gradient_norm,3300,1414,1131,-0.12841371412037728,0.46072189782226214,0.539081968041762
full_grid/hard,chosen_eta,3300,1414,1131,-0.09300582743931671,0.4731005728204997,0.46495591974201217
full_grid/hard,backtracking_trials,3300,1414,1131,0.09300582743931671,0.5268994271795002,0.5350440802579878
full_grid/hard,normalized_update,3300,1414,1131,-0.17091262127007048,0.44481596697770065,0.5206826845115584
full_grid/hard,representation_shift,3300,1414,1131,-0.1813676953658013,0.43846641897942257,0.5123240060999397
full_grid/hard,relative_inner_reduction,3300,1414,1131,-0.21760536418889512,0.4064363185295957,0.45674011949587856
full_grid/hard,query_js,3300,1414,1131,-0.1706222463626231,0.4549123220154162,0.5405576284099678
full_grid/hard,prediction_changed_fraction,3300,1414,1131,-0.17288640710289682,0.4514407508013337,0.5086670588172949
branch/P_C2_warm/overall,query_entropy,3000,1112,834,0.07195645600315694,0.49173238210279235,0.47785566560601933
branch/P_C2_warm/overall,query_max_probability,3000,1112,834,-0.0465533305110982,0.5219444941927813,0.5330680054294514
branch/P_C2_warm/overall,query_probability_gap,3000,1112,834,-0.021495873943985992,0.5333586414766492,0.5409556011700335
branch/P_C2_warm/overall,assignment_entropy,3000,1112,834,0.07961963045526091,0.5163725746098037,0.4981181259978167
branch/P_C2_warm/overall,assignment_probability_gap,3000,1112,834,-0.06433299025922114,0.4916687942019266,0.5024462424520217
branch/P_C2_warm/overall,inner_loss_before,3000,1112,834,-0.22927425525269504,0.44719155819412265,0.4900888153742934
branch/P_C2_warm/overall,gradient_norm,3000,1112,834,-0.22217542868615875,0.44172395134739667,0.4841473081922274
branch/P_C2_warm/overall,chosen_eta,3000,1112,834,0.13930896168318516,0.5431109296884526,0.5404582151453352
branch/P_C2_warm/overall,backtracking_trials,3000,1112,834,-0.13930896168318516,0.45688907031154735,0.45954178485466474
branch/P_C2_warm/overall,normalized_update,3000,1112,834,-0.17086271276252363,0.4762309855505426,0.549436904769813
branch/P_C2_warm/overall,representation_shift,3000,1112,834,-0.17612473601385956,0.4713173317278381,0.5409976727759067
branch/P_C2_warm/overall,relative_inner_reduction,3000,1112,834,-0.24657707450856384,0.416302127789294,0.451612671081971
branch/P_C2_warm/overall,query_js,3000,1112,834,-0.3074724332747148,0.42659479407999024,0.5314285967348005
branch/P_C2_warm/overall,prediction_changed_fraction,3000,1112,834,-0.26648482847439425,0.42568693985489575,0.5002585189466155
branch/P_C2_warm/easy,query_entropy,1500,521,403,-0.2707429825524367,0.3187631234817933,0.35745581791984005
branch/P_C2_warm/easy,query_max_probability,1500,521,403,0.3231460067315585,0.7172601600991257,0.678762969614853
branch/P_C2_warm/easy,query_probability_gap,1500,521,403,0.345658454070424,0.7272433189101652,0.6880416022945502
branch/P_C2_warm/easy,assignment_entropy,1500,521,403,-0.16161857345113234,0.45748433024414825,0.4636138261127234
branch/P_C2_warm/easy,assignment_probability_gap,1500,521,403,0.1831966040873796,0.5606233788640138,0.54718598659552
branch/P_C2_warm/easy,inner_loss_before,1500,521,403,-0.15422371298831689,0.49099613966227434,0.51569699451018
branch/P_C2_warm/easy,gradient_norm,1500,521,403,-0.21144239086328484,0.4216531812986341,0.4328724176696653
branch/P_C2_warm/easy,chosen_eta,1500,521,403,0.09962357293469268,0.5797123470029938,0.6128896539400259
branch/P_C2_warm/easy,backtracking_trials,1500,521,403,-0.09962357293469268,0.4202876529970062,0.3871103460599741
branch/P_C2_warm/easy,normalized_update,1500,521,403,-0.05099907333292148,0.5366457605884809,0.5915863476071669
branch/P_C2_warm/easy,representation_shift,1500,521,403,-0.06124142455174424,0.5287937277844328,0.5797064405292123
branch/P_C2_warm/easy,relative_inner_reduction,1500,521,403,-0.16315825207033424,0.4434310540545309,0.4460484379912733
branch/P_C2_warm/easy,query_js,1500,521,403,-0.3704059637359839,0.39722855591215916,0.5113969748309737
branch/P_C2_warm/easy,prediction_changed_fraction,1500,521,403,-0.44260147972317726,0.349682095600705,0.4401842607065061
branch/P_C2_warm/hard,query_entropy,1500,591,431,0.17037298431721346,0.5500931649848572,0.5127165271444354
branch/P_C2_warm/hard,query_max_probability,1500,591,431,-0.15589437875829668,0.45746427434621634,0.4843533974766625
branch/P_C2_warm/hard,query_probability_gap,1500,591,431,-0.10790733684770526,0.48032180544619607,0.4956146538495764
branch/P_C2_warm/hard,assignment_entropy,1500,591,431,0.0353162771550255,0.5066546417755142,0.4819973998294045
branch/P_C2_warm/hard,assignment_probability_gap,1500,591,431,-0.0154923055521358,0.5009130354659831,0.5044808449035137
branch/P_C2_warm/hard,inner_loss_before,1500,591,431,-0.26611412005072005,0.4062663457547108,0.479186697891865
branch/P_C2_warm/hard,gradient_norm,1500,591,431,-0.21721166631629615,0.4467247063115787,0.5436744013421916
branch/P_C2_warm/hard,chosen_eta,1500,591,431,-0.07641065449596628,0.480687578064067,0.47165423374187987
branch/P_C2_warm/hard,backtracking_trials,1500,591,431,0.07641065449596628,0.519312421935933,0.5283457662581201
branch/P_C2_warm/hard,normalized_update,1500,591,431,-0.2440453777979457,0.43434055757521606,0.5304543353178264
branch/P_C2_warm/hard,representation_shift,1500,591,431,-0.2507886590171818,0.4294989566638559,0.5210411968598274
branch/P_C2_warm/hard,relative_inner_reduction,1500,591,431,-0.2925296802354134,0.39583856862843647,0.46404363424845735
branch/P_C2_warm/hard,query_js,1500,591,431,-0.2247844981264436,0.45320437289075777,0.5649228739047487
branch/P_C2_warm/hard,prediction_changed_fraction,1500,591,431,-0.15987224677431922,0.4766547720761924,0.5452219152274932
branch/P_O0_resume/overall,query_entropy,3000,1366,1117,-0.02051902405994923,0.4690198759522662,0.5036689771507875
branch/P_O0_resume/overall,query_max_probability,3000,1366,1117,0.035659500188351075,0.5425031943814728,0.5064077542503225
branch/P_O0_resume/overall,query_probability_gap,3000,1366,1117,0.04702444655827184,0.5491648014107249,0.5109938568285908
branch/P_O0_resume/overall,assignment_entropy,3000,1366,1117,-0.046194084042095594,0.4823858759056721,0.4999225031390983
branch/P_O0_resume/overall,assignment_probability_gap,3000,1366,1117,0.05293602188178021,0.5209686726605748,0.5014902693895482
branch/P_O0_resume/overall,inner_loss_before,3000,1366,1117,-0.07162711862523541,0.4746944952698065,0.4947927339323571
branch/P_O0_resume/overall,gradient_norm,3000,1366,1117,-0.09821712469079164,0.45526163462727437,0.4669247676639356
branch/P_O0_resume/overall,chosen_eta,3000,1366,1117,0.10021543016827028,0.5452461958635224,0.5636862546718008
branch/P_O0_resume/overall,backtracking_trials,3000,1366,1117,-0.10021543016827028,0.4547538041364776,0.4363137453281992
branch/P_O0_resume/overall,normalized_update,3000,1366,1117,0.03849708072189786,0.5190959497214213,0.5754560309911373
branch/P_O0_resume/overall,representation_shift,3000,1366,1117,0.03401379844597761,0.5165292440471604,0.5734434898120154
branch/P_O0_resume/overall,relative_inner_reduction,3000,1366,1117,-0.15303943967104885,0.4324247192259651,0.44799746685107433
branch/P_O0_resume/overall,query_js,3000,1366,1117,-0.10671414830157204,0.45683373625251117,0.5512594190778254
branch/P_O0_resume/overall,prediction_changed_fraction,3000,1366,1117,-0.1275131315539408,0.4417930381300727,0.5144160801707404
branch/P_O0_resume/easy,query_entropy,1500,676,533,-0.2143104261062431,0.3452723760556098,0.44453746621628176
branch/P_O0_resume/easy,query_max_probability,1500,676,533,0.25809393515286005,0.686230754868731,0.5860720861603652
branch/P_O0_resume/easy,query_probability_gap,1500,676,533,0.26690340751262553,0.6911748865398978,0.590412311727922
branch/P_O0_resume/easy,assignment_entropy,1500,676,533,-0.22521314740603277,0.4186659820761762,0.4362693074070984
branch/P_O0_resume/easy,assignment_probability_gap,1500,676,533,0.2134489837551039,0.5844828948124318,0.5620989850818084
branch/P_O0_resume/easy,inner_loss_before,1500,676,533,-0.04842187040972018,0.4915030591141495,0.5335023893552913
branch/P_O0_resume/easy,gradient_norm,1500,676,533,-0.21361022116009828,0.40130945883839836,0.42979874313897065
branch/P_O0_resume/easy,chosen_eta,1500,676,533,0.2943282149843929,0.6343703323375653,0.6610472031058708
branch/P_O0_resume/easy,backtracking_trials,1500,676,533,-0.2943282149843929,0.36562966766243465,0.33895279689412916
branch/P_O0_resume/easy,normalized_update,1500,676,533,0.19596685331860147,0.5951125983799621,0.6538781671326378
branch/P_O0_resume/easy,representation_shift,1500,676,533,0.19441341618374053,0.5941521370712931,0.6519418483501517
branch/P_O0_resume/easy,relative_inner_reduction,1500,676,533,-0.1501220684986971,0.43662212041132875,0.4442435260403833
branch/P_O0_resume/easy,query_js,1500,676,533,-0.0486478082879148,0.48419457689435286,0.6211644687443613
branch/P_O0_resume/easy,prediction_changed_fraction,1500,676,533,-0.11560457055584966,0.4458308798184638,0.5493819495509409
branch/P_O0_resume/hard,query_entropy,1500,690,584,0.0902552543356686,0.5163338701019861,0.5012543369025543
branch/P_O0_resume/hard,query_max_probability,1500,690,584,-0.08785155904513735,0.49005009840758634,0.5014749207393671
branch/P_O0_resume/hard,query_probability_gap,1500,690,584,-0.06427620990053773,0.504015029522276,0.5097374678471017
branch/P_O0_resume/hard,assignment_entropy,1500,690,584,-0.0044186348645096326,0.4922177491501163,0.48982042980199797
branch/P_O0_resume/hard,assignment_probability_gap,1500,690,584,0.03298677732745659,0.511746287350152,0.5110871418316684
branch/P_O0_resume/hard,inner_loss_before,1500,690,584,-0.12545457664647852,0.44076400071569155,0.4885632888676198
branch/P_O0_resume/hard,gradient_norm,1500,690,584,-0.08956515269562342,0.45082304526748973,0.5111637853681881
branch/P_O0_resume/hard,chosen_eta,1500,690,584,-0.07847910937375338,0.48172213276078013,0.4778565606867261
branch/P_O0_resume/hard,backtracking_trials,1500,690,584,0.07847910937375338,0.5182778672392199,0.5221434393132739
branch/P_O0_resume/hard,normalized_update,1500,690,584,-0.12393126574722922,0.44475577026301666,0.5022525722318598
branch/P_O0_resume/hard,representation_shift,1500,690,584,-0.13241127662723406,0.4404741456432278,0.4991232727163965
branch/P_O0_resume/hard,relative_inner_reduction,1500,690,584,-0.1500461537982906,0.42926104848810165,0.4680340372076329
branch/P_O0_resume/hard,query_js,1500,690,584,-0.16160686649194067,0.4331400966183575,0.49647813602919183
branch/P_O0_resume/hard,prediction_changed_fraction,1500,690,584,-0.19542728437678003,0.41804616210413315,0.46333167583896634
branch/original_P/overall,query_entropy,600,243,202,0.054233150647640685,0.5038673905776302,0.5333349917906364
branch/original_P/overall,query_max_probability,600,243,202,-0.031702976952713756,0.511590644488248,0.4814169859196975
branch/original_P/overall,query_probability_gap,600,243,202,-0.012484201345003736,0.5209277126488455,0.4889297975023633
branch/original_P/overall,assignment_entropy,600,243,202,0.05321553670982419,0.5336883724683289,0.5325389322851883
branch/original_P/overall,assignment_probability_gap,600,243,202,-0.03818316161989339,0.47138361517446487,0.469675108214339
branch/original_P/overall,inner_loss_before,600,243,202,-0.1573809371692699,0.4534011135318325,0.4563162346385392
branch/original_P/overall,gradient_norm,600,243,202,-0.1631030086194684,0.43431199640349966,0.4333424548484999
branch/original_P/overall,chosen_eta,600,243,202,0.09537799371013765,0.5475325932842273,0.5760983133489228
branch/original_P/overall,backtracking_trials,600,243,202,-0.09537799371013765,0.45246740671577274,0.4239016866510772
branch/original_P/overall,normalized_update,600,243,202,-0.0550758196550546,0.49771184193842144,0.5471914025573411
branch/original_P/overall,representation_shift,600,243,202,-0.062448784579957166,0.4932277437724061,0.5420792079207921
branch/original_P/overall,relative_inner_reduction,600,243,202,-0.1867644632346201,0.4078569699484732,0.41985919697497387
branch/original_P/overall,query_js,600,243,202,-0.25435459542943173,0.42660026973752463,0.49871884173341957
branch/original_P/overall,prediction_changed_fraction,600,243,202,-0.1728869292492826,0.44328019273553043,0.5035325140554257
branch/original_P/easy,query_entropy,300,110,86,-0.2322252469471883,0.34167464114832535,0.4211041078026516
branch/original_P/easy,query_max_probability,300,110,86,0.2847369415215725,0.6910526315789474,0.6170397739621821
branch/original_P/easy,query_probability_gap,300,110,86,0.3017100190002111,0.6963157894736842,0.6252445120625951
branch/original_P/easy,assignment_entropy,300,110,86,-0.20805697841087123,0.4373684210526316,0.4283307976526842
branch/original_P/easy,assignment_probability_gap,300,110,86,0.20309158990655451,0.5653588516746412,0.5790045642251684
branch/original_P/easy,inner_loss_before,300,110,86,-0.11789197657751753,0.5055023923444976,0.49489241469245815
branch/original_P/easy,gradient_norm,300,110,86,-0.1920954677274192,0.4405263157894737,0.4256139969571832
branch/original_P/easy,chosen_eta,300,110,86,0.11992237988159687,0.5740669856459331,0.6065800912845034
branch/original_P/easy,backtracking_trials,300,110,86,-0.11992237988159687,0.425933014354067,0.39341990871549665
branch/original_P/easy,normalized_update,300,110,86,-0.04602362248469427,0.5374641148325359,0.5699304499021952
branch/original_P/easy,representation_shift,300,110,86,-0.06049622773586373,0.528755980861244,0.5596609432732015
branch/original_P/easy,relative_inner_reduction,300,110,86,-0.17937843753819488,0.42947368421052634,0.41784394696805044
branch/original_P/easy,query_js,300,110,86,-0.3365152946143846,0.4135885167464115,0.5104325146707237
branch/original_P/easy,prediction_changed_fraction,300,110,86,-0.389965275713114,0.3654784688995215,0.452700499891328
branch/original_P/hard,query_entropy,300,133,116,0.07849198324425827,0.5189770834271307,0.49339392803598203
branch/original_P/hard,query_max_probability,300,133,116,-0.08331914799053323,0.49137814596371165,0.510119940029985
branch/original_P/hard,query_probability_gap,300,133,116,-0.05929354770608562,0.5073161946783126,0.5172882308845578
branch/original_P/hard,assignment_entropy,300,133,116,0.03984088712096801,0.5351852685606231,0.47352886056971516
branch/original_P/hard,assignment_probability_gap,300,133,116,0.013318370204113378,0.47683580208005044,0.5217859820089955
branch/original_P/hard,inner_loss_before,300,133,116,-0.12756319514661274,0.4228535410382243,0.4848200899550225
branch/original_P/hard,gradient_norm,300,133,116,-0.057993977710863454,0.45999729863581107,0.5228635682158921
branch/original_P/hard,chosen_eta,300,133,116,-0.12161278531239207,0.44781864841745084,0.46661825337331336
branch/original_P/hard,backtracking_trials,300,133,116,0.12161278531239207,0.5521813515825492,0.5333817466266867
branch/original_P/hard,normalized_update,300,133,116,-0.11850042778253092,0.4409526811039575,0.4956428035982009
branch/original_P/hard,representation_shift,300,133,116,-0.12193824375826398,0.43964702174598175,0.49390929535232386
branch/original_P/hard,relative_inner_reduction,300,133,116,-0.13266680740897122,0.4078159470532619,0.4550224887556222
branch/original_P/hard,query_js,300,133,116,-0.1568364092934366,0.43964702174598175,0.4941904047976012
branch/original_P/hard,prediction_changed_fraction,300,133,116,-0.19327407866584384,0.4240916662914772,0.45830209895052476
seed/7/overall,query_entropy,1800,617,445,0.09401539321462754,0.551771380346371,0.5912135660682449
seed/7/overall,query_max_probability,1800,617,445,-0.056676062760101675,0.46604586038571827,0.4244454579377254
seed/7/overall,query_probability_gap,1800,617,445,-0.014679772020505768,0.48698676961985776,0.44092043617065385
seed/7/overall,assignment_entropy,1800,617,445,0.05332408544295238,0.5302639636887236,0.5510410879389693
seed/7/overall,assignment_probability_gap,1800,617,445,-0.055872634528590905,0.46291123164330994,0.4471810605746507
seed/7/overall,inner_loss_before,1800,617,445,-0.322456556313752,0.3757800608567346,0.408749948173639
seed/7/overall,gradient_norm,1800,617,445,-0.31523158494802006,0.3619222069539985,0.3772179609436544
seed/7/overall,chosen_eta,1800,617,445,0.1979982652893629,0.6041414638223016,0.6287715079397985
seed/7/overall,backtracking_trials,1800,617,445,-0.1979982652893629,0.3958585361776984,0.3712284920602015
seed/7/overall,normalized_update,1800,617,445,-0.19282613564592663,0.4608602966663059,0.5340320908827065
seed/7/overall,representation_shift,1800,617,445,-0.20002227984226745,0.4549760176240665,0.523318545545006
seed/7/overall,relative_inner_reduction,1800,617,445,-0.3025315522216725,0.36147420712936235,0.38326962146025956
seed/7/overall,query_js,1800,617,445,-0.38042198366933655,0.39912400278938115,0.5183564824412289
seed/7/overall,prediction_changed_fraction,1800,617,445,-0.2892828498649723,0.4424909338261788,0.5259952734358804
seed/7/easy,query_entropy,900,240,153,-0.46060068386915703,0.2819570707070707,0.3980103420216815
seed/7/easy,query_max_probability,900,240,153,0.4869100496831889,0.7354608585858586,0.6234261665397975
seed/7/easy,query_probability_gap,900,240,153,0.4968228355837476,0.7389835858585858,0.627337235652851
seed/7/easy,assignment_entropy,900,240,153,-0.40453914963681026,0.28458964646464646,0.29429263896544783
seed/7/easy,assignment_probability_gap,900,240,153,0.3622806283299938,0.7037310606060606,0.6879456825121838
seed/7/easy,inner_loss_before,900,240,153,-0.35208124125256124,0.3992550505050505,0.4755492558469171
seed/7/easy,gradient_norm,900,240,153,-0.37759170896095756,0.3133459595959596,0.34521528379312455
seed/7/easy,chosen_eta,900,240,153,0.08103109295207944,0.6103125,0.6783430016361743
seed/7/easy,backtracking_trials,900,240,153,-0.08103109295207944,0.3896875,0.32165699836382566
seed/7/easy,normalized_update,900,240,153,-0.17777134704281528,0.4984217171717172,0.6007822138226107
seed/7/easy,representation_shift,900,240,153,-0.19185185825332296,0.48997474747474745,0.586406628693423
seed/7/easy,relative_inner_reduction,900,240,153,-0.3211844952895004,0.34377525252525254,0.37283775625377324
seed/7/easy,query_js,900,240,153,-0.5242169928604851,0.3628977272727273,0.5402525133212589
seed/7/easy,prediction_changed_fraction,900,240,153,-0.5384310362731376,0.3541287878787879,0.4858212807657646
seed/7/hard,query_entropy,900,377,292,0.18993954313523845,0.5821596482241304,0.5529357426099495
seed/7/hard,query_max_probability,900,377,292,-0.16279394583614712,0.4328882036404948,0.45399242970439796
seed/7/hard,query_probability_gap,900,377,292,-0.08367893458304682,0.47927940721505696,0.48645345169430426
seed/7/hard,assignment_entropy,900,377,292,-0.07278684766102055,0.4724148074514001,0.45345732696467195
seed/7/hard,assignment_probability_gap,900,377,292,0.10785835538068565,0.511408878587622,0.5516120674116799
seed/7/hard,inner_loss_before,900,377,292,-0.1648730265922139,0.426406520228634,0.47090730894015864
seed/7/hard,gradient_norm,900,377,292,-0.14921002783131007,0.45503141942780634,0.5286308129055516
seed/7/hard,chosen_eta,900,377,292,-0.10279515106047606,0.4818304923137784,0.46665465032444126
seed/7/hard,backtracking_trials,900,377,292,0.10279515106047606,0.5181695076862216,0.5333453496755588
seed/7/hard,normalized_update,900,377,292,-0.1831065964278968,0.4425092939631082,0.5090009913482336
seed/7/hard,representation_shift,900,377,292,-0.19512154130231438,0.43417135379949384,0.49466587058399425
seed/7/hard,relative_inner_reduction,900,377,292,-0.21339590131181232,0.40058122137636876,0.4282117429704398
seed/7/hard,query_js,900,377,292,-0.14841501450413314,0.48884470840032257,0.5803836968276856
seed/7/hard,prediction_changed_fraction,900,377,292,-0.21888805473131187,0.4471195054039387,0.4939702370223504
seed_branch/7/P_O0_resume/overall,query_entropy,1000,401,310,0.038167418167418164,0.5255392403798517,0.6050631136044881
seed_branch/7/P_O0_resume/overall,query_max_probability,1000,401,310,-0.007178023178023178,0.49071394968338755,0.4089668069191211
seed_branch/7/P_O0_resume/overall,query_probability_gap,1000,401,310,0.029766893766893766,0.5103851389889217,0.4254184198223469
seed_branch/7/P_O0_resume/overall,assignment_entropy,1000,401,310,-0.04619278633136469,0.4961261287515768,0.5488078541374474
seed_branch/7/P_O0_resume/overall,assignment_probability_gap,1000,401,310,0.044555372555372556,0.49670065237573846,0.44716222533894345
seed_branch/7/P_O0_resume/overall,inner_loss_before,1000,401,310,-0.1475921195921196,0.4260592258918647,0.44782608695652176
seed_branch/7/P_O0_resume/overall,gradient_norm,1000,401,310,-0.21283910083910085,0.38823642063455716,0.3855960729312763
seed_branch/7/P_O0_resume/overall,chosen_eta,1000,401,310,0.21596101870063136,0.611657417391413,0.6492987377279102
seed_branch/7/P_O0_resume/overall,backtracking_trials,1000,401,310,-0.21596101870063136,0.38834258260858706,0.35070126227208975
seed_branch/7/P_O0_resume/overall,normalized_update,1000,401,310,0.047698691698691696,0.5386242240808663,0.6085553997194951
seed_branch/7/P_O0_resume/overall,representation_shift,1000,401,310,0.041265965265965265,0.5369381221403919,0.606166432912576
seed_branch/7/P_O0_resume/overall,relative_inner_reduction,1000,401,310,-0.16877224877224878,0.4049350746672551,0.4201449275362319
seed_branch/7/P_O0_resume/overall,query_js,1000,401,310,-0.1808938568938569,0.4568378719311904,0.572538569424965
seed_branch/7/P_O0_resume/overall,prediction_changed_fraction,1000,401,310,-0.12978478286178655,0.48751035599648623,0.581500701262272
seed_branch/7/P_O0_resume/easy,query_entropy,500,173,114,-0.3971570446281785,0.3045730144420286,0.47050268157440234
seed_branch/7/P_O0_resume/easy,query_max_probability,500,173,114,0.4330768363073452,0.7146241006876315,0.5552677029360967
seed_branch/7/P_O0_resume/easy,query_probability_gap,500,173,114,0.44293473173892695,0.7177705891711301,0.5599263703299701
seed_branch/7/P_O0_resume/easy,assignment_entropy,500,173,114,-0.46604788019152077,0.28247688745116756,0.2950186346695755
seed_branch/7/P_O0_resume/easy,assignment_probability_gap,500,173,114,0.423311485245941,0.7090205228827491,0.6914825924915917
seed_branch/7/P_O0_resume/easy,inner_loss_before,500,173,114,-0.1328435073740295,0.4604656095879514,0.5551313516953005
seed_branch/7/P_O0_resume/easy,gradient_norm,500,173,114,-0.41480325921303685,0.3053684750136996,0.35121807108444686
seed_branch/7/P_O0_resume/easy,chosen_eta,500,173,114,0.4323007195258502,0.711327358540595,0.771657122079811
seed_branch/7/P_O0_resume/easy,backtracking_trials,500,173,114,-0.4323007195258502,0.288672641459405,0.22834287792018906
seed_branch/7/P_O0_resume/easy,normalized_update,500,173,114,0.1813997335989344,0.6113556415831433,0.7234796836651214
seed_branch/7/P_O0_resume/easy,representation_shift,500,173,114,0.17368783075132302,0.6111435187640311,0.7216616671211709
seed_branch/7/P_O0_resume/easy,relative_inner_reduction,500,173,114,-0.21883556334225338,0.3921443849322091,0.43061994364148715
seed_branch/7/P_O0_resume/easy,query_js,500,173,114,-0.22750295801183204,0.4611196549468809,0.6675756749386419
seed_branch/7/P_O0_resume/easy,prediction_changed_fraction,500,173,114,-0.24245089463199854,0.45643527602481837,0.6096150349968185
seed_branch/7/P_O0_resume/hard,query_entropy,500,228,196,0.17975860703442814,0.5768350103199175,0.5770844522019334
seed_branch/7/P_O0_resume/hard,query_max_probability,500,228,196,-0.15398576794307178,0.44056372549019607,0.4299644199785177
seed_branch/7/P_O0_resume/hard,query_probability_gap,500,228,196,-0.07296509186036744,0.4906798245614035,0.4683472073039742
seed_branch/7/P_O0_resume/hard,assignment_entropy,500,228,196,-0.07364160833383196,0.46170343137254904,0.48254564983888293
seed_branch/7/P_O0_resume/hard,assignment_probability_gap,500,228,196,0.12035990543962176,0.5178502321981424,0.5125201396348013
seed_branch/7/P_O0_resume/hard,inner_loss_before,500,228,196,-0.05007178428713715,0.46421891124871,0.4922798066595059
seed_branch/7/P_O0_resume/hard,gradient_norm,500,228,196,-0.04113242052968212,0.4761513157894737,0.5383827873254565
seed_branch/7/P_O0_resume/hard,chosen_eta,500,228,196,-0.09714401946669701,0.47832817337461303,0.46294307196562834
seed_branch/7/P_O0_resume/hard,backtracking_trials,500,228,196,0.09714401946669701,0.521671826625387,0.5370569280343717
seed_branch/7/P_O0_resume/hard,normalized_update,500,228,196,-0.08919789279157117,0.45767221362229105,0.5093817132116004
seed_branch/7/P_O0_resume/hard,representation_shift,500,228,196,-0.09886570746282985,0.4528831269349845,0.5032726906552094
seed_branch/7/P_O0_resume/hard,relative_inner_reduction,500,228,196,-0.06834430537722151,0.44528831269349844,0.46425214822771216
seed_branch/7/P_O0_resume/hard,query_js,500,228,196,-0.103311773247093,0.48166602167182665,0.540967373791622
seed_branch/7/P_O0_resume/hard,prediction_changed_fraction,500,228,196,-0.18019118942683512,0.43808049535603716,0.4767303302900107
seed_branch/7/P_C2_warm/overall,query_entropy,1000,277,187,0.1899022059022059,0.6094092504656191,0.6123619524965304
seed_branch/7/P_C2_warm/overall,query_max_probability,1000,277,187,-0.14163893763893765,0.4131551747382297,0.40814702264669706
seed_branch/7/P_C2_warm/overall,query_probability_gap,1000,277,187,-0.0878931038931039,0.43902012772693,0.4287349290605206
seed_branch/7/P_C2_warm/overall,assignment_entropy,1000,277,187,0.22982889782889782,0.6157057187510923,0.6186632989324545
seed_branch/7/P_C2_warm/overall,assignment_probability_gap,1000,277,187,-0.22711883911883912,0.376814416465689,0.38410587314429295
seed_branch/7/P_C2_warm/overall,inner_loss_before,1000,277,187,-0.4823926463926464,0.3215642804000579,0.34957344225848674
seed_branch/7/P_C2_warm/overall,gradient_norm,1000,277,187,-0.42763639963639966,0.31399453740182054,0.3353460807335346
seed_branch/7/P_C2_warm/overall,chosen_eta,1000,277,187,0.2119831512378017,0.6219996904194816,0.6330057685603594
seed_branch/7/P_C2_warm/overall,backtracking_trials,1000,277,187,-0.2119831512378017,0.3780003095805184,0.3669942314396406
seed_branch/7/P_C2_warm/overall,normalized_update,1000,277,187,-0.38843388443388444,0.3981554992984506,0.46541823707007124
seed_branch/7/P_C2_warm/overall,representation_shift,1000,277,187,-0.37654986454986455,0.3980156887417549,0.4571238760515947
seed_branch/7/P_C2_warm/overall,relative_inner_reduction,1000,277,187,-0.38266653466653466,0.33528568789290514,0.35614447053561443
seed_branch/7/P_C2_warm/overall,query_js,1000,277,187,-0.5863568983568983,0.3310564185528609,0.4354243542435424
seed_branch/7/P_C2_warm/overall,prediction_changed_fraction,1000,277,187,-0.44212042819624636,0.40175562113336427,0.4638922325052128
seed_branch/7/P_C2_warm/easy,query_entropy,500,84,49,-0.4800460801843207,0.24951350732600733,0.2782026336033305
seed_branch/7/P_C2_warm/easy,query_max_probability,500,84,49,0.5032270049080196,0.7681719322344323,0.7373184306982217
seed_branch/7/P_C2_warm/easy,query_probability_gap,500,84,49,0.516001008004032,0.7714915293040293,0.738404452690167
seed_branch/7/P_C2_warm/easy,assignment_entropy,500,84,49,-0.1715874383497534,0.39242788461538464,0.4265351373365311
seed_branch/7/P_C2_warm/easy,assignment_probability_gap,500,84,49,0.13656745826983308,0.5915178571428571,0.5506584008326169
seed_branch/7/P_C2_warm/easy,inner_loss_before,500,84,49,-0.5274698858795435,0.34117445054945056,0.37440608172315487
seed_branch/7/P_C2_warm/easy,gradient_norm,500,84,49,-0.3241950247800991,0.32057005494505497,0.3218245169464682
seed_branch/7/P_C2_warm/easy,chosen_eta,500,84,49,-0.20434605542522283,0.517814217032967,0.5670618580026245
seed_branch/7/P_C2_warm/easy,backtracking_trials,500,84,49,0.20434605542522283,0.48218578296703296,0.43293814199737546
seed_branch/7/P_C2_warm/easy,normalized_update,500,84,49,-0.44987968751875007,0.39065361721611724,0.46228336123806507
seed_branch/7/P_C2_warm/easy,representation_shift,500,84,49,-0.42847131388525556,0.39589056776556775,0.4600208154215123
seed_branch/7/P_C2_warm/easy,relative_inner_reduction,500,84,49,-0.3935980223920896,0.28757440476190477,0.2885198425268112
seed_branch/7/P_C2_warm/easy,query_js,500,84,49,-0.7897988071952288,0.22876602564102563,0.3437712113670302
seed_branch/7/P_C2_warm/easy,prediction_changed_fraction,500,84,49,-0.792111350838307,0.21816334706959706,0.2951264763111453
seed_branch/7/P_C2_warm/hard,query_entropy,500,193,138,0.20047136188544754,0.589779075458642,0.5303467051004884
seed_branch/7/P_C2_warm/hard,query_max_probability,500,193,138,-0.17400453601814408,0.4257987206966971,0.4777404115621747
seed_branch/7/P_C2_warm/hard,query_probability_gap,500,193,138,-0.09672269089076356,0.4696967139795109,0.5049243334134038
seed_branch/7/P_C2_warm/hard,assignment_entropy,500,193,138,-0.042488905955623824,0.49462456329850973,0.4482344463127552
seed_branch/7/P_C2_warm/hard,assignment_probability_gap,500,193,138,0.08128592514370057,0.48951072555737457,0.5702217951797582
seed_branch/7/P_C2_warm/hard,inner_loss_before,500,193,138,-0.2493063732254929,0.39661777860289277,0.4499959964768997
seed_branch/7/P_C2_warm/hard,gradient_norm,500,193,138,-0.24118320473281893,0.43725844289547855,0.5144527183921851
seed_branch/7/P_C2_warm/hard,chosen_eta,500,193,138,-0.12877130437736553,0.47675988590909857,0.4603250860757467
seed_branch/7/P_C2_warm/hard,backtracking_trials,500,193,138,0.12877130437736553,0.5232401140909014,0.5396749139242534
seed_branch/7/P_C2_warm/hard,normalized_update,500,193,138,-0.2721200004800019,0.42379031577526116,0.4954560012811274
seed_branch/7/P_C2_warm/hard,representation_shift,500,193,138,-0.2772934611738447,0.4182545442271017,0.4807630715029226
seed_branch/7/P_C2_warm/hard,relative_inner_reduction,500,193,138,-0.2763882735530942,0.3876390271894145,0.4196492913764112
seed_branch/7/P_C2_warm/hard,query_js,500,193,138,-0.22239631358525433,0.4797218612344095,0.5851149011129794
seed_branch/7/P_C2_warm/hard,prediction_changed_fraction,500,193,138,-0.27262429850326425,0.4484650048100454,0.48932060212987427
seed/17/overall,query_entropy,1800,654,502,0.17891025798614457,0.5351848738598822,0.5445268233690814
seed/17/overall,query_max_probability,1800,654,502,-0.18740747347967288,0.46678915093584383,0.45656971497676474
seed/17/overall,query_probability_gap,1800,654,502,-0.18256058103721637,0.4700046965645698,0.45940736284446193
seed/17/overall,assignment_entropy,1800,654,502,0.2274280704278284,0.5849457760272401,0.5717446086225207
seed/17/overall,assignment_probability_gap,1800,654,502,-0.19448813204366217,0.43363567467751146,0.43196858175924957
seed/17/overall,inner_loss_before,1800,654,502,-0.23101306512748923,0.4270965090649033,0.46289725535454485
seed/17/overall,gradient_norm,1800,654,502,-0.21810372780979254,0.43116063851930125,0.46525607892006704
seed/17/overall,chosen_eta,1800,654,502,0.17669601061735404,0.5637898874425605,0.5655690028790846
seed/17/overall,backtracking_trials,1800,654,502,-0.17669601061735404,0.4362101125574395,0.43443099712091543
seed/17/overall,normalized_update,1800,654,502,-0.15799663724176047,0.46635151651002554,0.5372930466117042
seed/17/overall,representation_shift,1800,654,502,-0.1595286294841449,0.46507330376632455,0.5341269743828998
seed/17/overall,relative_inner_reduction,1800,654,502,-0.2891363464412592,0.38797092399570904,0.40515135145089903
seed/17/overall,query_js,1800,654,502,-0.32857569194723,0.3974841357520641,0.5051074592231997
seed/17/overall,prediction_changed_fraction,1800,654,502,-0.17078811598915333,0.45422383933479565,0.5393372580556051
seed/17/easy,query_entropy,900,272,207,-0.24974022601673992,0.3115399025852379,0.3914089131480436
seed/17/easy,query_max_probability,900,272,207,0.20859614229976414,0.6880854252529037,0.6093997253417544
seed/17/easy,query_probability_gap,900,272,207,0.20748369648192982,0.6893557980517048,0.6108078716774369
seed/17/easy,assignment_entropy,900,272,207,-0.029676168446611945,0.5280067440989135,0.5105785250712787
seed/17/easy,assignment_probability_gap,900,272,207,0.0656853321218092,0.4991686961408767,0.49773790353500497
seed/17/easy,inner_loss_before,900,272,207,0.0903019386443687,0.5719194923192207,0.6224634195648688
seed/17/easy,gradient_norm,900,272,207,0.09230924976450589,0.5552992693892844,0.5695951927835986
seed/17/easy,chosen_eta,900,272,207,-0.023623619496540585,0.5133769670288497,0.5484207150873818
seed/17/easy,backtracking_trials,900,272,207,0.023623619496540585,0.4866230329711502,0.45157928491261823
seed/17/easy,normalized_update,900,272,207,0.01576673551448829,0.5477765548894717,0.6036068065053573
seed/17/easy,representation_shift,900,272,207,0.01074814495655756,0.5438132259273136,0.5937218980697242
seed/17/easy,relative_inner_reduction,900,272,207,-0.13255690439124,0.42241944548520044,0.3933120020076542
seed/17/easy,query_js,900,272,207,-0.3047534461976702,0.418403428250281,0.5548096562589316
seed/17/easy,prediction_changed_fraction,900,272,207,-0.411228396741424,0.35507212439115776,0.4576858997148852
seed/17/hard,query_entropy,900,382,295,0.19789212166884207,0.5432619418221513,0.5252304244291918
seed/17/hard,query_max_probability,900,382,295,-0.18837061938759594,0.463977440417231,0.4780277349768875
seed/17/hard,query_probability_gap,900,382,295,-0.17161392380319812,0.4709211829630678,0.48472335060932903
seed/17/hard,assignment_entropy,900,382,295,0.1551554020649219,0.5476636883704946,0.5313153102675445
seed/17/hard,assignment_probability_gap,900,382,295,-0.07855530685840353,0.4934807657320746,0.47347247513657376
seed/17/hard,inner_loss_before,900,382,295,-0.24799931851767718,0.41721077846732296,0.4904160246533128
seed/17/hard,gradient_norm,900,382,295,-0.19468040495523245,0.43920940386908974,0.5354307325956016
seed/17/hard,chosen_eta,900,382,295,-0.05035699135286946,0.4940796256241282,0.48297520661157023
seed/17/hard,backtracking_trials,900,382,295,0.05035699135286946,0.5059203743758718,0.5170247933884298
seed/17/hard,normalized_update,900,382,295,-0.20155172208031533,0.4450514463603469,0.53996358033338
seed/17/hard,representation_shift,900,382,295,-0.20482491130647487,0.443196749479472,0.5383050847457627
seed/17/hard,relative_inner_reduction,900,382,295,-0.26417079527258674,0.4108734763185025,0.4679983190923098
seed/17/hard,query_js,900,382,295,-0.2104940047251087,0.44099840304028787,0.5457627118644067
seed/17/hard,prediction_changed_fraction,900,382,295,-0.07288223373499265,0.49264185651620207,0.5692169771676705
seed_branch/17/P_O0_resume/overall,query_entropy,1000,407,327,0.1214947454947455,0.5281809480797677,0.5466054137073945
seed_branch/17/P_O0_resume/overall,query_max_probability,1000,407,327,-0.12436140436140436,0.4771598211733119,0.4590518514479418
seed_branch/17/P_O0_resume/overall,query_probability_gap,1000,407,327,-0.12107575307575308,0.47995243442123714,0.46259161815959393
seed_branch/17/P_O0_resume/overall,assignment_entropy,1000,407,327,0.12407554644777309,0.5578762880617856,0.5521172712442802
seed_branch/17/P_O0_resume/overall,assignment_probability_gap,1000,407,327,-0.10431128031128031,0.4554072699097994,0.45469871087058267
seed_branch/17/P_O0_resume/overall,inner_loss_before,1000,407,327,-0.15527841527841527,0.43911150150610523,0.4657406018966606
seed_branch/17/P_O0_resume/overall,gradient_norm,1000,407,327,-0.1587238227238227,0.43533277260090075,0.453453658137601
seed_branch/17/P_O0_resume/overall,chosen_eta,1000,407,327,0.1260263283040169,0.5548309308848938,0.5699433364686851
seed_branch/17/P_O0_resume/overall,backtracking_trials,1000,407,327,-0.1260263283040169,0.44516906911510623,0.4300566635313149
seed_branch/17/P_O0_resume/overall,normalized_update,1000,407,327,-0.05025677025677026,0.4870499811477889,0.5579199440180669
seed_branch/17/P_O0_resume/overall,representation_shift,1000,407,327,-0.04516049716049716,0.4888896254832174,0.5605918090070932
seed_branch/17/P_O0_resume/overall,relative_inner_reduction,1000,407,327,-0.2448039528039528,0.39313696649278435,0.40618709416506493
seed_branch/17/P_O0_resume/overall,query_js,1000,407,327,-0.2165909285909286,0.42418303632468896,0.5248033589159862
seed_branch/17/P_O0_resume/overall,prediction_changed_fraction,1000,407,327,-0.10665923146397718,0.46805068137277245,0.5435882056245485
seed_branch/17/P_O0_resume/easy,query_entropy,500,182,143,-0.15935535742142967,0.385289239062824,0.4701768819415878
seed_branch/17/P_O0_resume/easy,query_max_probability,500,182,143,0.1423814335257341,0.6260280599903242,0.5375800669918317
seed_branch/17/P_O0_resume/easy,query_probability_gap,500,182,143,0.14339586958347833,0.629103600801714,0.5405574817339523
seed_branch/17/P_O0_resume/easy,assignment_entropy,500,182,143,-0.09658382865332654,0.48909738060681457,0.46075493134316664
seed_branch/17/P_O0_resume/easy,assignment_probability_gap,500,182,143,0.07362816651266606,0.5030237058538946,0.5245342892401716
seed_branch/17/P_O0_resume/easy,inner_loss_before,500,182,143,0.04802140808563234,0.5151876425461331,0.5622808563985034
seed_branch/17/P_O0_resume/easy,gradient_norm,500,182,143,0.0029244596978387914,0.4996025986592024,0.4913126089596678
seed_branch/17/P_O0_resume/easy,chosen_eta,500,182,143,0.10261340283518554,0.5515153085907802,0.6017316017316018
seed_branch/17/P_O0_resume/easy,backtracking_trials,500,182,143,-0.10261340283518554,0.4484846914092197,0.39826839826839827
seed_branch/17/P_O0_resume/easy,normalized_update,500,182,143,0.09353778215112861,0.5488803649181008,0.6120742003094944
seed_branch/17/P_O0_resume/easy,representation_shift,500,182,143,0.10673159492637971,0.5534072845393601,0.6137783784842609
seed_branch/17/P_O0_resume/easy,relative_inner_reduction,500,182,143,-0.15410778443113773,0.40947888589398024,0.3826957356369121
seed_branch/17/P_O0_resume/easy,query_js,500,182,143,-0.17623491293965177,0.4527265187642546,0.5905858847035318
seed_branch/17/P_O0_resume/easy,prediction_changed_fraction,500,182,143,-0.2773005414539328,0.3973063100421591,0.5004505298622945
seed_branch/17/P_O0_resume/hard,query_entropy,500,225,184,0.17444815379261516,0.5397171717171717,0.5224442762795817
seed_branch/17/P_O0_resume/hard,query_max_probability,500,225,184,-0.1602560330241321,0.4713050505050505,0.49355049532195927
seed_branch/17/P_O0_resume/hard,query_probability_gap,500,225,184,-0.1448989475957904,0.4771393939393939,0.5040588882773803
seed_branch/17/P_O0_resume/hard,assignment_entropy,500,225,184,0.1489127236508946,0.5625535353535354,0.5550013758943313
seed_branch/17/P_O0_resume/hard,assignment_probability_gap,500,225,184,-0.06028872115488462,0.489389898989899,0.479997936158503
seed_branch/17/P_O0_resume/hard,inner_loss_before,500,225,184,-0.19262333049332198,0.4292525252525253,0.49521876719867913
seed_branch/17/P_O0_resume/hard,gradient_norm,500,225,184,-0.16737254149016595,0.42207676767676766,0.5061227297743534
seed_branch/17/P_O0_resume/hard,chosen_eta,500,225,184,-0.04169732555391494,0.5030383838383838,0.49711062190423777
seed_branch/17/P_O0_resume/hard,backtracking_trials,500,225,184,0.04169732555391494,0.49696161616161616,0.5028893780957623
seed_branch/17/P_O0_resume/hard,normalized_update,500,225,184,-0.15880364321457285,0.4415676767676768,0.5243017336268575
seed_branch/17/P_O0_resume/hard,representation_shift,500,225,184,-0.16105082020328082,0.4395959595959596,0.526073197578426
seed_branch/17/P_O0_resume/hard,relative_inner_reduction,500,225,184,-0.20554296617186468,0.4171959595959596,0.4719489543203082
seed_branch/17/P_O0_resume/hard,query_js,500,225,184,-0.18548320593282372,0.4290424242424242,0.5141373142542652
seed_branch/17/P_O0_resume/hard,prediction_changed_fraction,500,225,184,-0.0833735971604132,0.4801212121212121,0.541173637864612
seed_branch/17/P_C2_warm/overall,query_entropy,1000,317,228,0.23604495275308762,0.5424366429419291,0.5522878601945278
seed_branch/17/P_C2_warm/overall,query_max_probability,1000,317,228,-0.2517129117129117,0.453722905533668,0.4415734933187892
seed_branch/17/P_C2_warm/overall,query_probability_gap,1000,317,228,-0.24564734964734966,0.45699756594353175,0.4442152986092173
seed_branch/17/P_C2_warm/overall,assignment_entropy,1000,317,228,0.38093736893736896,0.6413992822535576,0.6316982547041178
seed_branch/17/P_C2_warm/overall,assignment_probability_gap,1000,317,228,-0.32456134856134855,0.38954602768450564,0.3769998181983456
seed_branch/17/P_C2_warm/overall,inner_loss_before,1000,317,228,-0.3108179508179508,0.4081224510532952,0.4433858285610399
seed_branch/17/P_C2_warm/overall,gradient_norm,1000,317,228,-0.3060595260595261,0.4125702620190198,0.44715253158803747
seed_branch/17/P_C2_warm/overall,chosen_eta,1000,317,228,0.3146300723213393,0.609264656299218,0.6168444914098719
seed_branch/17/P_C2_warm/overall,backtracking_trials,1000,317,228,-0.3146300723213393,0.39073534370078195,0.38315550859012815
seed_branch/17/P_C2_warm/overall,normalized_update,1000,317,228,-0.1742094062094062,0.4829131083409157,0.5607615216798473
seed_branch/17/P_C2_warm/overall,representation_shift,1000,317,228,-0.16912958512958512,0.48404930927296996,0.5590628124715935
seed_branch/17/P_C2_warm/overall,relative_inner_reduction,1000,317,228,-0.2838952278952279,0.39564271561260167,0.41890509953640576
seed_branch/17/P_C2_warm/overall,query_js,1000,317,228,-0.4315261195261195,0.37164393495018727,0.48308676483956003
seed_branch/17/P_C2_warm/overall,prediction_changed_fraction,1000,317,228,-0.2152599665053924,0.4487323969682834,0.5507425461321698
seed_branch/17/P_C2_warm/easy,query_entropy,500,115,79,-0.3893430933723735,0.16582721626199887,0.2155807450614871
seed_branch/17/P_C2_warm/easy,query_max_probability,500,115,79,0.3161379045516182,0.8087182382834557,0.7634625214227728
seed_branch/17/P_C2_warm/easy,query_probability_gap,500,115,79,0.31179859119436476,0.8064822134387352,0.761658498451547
seed_branch/17/P_C2_warm/easy,assignment_entropy,500,115,79,0.13893933975735903,0.6373800112930548,0.6502300129288313
seed_branch/17/P_C2_warm/easy,assignment_probability_gap,500,115,79,-0.009839943359773439,0.46025974025974026,0.42232177756396766
seed_branch/17/P_C2_warm/easy,inner_loss_before,500,115,79,0.16901587606350427,0.6698588368153585,0.7444601461258606
seed_branch/17/P_C2_warm/easy,gradient_norm,500,115,79,0.14616404065616262,0.6192659514398645,0.6547701374064163
seed_branch/17/P_C2_warm/easy,chosen_eta,500,115,79,0.06142681541947646,0.5685262563523433,0.6167804203373523
seed_branch/17/P_C2_warm/easy,backtracking_trials,500,115,79,-0.06142681541947646,0.43147374364765667,0.3832195796626477
seed_branch/17/P_C2_warm/easy,normalized_update,500,115,79,0.1642173928695715,0.6754827780914737,0.7732643795664331
seed_branch/17/P_C2_warm/easy,representation_shift,500,115,79,0.16848566594266376,0.6733370976849238,0.7617787666496286
seed_branch/17/P_C2_warm/easy,relative_inner_reduction,500,115,79,-0.011497773991095965,0.4731338226990401,0.4433085781292282
seed_branch/17/P_C2_warm/easy,query_js,500,115,79,-0.39421156084624337,0.39577639751552796,0.5576836345049461
seed_branch/17/P_C2_warm/easy,prediction_changed_fraction,500,115,79,-0.5389815866018263,0.29940146809712026,0.41238461769746537
seed_branch/17/P_C2_warm/hard,query_entropy,500,202,149,0.19597854861767972,0.5377849026513389,0.5230214726859023
seed_branch/17/P_C2_warm/hard,query_max_probability,500,202,149,-0.19751695006780026,0.46162535716658915,0.46381383965276585
seed_branch/17/P_C2_warm/hard,query_probability_gap,500,202,149,-0.18315260461041843,0.46709083660043854,0.4665672383793189
seed_branch/17/P_C2_warm/hard,assignment_entropy,500,202,149,0.17560313441253764,0.5462156953950429,0.5130882043633721
seed_branch/17/P_C2_warm/hard,assignment_probability_gap,500,202,149,-0.10305718022872092,0.4915941258555386,0.47083118224057824
seed_branch/17/P_C2_warm/hard,inner_loss_before,500,202,149,-0.28546491785967143,0.4077181208053691,0.48888124055909293
seed_branch/17/P_C2_warm/hard,gradient_norm,500,202,149,-0.2183865695462782,0.4535351186125324,0.5514254574657259
seed_branch/17/P_C2_warm/hard,chosen_eta,500,202,149,-0.03547519284868432,0.4932055286065519,0.48806860551826997
seed_branch/17/P_C2_warm/hard,backtracking_trials,500,202,149,0.03547519284868432,0.506794471393448,0.5119313944817301
seed_branch/17/P_C2_warm/hard,normalized_update,500,202,149,-0.22599815199260798,0.4536181806100073,0.5546951184535077
seed_branch/17/P_C2_warm/hard,representation_shift,500,202,149,-0.22591635966543866,0.4541165525948568,0.5542935811392187
seed_branch/17/P_C2_warm/hard,relative_inner_reduction,500,202,149,-0.289375205500822,0.41856601767559304,0.48914893210195226
seed_branch/17/P_C2_warm/hard,query_js,500,202,149,-0.22725239700958805,0.4552794205595056,0.566932446127077
seed_branch/17/P_C2_warm/hard,prediction_changed_fraction,500,202,149,-0.053934592285651436,0.5081982191507741,0.5991414749804012
seed/27/overall,query_entropy,1800,964,802,-0.2936499363117087,0.339272419543767,0.34917715730713295
seed/27/overall,query_max_probability,1800,964,802,0.29227999967489704,0.662133455101352,0.6494972488618134
seed/27/overall,query_probability_gap,1800,964,802,0.2913322145528091,0.6625094304036213,0.6478305738659363
seed/27/overall,assignment_entropy,1800,964,802,-0.2027155535158247,0.3991784381266255,0.4029243024702772
seed/27/overall,assignment_probability_gap,1800,964,802,0.18324724585820346,0.5955014493041355,0.58188821533341
seed/27/overall,inner_loss_before,1800,964,802,0.17216496465996853,0.5868118287041633,0.6077554110715196
seed/27/overall,gradient_norm,1800,964,802,0.18455150346239818,0.5913297365443031,0.6103141444984732
seed/27/overall,chosen_eta,1800,964,802,-0.14726133592813453,0.42593969008715676,0.4382268277202785
seed/27/overall,backtracking_trials,1800,964,802,0.14726133592813453,0.5740603099128432,0.5617731722797216
seed/27/overall,normalized_update,1800,964,802,0.12750847145323194,0.549654797593758,0.6011062024297973
seed/27/overall,representation_shift,1800,964,802,0.11758999514094501,0.5436131350632334,0.5962773427153559
seed/27/overall,relative_inner_reduction,1800,964,802,-0.02148774531514773,0.50888691457047,0.5337557908835127
seed/27/overall,query_js,1800,964,802,0.16685617701322336,0.5559682046496853,0.6358427578348718
seed/27/overall,prediction_changed_fraction,1800,964,802,-0.03942037886102673,0.44645143838472073,0.5173770233734302
seed/27/easy,query_entropy,900,575,490,-0.303705066302551,0.280647491638796,0.3452165256346441
seed/27/easy,query_max_probability,900,575,490,0.306075900505227,0.7242541806020066,0.6563464410154306
seed/27/easy,query_probability_gap,900,575,490,0.29890236078480753,0.7214020066889633,0.6532155301144849
seed/27/easy,assignment_entropy,900,575,490,0.07614980594626249,0.5659451505016723,0.5626580388252862
seed/27/easy,assignment_probability_gap,900,575,490,-0.09565285883068991,0.43115986622073577,0.41951717272274763
seed/27/easy,inner_loss_before,900,575,490,0.08491055750274588,0.5236280936454849,0.555286212045794
seed/27/easy,gradient_norm,900,575,490,-0.014117416605864122,0.47919732441471574,0.4999751119960179
seed/27/easy,chosen_eta,900,575,490,0.17695669063021288,0.5630555183946488,0.5847187655550025
seed/27/easy,backtracking_trials,900,575,490,-0.17695669063021288,0.43694448160535115,0.41528123444499754
seed/27/easy,normalized_update,900,575,490,0.21806700172880872,0.5702367892976589,0.6141114982578397
seed/27/easy,representation_shift,900,575,490,0.2263858597356293,0.5747157190635451,0.6179691388750622
seed/27/easy,relative_inner_reduction,900,575,490,-0.0372968032470822,0.5250729096989967,0.5174315579890493
seed/27/easy,query_js,900,575,490,0.3231799874650051,0.5660735785953177,0.6722896963663514
seed/27/easy,prediction_changed_fraction,900,575,490,0.29484738959877643,0.5363183946488295,0.6192508710801393
seed/27/hard,query_entropy,900,389,312,0.0010338284368252306,0.4785817415320532,0.45054945054945056
seed/27/hard,query_max_probability,900,389,312,-0.0051762862258677685,0.5222181417554168,0.5414104744461887
seed/27/hard,query_probability_gap,900,389,312,0.010181313022943292,0.5266501994677506,0.5371478719693006
seed/27/hard,assignment_entropy,900,389,312,-0.06780852871677231,0.45031668335186315,0.44447169893598465
seed/27/hard,assignment_probability_gap,900,389,312,0.010840079226435258,0.5307602915800965,0.509004884004884
seed/27/hard,inner_loss_before,900,389,312,-0.19285462492340524,0.426081225884022,0.4896923512994942
seed/27/hard,gradient_norm,900,389,312,-0.1077548984628376,0.4733196162572505,0.5461255014826444
seed/27/hard,chosen_eta,900,389,312,-0.10407500603831954,0.4684247329949341,0.4643156942264085
seed/27/hard,backtracking_trials,900,389,312,0.10407500603831954,0.531575267005066,0.5356843057735915
seed/27/hard,normalized_update,900,389,312,-0.1528719088953608,0.44989661885812887,0.524370966335252
seed/27/hard,representation_shift,900,389,312,-0.17345091372540788,0.4381951815835677,0.5120682888540031
seed/27/hard,relative_inner_reduction,900,389,312,-0.23882357056407888,0.4033172518223756,0.4720096371882086
seed/27/hard,query_js,900,389,312,-0.17608558364475346,0.43477932779619577,0.5150880865166579
seed/27/hard,prediction_changed_fraction,900,389,312,-0.21040571214249065,0.4218076356154322,0.4807365253793825
seed_branch/27/P_O0_resume/overall,query_entropy,1000,558,480,-0.24906837306837307,0.35412105288765633,0.3808293269230769
seed_branch/27/P_O0_resume/overall,query_max_probability,1000,558,480,0.24442847242847243,0.6467952772506852,0.6181530448717949
seed_branch/27/P_O0_resume/overall,query_probability_gap,1000,558,480,0.23455980655980657,0.6428988468836666,0.6125040064102564
seed_branch/27/P_O0_resume/overall,assignment_entropy,1000,558,480,-0.1736970296970297,0.415446244668256,0.42682291666666666
seed_branch/27/P_O0_resume/overall,assignment_probability_gap,1000,558,480,0.158998754998755,0.5791449747806484,0.562255608974359
seed_branch/27/P_O0_resume/overall,inner_loss_before,1000,558,480,0.14458497658497657,0.5655581504727615,0.572207532051282
seed_branch/27/P_O0_resume/overall,gradient_norm,1000,558,480,0.12343095943095943,0.5525308551874016,0.5557892628205128
seed_branch/27/P_O0_resume/overall,chosen_eta,1000,558,480,-0.0769033384014546,0.45756904912502633,0.4746935096153846
seed_branch/27/P_O0_resume/overall,backtracking_trials,1000,558,480,0.0769033384014546,0.5424309508749736,0.5253064903846154
seed_branch/27/P_O0_resume/overall,normalized_update,1000,558,480,0.11047019047019047,0.5265005919654876,0.5596514423076923
seed_branch/27/P_O0_resume/overall,representation_shift,1000,558,480,0.10351414351414351,0.5211931753677485,0.5566466346153847
seed_branch/27/P_O0_resume/overall,relative_inner_reduction,1000,558,480,-0.03323830523830524,0.5010663487893089,0.5117828525641026
seed_branch/27/P_O0_resume/overall,query_js,1000,558,480,0.10751654351654352,0.5020232245089931,0.5740424679487179
seed_branch/27/P_O0_resume/overall,prediction_changed_fraction,1000,558,480,-0.09942073072216227,0.3910905139557891,0.4563120993589744
seed_branch/27/P_O0_resume/easy,query_entropy,500,321,276,-0.19720274081096326,0.3129535842948885,0.39719202898550726
seed_branch/27/P_O0_resume/easy,query_max_probability,500,321,276,0.21307035628142512,0.7012478462903984,0.6143568840579711
seed_branch/27/P_O0_resume/easy,query_probability_gap,500,321,276,0.2043242412969652,0.6980803703510329,0.6113645186335404
seed_branch/27/P_O0_resume/easy,assignment_entropy,500,321,276,0.03740194160776643,0.552446091996032,0.557809265010352
seed_branch/27/P_O0_resume/easy,assignment_probability_gap,500,321,276,-0.06443382573530294,0.44325519065768637,0.42195587474120083
seed_branch/27/P_O0_resume/easy,inner_loss_before,500,321,276,0.06131784527138109,0.5102246819471276,0.5336438923395446
seed_branch/27/P_O0_resume/easy,gradient_norm,500,321,276,-0.12158400633602534,0.4183504759915766,0.4448596014492754
seed_branch/27/P_O0_resume/easy,chosen_eta,500,321,276,0.2877150468713135,0.6195635148540699,0.62597049689441
seed_branch/27/P_O0_resume/easy,backtracking_trials,500,321,276,-0.2877150468713135,0.38043648514593015,0.3740295031055901
seed_branch/27/P_O0_resume/easy,normalized_update,500,321,276,0.2821193044772179,0.6018900433352478,0.6282835144927537
seed_branch/27/P_O0_resume/easy,representation_shift,500,321,276,0.2902934491737967,0.6037522407281714,0.6313729296066253
seed_branch/27/P_O0_resume/easy,relative_inner_reduction,500,321,276,-0.05855495421981688,0.515358777563132,0.508103649068323
seed_branch/27/P_O0_resume/easy,query_js,500,321,276,0.3280846723386894,0.5617744826746027,0.6639169254658385
seed_branch/27/P_O0_resume/easy,prediction_changed_fraction,500,321,276,0.29501593940883153,0.5244522181033433,0.6055415372670807
seed_branch/27/P_O0_resume/hard,query_entropy,500,237,204,-0.09628867315469263,0.43395742086602174,0.412543057763646
seed_branch/27/P_O0_resume/hard,query_max_probability,500,237,204,0.062327289309157236,0.5550047327974844,0.5700185479597244
seed_branch/27/P_O0_resume/hard,query_probability_gap,500,237,204,0.035717326869307474,0.5410149043012306,0.5485227874933757
seed_branch/27/P_O0_resume/hard,assignment_entropy,500,237,204,-0.07519038076152304,0.45399560411352297,0.43642355590885
seed_branch/27/P_O0_resume/hard,assignment_probability_gap,500,237,204,0.04103402013608055,0.5283887632157354,0.5391328828828829
seed_branch/27/P_O0_resume/hard,inner_loss_before,500,237,204,-0.13916484465937864,0.4206093276218896,0.47391693163751986
seed_branch/27/P_O0_resume/hard,gradient_norm,500,237,204,-0.08125136500546003,0.4543325151208869,0.4930776364599894
seed_branch/27/P_O0_resume/hard,chosen_eta,500,237,204,-0.10351942035217099,0.46508158059392596,0.4719048092209857
seed_branch/27/P_O0_resume/hard,backtracking_trials,500,237,204,0.10351942035217099,0.534918419406074,0.5280951907790143
seed_branch/27/P_O0_resume/hard,normalized_update,500,237,204,-0.1280989763959056,0.43485585021899215,0.47118441971383146
seed_branch/27/P_O0_resume/hard,representation_shift,500,237,204,-0.1422753531014124,0.4271068970496222,0.4646595124536301
seed_branch/27/P_O0_resume/hard,relative_inner_reduction,500,237,204,-0.18132178128712514,0.417432738123887,0.45861486486486486
seed_branch/27/P_O0_resume/hard,query_js,500,237,204,-0.2056556706226825,0.38605188429513404,0.4310247747747748
seed_branch/27/P_O0_resume/hard,prediction_changed_fraction,500,237,204,-0.31745115838304017,0.33725594006192744,0.378792395336513
seed_branch/27/P_C2_warm/overall,query_entropy,1000,518,419,-0.34058789258789257,0.32114420288694145,0.31189332851350854
seed_branch/27/P_C2_warm/overall,query_max_probability,1000,518,419,0.3399424599424599,0.6797249235008571,0.6851490517131602
seed_branch/27/P_C2_warm/overall,query_probability_gap,1000,518,419,0.3453944853944854,0.6828970345567856,0.6852681780651416
seed_branch/27/P_C2_warm/overall,assignment_entropy,1000,518,419,-0.2224561271234955,0.38862365625851103,0.38318634236913557
seed_branch/27/P_C2_warm/overall,assignment_probability_gap,1000,518,419,0.20333398733398733,0.609181499222993,0.6020193970563468
seed_branch/27/P_C2_warm/overall,inner_loss_before,1000,518,419,0.20258896658896658,0.6081761963504702,0.6472874108092788
seed_branch/27/P_C2_warm/overall,gradient_norm,1000,518,419,0.24208375408375407,0.6234880405004887,0.6641910293749153
seed_branch/27/P_C2_warm/overall,chosen_eta,1000,518,419,-0.2313460794895746,0.3905641711658309,0.39689408845747803
seed_branch/27/P_C2_warm/overall,backtracking_trials,1000,518,419,0.2313460794895746,0.6094358288341691,0.6031059115425219
seed_branch/27/P_C2_warm/overall,normalized_update,1000,518,419,0.09897744297744297,0.5482104807830949,0.6194652459137607
seed_branch/27/P_C2_warm/overall,representation_shift,1000,518,419,0.09007837807837808,0.5435764751117448,0.6149261211227454
seed_branch/27/P_C2_warm/overall,relative_inner_reduction,1000,518,419,-0.015228183228183229,0.5125162210224451,0.5542743767432499
seed_branch/27/P_C2_warm/overall,query_js,1000,518,419,0.1997962877962878,0.5875534692962079,0.6777591100850726
seed_branch/27/P_C2_warm/overall,prediction_changed_fraction,1000,518,419,-0.0015216856665344663,0.4805087393261667,0.5539046742715834
seed_branch/27/P_C2_warm/easy,query_entropy,500,322,275,-0.3994803499213997,0.24837741642822248,0.3005737373737374
seed_branch/27/P_C2_warm/easy,query_max_probability,500,322,275,0.38530598922395687,0.7442947867960081,0.6915070707070707
seed_branch/27/P_C2_warm/easy,query_probability_gap,500,322,275,0.37575990303961215,0.7400725800823504,0.6874181818181818
seed_branch/27/P_C2_warm/easy,assignment_entropy,500,322,275,0.15101762807051228,0.5889629422848768,0.5888808080808081
seed_branch/27/P_C2_warm/easy,assignment_probability_gap,500,322,275,-0.16090893163572653,0.40983320538767537,0.40024242424242423
seed_branch/27/P_C2_warm/easy,inner_loss_before,500,322,275,0.09388203952815811,0.5365866424733059,0.5692121212121212
seed_branch/27/P_C2_warm/easy,gradient_norm,500,322,275,0.09839780159120637,0.5466885337427594,0.5617131313131313
seed_branch/27/P_C2_warm/easy,chosen_eta,500,322,275,0.050542008358808205,0.49779293739967895,0.5312080808080808
seed_branch/27/P_C2_warm/easy,backtracking_trials,500,322,275,-0.050542008358808205,0.502207062600321,0.4687919191919192
seed_branch/27/P_C2_warm/easy,normalized_update,500,322,275,0.12334666938667754,0.5272698722869705,0.5817858585858586
seed_branch/27/P_C2_warm/easy,representation_shift,500,322,275,0.13395432781731126,0.5346674576034615,0.5866828282828283
seed_branch/27/P_C2_warm/easy,relative_inner_reduction,500,322,275,-0.023289213156852628,0.5304975922953451,0.5178989898989899
seed_branch/27/P_C2_warm/easy,query_js,500,322,275,0.3112670370681483,0.5677995673110475,0.6705777777777778
seed_branch/27/P_C2_warm/easy,prediction_changed_fraction,500,322,275,0.30571337053842823,0.5491136855328355,0.6277575757575757
seed_branch/27/P_C2_warm/hard,query_entropy,500,196,144,0.10162312649250597,0.5227913533834586,0.4859550561797753
seed_branch/27/P_C2_warm/hard,query_max_probability,500,196,144,-0.07129554918219673,0.4918937969924812,0.513849875156055
seed_branch/27/P_C2_warm/hard,query_probability_gap,500,196,144,-0.01439256957027828,0.5128390171858217,0.5217501560549314
seed_branch/27/P_C2_warm/hard,assignment_entropy,500,196,144,-0.019870783960034662,0.47638627819548873,0.47685510299625467
seed_branch/27/P_C2_warm/hard,assignment_probability_gap,500,196,144,-0.03830760923043692,0.5154403866809882,0.46633114856429464
seed_branch/27/P_C2_warm/hard,inner_loss_before,500,196,144,-0.2506074664298657,0.4190890171858217,0.5044865792759051
seed_branch/27/P_C2_warm/hard,gradient_norm,500,196,144,-0.19416778467113868,0.4462607411385607,0.565230961298377
seed_branch/27/P_C2_warm/hard,chosen_eta,500,196,144,-0.0784443093673028,0.4731639366272825,0.4677356429463171
seed_branch/27/P_C2_warm/hard,backtracking_trials,500,196,144,0.0784443093673028,0.5268360633727175,0.5322643570536829
seed_branch/27/P_C2_warm/hard,normalized_update,500,196,144,-0.2264184416737667,0.4258525778732546,0.5472261235955056
seed_branch/27/P_C2_warm/hard,representation_shift,500,196,144,-0.24073977895911583,0.41685687432867885,0.5366534019975031
seed_branch/27/P_C2_warm/hard,relative_inner_reduction,500,196,144,-0.3122888651554606,0.3787761815252417,0.4860916042446941
seed_branch/27/P_C2_warm/hard,query_js,500,196,144,-0.22961592646370585,0.42192534908700324,0.5489037141073658
seed_branch/27/P_C2_warm/hard,prediction_changed_fraction,500,196,144,-0.14626616173964344,0.46921992481203006,0.5467774656679151
state/seed17_P_C2_warm_step0/easy,query_entropy,100,25,15,-0.38832283228322834,0.21066666666666667,0.2564705882352941
state/seed17_P_C2_warm_step0/easy,query_max_probability,100,25,15,0.31954395439543953,0.752,0.7043137254901961
state/seed17_P_C2_warm_step0/easy,query_probability_gap,100,25,15,0.3170957095709571,0.7525333333333334,0.7074509803921568
state/seed17_P_C2_warm_step0/easy,assignment_entropy,100,25,15,0.12924092409240925,0.6,0.5850980392156863
state/seed17_P_C2_warm_step0/easy,assignment_probability_gap,100,25,15,-0.021326132613261325,0.47146666666666665,0.49098039215686273
state/seed17_P_C2_warm_step0/easy,inner_loss_before,100,25,15,0.10657065706570656,0.5578666666666666,0.5584313725490196
state/seed17_P_C2_warm_step0/easy,gradient_norm,100,25,15,0.19217521752175218,0.6261333333333333,0.6007843137254902
state/seed17_P_C2_warm_step0/easy,chosen_eta,100,25,15,0.002120494355086965,0.5088,0.5843137254901961
state/seed17_P_C2_warm_step0/easy,backtracking_trials,100,25,15,-0.002120494355086965,0.4912,0.41568627450980394
state/seed17_P_C2_warm_step0/easy,normalized_update,100,25,15,0.14214221422142215,0.6032,0.68
state/seed17_P_C2_warm_step0/easy,representation_shift,100,25,15,0.14735073507350735,0.6064,0.6823529411764706
state/seed17_P_C2_warm_step0/easy,relative_inner_reduction,100,25,15,-0.04291629162916292,0.4165333333333333,0.35843137254901963
state/seed17_P_C2_warm_step0/easy,query_js,100,25,15,-0.4289108910891089,0.34826666666666667,0.5364705882352941
state/seed17_P_C2_warm_step0/easy,prediction_changed_fraction,100,25,15,-0.5713126217722481,0.2674666666666667,0.3933333333333333
state/seed17_P_C2_warm_step0/hard,query_entropy,100,45,38,0.06652265226522652,0.49333333333333335,0.4906621392190153
state/seed17_P_C2_warm_step0/hard,query_max_probability,100,45,38,-0.08082808280828083,0.503030303030303,0.5135823429541596
state/seed17_P_C2_warm_step0/hard,query_probability_gap,100,45,38,-0.08400840084008401,0.49252525252525253,0.5182512733446519
state/seed17_P_C2_warm_step0/hard,assignment_entropy,100,45,38,0.15894389438943896,0.5870707070707071,0.5055178268251274
state/seed17_P_C2_warm_step0/hard,assignment_probability_gap,100,45,38,-0.062382238223822384,0.48848484848484847,0.5454159592529711
state/seed17_P_C2_warm_step0/hard,inner_loss_before,100,45,38,-0.12447644764476448,0.44686868686868686,0.5220713073005093
state/seed17_P_C2_warm_step0/hard,gradient_norm,100,45,38,-0.09828982898289829,0.4602020202020202,0.5326825127334465
state/seed17_P_C2_warm_step0/hard,chosen_eta,100,45,38,-0.03477250558940255,0.5038383838383839,0.5326825127334465
state/seed17_P_C2_warm_step0/hard,backtracking_trials,100,45,38,0.03477250558940255,0.49616161616161614,0.4673174872665535
state/seed17_P_C2_warm_step0/hard,normalized_update,100,45,38,-0.09009300930093009,0.47919191919191917,0.5437181663837012
state/seed17_P_C2_warm_step0/hard,representation_shift,100,45,38,-0.08087608760876087,0.48404040404040405,0.5488115449915111
state/seed17_P_C2_warm_step0/hard,relative_inner_reduction,100,45,38,-0.13047704770477048,0.4618181818181818,0.517402376910017
state/seed17_P_C2_warm_step0/hard,query_js,100,45,38,-0.1143954395439544,0.46585858585858586,0.5216468590831919
state/seed17_P_C2_warm_step0/hard,prediction_changed_fraction,100,45,38,-0.008264298413260587,0.5066666666666667,0.5602716468590832
state/seed17_P_C2_warm_step100/easy,query_entropy,100,23,18,-0.3554395439543954,0.1767363071710898,0.21747967479674796
state/seed17_P_C2_warm_step100/easy,query_max_probability,100,23,18,0.287992799279928,0.8051948051948052,0.7737127371273713
state/seed17_P_C2_warm_step100/easy,query_probability_gap,100,23,18,0.2748634863486349,0.7972896668548842,0.7649051490514905
state/seed17_P_C2_warm_step100/easy,assignment_entropy,100,23,18,0.19143114311431142,0.6679841897233202,0.7188346883468835
state/seed17_P_C2_warm_step100/easy,assignment_probability_gap,100,23,18,0.008436843684368436,0.47939017504234893,0.4092140921409214
state/seed17_P_C2_warm_step100/easy,inner_loss_before,100,23,18,0.2357875787578758,0.6950875211744777,0.725609756097561
state/seed17_P_C2_warm_step100/easy,gradient_norm,100,23,18,0.26226222622262224,0.6894409937888198,0.6991869918699187
state/seed17_P_C2_warm_step100/easy,chosen_eta,100,23,18,0.23608857846218334,0.7035573122529645,0.7513550135501355
state/seed17_P_C2_warm_step100/easy,backtracking_trials,100,23,18,-0.23608857846218334,0.2964426877470356,0.2486449864498645
state/seed17_P_C2_warm_step100/easy,normalized_update,100,23,18,0.3027182718271827,0.7865612648221344,0.8380758807588076
state/seed17_P_C2_warm_step100/easy,representation_shift,100,23,18,0.30925892589258924,0.7905138339920948,0.8434959349593496
state/seed17_P_C2_warm_step100/easy,relative_inner_reduction,100,23,18,-0.06935493549354936,0.36024844720496896,0.34823848238482386
state/seed17_P_C2_warm_step100/easy,query_js,100,23,18,-0.31127512751275127,0.4579333709768492,0.5745257452574526
state/seed17_P_C2_warm_step100/easy,prediction_changed_fraction,100,23,18,-0.3718168605285236,0.4059853190287973,0.5155826558265583
state/seed17_P_C2_warm_step100/hard,query_entropy,100,39,31,0.22798679867986799,0.5586380832282472,0.5362318840579711
state/seed17_P_C2_warm_step100/hard,query_max_probability,100,39,31,-0.22965496549654965,0.4417822614543926,0.46096306685366994
state/seed17_P_C2_warm_step100/hard,query_probability_gap,100,39,31,-0.20346834683468346,0.4594367381252627,0.47545582047685836
state/seed17_P_C2_warm_step100/hard,assignment_entropy,100,39,31,0.1838943894389439,0.525010508617066,0.5268817204301075
state/seed17_P_C2_warm_step100/hard,assignment_probability_gap,100,39,31,-0.13354935493549355,0.4842370744010088,0.44413277232351567
state/seed17_P_C2_warm_step100/hard,inner_loss_before,100,39,31,-0.3387218721872187,0.36485918453131566,0.4525479195885928
state/seed17_P_C2_warm_step100/hard,gradient_norm,100,39,31,-0.2963096309630963,0.4131988230348886,0.4946236559139785
state/seed17_P_C2_warm_step100/hard,chosen_eta,100,39,31,,0.5,0.5
state/seed17_P_C2_warm_step100/hard,backtracking_trials,100,39,31,,0.5,0.5
state/seed17_P_C2_warm_step100/hard,normalized_update,100,39,31,-0.2963096309630963,0.4131988230348886,0.4946236559139785
state/seed17_P_C2_warm_step100/hard,representation_shift,100,39,31,-0.2823522352235224,0.4207650273224044,0.506778868630201
state/seed17_P_C2_warm_step100/hard,relative_inner_reduction,100,39,31,-0.325964596459646,0.38629676334594365,0.46610565684899485
state/seed17_P_C2_warm_step100/hard,query_js,100,39,31,-0.2761116111611161,0.44640605296343,0.5184665731650304
state/seed17_P_C2_warm_step100/hard,prediction_changed_fraction,100,39,31,-0.10412062318727743,0.49579655317360233,0.525479195885928
state/seed17_P_C2_warm_step200/easy,query_entropy,100,26,17,-0.43870387038703873,0.15176715176715178,0.20978029766123316
state/seed17_P_C2_warm_step200/easy,query_max_probability,100,26,17,0.37636963696369635,0.8248440748440748,0.7866761162296244
state/seed17_P_C2_warm_step200/easy,query_probability_gap,100,26,17,0.36906090609060904,0.8212058212058212,0.7880935506732814
state/seed17_P_C2_warm_step200/easy,assignment_entropy,100,26,17,0.15215121512151214,0.6434511434511434,0.6123316796598157
state/seed17_P_C2_warm_step200/easy,assignment_probability_gap,100,26,17,-0.012973297329732974,0.45686070686070684,0.4684620836286322
state/seed17_P_C2_warm_step200/easy,inner_loss_before,100,26,17,0.24340834083408341,0.7016632016632016,0.8284904323175053
state/seed17_P_C2_warm_step200/easy,gradient_norm,100,26,17,0.2838883888388839,0.7032224532224532,0.7668320340184267
state/seed17_P_C2_warm_step200/easy,chosen_eta,100,26,17,0.09727382083388089,0.5748440748440748,0.6700921332388377
state/seed17_P_C2_warm_step200/easy,backtracking_trials,100,26,17,-0.09727382083388089,0.42515592515592515,0.3299078667611623
state/seed17_P_C2_warm_step200/easy,normalized_update,100,26,17,0.23876387638763877,0.6855509355509356,0.8221119773210489
state/seed17_P_C2_warm_step200/easy,representation_shift,100,26,17,0.24807680768076806,0.6943866943866944,0.8277817150956768
state/seed17_P_C2_warm_step200/easy,relative_inner_reduction,100,26,17,0.07488748874887488,0.5686070686070686,0.5740609496810772
state/seed17_P_C2_warm_step200/easy,query_js,100,26,17,-0.35813981398139816,0.40488565488565487,0.5301204819277109
state/seed17_P_C2_warm_step200/easy,prediction_changed_fraction,100,26,17,-0.532187780975998,0.2939189189189189,0.3922749822820695
state/seed17_P_C2_warm_step200/hard,query_entropy,100,39,26,0.2516891689168917,0.5603194619588062,0.5441787941787942
state/seed17_P_C2_warm_step200/hard,query_max_probability,100,39,26,-0.24032403240324032,0.44136191677175285,0.4386694386694387
state/seed17_P_C2_warm_step200/hard,query_probability_gap,100,39,26,-0.2226822682268227,0.44598570828079026,0.44438669438669437
state/seed17_P_C2_warm_step200/hard,assignment_entropy,100,39,26,0.19303930393039304,0.5233291298865069,0.4916839916839917
state/seed17_P_C2_warm_step200/hard,assignment_probability_gap,100,39,26,-0.1320972097209721,0.5039932744850778,0.46413721413721415
state/seed17_P_C2_warm_step200/hard,inner_loss_before,100,39,26,-0.35546354635463545,0.3905002101723413,0.48232848232848236
state/seed17_P_C2_warm_step200/hard,gradient_norm,100,39,26,-0.3218481848184819,0.4190836485918453,0.5306652806652806
state/seed17_P_C2_warm_step200/hard,chosen_eta,100,39,26,,0.5,0.5
state/seed17_P_C2_warm_step200/hard,backtracking_trials,100,39,26,,0.5,0.5
state/seed17_P_C2_warm_step200/hard,normalized_update,100,39,26,-0.3218481848184819,0.4190836485918453,0.5306652806652806
state/seed17_P_C2_warm_step200/hard,representation_shift,100,39,26,-0.31213921392139216,0.4224464060529634,0.5400207900207901
state/seed17_P_C2_warm_step200/hard,relative_inner_reduction,100,39,26,-0.3377257725772577,0.4110970996216898,0.5145530145530145
state/seed17_P_C2_warm_step200/hard,query_js,100,39,26,-0.29957395739573955,0.4379991593106347,0.5608108108108109
state/seed17_P_C2_warm_step200/hard,prediction_changed_fraction,100,39,26,-0.04026342013037152,0.4951660361496427,0.5693866943866944
state/seed17_P_C2_warm_step400/easy,query_entropy,100,21,11,-0.44162016201620163,0.1398432790837854,0.2574055158324821
state/seed17_P_C2_warm_step400/easy,query_max_probability,100,21,11,0.35996399639963994,0.8414707655213984,0.7201225740551583
state/seed17_P_C2_warm_step400/easy,query_probability_gap,100,21,11,0.35871587158715873,0.836045810729355,0.7119509703779366
state/seed17_P_C2_warm_step400/easy,assignment_entropy,100,21,11,0.1552115211521152,0.6407474382157926,0.6598569969356486
state/seed17_P_C2_warm_step400/easy,assignment_probability_gap,100,21,11,-0.006708670867086709,0.458710066305003,0.3432073544433095
state/seed17_P_C2_warm_step400/easy,inner_loss_before,100,21,11,0.22743474347434744,0.7221217600964437,0.7916241062308478
state/seed17_P_C2_warm_step400/easy,gradient_norm,100,21,11,0.37942994299429944,0.7185051235684147,0.7599591419816139
state/seed17_P_C2_warm_step400/easy,chosen_eta,100,21,11,-0.08713386250793308,0.5476190476190477,0.6506639427987743
state/seed17_P_C2_warm_step400/easy,backtracking_trials,100,21,11,0.08713386250793308,0.4523809523809524,0.34933605720122574
state/seed17_P_C2_warm_step400/easy,normalized_update,100,21,11,0.19085508550855085,0.7136829415310428,0.8478038815117467
state/seed17_P_C2_warm_step400/easy,representation_shift,100,21,11,0.21167716771677167,0.72875226039783,0.8600612870275791
state/seed17_P_C2_warm_step400/easy,relative_inner_reduction,100,21,11,0.07362736273627363,0.6033755274261603,0.5219611848825332
state/seed17_P_C2_warm_step400/easy,query_js,100,21,11,-0.5534473447344734,0.28872814948764314,0.5474974463738509
state/seed17_P_C2_warm_step400/easy,prediction_changed_fraction,100,21,11,-0.6819300511767834,0.22603978300180833,0.35240040858018384
state/seed17_P_C2_warm_step400/hard,query_entropy,100,41,21,0.2565016501650165,0.5613890037205457,0.49306811332127787
state/seed17_P_C2_warm_step400/hard,query_max_probability,100,41,21,-0.27204320432043205,0.43654402645721374,0.45147679324894513
state/seed17_P_C2_warm_step400/hard,query_probability_gap,100,41,21,-0.2673147314731473,0.4485324514262092,0.42857142857142855
state/seed17_P_C2_warm_step400/hard,assignment_entropy,100,41,21,0.1760936093609361,0.5717238528317486,0.45569620253164556
state/seed17_P_C2_warm_step400/hard,assignment_probability_gap,100,41,21,-0.13995799579957996,0.47333608929309634,0.41892706449668476
state/seed17_P_C2_warm_step400/hard,inner_loss_before,100,41,21,-0.34384638463846384,0.3906572964034725,0.5340566606389391
state/seed17_P_C2_warm_step400/hard,gradient_norm,100,41,21,-0.33184518451845185,0.42166184373708143,0.5364677516576251
state/seed17_P_C2_warm_step400/hard,chosen_eta,100,41,21,,0.5,0.5
state/seed17_P_C2_warm_step400/hard,backtracking_trials,100,41,21,,0.5,0.5
state/seed17_P_C2_warm_step400/hard,normalized_update,100,41,21,-0.33184518451845185,0.42166184373708143,0.5364677516576251
state/seed17_P_C2_warm_step400/hard,representation_shift,100,41,21,-0.31525952595259527,0.4274493592393551,0.5382760699216396
state/seed17_P_C2_warm_step400/hard,relative_inner_reduction,100,41,21,-0.3319291929192919,0.42414220752377013,0.5232067510548524
state/seed17_P_C2_warm_step400/hard,query_js,100,41,21,-0.3258325832583258,0.4361306324927656,0.6081977094635322
state/seed17_P_C2_warm_step400/hard,prediction_changed_fraction,100,41,21,-0.022262704349424605,0.5214964861513022,0.6877637130801688
state/seed17_P_C2_warm_step50/easy,query_entropy,100,20,18,-0.34414641464146417,0.130625,0.1402439024390244
state/seed17_P_C2_warm_step50/easy,query_max_probability,100,20,18,0.2657665766576658,0.8275,0.8157181571815718
state/seed17_P_C2_warm_step50/easy,query_probability_gap,100,20,18,0.26233423342334233,0.8275,0.8157181571815718
state/seed17_P_C2_warm_step50/easy,assignment_entropy,100,20,18,0.15171917191719173,0.673125,0.6537940379403794
state/seed17_P_C2_warm_step50/easy,assignment_probability_gap,100,20,18,-0.008712871287128714,0.443125,0.43224932249322495
state/seed17_P_C2_warm_step50/easy,inner_loss_before,100,20,18,0.19833183318331835,0.74375,0.7831978319783198
state/seed17_P_C2_warm_step50/easy,gradient_norm,100,20,18,0.21657365736573658,0.683125,0.69579945799458
state/seed17_P_C2_warm_step50/easy,chosen_eta,100,20,18,0.1564095628923181,0.6646875,0.7286585365853658
state/seed17_P_C2_warm_step50/easy,backtracking_trials,100,20,18,-0.1564095628923181,0.3353125,0.27134146341463417
state/seed17_P_C2_warm_step50/easy,normalized_update,100,20,18,0.23648364836483649,0.79125,0.8665311653116531
state/seed17_P_C2_warm_step50/easy,representation_shift,100,20,18,0.24507650765076508,0.794375,0.8699186991869918
state/seed17_P_C2_warm_step50/easy,relative_inner_reduction,100,20,18,0.053921392139213924,0.444375,0.41124661246612465
state/seed17_P_C2_warm_step50/easy,query_js,100,20,18,-0.35594359435943596,0.47,0.532520325203252
state/seed17_P_C2_warm_step50/easy,prediction_changed_fraction,100,20,18,-0.5560999732359068,0.318125,0.35907859078590787
state/seed17_P_C2_warm_step50/hard,query_entropy,100,38,33,0.18882688268826883,0.5042444821731749,0.5264586160108549
state/seed17_P_C2_warm_step50/hard,query_max_probability,100,38,33,-0.19860786078607862,0.4872665534804754,0.4577114427860697
state/seed17_P_C2_warm_step50/hard,query_probability_gap,100,38,33,-0.1946114611461146,0.48217317487266553,0.4559023066485753
state/seed17_P_C2_warm_step50/hard,assignment_entropy,100,38,33,0.18027002700270028,0.5258913412563667,0.5079149706015378
state/seed17_P_C2_warm_step50/hard,assignment_probability_gap,100,38,33,-0.10688268826882688,0.49490662139219016,0.4975124378109453
state/seed17_P_C2_warm_step50/hard,inner_loss_before,100,38,33,-0.28550855085508553,0.43081494057724956,0.4473089099954772
state/seed17_P_C2_warm_step50/hard,gradient_norm,100,38,33,-0.24187218721872186,0.4579796264855688,0.48756218905472637
state/seed17_P_C2_warm_step50/hard,chosen_eta,100,38,33,0.019868978829754608,0.519100169779287,0.5146992311171416
state/seed17_P_C2_warm_step50/hard,backtracking_trials,100,38,33,-0.019868978829754608,0.4808998302207131,0.48530076888285845
state/seed17_P_C2_warm_step50/hard,normalized_update,100,38,33,-0.22346234623462347,0.47495755517826826,0.5020352781546812
state/seed17_P_C2_warm_step50/hard,representation_shift,100,38,33,-0.2196939693969397,0.4766553480475382,0.5061058344640434
state/seed17_P_C2_warm_step50/hard,relative_inner_reduction,100,38,33,-0.33375337533753374,0.42232597623089985,0.42152872003618275
state/seed17_P_C2_warm_step50/hard,query_js,100,38,33,-0.25884188418841886,0.4469439728353141,0.48484848484848486
state/seed17_P_C2_warm_step50/hard,prediction_changed_fraction,100,38,33,-0.10160646525505007,0.491723259762309,0.5246494798733605
state/seed17_P_O0_resume_step0/easy,query_entropy,100,25,15,-0.38832283228322834,0.21066666666666667,0.2564705882352941
state/seed17_P_O0_resume_step0/easy,query_max_probability,100,25,15,0.31954395439543953,0.752,0.7043137254901961
state/seed17_P_O0_resume_step0/easy,query_probability_gap,100,25,15,0.3170957095709571,0.7525333333333334,0.7074509803921568
state/seed17_P_O0_resume_step0/easy,assignment_entropy,100,25,15,0.12924092409240925,0.6,0.5850980392156863
state/seed17_P_O0_resume_step0/easy,assignment_probability_gap,100,25,15,-0.021326132613261325,0.47146666666666665,0.49098039215686273
state/seed17_P_O0_resume_step0/easy,inner_loss_before,100,25,15,0.10657065706570656,0.5578666666666666,0.5584313725490196
state/seed17_P_O0_resume_step0/easy,gradient_norm,100,25,15,0.19217521752175218,0.6261333333333333,0.6007843137254902
state/seed17_P_O0_resume_step0/easy,chosen_eta,100,25,15,0.002120494355086965,0.5088,0.5843137254901961
state/seed17_P_O0_resume_step0/easy,backtracking_trials,100,25,15,-0.002120494355086965,0.4912,0.41568627450980394
state/seed17_P_O0_resume_step0/easy,normalized_update,100,25,15,0.14214221422142215,0.6032,0.68
state/seed17_P_O0_resume_step0/easy,representation_shift,100,25,15,0.14735073507350735,0.6064,0.6823529411764706
state/seed17_P_O0_resume_step0/easy,relative_inner_reduction,100,25,15,-0.04291629162916292,0.4165333333333333,0.35843137254901963
state/seed17_P_O0_resume_step0/easy,query_js,100,25,15,-0.4289108910891089,0.34826666666666667,0.5364705882352941
state/seed17_P_O0_resume_step0/easy,prediction_changed_fraction,100,25,15,-0.5713126217722481,0.2674666666666667,0.3933333333333333
state/seed17_P_O0_resume_step0/hard,query_entropy,100,45,38,0.06652265226522652,0.49333333333333335,0.4906621392190153
state/seed17_P_O0_resume_step0/hard,query_max_probability,100,45,38,-0.08082808280828083,0.503030303030303,0.5135823429541596
state/seed17_P_O0_resume_step0/hard,query_probability_gap,100,45,38,-0.08400840084008401,0.49252525252525253,0.5182512733446519
state/seed17_P_O0_resume_step0/hard,assignment_entropy,100,45,38,0.15894389438943896,0.5870707070707071,0.5055178268251274
state/seed17_P_O0_resume_step0/hard,assignment_probability_gap,100,45,38,-0.062382238223822384,0.48848484848484847,0.5454159592529711
state/seed17_P_O0_resume_step0/hard,inner_loss_before,100,45,38,-0.12447644764476448,0.44686868686868686,0.5220713073005093
state/seed17_P_O0_resume_step0/hard,gradient_norm,100,45,38,-0.09828982898289829,0.4602020202020202,0.5326825127334465
state/seed17_P_O0_resume_step0/hard,chosen_eta,100,45,38,-0.03477250558940255,0.5038383838383839,0.5326825127334465
state/seed17_P_O0_resume_step0/hard,backtracking_trials,100,45,38,0.03477250558940255,0.49616161616161614,0.4673174872665535
state/seed17_P_O0_resume_step0/hard,normalized_update,100,45,38,-0.09009300930093009,0.47919191919191917,0.5437181663837012
state/seed17_P_O0_resume_step0/hard,representation_shift,100,45,38,-0.08087608760876087,0.48404040404040405,0.5488115449915111
state/seed17_P_O0_resume_step0/hard,relative_inner_reduction,100,45,38,-0.13047704770477048,0.4618181818181818,0.517402376910017
state/seed17_P_O0_resume_step0/hard,query_js,100,45,38,-0.1143954395439544,0.46585858585858586,0.5216468590831919
state/seed17_P_O0_resume_step0/hard,prediction_changed_fraction,100,45,38,-0.008264298413260587,0.5066666666666667,0.5602716468590832
state/seed17_P_O0_resume_step100/easy,query_entropy,100,44,31,-0.32076807680768077,0.2637987012987013,0.36792893875642824
state/seed17_P_O0_resume_step100/easy,query_max_probability,100,44,31,0.34095409540954097,0.7625811688311688,0.6521739130434783
state/seed17_P_O0_resume_step100/easy,query_probability_gap,100,44,31,0.3471347134713471,0.765827922077922,0.6549789621318373
state/seed17_P_O0_resume_step100/easy,assignment_entropy,100,44,31,0.205988598859886,0.6440746753246753,0.6255259467040674
state/seed17_P_O0_resume_step100/easy,assignment_probability_gap,100,44,31,-0.18875487548754877,0.35430194805194803,0.3810191678354371
state/seed17_P_O0_resume_step100/easy,inner_loss_before,100,44,31,-0.006468646864686469,0.48133116883116883,0.5670874240299205
state/seed17_P_O0_resume_step100/easy,gradient_norm,100,44,31,0.32361236123612364,0.6339285714285714,0.6334735857877513
state/seed17_P_O0_resume_step100/easy,chosen_eta,100,44,31,-0.22151127328670236,0.3979301948051948,0.47148200093501635
state/seed17_P_O0_resume_step100/easy,backtracking_trials,100,44,31,0.22151127328670236,0.6020698051948052,0.5285179990649836
state/seed17_P_O0_resume_step100/easy,normalized_update,100,44,31,-0.10172217221722173,0.43790584415584416,0.5081813931743806
state/seed17_P_O0_resume_step100/easy,representation_shift,100,44,31,-0.0944974497449745,0.4431818181818182,0.5091164095371669
state/seed17_P_O0_resume_step100/easy,relative_inner_reduction,100,44,31,-0.04022802280228023,0.53125,0.46049555867227676
state/seed17_P_O0_resume_step100/easy,query_js,100,44,31,-0.1564116411641164,0.37256493506493504,0.5731650303880318
state/seed17_P_O0_resume_step100/easy,prediction_changed_fraction,100,44,31,-0.27753627222521804,0.34131493506493504,0.4672744273024778
state/seed17_P_O0_resume_step100/hard,query_entropy,100,44,36,0.1770897089708971,0.5349025974025974,0.5208333333333334
state/seed17_P_O0_resume_step100/hard,query_max_probability,100,44,36,-0.16187218721872187,0.4772727272727273,0.4943576388888889
state/seed17_P_O0_resume_step100/hard,query_probability_gap,100,44,36,-0.1394899489948995,0.48863636363636365,0.51171875
state/seed17_P_O0_resume_step100/hard,assignment_entropy,100,44,36,0.21626162616261627,0.5905032467532467,0.5815972222222222
state/seed17_P_O0_resume_step100/hard,assignment_probability_gap,100,44,36,-0.09771377137713771,0.48214285714285715,0.4539930555555556
state/seed17_P_O0_resume_step100/hard,inner_loss_before,100,44,36,-0.21026102610261027,0.40868506493506496,0.4856770833333333
state/seed17_P_O0_resume_step100/hard,gradient_norm,100,44,36,-0.13792979297929792,0.4346590909090909,0.5225694444444444
state/seed17_P_O0_resume_step100/hard,chosen_eta,100,44,36,-0.12745700053408016,0.49594155844155846,0.4661458333333333
state/seed17_P_O0_resume_step100/hard,backtracking_trials,100,44,36,0.12745700053408016,0.5040584415584416,0.5338541666666666
state/seed17_P_O0_resume_step100/hard,normalized_update,100,44,36,-0.16304830483048305,0.4549512987012987,0.5203993055555556
state/seed17_P_O0_resume_step100/hard,representation_shift,100,44,36,-0.15825982598259827,0.4577922077922078,0.5260416666666666
state/seed17_P_O0_resume_step100/hard,relative_inner_reduction,100,44,36,-0.21815781578157817,0.40584415584415584,0.4418402777777778
state/seed17_P_O0_resume_step100/hard,query_js,100,44,36,-0.15776777677767775,0.4476461038961039,0.5290798611111112
state/seed17_P_O0_resume_step100/hard,prediction_changed_fraction,100,44,36,-0.056841956684003624,0.5089285714285714,0.5835503472222222
state/seed17_P_O0_resume_step200/easy,query_entropy,100,33,26,-0.1600960096009601,0.40615106286748076,0.4807692307692308
state/seed17_P_O0_resume_step200/easy,query_max_probability,100,33,26,0.1755055505550555,0.6273179556761647,0.5519750519750519
state/seed17_P_O0_resume_step200/easy,query_probability_gap,100,33,26,0.1912271227122712,0.6377204884667571,0.5639293139293139
state/seed17_P_O0_resume_step200/easy,assignment_entropy,100,33,26,0.1805765993905499,0.5952057892356399,0.6044698544698545
state/seed17_P_O0_resume_step200/easy,assignment_probability_gap,100,33,26,-0.14478247824782478,0.42198100407055633,0.3913721413721414
state/seed17_P_O0_resume_step200/easy,inner_loss_before,100,33,26,-0.12234023402340234,0.4459520578923564,0.4490644490644491
state/seed17_P_O0_resume_step200/easy,gradient_norm,100,33,26,0.1861146114611461,0.5409317051108096,0.501039501039501
state/seed17_P_O0_resume_step200/easy,chosen_eta,100,33,26,-0.06704113018083112,0.5165083672546359,0.567047817047817
state/seed17_P_O0_resume_step200/easy,backtracking_trials,100,33,26,0.06704113018083112,0.4834916327453641,0.43295218295218296
state/seed17_P_O0_resume_step200/easy,normalized_update,100,33,26,-9.600960096009601e-05,0.5174129353233831,0.5634095634095634
state/seed17_P_O0_resume_step200/easy,representation_shift,100,33,26,-0.002436243624362436,0.5165083672546359,0.5582120582120582
state/seed17_P_O0_resume_step200/easy,relative_inner_reduction,100,33,26,-0.12362436243624363,0.46494798733604703,0.3991683991683992
state/seed17_P_O0_resume_step200/easy,query_js,100,33,26,-0.20703270327032702,0.45364088647670736,0.5717255717255717
state/seed17_P_O0_resume_step200/easy,prediction_changed_fraction,100,33,26,-0.3060697137933682,0.3810492989597467,0.4698544698544699
state/seed17_P_O0_resume_step200/hard,query_entropy,100,45,43,0.2041044104410441,0.5781818181818181,0.5736434108527132
state/seed17_P_O0_resume_step200/hard,query_max_probability,100,45,43,-0.164008400840084,0.4541414141414141,0.4602203182374541
state/seed17_P_O0_resume_step200/hard,query_probability_gap,100,45,43,-0.12644464446444645,0.4816161616161616,0.485516115871073
state/seed17_P_O0_resume_step200/hard,assignment_entropy,100,45,43,0.17276927692769278,0.6064646464646465,0.5940432476540187
state/seed17_P_O0_resume_step200/hard,assignment_probability_gap,100,45,43,-0.07071107110711071,0.45131313131313133,0.452468380252958
state/seed17_P_O0_resume_step200/hard,inner_loss_before,100,45,43,-0.18953495349534955,0.41454545454545455,0.44430844553243576
state/seed17_P_O0_resume_step200/hard,gradient_norm,100,45,43,-0.15971197119711972,0.41575757575757577,0.4532843737250102
state/seed17_P_O0_resume_step200/hard,chosen_eta,100,45,43,-0.07389014541818383,0.49454545454545457,0.48674010607915136
state/seed17_P_O0_resume_step200/hard,backtracking_trials,100,45,43,0.07389014541818383,0.5054545454545455,0.5132598939208486
state/seed17_P_O0_resume_step200/hard,normalized_update,100,45,43,-0.16842484248424844,0.4262626262626263,0.4614443084455324
state/seed17_P_O0_resume_step200/hard,representation_shift,100,45,43,-0.16697269726972697,0.43313131313131314,0.46960424316605465
state/seed17_P_O0_resume_step200/hard,relative_inner_reduction,100,45,43,-0.19409540954095408,0.4064646464646465,0.43370053039575684
state/seed17_P_O0_resume_step200/hard,query_js,100,45,43,-0.1632043204320432,0.4315151515151515,0.470828233374133
state/seed17_P_O0_resume_step200/hard,prediction_changed_fraction,100,45,43,-0.12079730797550652,0.4793939393939394,0.5089759281925744
state/seed17_P_O0_resume_step400/easy,query_entropy,100,54,49,0.20874887488748875,0.5905797101449275,0.6674669867947179
state/seed17_P_O0_resume_step400/easy,query_max_probability,100,54,49,-0.15186318631863185,0.4617552334943639,0.37975190076030413
state/seed17_P_O0_resume_step400/easy,query_probability_gap,100,54,49,-0.13683768376837685,0.4718196457326892,0.3869547819127651
state/seed17_P_O0_resume_step400/easy,assignment_entropy,100,54,49,0.07537953795379539,0.604669887278583,0.6106442577030813
state/seed17_P_O0_resume_step400/easy,assignment_probability_gap,100,54,49,-0.045184518451845186,0.4428341384863124,0.44737895158063223
state/seed17_P_O0_resume_step400/easy,inner_loss_before,100,54,49,0.2622022202220222,0.5946054750402576,0.640656262505002
state/seed17_P_O0_resume_step400/easy,gradient_norm,100,54,49,0.37572157215721574,0.6867954911433173,0.7318927571028412
state/seed17_P_O0_resume_step400/easy,chosen_eta,100,54,49,-0.08443916161115529,0.41807568438003223,0.4425770308123249
state/seed17_P_O0_resume_step400/easy,backtracking_trials,100,54,49,0.08443916161115529,0.5819243156199678,0.5574229691876751
state/seed17_P_O0_resume_step400/easy,normalized_update,100,54,49,0.1472907290729073,0.5169082125603864,0.5786314525810324
state/seed17_P_O0_resume_step400/easy,representation_shift,100,54,49,0.13106510651065106,0.5064412238325282,0.5638255302120848
state/seed17_P_O0_resume_step400/easy,relative_inner_reduction,100,54,49,-0.24355235523552354,0.35909822866344604,0.38015206082432973
state/seed17_P_O0_resume_step400/easy,query_js,100,54,49,0.3275127512751275,0.6409017713365539,0.7290916366546618
state/seed17_P_O0_resume_step400/easy,prediction_changed_fraction,100,54,49,0.13115469324268855,0.5364331723027376,0.6142456982793117
state/seed17_P_O0_resume_step400/hard,query_entropy,100,49,32,0.2290909090909091,0.5506202480992397,0.47931985294117646
state/seed17_P_O0_resume_step400/hard,query_max_probability,100,49,32,-0.2243864386438644,0.4421768707482993,0.5257352941176471
state/seed17_P_O0_resume_step400/hard,query_probability_gap,100,49,32,-0.19921992199219923,0.43897559023609445,0.53125
state/seed17_P_O0_resume_step400/hard,assignment_entropy,100,49,32,0.14977497749774976,0.5574229691876751,0.49954044117647056
state/seed17_P_O0_resume_step400/hard,assignment_probability_gap,100,49,32,-0.06823882388238824,0.5034013605442177,0.4834558823529412
state/seed17_P_O0_resume_step400/hard,inner_loss_before,100,49,32,-0.17477347734773477,0.46338535414165666,0.5730698529411765
state/seed17_P_O0_resume_step400/hard,gradient_norm,100,49,32,-0.19743174317431744,0.41616646658663464,0.5753676470588235
state/seed17_P_O0_resume_step400/hard,chosen_eta,100,49,32,0.03553889276874094,0.5094037615046019,0.4990808823529412
state/seed17_P_O0_resume_step400/hard,backtracking_trials,100,49,32,-0.03553889276874094,0.4905962384953982,0.5009191176470589
state/seed17_P_O0_resume_step400/hard,normalized_update,100,49,32,-0.18183018301830184,0.4261704681872749,0.5804227941176471
state/seed17_P_O0_resume_step400/hard,representation_shift,100,49,32,-0.19708370837083708,0.4125650260104042,0.5790441176470589
state/seed17_P_O0_resume_step400/hard,relative_inner_reduction,100,49,32,-0.26444644464446443,0.40416166466586634,0.5280330882352942
state/seed17_P_O0_resume_step400/hard,query_js,100,49,32,-0.226006600660066,0.3981592637054822,0.5744485294117647
state/seed17_P_O0_resume_step400/hard,prediction_changed_fraction,100,49,32,-0.1265030317342857,0.4421768707482993,0.47127757352941174
state/seed17_P_O0_resume_step50/easy,query_entropy,100,26,22,-0.3076867686768677,0.29573804573804574,0.31585081585081587
state/seed17_P_O0_resume_step50/easy,query_max_probability,100,26,22,0.26293429342934294,0.6907484407484408,0.6561771561771562
state/seed17_P_O0_resume_step50/easy,query_probability_gap,100,26,22,0.26525052505250524,0.6943866943866944,0.6596736596736597
state/seed17_P_O0_resume_step50/easy,assignment_entropy,100,26,22,0.23972397239723972,0.6616424116424117,0.666083916083916
state/seed17_P_O0_resume_step50/easy,assignment_probability_gap,100,26,22,-0.1316171617161716,0.3996881496881497,0.3881118881118881
state/seed17_P_O0_resume_step50/easy,inner_loss_before,100,26,22,0.12087608760876088,0.5524948024948025,0.6241258741258742
state/seed17_P_O0_resume_step50/easy,gradient_norm,100,26,22,0.18525052505250525,0.5337837837837838,0.5815850815850816
state/seed17_P_O0_resume_step50/easy,chosen_eta,100,26,22,0.09536128998493991,0.6400727650727651,0.6439393939393939
state/seed17_P_O0_resume_step50/easy,backtracking_trials,100,26,22,-0.09536128998493991,0.35992723492723494,0.3560606060606061
state/seed17_P_O0_resume_step50/easy,normalized_update,100,26,22,0.18785478547854786,0.670997920997921,0.7290209790209791
state/seed17_P_O0_resume_step50/easy,representation_shift,100,26,22,0.19797179717971797,0.6751559251559252,0.7331002331002331
state/seed17_P_O0_resume_step50/easy,relative_inner_reduction,100,26,22,-0.1205040504050405,0.35706860706860705,0.34965034965034963
state/seed17_P_O0_resume_step50/easy,query_js,100,26,22,-0.329012901290129,0.446985446985447,0.5454545454545454
state/seed17_P_O0_resume_step50/easy,prediction_changed_fraction,100,26,22,-0.5072203292580718,0.3503118503118503,0.40326340326340326
state/seed17_P_O0_resume_step50/hard,query_entropy,100,42,35,0.16874887488748874,0.5344827586206896,0.5345054945054946
state/seed17_P_O0_resume_step50/hard,query_max_probability,100,42,35,-0.16855685568556855,0.47701149425287354,0.4703296703296703
state/seed17_P_O0_resume_step50/hard,query_probability_gap,100,42,35,-0.16457245724572458,0.4872742200328407,0.4764835164835165
state/seed17_P_O0_resume_step50/hard,assignment_entropy,100,42,35,0.26156615661566157,0.5796387520525451,0.5907692307692308
state/seed17_P_O0_resume_step50/hard,assignment_probability_gap,100,42,35,-0.10891089108910891,0.4815270935960591,0.4756043956043956
state/seed17_P_O0_resume_step50/hard,inner_loss_before,100,42,35,-0.21642964296429643,0.41995073891625617,0.46813186813186813
state/seed17_P_O0_resume_step50/hard,gradient_norm,100,42,35,-0.1615961596159616,0.44047619047619047,0.4940659340659341
state/seed17_P_O0_resume_step50/hard,chosen_eta,100,42,35,-0.05851368689858397,0.4897372742200328,0.5228571428571429
state/seed17_P_O0_resume_step50/hard,backtracking_trials,100,42,35,0.05851368689858397,0.5102627257799671,0.47714285714285715
state/seed17_P_O0_resume_step50/hard,normalized_update,100,42,35,-0.1487788778877888,0.4573070607553366,0.5182417582417582
state/seed17_P_O0_resume_step50/hard,representation_shift,100,42,35,-0.14717071707170717,0.4585385878489327,0.5195604395604395
state/seed17_P_O0_resume_step50/hard,relative_inner_reduction,100,42,35,-0.1963036303630363,0.4215927750410509,0.45978021978021977
state/seed17_P_O0_resume_step50/hard,query_js,100,42,35,-0.20094809480948095,0.4351395730706076,0.49758241758241756
state/seed17_P_O0_resume_step50/hard,prediction_changed_fraction,100,42,35,-0.08779260894840102,0.48357963875205257,0.5345054945054946
state/seed17_original_P/easy,query_entropy,100,25,15,-0.38832283228322834,0.21066666666666667,0.2564705882352941
state/seed17_original_P/easy,query_max_probability,100,25,15,0.31954395439543953,0.752,0.7043137254901961
state/seed17_original_P/easy,query_probability_gap,100,25,15,0.3170957095709571,0.7525333333333334,0.7074509803921568
state/seed17_original_P/easy,assignment_entropy,100,25,15,0.12924092409240925,0.6,0.5850980392156863
state/seed17_original_P/easy,assignment_probability_gap,100,25,15,-0.021326132613261325,0.47146666666666665,0.49098039215686273
state/seed17_original_P/easy,inner_loss_before,100,25,15,0.10657065706570656,0.5578666666666666,0.5584313725490196
state/seed17_original_P/easy,gradient_norm,100,25,15,0.19217521752175218,0.6261333333333333,0.6007843137254902
state/seed17_original_P/easy,chosen_eta,100,25,15,0.002120494355086965,0.5088,0.5843137254901961
state/seed17_original_P/easy,backtracking_trials,100,25,15,-0.002120494355086965,0.4912,0.41568627450980394
state/seed17_original_P/easy,normalized_update,100,25,15,0.14214221422142215,0.6032,0.68
state/seed17_original_P/easy,representation_shift,100,25,15,0.14735073507350735,0.6064,0.6823529411764706
state/seed17_original_P/easy,relative_inner_reduction,100,25,15,-0.04291629162916292,0.4165333333333333,0.35843137254901963
state/seed17_original_P/easy,query_js,100,25,15,-0.4289108910891089,0.34826666666666667,0.5364705882352941
state/seed17_original_P/easy,prediction_changed_fraction,100,25,15,-0.5713126217722481,0.2674666666666667,0.3933333333333333
state/seed17_original_P/hard,query_entropy,100,45,38,0.06652265226522652,0.49333333333333335,0.4906621392190153
state/seed17_original_P/hard,query_max_probability,100,45,38,-0.08082808280828083,0.503030303030303,0.5135823429541596
state/seed17_original_P/hard,query_probability_gap,100,45,38,-0.08400840084008401,0.49252525252525253,0.5182512733446519
state/seed17_original_P/hard,assignment_entropy,100,45,38,0.15894389438943896,0.5870707070707071,0.5055178268251274
state/seed17_original_P/hard,assignment_probability_gap,100,45,38,-0.062382238223822384,0.48848484848484847,0.5454159592529711
state/seed17_original_P/hard,inner_loss_before,100,45,38,-0.12447644764476448,0.44686868686868686,0.5220713073005093
state/seed17_original_P/hard,gradient_norm,100,45,38,-0.09828982898289829,0.4602020202020202,0.5326825127334465
state/seed17_original_P/hard,chosen_eta,100,45,38,-0.03477250558940255,0.5038383838383839,0.5326825127334465
state/seed17_original_P/hard,backtracking_trials,100,45,38,0.03477250558940255,0.49616161616161614,0.4673174872665535
state/seed17_original_P/hard,normalized_update,100,45,38,-0.09009300930093009,0.47919191919191917,0.5437181663837012
state/seed17_original_P/hard,representation_shift,100,45,38,-0.08087608760876087,0.48404040404040405,0.5488115449915111
state/seed17_original_P/hard,relative_inner_reduction,100,45,38,-0.13047704770477048,0.4618181818181818,0.517402376910017
state/seed17_original_P/hard,query_js,100,45,38,-0.1143954395439544,0.46585858585858586,0.5216468590831919
state/seed17_original_P/hard,prediction_changed_fraction,100,45,38,-0.008264298413260587,0.5066666666666667,0.5602716468590832
state/seed27_P_C2_warm_step0/easy,query_entropy,100,68,61,-0.19541554155415541,0.30514705882352944,0.38419503993274484
state/seed27_P_C2_warm_step0/easy,query_max_probability,100,68,61,0.20333633363336334,0.6957720588235294,0.6221101303068516
state/seed27_P_C2_warm_step0/easy,query_probability_gap,100,68,61,0.18567056705670568,0.6907169117647058,0.6200084068936528
state/seed27_P_C2_warm_step0/easy,assignment_entropy,100,68,61,0.10115811581158116,0.5431985294117647,0.5762925598991173
state/seed27_P_C2_warm_step0/easy,assignment_probability_gap,100,68,61,-0.1527032703270327,0.43933823529411764,0.4140395124001681
state/seed27_P_C2_warm_step0/easy,inner_loss_before,100,68,61,-0.003552355235523552,0.5179227941176471,0.5149222362337117
state/seed27_P_C2_warm_step0/easy,gradient_norm,100,68,61,-0.02511851185118512,0.47840073529411764,0.49810844892812106
state/seed27_P_C2_warm_step0/easy,chosen_eta,100,68,61,0.12057276183640099,0.5625,0.5493905002101723
state/seed27_P_C2_warm_step0/easy,backtracking_trials,100,68,61,-0.12057276183640099,0.4375,0.45060949978982767
state/seed27_P_C2_warm_step0/easy,normalized_update,100,68,61,0.09482148214821483,0.5611213235294118,0.5620008406893653
state/seed27_P_C2_warm_step0/easy,representation_shift,100,68,61,0.10015001500150016,0.5615808823529411,0.5666246321984026
state/seed27_P_C2_warm_step0/easy,relative_inner_reduction,100,68,61,-0.08134413441344135,0.49862132352941174,0.47372845733501473
state/seed27_P_C2_warm_step0/easy,query_js,100,68,61,0.26905490549054906,0.5583639705882353,0.6111811685582177
state/seed27_P_C2_warm_step0/easy,prediction_changed_fraction,100,68,61,0.3473950412012558,0.5443474264705882,0.598150483396385
state/seed27_P_C2_warm_step0/hard,query_entropy,100,44,36,-0.025706570657065705,0.4849837662337662,0.4305555555555556
state/seed27_P_C2_warm_step0/hard,query_max_probability,100,44,36,0.02484248424842484,0.536525974025974,0.5681423611111112
state/seed27_P_C2_warm_step0/hard,query_probability_gap,100,44,36,0.032067206720672065,0.5438311688311688,0.5512152777777778
state/seed27_P_C2_warm_step0/hard,assignment_entropy,100,44,36,0.011245124512451245,0.5616883116883117,0.4735243055555556
state/seed27_P_C2_warm_step0/hard,assignment_probability_gap,100,44,36,-0.017065706570657067,0.4577922077922078,0.5026041666666666
state/seed27_P_C2_warm_step0/hard,inner_loss_before,100,44,36,-0.23633963396339633,0.36891233766233766,0.4809027777777778
state/seed27_P_C2_warm_step0/hard,gradient_norm,100,44,36,-0.11523552355235524,0.4289772727272727,0.5572916666666666
state/seed27_P_C2_warm_step0/hard,chosen_eta,100,44,36,-0.16896652625244185,0.419237012987013,0.4331597222222222
state/seed27_P_C2_warm_step0/hard,backtracking_trials,100,44,36,0.16896652625244185,0.580762987012987,0.5668402777777778
state/seed27_P_C2_warm_step0/hard,normalized_update,100,44,36,-0.17854185418541854,0.39204545454545453,0.4908854166666667
state/seed27_P_C2_warm_step0/hard,representation_shift,100,44,36,-0.18195019501950194,0.38920454545454547,0.4891493055555556
state/seed27_P_C2_warm_step0/hard,relative_inner_reduction,100,44,36,-0.2913051305130513,0.33319805194805197,0.4210069444444444
state/seed27_P_C2_warm_step0/hard,query_js,100,44,36,-0.22183018301830182,0.375,0.4796006944444444
state/seed27_P_C2_warm_step0/hard,prediction_changed_fraction,100,44,36,-0.35501545013548647,0.320211038961039,0.3838975694444444
state/seed27_P_C2_warm_step100/easy,query_entropy,100,60,53,-0.592043204320432,0.14666666666666667,0.16659975913287836
state/seed27_P_C2_warm_step100/easy,query_max_probability,100,60,53,0.5776657665766577,0.8404166666666667,0.8205539943797672
state/seed27_P_C2_warm_step100/easy,query_probability_gap,100,60,53,0.5633243324332433,0.8308333333333333,0.8113207547169812
state/seed27_P_C2_warm_step100/easy,assignment_entropy,100,60,53,0.1854065406540654,0.6020833333333333,0.5913287836210357
state/seed27_P_C2_warm_step100/easy,assignment_probability_gap,100,60,53,-0.1845184518451845,0.405,0.39702930549979926
state/seed27_P_C2_warm_step100/easy,inner_loss_before,100,60,53,0.1028022802280228,0.5675,0.5969490164592534
state/seed27_P_C2_warm_step100/easy,gradient_norm,100,60,53,0.16327632763276329,0.59875,0.618627057406664
state/seed27_P_C2_warm_step100/easy,chosen_eta,100,60,53,0.03667659137751687,0.5145833333333333,0.5309112806101967
state/seed27_P_C2_warm_step100/easy,backtracking_trials,100,60,53,-0.03667659137751687,0.48541666666666666,0.4690887193898033
state/seed27_P_C2_warm_step100/easy,normalized_update,100,60,53,0.1579117911791179,0.5716666666666667,0.6214371738257728
state/seed27_P_C2_warm_step100/easy,representation_shift,100,60,53,0.16764476447644763,0.57625,0.6250501806503412
state/seed27_P_C2_warm_step100/easy,relative_inner_reduction,100,60,53,0.115991599159916,0.6033333333333334,0.6037735849056604
state/seed27_P_C2_warm_step100/easy,query_js,100,60,53,0.3243924392439244,0.6033333333333334,0.6804496186270574
state/seed27_P_C2_warm_step100/easy,prediction_changed_fraction,100,60,53,0.2784384485251921,0.5539583333333333,0.6214371738257728
state/seed27_P_C2_warm_step100/hard,query_entropy,100,35,27,0.19032703270327034,0.5191208791208791,0.5337392186707255
state/seed27_P_C2_warm_step100/hard,query_max_probability,100,35,27,-0.15188718871887188,0.5054945054945055,0.4687975646879756
state/seed27_P_C2_warm_step100/hard,query_probability_gap,100,35,27,-0.07107110711071107,0.5367032967032968,0.4855403348554033
state/seed27_P_C2_warm_step100/hard,assignment_entropy,100,35,27,-0.014353435343534353,0.45406593406593404,0.46321664129883305
state/seed27_P_C2_warm_step100/hard,assignment_probability_gap,100,35,27,-0.05375337533753375,0.5318681318681319,0.4383561643835616
state/seed27_P_C2_warm_step100/hard,inner_loss_before,100,35,27,-0.28571257125712574,0.44351648351648354,0.47539320142059865
state/seed27_P_C2_warm_step100/hard,gradient_norm,100,35,27,-0.26573057305730574,0.4224175824175824,0.5058346017250127
state/seed27_P_C2_warm_step100/hard,chosen_eta,100,35,27,,0.5,0.5
state/seed27_P_C2_warm_step100/hard,backtracking_trials,100,35,27,,0.5,0.5
state/seed27_P_C2_warm_step100/hard,normalized_update,100,35,27,-0.26573057305730574,0.4224175824175824,0.5058346017250127
state/seed27_P_C2_warm_step100/hard,representation_shift,100,35,27,-0.2768916891689169,0.4153846153846154,0.4992389649923896
state/seed27_P_C2_warm_step100/hard,relative_inner_reduction,100,35,27,-0.3350735073507351,0.40263736263736266,0.4743784880771182
state/seed27_P_C2_warm_step100/hard,query_js,100,35,27,-0.2675547554755476,0.40791208791208794,0.5149670218163369
state/seed27_P_C2_warm_step100/hard,prediction_changed_fraction,100,35,27,0.014868678193782977,0.5340659340659341,0.6050228310502284
state/seed27_P_C2_warm_step200/easy,query_entropy,100,66,54,-0.40232823282328234,0.2731729055258467,0.3244766505636071
state/seed27_P_C2_warm_step200/easy,query_max_probability,100,66,54,0.3734053405340534,0.7121212121212122,0.6606280193236715
state/seed27_P_C2_warm_step200/easy,query_probability_gap,100,66,54,0.3714011401140114,0.7112299465240641,0.6566022544283414
state/seed27_P_C2_warm_step200/easy,assignment_entropy,100,66,54,0.13052505250525054,0.589126559714795,0.5877616747181964
state/seed27_P_C2_warm_step200/easy,assignment_probability_gap,100,66,54,-0.13542154215421542,0.4090909090909091,0.40901771336553944
state/seed27_P_C2_warm_step200/easy,inner_loss_before,100,66,54,0.1596039603960396,0.5788770053475936,0.6264090177133655
state/seed27_P_C2_warm_step200/easy,gradient_norm,100,66,54,0.23395139513951396,0.6261140819964349,0.6570048309178744
state/seed27_P_C2_warm_step200/easy,chosen_eta,100,66,54,0.030365800781898725,0.4592245989304813,0.5126811594202898
state/seed27_P_C2_warm_step200/easy,backtracking_trials,100,66,54,-0.030365800781898725,0.5407754010695187,0.48731884057971014
state/seed27_P_C2_warm_step200/easy,normalized_update,100,66,54,0.1608040804080408,0.5409982174688057,0.6195652173913043
state/seed27_P_C2_warm_step200/easy,representation_shift,100,66,54,0.17057305730573058,0.5436720142602496,0.6268115942028986
state/seed27_P_C2_warm_step200/easy,relative_inner_reduction,100,66,54,-0.017425742574257427,0.5409982174688057,0.5410628019323671
state/seed27_P_C2_warm_step200/easy,query_js,100,66,54,0.4202700270027003,0.6256684491978609,0.7604669887278583
state/seed27_P_C2_warm_step200/easy,prediction_changed_fraction,100,66,54,0.4229852286761238,0.6154188948306596,0.7147745571658615
state/seed27_P_C2_warm_step200/hard,query_entropy,100,38,25,0.19444344434443445,0.5581494057724957,0.5146666666666667
state/seed27_P_C2_warm_step200/hard,query_max_probability,100,38,25,-0.1590999099909991,0.45076400679117146,0.4928
state/seed27_P_C2_warm_step200/hard,query_probability_gap,100,38,25,-0.08152415241524152,0.47538200339558573,0.5109333333333334
state/seed27_P_C2_warm_step200/hard,assignment_entropy,100,38,25,-0.003048304830483048,0.451188455008489,0.44533333333333336
state/seed27_P_C2_warm_step200/hard,assignment_probability_gap,100,38,25,-0.05402940294029403,0.5411714770797963,0.4688
state/seed27_P_C2_warm_step200/hard,inner_loss_before,100,38,25,-0.2747914791479148,0.42699490662139217,0.5397333333333333
state/seed27_P_C2_warm_step200/hard,gradient_norm,100,38,25,-0.29315331533153316,0.3921901528013582,0.5706666666666667
state/seed27_P_C2_warm_step200/hard,chosen_eta,100,38,25,,0.5,0.5
state/seed27_P_C2_warm_step200/hard,backtracking_trials,100,38,25,,0.5,0.5
state/seed27_P_C2_warm_step200/hard,normalized_update,100,38,25,-0.29315331533153316,0.3921901528013582,0.5706666666666667
state/seed27_P_C2_warm_step200/hard,representation_shift,100,38,25,-0.30503450345034505,0.3837011884550085,0.5632
state/seed27_P_C2_warm_step200/hard,relative_inner_reduction,100,38,25,-0.3261926192619262,0.382427843803056,0.5498666666666666
state/seed27_P_C2_warm_step200/hard,query_js,100,38,25,-0.3195199519951995,0.3662988115449915,0.5552
state/seed27_P_C2_warm_step200/hard,prediction_changed_fraction,100,38,25,-0.003627004503721102,0.5403225806451613,0.5952
state/seed27_P_C2_warm_step400/easy,query_entropy,100,65,57,-0.2603180318031803,0.32967032967032966,0.40024479804161567
state/seed27_P_C2_warm_step400/easy,query_max_probability,100,65,57,0.24766876687668768,0.6567032967032967,0.5891472868217055
state/seed27_P_C2_warm_step400/easy,query_probability_gap,100,65,57,0.24998499849984998,0.6597802197802198,0.5907792737658099
state/seed27_P_C2_warm_step400/easy,assignment_entropy,100,65,57,0.10558655865586558,0.6,0.5609955120359037
state/seed27_P_C2_warm_step400/easy,assignment_probability_gap,100,65,57,-0.0999099909990999,0.3978021978021978,0.4357405140758874
state/seed27_P_C2_warm_step400/easy,inner_loss_before,100,65,57,0.06075007500750075,0.5318681318681319,0.5234598123215014
state/seed27_P_C2_warm_step400/easy,gradient_norm,100,65,57,0.16464446444644465,0.5938461538461538,0.5687474500203998
state/seed27_P_C2_warm_step400/easy,chosen_eta,100,65,57,0.1055219575405779,0.5006593406593407,0.5801713586291309
state/seed27_P_C2_warm_step400/easy,backtracking_trials,100,65,57,-0.1055219575405779,0.49934065934065935,0.41982864137086906
state/seed27_P_C2_warm_step400/easy,normalized_update,100,65,57,0.17654965496549654,0.5534065934065934,0.6226030191758466
state/seed27_P_C2_warm_step400/easy,representation_shift,100,65,57,0.21666966696669668,0.5701098901098901,0.6417788657690738
state/seed27_P_C2_warm_step400/easy,relative_inner_reduction,100,65,57,-0.09146114611461147,0.5182417582417582,0.4610363117095063
state/seed27_P_C2_warm_step400/easy,query_js,100,65,57,0.42927092709270925,0.6426373626373626,0.7486740106079152
state/seed27_P_C2_warm_step400/easy,prediction_changed_fraction,100,65,57,0.36083247723050976,0.5964835164835165,0.6476948184414525
state/seed27_P_C2_warm_step400/hard,query_entropy,100,40,24,0.12704470447044705,0.55375,0.4616228070175439
state/seed27_P_C2_warm_step400/hard,query_max_probability,100,40,24,-0.1106030603060306,0.43916666666666665,0.5087719298245614
state/seed27_P_C2_warm_step400/hard,query_probability_gap,100,40,24,-0.057557755775577556,0.4483333333333333,0.49835526315789475
state/seed27_P_C2_warm_step400/hard,assignment_entropy,100,40,24,-0.005544554455445544,0.4475,0.4517543859649123
state/seed27_P_C2_warm_step400/hard,assignment_probability_gap,100,40,24,-0.05734173417341734,0.525,0.47752192982456143
state/seed27_P_C2_warm_step400/hard,inner_loss_before,100,40,24,-0.25495349534953493,0.4379166666666667,0.5767543859649122
state/seed27_P_C2_warm_step400/hard,gradient_norm,100,40,24,-0.23612361236123613,0.46041666666666664,0.6282894736842105
state/seed27_P_C2_warm_step400/hard,chosen_eta,100,40,24,,0.5,0.5
state/seed27_P_C2_warm_step400/hard,backtracking_trials,100,40,24,,0.5,0.5
state/seed27_P_C2_warm_step400/hard,normalized_update,100,40,24,-0.23612361236123613,0.46041666666666664,0.6282894736842105
state/seed27_P_C2_warm_step400/hard,representation_shift,100,40,24,-0.26977497749774976,0.44208333333333333,0.606359649122807
state/seed27_P_C2_warm_step400/hard,relative_inner_reduction,100,40,24,-0.26943894389438944,0.4475,0.6008771929824561
state/seed27_P_C2_warm_step400/hard,query_js,100,40,24,-0.31803180318031804,0.41625,0.5822368421052632
state/seed27_P_C2_warm_step400/hard,prediction_changed_fraction,100,40,24,-0.16801592051781078,0.45395833333333335,0.5611293859649122
state/seed27_P_C2_warm_step50/easy,query_entropy,100,63,50,-0.492973297329733,0.16773916773916775,0.22
state/seed27_P_C2_warm_step50/easy,query_max_probability,100,63,50,0.4612301230123012,0.8262548262548263,0.7696
state/seed27_P_C2_warm_step50/easy,query_probability_gap,100,63,50,0.4396159615961596,0.8155298155298155,0.7572
state/seed27_P_C2_warm_step50/easy,assignment_entropy,100,63,50,0.21584158415841584,0.6027456027456027,0.6228
state/seed27_P_C2_warm_step50/easy,assignment_probability_gap,100,63,50,-0.18936693669366936,0.42042042042042044,0.364
state/seed27_P_C2_warm_step50/easy,inner_loss_before,100,63,50,0.06532253225322532,0.46803946803946805,0.5608
state/seed27_P_C2_warm_step50/easy,gradient_norm,100,63,50,0.029066906690669067,0.4877734877734878,0.5092
state/seed27_P_C2_warm_step50/easy,chosen_eta,100,63,50,0.13695373639712277,0.5218790218790219,0.6016
state/seed27_P_C2_warm_step50/easy,backtracking_trials,100,63,50,-0.13695373639712277,0.47812097812097815,0.3984
state/seed27_P_C2_warm_step50/easy,normalized_update,100,63,50,0.1325892589258926,0.4929214929214929,0.6196
state/seed27_P_C2_warm_step50/easy,representation_shift,100,63,50,0.14503450345034505,0.4980694980694981,0.6204
state/seed27_P_C2_warm_step50/easy,relative_inner_reduction,100,63,50,-0.06693069306930693,0.4972114972114972,0.512
state/seed27_P_C2_warm_step50/easy,query_js,100,63,50,0.16046804680468046,0.44272844272844275,0.602
state/seed27_P_C2_warm_step50/easy,prediction_changed_fraction,100,63,50,0.13936254772971926,0.447018447018447,0.5656
state/seed27_P_C2_warm_step50/hard,query_entropy,100,39,32,0.11482748274827483,0.5073560319461958,0.4880514705882353
state/seed27_P_C2_warm_step50/hard,query_max_probability,100,39,32,-0.060114011401140116,0.5237494745691467,0.5372242647058824
state/seed27_P_C2_warm_step50/hard,query_probability_gap,100,39,32,0.030723072307230724,0.5565363598150483,0.5703125
state/seed27_P_C2_warm_step50/hard,assignment_entropy,100,39,32,-0.015529552955295529,0.4531315678856662,0.4742647058823529
state/seed27_P_C2_warm_step50/hard,assignment_probability_gap,100,39,32,-0.05996999699969997,0.5498108448928121,0.49356617647058826
state/seed27_P_C2_warm_step50/hard,inner_loss_before,100,39,32,-0.25695769576957694,0.41740226986128626,0.4632352941176471
state/seed27_P_C2_warm_step50/hard,gradient_norm,100,39,32,-0.17177317731773178,0.4422026061370324,0.48943014705882354
state/seed27_P_C2_warm_step50/hard,chosen_eta,100,39,32,,0.5,0.5
state/seed27_P_C2_warm_step50/hard,backtracking_trials,100,39,32,,0.5,0.5
state/seed27_P_C2_warm_step50/hard,normalized_update,100,39,32,-0.17177317731773178,0.4422026061370324,0.48943014705882354
state/seed27_P_C2_warm_step50/hard,representation_shift,100,39,32,-0.17879387938793878,0.4384195039932745,0.484375
state/seed27_P_C2_warm_step50/hard,relative_inner_reduction,100,39,32,-0.3265166516651665,0.35435056746532156,0.43014705882352944
state/seed27_P_C2_warm_step50/hard,query_js,100,39,32,-0.17334533453345335,0.43926019335855404,0.48943014705882354
state/seed27_P_C2_warm_step50/hard,prediction_changed_fraction,100,39,32,-0.13411172944608024,0.4823455233291299,0.51171875
state/seed27_P_O0_resume_step0/easy,query_entropy,100,68,61,-0.19541554155415541,0.30514705882352944,0.38419503993274484
state/seed27_P_O0_resume_step0/easy,query_max_probability,100,68,61,0.20333633363336334,0.6957720588235294,0.6221101303068516
state/seed27_P_O0_resume_step0/easy,query_probability_gap,100,68,61,0.18567056705670568,0.6907169117647058,0.6200084068936528
state/seed27_P_O0_resume_step0/easy,assignment_entropy,100,68,61,0.10115811581158116,0.5431985294117647,0.5762925598991173
state/seed27_P_O0_resume_step0/easy,assignment_probability_gap,100,68,61,-0.1527032703270327,0.43933823529411764,0.4140395124001681
state/seed27_P_O0_resume_step0/easy,inner_loss_before,100,68,61,-0.003552355235523552,0.5179227941176471,0.5149222362337117
state/seed27_P_O0_resume_step0/easy,gradient_norm,100,68,61,-0.02511851185118512,0.47840073529411764,0.49810844892812106
state/seed27_P_O0_resume_step0/easy,chosen_eta,100,68,61,0.12057276183640099,0.5625,0.5493905002101723
state/seed27_P_O0_resume_step0/easy,backtracking_trials,100,68,61,-0.12057276183640099,0.4375,0.45060949978982767
state/seed27_P_O0_resume_step0/easy,normalized_update,100,68,61,0.09482148214821483,0.5611213235294118,0.5620008406893653
state/seed27_P_O0_resume_step0/easy,representation_shift,100,68,61,0.10015001500150016,0.5615808823529411,0.5666246321984026
state/seed27_P_O0_resume_step0/easy,relative_inner_reduction,100,68,61,-0.08134413441344135,0.49862132352941174,0.47372845733501473
state/seed27_P_O0_resume_step0/easy,query_js,100,68,61,0.26905490549054906,0.5583639705882353,0.6111811685582177
state/seed27_P_O0_resume_step0/easy,prediction_changed_fraction,100,68,61,0.3473950412012558,0.5443474264705882,0.598150483396385
state/seed27_P_O0_resume_step0/hard,query_entropy,100,44,36,-0.025706570657065705,0.4849837662337662,0.4305555555555556
state/seed27_P_O0_resume_step0/hard,query_max_probability,100,44,36,0.02484248424842484,0.536525974025974,0.5681423611111112
state/seed27_P_O0_resume_step0/hard,query_probability_gap,100,44,36,0.032067206720672065,0.5438311688311688,0.5512152777777778
state/seed27_P_O0_resume_step0/hard,assignment_entropy,100,44,36,0.011245124512451245,0.5616883116883117,0.4735243055555556
state/seed27_P_O0_resume_step0/hard,assignment_probability_gap,100,44,36,-0.017065706570657067,0.4577922077922078,0.5026041666666666
state/seed27_P_O0_resume_step0/hard,inner_loss_before,100,44,36,-0.23633963396339633,0.36891233766233766,0.4809027777777778
state/seed27_P_O0_resume_step0/hard,gradient_norm,100,44,36,-0.11523552355235524,0.4289772727272727,0.5572916666666666
state/seed27_P_O0_resume_step0/hard,chosen_eta,100,44,36,-0.16896652625244185,0.419237012987013,0.4331597222222222
state/seed27_P_O0_resume_step0/hard,backtracking_trials,100,44,36,0.16896652625244185,0.580762987012987,0.5668402777777778
state/seed27_P_O0_resume_step0/hard,normalized_update,100,44,36,-0.17854185418541854,0.39204545454545453,0.4908854166666667
state/seed27_P_O0_resume_step0/hard,representation_shift,100,44,36,-0.18195019501950194,0.38920454545454547,0.4891493055555556
state/seed27_P_O0_resume_step0/hard,relative_inner_reduction,100,44,36,-0.2913051305130513,0.33319805194805197,0.4210069444444444
state/seed27_P_O0_resume_step0/hard,query_js,100,44,36,-0.22183018301830182,0.375,0.4796006944444444
state/seed27_P_O0_resume_step0/hard,prediction_changed_fraction,100,44,36,-0.35501545013548647,0.320211038961039,0.3838975694444444
state/seed27_P_O0_resume_step100/easy,query_entropy,100,56,46,-0.2807800780078008,0.26420454545454547,0.37278582930756843
state/seed27_P_O0_resume_step100/easy,query_max_probability,100,56,46,0.30934293429342935,0.7451298701298701,0.6421095008051529
state/seed27_P_O0_resume_step100/easy,query_probability_gap,100,56,46,0.3063306330633063,0.7402597402597403,0.6421095008051529
state/seed27_P_O0_resume_step100/easy,assignment_entropy,100,56,46,0.029522952295229523,0.4955357142857143,0.5748792270531401
state/seed27_P_O0_resume_step100/easy,assignment_probability_gap,100,56,46,-0.08361236123612362,0.4898538961038961,0.3997584541062802
state/seed27_P_O0_resume_step100/easy,inner_loss_before,100,56,46,-0.024878487848784877,0.48011363636363635,0.5362318840579711
state/seed27_P_O0_resume_step100/easy,gradient_norm,100,56,46,-0.294989498949895,0.3417207792207792,0.41223832528180354
state/seed27_P_O0_resume_step100/easy,chosen_eta,100,56,46,0.5177966958133594,0.7451298701298701,0.7270531400966184
state/seed27_P_O0_resume_step100/easy,backtracking_trials,100,56,46,-0.5177966958133594,0.25487012987012986,0.27294685990338163
state/seed27_P_O0_resume_step100/easy,normalized_update,100,56,46,0.3973117311731173,0.682224025974026,0.714170692431562
state/seed27_P_O0_resume_step100/easy,representation_shift,100,56,46,0.39545154515451547,0.6862824675324676,0.714170692431562
state/seed27_P_O0_resume_step100/easy,relative_inner_reduction,100,56,46,-0.17188118811881187,0.48336038961038963,0.4867149758454106
state/seed27_P_O0_resume_step100/easy,query_js,100,56,46,0.06455445544554456,0.46387987012987014,0.6022544283413849
state/seed27_P_O0_resume_step100/easy,prediction_changed_fraction,100,56,46,-0.00801281202582992,0.4375,0.5305958132045089
state/seed27_P_O0_resume_step100/hard,query_entropy,100,44,39,-0.04196819681968197,0.4496753246753247,0.44388398486759145
state/seed27_P_O0_resume_step100/hard,query_max_probability,100,44,39,0.006756675667566756,0.5405844155844156,0.5372005044136192
state/seed27_P_O0_resume_step100/hard,query_probability_gap,100,44,39,-0.044080408040804084,0.5101461038961039,0.49810844892812106
state/seed27_P_O0_resume_step100/hard,assignment_entropy,100,44,39,-0.060426042604260426,0.38392857142857145,0.4110970996216898
state/seed27_P_O0_resume_step100/hard,assignment_probability_gap,100,44,39,0.043204320432043204,0.577922077922078,0.5775535939470365
state/seed27_P_O0_resume_step100/hard,inner_loss_before,100,44,39,-0.17837383738373838,0.4253246753246753,0.4123581336696091
state/seed27_P_O0_resume_step100/hard,gradient_norm,100,44,39,-0.13642964296429644,0.44805194805194803,0.4358974358974359
state/seed27_P_O0_resume_step100/hard,chosen_eta,100,44,39,-0.07632587151823614,0.46875,0.45901639344262296
state/seed27_P_O0_resume_step100/hard,backtracking_trials,100,44,39,0.07632587151823614,0.53125,0.5409836065573771
state/seed27_P_O0_resume_step100/hard,normalized_update,100,44,39,-0.13695769576957695,0.4387175324675325,0.41866330390920553
state/seed27_P_O0_resume_step100/hard,representation_shift,100,44,39,-0.1396219621962196,0.4366883116883117,0.41866330390920553
state/seed27_P_O0_resume_step100/hard,relative_inner_reduction,100,44,39,-0.19995199519951995,0.4366883116883117,0.4241277847835225
state/seed27_P_O0_resume_step100/hard,query_js,100,44,39,-0.22795079507950794,0.38636363636363635,0.39596469104665827
state/seed27_P_O0_resume_step100/hard,prediction_changed_fraction,100,44,39,-0.3884221879307346,0.32853084415584416,0.39449348465741907
state/seed27_P_O0_resume_step200/easy,query_entropy,100,66,61,-0.1396939693969397,0.3680926916221034,0.4262295081967213
state/seed27_P_O0_resume_step200/easy,query_max_probability,100,66,61,0.1462826282628263,0.643048128342246,0.5834384195039932
state/seed27_P_O0_resume_step200/easy,query_probability_gap,100,66,61,0.1353015301530153,0.6399286987522281,0.5800756620428752
state/seed27_P_O0_resume_step200/easy,assignment_entropy,100,66,61,0.043696369636963696,0.5931372549019608,0.5985708280790248
state/seed27_P_O0_resume_step200/easy,assignment_probability_gap,100,66,61,-0.059045904590459046,0.4180035650623886,0.396385035729298
state/seed27_P_O0_resume_step200/easy,inner_loss_before,100,66,61,0.08392439243924392,0.5066844919786097,0.5388818831441782
state/seed27_P_O0_resume_step200/easy,gradient_norm,100,66,61,-0.11343534353435343,0.4139928698752228,0.4527112232030265
state/seed27_P_O0_resume_step200/easy,chosen_eta,100,66,61,0.381208416644097,0.6758021390374331,0.6618327028163093
state/seed27_P_O0_resume_step200/easy,backtracking_trials,100,66,61,-0.381208416644097,0.32419786096256686,0.33816729718369065
state/seed27_P_O0_resume_step200/easy,normalized_update,100,66,61,0.4102730273027303,0.6733511586452763,0.6805380411937789
state/seed27_P_O0_resume_step200/easy,representation_shift,100,66,61,0.4315031503150315,0.6840463458110517,0.6977721731820092
state/seed27_P_O0_resume_step200/easy,relative_inner_reduction,100,66,61,-0.10168616861686168,0.47950089126559714,0.4665825977301387
state/seed27_P_O0_resume_step200/easy,query_js,100,66,61,0.6342754275427542,0.7571301247771836,0.825136612021858
state/seed27_P_O0_resume_step200/easy,prediction_changed_fraction,100,66,61,0.5356497497458744,0.6450534759358288,0.7009247583018074
state/seed27_P_O0_resume_step200/hard,query_entropy,100,48,43,-0.06815481548154816,0.46794871794871795,0.4463484292125663
state/seed27_P_O0_resume_step200/hard,query_max_probability,100,48,43,0.039567956795679565,0.5192307692307693,0.5308037535699714
state/seed27_P_O0_resume_step200/hard,query_probability_gap,100,48,43,0.011317131713171317,0.5084134615384616,0.5030599755201959
state/seed27_P_O0_resume_step200/hard,assignment_entropy,100,48,43,-0.0980978097809781,0.4150641025641026,0.4173806609547124
state/seed27_P_O0_resume_step200/hard,assignment_probability_gap,100,48,43,0.03264326432643264,0.5685096153846154,0.5479396164830681
state/seed27_P_O0_resume_step200/hard,inner_loss_before,100,48,43,-0.1485028502850285,0.3994391025641026,0.4324765401876785
state/seed27_P_O0_resume_step200/hard,gradient_norm,100,48,43,-0.09658565856585659,0.437099358974359,0.45614035087719296
state/seed27_P_O0_resume_step200/hard,chosen_eta,100,48,43,-0.12407784824462179,0.46634615384615385,0.4565483476132191
state/seed27_P_O0_resume_step200/hard,backtracking_trials,100,48,43,0.12407784824462179,0.5336538461538461,0.543451652386781
state/seed27_P_O0_resume_step200/hard,normalized_update,100,48,43,-0.1614881488148815,0.40064102564102566,0.4055487556099551
state/seed27_P_O0_resume_step200/hard,representation_shift,100,48,43,-0.17332133213321332,0.39302884615384615,0.397796817625459
state/seed27_P_O0_resume_step200/hard,relative_inner_reduction,100,48,43,-0.23852385238523852,0.37059294871794873,0.4157486740106079
state/seed27_P_O0_resume_step200/hard,query_js,100,48,43,-0.25704170417041705,0.3449519230769231,0.3639330885352917
state/seed27_P_O0_resume_step200/hard,prediction_changed_fraction,100,48,43,-0.3626743430583996,0.3161057692307692,0.32823337413300696
state/seed27_P_O0_resume_step400/easy,query_entropy,100,63,55,-0.2157215721572157,0.25611325611325614,0.3503030303030303
state/seed27_P_O0_resume_step400/easy,query_max_probability,100,63,55,0.22765076507650764,0.7541827541827542,0.656969696969697
state/seed27_P_O0_resume_step400/easy,query_probability_gap,100,63,55,0.20710471047104712,0.7473187473187474,0.6492929292929293
state/seed27_P_O0_resume_step400/easy,assignment_entropy,100,63,55,0.03835583558355836,0.5353925353925354,0.5466666666666666
state/seed27_P_O0_resume_step400/easy,assignment_probability_gap,100,63,55,-0.0586018601860186,0.45345345345345345,0.4307070707070707
state/seed27_P_O0_resume_step400/easy,inner_loss_before,100,63,55,0.16295229522952295,0.5641355641355641,0.5959595959595959
state/seed27_P_O0_resume_step400/easy,gradient_norm,100,63,55,-0.06085808580858086,0.3728013728013728,0.44161616161616163
state/seed27_P_O0_resume_step400/easy,chosen_eta,100,63,55,0.2237653499277631,0.6404976404976405,0.5983838383838384
state/seed27_P_O0_resume_step400/easy,backtracking_trials,100,63,55,-0.2237653499277631,0.3595023595023595,0.4016161616161616
state/seed27_P_O0_resume_step400/easy,normalized_update,100,63,55,0.21924992499249926,0.5945945945945946,0.5882828282828283
state/seed27_P_O0_resume_step400/easy,representation_shift,100,63,55,0.24243624362436245,0.5967395967395968,0.6004040404040404
state/seed27_P_O0_resume_step400/easy,relative_inner_reduction,100,63,55,0.05972997299729973,0.6349206349206349,0.6092929292929293
state/seed27_P_O0_resume_step400/easy,query_js,100,63,55,0.3276207620762076,0.5418275418275418,0.6533333333333333
state/seed27_P_O0_resume_step400/easy,prediction_changed_fraction,100,63,55,0.359927030378856,0.5583440583440583,0.6280808080808081
state/seed27_P_O0_resume_step400/hard,query_entropy,100,51,46,-0.16556855685568556,0.38535414165666265,0.39573268921095006
state/seed27_P_O0_resume_step400/hard,query_max_probability,100,51,46,0.06718271827182719,0.575030012004802,0.5628019323671497
state/seed27_P_O0_resume_step400/hard,query_probability_gap,100,51,46,0.0014281428142814282,0.5506202480992397,0.538244766505636
state/seed27_P_O0_resume_step400/hard,assignment_entropy,100,51,46,-0.060462046204620465,0.4361744697879152,0.4778582930756844
state/seed27_P_O0_resume_step400/hard,assignment_probability_gap,100,51,46,0.04252025202520252,0.54421768707483,0.5092592592592593
state/seed27_P_O0_resume_step400/hard,inner_loss_before,100,51,46,0.028874887488748877,0.4925970388155262,0.5418679549114331
state/seed27_P_O0_resume_step400/hard,gradient_norm,100,51,46,0.10702670267026702,0.5898359343737495,0.6022544283413849
state/seed27_P_O0_resume_step400/hard,chosen_eta,100,51,46,0.05744849896214261,0.5102040816326531,0.5092592592592593
state/seed27_P_O0_resume_step400/hard,backtracking_trials,100,51,46,-0.05744849896214261,0.4897959183673469,0.49074074074074076
state/seed27_P_O0_resume_step400/hard,normalized_update,100,51,46,0.12121212121212122,0.6062424969987995,0.6171497584541062
state/seed27_P_O0_resume_step400/hard,representation_shift,100,51,46,0.06495049504950495,0.581032412965186,0.5966183574879227
state/seed27_P_O0_resume_step400/hard,relative_inner_reduction,100,51,46,-0.10363036303630363,0.48699479791916767,0.5265700483091788
state/seed27_P_O0_resume_step400/hard,query_js,100,51,46,-0.092001200120012,0.484593837535014,0.500805152979066
state/seed27_P_O0_resume_step400/hard,prediction_changed_fraction,100,51,46,-0.16306768692279652,0.40716286514605843,0.4255233494363929
state/seed27_P_O0_resume_step50/easy,query_entropy,100,68,53,-0.17988598859885988,0.26838235294117646,0.4006423123243677
state/seed27_P_O0_resume_step50/easy,query_max_probability,100,68,53,0.20925292529252926,0.7366727941176471,0.606985146527499
state/seed27_P_O0_resume_step50/easy,query_probability_gap,100,68,53,0.19894389438943894,0.7284007352941176,0.5957446808510638
state/seed27_P_O0_resume_step50/easy,assignment_entropy,100,68,53,0.10745874587458745,0.5523897058823529,0.5447611401043757
state/seed27_P_O0_resume_step50/easy,assignment_probability_gap,100,68,53,-0.10124212421242124,0.4678308823529412,0.4231232436772381
state/seed27_P_O0_resume_step50/easy,inner_loss_before,100,68,53,-0.02097809780978098,0.49080882352941174,0.46928944199116823
state/seed27_P_O0_resume_step50/easy,gradient_norm,100,68,53,-0.1934833483348335,0.4007352941176471,0.37454837414692893
state/seed27_P_O0_resume_step50/easy,chosen_eta,100,68,53,0.3488783303144368,0.6151194852941176,0.6876756322761943
state/seed27_P_O0_resume_step50/easy,backtracking_trials,100,68,53,-0.3488783303144368,0.38488051470588236,0.3123243677238057
state/seed27_P_O0_resume_step50/easy,normalized_update,100,68,53,0.27846384638463845,0.5698529411764706,0.6435166599759133
state/seed27_P_O0_resume_step50/easy,representation_shift,100,68,53,0.29262526252625265,0.5762867647058824,0.6459253311922922
state/seed27_P_O0_resume_step50/easy,relative_inner_reduction,100,68,53,-0.0544014401440144,0.4898897058823529,0.504616619831393
state/seed27_P_O0_resume_step50/easy,query_js,100,68,53,0.2455205520552055,0.47610294117647056,0.6166198313930149
state/seed27_P_O0_resume_step50/easy,prediction_changed_fraction,100,68,53,0.1775395607415124,0.44967830882352944,0.5706543556804496
state/seed27_P_O0_resume_step50/hard,query_entropy,100,50,40,-0.1816021602160216,0.3732,0.3408333333333333
state/seed27_P_O0_resume_step50/hard,query_max_probability,100,50,40,0.1413981398139814,0.6052,0.64875
state/seed27_P_O0_resume_step50/hard,query_probability_gap,100,50,40,0.1311251125112511,0.5932,0.6408333333333334
state/seed27_P_O0_resume_step50/hard,assignment_entropy,100,50,40,-0.013381338133813382,0.5324,0.4775
state/seed27_P_O0_resume_step50/hard,assignment_probability_gap,100,50,40,0.03695169516951695,0.4856,0.53
state/seed27_P_O0_resume_step50/hard,inner_loss_before,100,50,40,-0.12301230123012301,0.4228,0.49875
state/seed27_P_O0_resume_step50/hard,gradient_norm,100,50,40,-0.032907290729072905,0.4472,0.5225
state/seed27_P_O0_resume_step50/hard,chosen_eta,100,50,40,-0.22857060605914079,0.427,0.4370833333333333
state/seed27_P_O0_resume_step50/hard,backtracking_trials,100,50,40,0.22857060605914079,0.573,0.5629166666666666
state/seed27_P_O0_resume_step50/hard,normalized_update,100,50,40,-0.1805940594059406,0.3832,0.47125
state/seed27_P_O0_resume_step50/hard,representation_shift,100,50,40,-0.19182718271827182,0.3772,0.46458333333333335
state/seed27_P_O0_resume_step50/hard,relative_inner_reduction,100,50,40,-0.07331533153315331,0.4672,0.49333333333333335
state/seed27_P_O0_resume_step50/hard,query_js,100,50,40,-0.20913291329132913,0.3592,0.4525
state/seed27_P_O0_resume_step50/hard,prediction_changed_fraction,100,50,40,-0.29156603088368266,0.3108,0.38333333333333336
state/seed27_original_P/easy,query_entropy,100,68,61,-0.19541554155415541,0.30514705882352944,0.38419503993274484
state/seed27_original_P/easy,query_max_probability,100,68,61,0.20333633363336334,0.6957720588235294,0.6221101303068516
state/seed27_original_P/easy,query_probability_gap,100,68,61,0.18567056705670568,0.6907169117647058,0.6200084068936528
state/seed27_original_P/easy,assignment_entropy,100,68,61,0.10115811581158116,0.5431985294117647,0.5762925598991173
state/seed27_original_P/easy,assignment_probability_gap,100,68,61,-0.1527032703270327,0.43933823529411764,0.4140395124001681
state/seed27_original_P/easy,inner_loss_before,100,68,61,-0.003552355235523552,0.5179227941176471,0.5149222362337117
state/seed27_original_P/easy,gradient_norm,100,68,61,-0.02511851185118512,0.47840073529411764,0.49810844892812106
state/seed27_original_P/easy,chosen_eta,100,68,61,0.12057276183640099,0.5625,0.5493905002101723
state/seed27_original_P/easy,backtracking_trials,100,68,61,-0.12057276183640099,0.4375,0.45060949978982767
state/seed27_original_P/easy,normalized_update,100,68,61,0.09482148214821483,0.5611213235294118,0.5620008406893653
state/seed27_original_P/easy,representation_shift,100,68,61,0.10015001500150016,0.5615808823529411,0.5666246321984026
state/seed27_original_P/easy,relative_inner_reduction,100,68,61,-0.08134413441344135,0.49862132352941174,0.47372845733501473
state/seed27_original_P/easy,query_js,100,68,61,0.26905490549054906,0.5583639705882353,0.6111811685582177
state/seed27_original_P/easy,prediction_changed_fraction,100,68,61,0.3473950412012558,0.5443474264705882,0.598150483396385
state/seed27_original_P/hard,query_entropy,100,44,36,-0.025706570657065705,0.4849837662337662,0.4305555555555556
state/seed27_original_P/hard,query_max_probability,100,44,36,0.02484248424842484,0.536525974025974,0.5681423611111112
state/seed27_original_P/hard,query_probability_gap,100,44,36,0.032067206720672065,0.5438311688311688,0.5512152777777778
state/seed27_original_P/hard,assignment_entropy,100,44,36,0.011245124512451245,0.5616883116883117,0.4735243055555556
state/seed27_original_P/hard,assignment_probability_gap,100,44,36,-0.017065706570657067,0.4577922077922078,0.5026041666666666
state/seed27_original_P/hard,inner_loss_before,100,44,36,-0.23633963396339633,0.36891233766233766,0.4809027777777778
state/seed27_original_P/hard,gradient_norm,100,44,36,-0.11523552355235524,0.4289772727272727,0.5572916666666666
state/seed27_original_P/hard,chosen_eta,100,44,36,-0.16896652625244185,0.419237012987013,0.4331597222222222
state/seed27_original_P/hard,backtracking_trials,100,44,36,0.16896652625244185,0.580762987012987,0.5668402777777778
state/seed27_original_P/hard,normalized_update,100,44,36,-0.17854185418541854,0.39204545454545453,0.4908854166666667
state/seed27_original_P/hard,representation_shift,100,44,36,-0.18195019501950194,0.38920454545454547,0.4891493055555556
state/seed27_original_P/hard,relative_inner_reduction,100,44,36,-0.2913051305130513,0.33319805194805197,0.4210069444444444
state/seed27_original_P/hard,query_js,100,44,36,-0.22183018301830182,0.375,0.4796006944444444
state/seed27_original_P/hard,prediction_changed_fraction,100,44,36,-0.35501545013548647,0.320211038961039,0.3838975694444444
state/seed7_P_C2_warm_step0/easy,query_entropy,100,17,10,-0.5848064806480648,0.16654854712969525,0.2088888888888889
state/seed7_P_C2_warm_step0/easy,query_max_probability,100,17,10,0.5980918091809181,0.8341601700921333,0.7744444444444445
state/seed7_P_C2_warm_step0/easy,query_probability_gap,100,17,10,0.6192739273927392,0.8284904323175053,0.7655555555555555
state/seed7_P_C2_warm_step0/easy,assignment_entropy,100,17,10,-0.23331533153315331,0.43515237420269315,0.5033333333333333
state/seed7_P_C2_warm_step0/easy,assignment_probability_gap,100,17,10,0.16625262526252627,0.5138199858256556,0.4711111111111111
state/seed7_P_C2_warm_step0/easy,inner_loss_before,100,17,10,-0.41188118811881186,0.42523033309709424,0.46111111111111114
state/seed7_P_C2_warm_step0/easy,gradient_norm,100,17,10,-0.3436903690369037,0.333805811481219,0.3511111111111111
state/seed7_P_C2_warm_step0/easy,chosen_eta,100,17,10,-0.030973686045501672,0.6091424521615876,0.7133333333333334
state/seed7_P_C2_warm_step0/easy,backtracking_trials,100,17,10,0.030973686045501672,0.3908575478384125,0.2866666666666667
state/seed7_P_C2_warm_step0/easy,normalized_update,100,17,10,-0.3326012601260126,0.48263642806520196,0.6344444444444445
state/seed7_P_C2_warm_step0/easy,representation_shift,100,17,10,-0.3448904890489049,0.4684620836286322,0.6166666666666667
state/seed7_P_C2_warm_step0/easy,relative_inner_reduction,100,17,10,-0.4066246624662466,0.3408929836995039,0.3277777777777778
state/seed7_P_C2_warm_step0/easy,query_js,100,17,10,-0.7367296729672967,0.27569099929128277,0.4111111111111111
state/seed7_P_C2_warm_step0/easy,prediction_changed_fraction,100,17,10,-0.7419473318124665,0.27002126151665484,0.37277777777777776
state/seed7_P_C2_warm_step0/hard,query_entropy,100,44,42,0.20422442244224423,0.5986201298701299,0.5907224958949097
state/seed7_P_C2_warm_step0/hard,query_max_probability,100,44,42,-0.19517551755175516,0.4224837662337662,0.42036124794745483
state/seed7_P_C2_warm_step0/hard,query_probability_gap,100,44,42,-0.10652265226522652,0.476461038961039,0.46264367816091956
state/seed7_P_C2_warm_step0/hard,assignment_entropy,100,44,42,-0.03174317431743175,0.4602272727272727,0.44417077175697867
state/seed7_P_C2_warm_step0/hard,assignment_probability_gap,100,44,42,0.11612361236123613,0.48133116883116883,0.5094417077175698
state/seed7_P_C2_warm_step0/hard,inner_loss_before,100,44,42,-0.018565856585658565,0.4525162337662338,0.4614121510673235
state/seed7_P_C2_warm_step0/hard,gradient_norm,100,44,42,-0.0032403240324032404,0.48417207792207795,0.49261083743842365
state/seed7_P_C2_warm_step0/hard,chosen_eta,100,44,42,-0.16712895609281325,0.4237012987012987,0.41420361247947457
state/seed7_P_C2_warm_step0/hard,backtracking_trials,100,44,42,0.16712895609281325,0.5762987012987013,0.5857963875205254
state/seed7_P_C2_warm_step0/hard,normalized_update,100,44,42,-0.07530753075307531,0.45211038961038963,0.4523809523809524
state/seed7_P_C2_warm_step0/hard,representation_shift,100,44,42,-0.082004200420042,0.45008116883116883,0.4503284072249589
state/seed7_P_C2_warm_step0/hard,relative_inner_reduction,100,44,42,0.04409240924092409,0.4472402597402597,0.44129720853858784
state/seed7_P_C2_warm_step0/hard,query_js,100,44,42,-0.15315931593159315,0.47564935064935066,0.4696223316912972
state/seed7_P_C2_warm_step0/hard,prediction_changed_fraction,100,44,42,-0.23148147745667177,0.4419642857142857,0.42898193760262726
state/seed7_P_C2_warm_step100/easy,query_entropy,100,13,9,-0.5196039603960396,0.23342175066312998,0.21123321123321123
state/seed7_P_C2_warm_step100/easy,query_max_probability,100,13,9,0.5224482448244825,0.7877984084880637,0.8192918192918193
state/seed7_P_C2_warm_step100/easy,query_probability_gap,100,13,9,0.5357815781578158,0.8010610079575596,0.8388278388278388
state/seed7_P_C2_warm_step100/easy,assignment_entropy,100,13,9,-0.215997599759976,0.3006189213085765,0.4053724053724054
state/seed7_P_C2_warm_step100/easy,assignment_probability_gap,100,13,9,0.14481848184818483,0.636604774535809,0.5054945054945055
state/seed7_P_C2_warm_step100/easy,inner_loss_before,100,13,9,-0.6000600060006,0.3183023872679045,0.3907203907203907
state/seed7_P_C2_warm_step100/easy,gradient_norm,100,13,9,-0.33051305130513053,0.3448275862068966,0.37362637362637363
state/seed7_P_C2_warm_step100/easy,chosen_eta,100,13,9,-0.24172282721117933,0.5137046861184792,0.5982905982905983
state/seed7_P_C2_warm_step100/easy,backtracking_trials,100,13,9,0.24172282721117933,0.48629531388152075,0.4017094017094017
state/seed7_P_C2_warm_step100/easy,normalized_update,100,13,9,-0.48783678367836786,0.3748894783377542,0.4896214896214896
state/seed7_P_C2_warm_step100/easy,representation_shift,100,13,9,-0.4846924692469247,0.3713527851458886,0.4884004884004884
state/seed7_P_C2_warm_step100/easy,relative_inner_reduction,100,13,9,-0.44532853285328533,0.28824049513704686,0.25396825396825395
state/seed7_P_C2_warm_step100/easy,query_js,100,13,9,-0.7685448544854485,0.26790450928381965,0.37484737484737485
state/seed7_P_C2_warm_step100/easy,prediction_changed_fraction,100,13,9,-0.7558041611223444,0.24358974358974358,0.3144078144078144
state/seed7_P_C2_warm_step100/hard,query_entropy,100,40,29,0.20385238523852386,0.5670833333333334,0.537639630888781
state/seed7_P_C2_warm_step100/hard,query_max_probability,100,40,29,-0.1893069306930693,0.44583333333333336,0.4691597863040311
state/seed7_P_C2_warm_step100/hard,query_probability_gap,100,40,29,-0.13755775577557755,0.47375,0.4895580378824672
state/seed7_P_C2_warm_step100/hard,assignment_entropy,100,40,29,-0.027842784278427842,0.48583333333333334,0.4861583292860612
state/seed7_P_C2_warm_step100/hard,assignment_probability_gap,100,40,29,0.07918391839183918,0.49166666666666664,0.5687226809130645
state/seed7_P_C2_warm_step100/hard,inner_loss_before,100,40,29,-0.28,0.39208333333333334,0.46721709567751335
state/seed7_P_C2_warm_step100/hard,gradient_norm,100,40,29,-0.3314011401140114,0.38208333333333333,0.44779018941233606
state/seed7_P_C2_warm_step100/hard,chosen_eta,100,40,29,,0.5,0.5
state/seed7_P_C2_warm_step100/hard,backtracking_trials,100,40,29,,0.5,0.5
state/seed7_P_C2_warm_step100/hard,normalized_update,100,40,29,-0.3314011401140114,0.38208333333333333,0.44779018941233606
state/seed7_P_C2_warm_step100/hard,representation_shift,100,40,29,-0.32999699969997,0.38416666666666666,0.44584749878581836
state/seed7_P_C2_warm_step100/hard,relative_inner_reduction,100,40,29,-0.33072907290729076,0.38125,0.4303059737736765
state/seed7_P_C2_warm_step100/hard,query_js,100,40,29,-0.3308850885088509,0.4058333333333333,0.4827586206896552
state/seed7_P_C2_warm_step100/hard,prediction_changed_fraction,100,40,29,-0.34527525781055196,0.39229166666666665,0.4208353569694026
state/seed7_P_C2_warm_step200/easy,query_entropy,100,13,5,-0.4318391839183918,0.16976127320954906,0.0863157894736842
state/seed7_P_C2_warm_step200/easy,query_max_probability,100,13,5,0.4414641464146415,0.8532272325375774,0.9410526315789474
state/seed7_P_C2_warm_step200/easy,query_probability_gap,100,13,5,0.4547014701470147,0.8629531388152077,0.9431578947368421
state/seed7_P_C2_warm_step200/easy,assignment_entropy,100,13,5,-0.1973957395739574,0.3448275862068966,0.3157894736842105
state/seed7_P_C2_warm_step200/easy,assignment_probability_gap,100,13,5,0.15450345034503452,0.6755083996463307,0.6905263157894737
state/seed7_P_C2_warm_step200/easy,inner_loss_before,100,13,5,-0.6851365136513652,0.23430592396109637,0.29473684210526313
state/seed7_P_C2_warm_step200/easy,gradient_norm,100,13,5,-0.3609480948094809,0.3147656940760389,0.4652631578947368
state/seed7_P_C2_warm_step200/easy,chosen_eta,100,13,5,-0.4877114592905811,0.3859416445623342,0.3042105263157895
state/seed7_P_C2_warm_step200/easy,backtracking_trials,100,13,5,0.4877114592905811,0.6140583554376657,0.6957894736842105
state/seed7_P_C2_warm_step200/easy,normalized_update,100,13,5,-0.6487488748874888,0.25906277630415564,0.30736842105263157
state/seed7_P_C2_warm_step200/easy,representation_shift,100,13,5,-0.6404920492049205,0.2546419098143236,0.30736842105263157
state/seed7_P_C2_warm_step200/easy,relative_inner_reduction,100,13,5,-0.2598019801980198,0.2502210433244916,0.29473684210526313
state/seed7_P_C2_warm_step200/easy,query_js,100,13,5,-0.8727512751275127,0.12643678160919541,0.24
state/seed7_P_C2_warm_step200/easy,prediction_changed_fraction,100,13,5,-0.8694196450135661,0.11052166224580018,0.12631578947368421
state/seed7_P_C2_warm_step200/hard,query_entropy,100,35,18,0.23075907590759076,0.6298901098901099,0.489159891598916
state/seed7_P_C2_warm_step200/hard,query_max_probability,100,35,18,-0.18874287428742875,0.3912087912087912,0.518970189701897
state/seed7_P_C2_warm_step200/hard,query_probability_gap,100,35,18,-0.10735073507350736,0.44,0.5447154471544715
state/seed7_P_C2_warm_step200/hard,assignment_entropy,100,35,18,-0.025466546654665467,0.5041758241758242,0.36720867208672087
state/seed7_P_C2_warm_step200/hard,assignment_probability_gap,100,35,18,0.050741074107410744,0.4826373626373626,0.6537940379403794
state/seed7_P_C2_warm_step200/hard,inner_loss_before,100,35,18,-0.35486348634863485,0.3476923076923077,0.40989159891598914
state/seed7_P_C2_warm_step200/hard,gradient_norm,100,35,18,-0.389030903090309,0.3564835164835165,0.3882113821138211
state/seed7_P_C2_warm_step200/hard,chosen_eta,100,35,18,,0.5,0.5
state/seed7_P_C2_warm_step200/hard,backtracking_trials,100,35,18,,0.5,0.5
state/seed7_P_C2_warm_step200/hard,normalized_update,100,35,18,-0.389030903090309,0.3564835164835165,0.3882113821138211
state/seed7_P_C2_warm_step200/hard,representation_shift,100,35,18,-0.3727692769276928,0.3665934065934066,0.3882113821138211
state/seed7_P_C2_warm_step200/hard,relative_inner_reduction,100,35,18,-0.3875547554755476,0.35208791208791207,0.37737127371273715
state/seed7_P_C2_warm_step200/hard,query_js,100,35,18,-0.37266126612661266,0.38461538461538464,0.4640921409214092
state/seed7_P_C2_warm_step200/hard,prediction_changed_fraction,100,35,18,-0.2259606879182314,0.4714285714285714,0.4735772357723577
state/seed7_P_C2_warm_step400/easy,query_entropy,100,23,13,-0.32674467446744676,0.3427442123094297,0.49248452696728556
state/seed7_P_C2_warm_step400/easy,query_max_probability,100,23,13,0.35327932793279326,0.6758893280632411,0.5251989389920424
state/seed7_P_C2_warm_step400/easy,query_probability_gap,100,23,13,0.365988598859886,0.6826651609260305,0.5216622458001768
state/seed7_P_C2_warm_step400/easy,assignment_entropy,100,23,13,-0.1019021902190219,0.45962732919254656,0.45181255526083114
state/seed7_P_C2_warm_step400/easy,assignment_probability_gap,100,23,13,0.08466846684668466,0.5770750988142292,0.5932802829354553
state/seed7_P_C2_warm_step400/easy,inner_loss_before,100,23,13,-0.5375097509750975,0.29700734048560135,0.29619805481874445
state/seed7_P_C2_warm_step400/easy,gradient_norm,100,23,13,-0.2908010801080108,0.31281761716544326,0.2546419098143236
state/seed7_P_C2_warm_step400/easy,chosen_eta,100,23,13,-0.20724590475692314,0.4779785431959345,0.5937223695844386
state/seed7_P_C2_warm_step400/easy,backtracking_trials,100,23,13,0.20724590475692314,0.5220214568040655,0.4062776304155615
state/seed7_P_C2_warm_step400/easy,normalized_update,100,23,13,-0.41587758775877587,0.3512140033879164,0.4323607427055703
state/seed7_P_C2_warm_step400/easy,representation_shift,100,23,13,-0.4137653765376538,0.3461321287408244,0.4146772767462423
state/seed7_P_C2_warm_step400/easy,relative_inner_reduction,100,23,13,-0.39763576357635766,0.2636928289102202,0.22192749778956675
state/seed7_P_C2_warm_step400/easy,query_js,100,23,13,-0.7457545754575458,0.22077922077922077,0.3952254641909814
state/seed7_P_C2_warm_step400/easy,prediction_changed_fraction,100,23,13,-0.7016274916091538,0.28289102202145683,0.4182139699381079
state/seed7_P_C2_warm_step400/hard,query_entropy,100,33,16,0.15858385838583858,0.6160108548168249,0.5066964285714286
state/seed7_P_C2_warm_step400/hard,query_max_probability,100,33,16,-0.09923792379237924,0.40072365445499775,0.4888392857142857
state/seed7_P_C2_warm_step400/hard,query_probability_gap,100,33,16,0.07027902790279028,0.4785165083672546,0.5305059523809523
state/seed7_P_C2_warm_step400/hard,assignment_entropy,100,33,16,-0.03147914791479148,0.5169606512890095,0.35267857142857145
state/seed7_P_C2_warm_step400/hard,assignment_probability_gap,100,33,16,0.03215121512151215,0.4862053369516056,0.6830357142857143
state/seed7_P_C2_warm_step400/hard,inner_loss_before,100,33,16,-0.35181518151815183,0.373134328358209,0.4017857142857143
state/seed7_P_C2_warm_step400/hard,gradient_norm,100,33,16,-0.3846864686468647,0.38489371325192223,0.4382440476190476
state/seed7_P_C2_warm_step400/hard,chosen_eta,100,33,16,,0.5,0.5
state/seed7_P_C2_warm_step400/hard,backtracking_trials,100,33,16,,0.5,0.5
state/seed7_P_C2_warm_step400/hard,normalized_update,100,33,16,-0.3846864686468647,0.38489371325192223,0.4382440476190476
state/seed7_P_C2_warm_step400/hard,representation_shift,100,33,16,-0.3754215421542154,0.38715513342379015,0.43601190476190477
state/seed7_P_C2_warm_step400/hard,relative_inner_reduction,100,33,16,-0.37731773177317735,0.37946630483943916,0.421875
state/seed7_P_C2_warm_step400/hard,query_js,100,33,16,-0.36364836483648366,0.4319312528267752,0.5595238095238095
state/seed7_P_C2_warm_step400/hard,prediction_changed_fraction,100,33,16,-0.30247060242166085,0.42401628222523746,0.47879464285714285
state/seed7_P_C2_warm_step50/easy,query_entropy,100,18,12,-0.5431383138313831,0.29132791327913277,0.26325757575757575
state/seed7_P_C2_warm_step50/easy,query_max_probability,100,18,12,0.5981278127812781,0.7466124661246613,0.7784090909090909
state/seed7_P_C2_warm_step50/easy,query_probability_gap,100,18,12,0.6010321032103211,0.744579945799458,0.7774621212121212
state/seed7_P_C2_warm_step50/easy,assignment_entropy,100,18,12,-0.2131053105310531,0.35704607046070463,0.3693181818181818
state/seed7_P_C2_warm_step50/easy,assignment_probability_gap,100,18,12,0.1755055505550555,0.6043360433604336,0.5615530303030303
state/seed7_P_C2_warm_step50/easy,inner_loss_before,100,18,12,-0.5926912691269127,0.2777777777777778,0.32765151515151514
state/seed7_P_C2_warm_step50/easy,gradient_norm,100,18,12,-0.41965796579657966,0.296070460704607,0.2784090909090909
state/seed7_P_C2_warm_step50/easy,chosen_eta,100,18,12,-0.19401477246433446,0.5074525745257452,0.5738636363636364
state/seed7_P_C2_warm_step50/easy,backtracking_trials,100,18,12,0.19401477246433446,0.49254742547425473,0.42613636363636365
state/seed7_P_C2_warm_step50/easy,normalized_update,100,18,12,-0.5072667266726673,0.34688346883468835,0.38920454545454547
state/seed7_P_C2_warm_step50/easy,representation_shift,100,18,12,-0.5042664266426643,0.34552845528455284,0.38636363636363635
state/seed7_P_C2_warm_step50/easy,relative_inner_reduction,100,18,12,-0.4180978097809781,0.28252032520325204,0.3522727272727273
state/seed7_P_C2_warm_step50/easy,query_js,100,18,12,-0.811017101710171,0.22899728997289973,0.25946969696969696
state/seed7_P_C2_warm_step50/easy,prediction_changed_fraction,100,18,12,-0.8632777337094379,0.1578590785907859,0.17897727272727273
state/seed7_P_C2_warm_step50/hard,query_entropy,100,41,33,0.21204920492049206,0.5514675485737909,0.5232926277702397
state/seed7_P_C2_warm_step50/hard,query_max_probability,100,41,33,-0.21053705370537054,0.4468788755684167,0.4816824966078697
state/seed7_P_C2_warm_step50/hard,query_probability_gap,100,41,33,-0.15695169516951696,0.4745762711864407,0.5056535504296699
state/seed7_P_C2_warm_step50/hard,assignment_entropy,100,41,33,-0.06762676267626763,0.48119057461761056,0.4355495251017639
state/seed7_P_C2_warm_step50/hard,assignment_probability_gap,100,41,33,0.13056105610561056,0.5155022736668045,0.5671641791044776
state/seed7_P_C2_warm_step50/hard,inner_loss_before,100,41,33,-0.26751875187518753,0.41091360066143034,0.45137946630483944
state/seed7_P_C2_warm_step50/hard,gradient_norm,100,41,33,-0.28523252325232523,0.41918147995039273,0.46449570330167345
state/seed7_P_C2_warm_step50/hard,chosen_eta,100,41,33,-0.06789368059162308,0.4878048780487805,0.48484848484848486
state/seed7_P_C2_warm_step50/hard,backtracking_trials,100,41,33,0.06789368059162308,0.5121951219512195,0.5151515151515151
state/seed7_P_C2_warm_step50/hard,normalized_update,100,41,33,-0.28645664566456647,0.41752790409260027,0.46132971506105835
state/seed7_P_C2_warm_step50/hard,representation_shift,100,41,33,-0.28783678367836785,0.4150475403059115,0.4599728629579376
state/seed7_P_C2_warm_step50/hard,relative_inner_reduction,100,41,33,-0.30077407740774076,0.4092600248036379,0.43781094527363185
state/seed7_P_C2_warm_step50/hard,query_js,100,41,33,-0.25335733573357333,0.46754857379082265,0.5183175033921302
state/seed7_P_C2_warm_step50/hard,prediction_changed_fraction,100,41,33,-0.362394521271665,0.40264572137246796,0.399366802351877
state/seed7_P_O0_resume_step0/easy,query_entropy,100,17,10,-0.5848064806480648,0.16654854712969525,0.2088888888888889
state/seed7_P_O0_resume_step0/easy,query_max_probability,100,17,10,0.5980918091809181,0.8341601700921333,0.7744444444444445
state/seed7_P_O0_resume_step0/easy,query_probability_gap,100,17,10,0.6192739273927392,0.8284904323175053,0.7655555555555555
state/seed7_P_O0_resume_step0/easy,assignment_entropy,100,17,10,-0.23331533153315331,0.43515237420269315,0.5033333333333333
state/seed7_P_O0_resume_step0/easy,assignment_probability_gap,100,17,10,0.16625262526252627,0.5138199858256556,0.4711111111111111
state/seed7_P_O0_resume_step0/easy,inner_loss_before,100,17,10,-0.41188118811881186,0.42523033309709424,0.46111111111111114
state/seed7_P_O0_resume_step0/easy,gradient_norm,100,17,10,-0.3436903690369037,0.333805811481219,0.3511111111111111
state/seed7_P_O0_resume_step0/easy,chosen_eta,100,17,10,-0.030973686045501672,0.6091424521615876,0.7133333333333334
state/seed7_P_O0_resume_step0/easy,backtracking_trials,100,17,10,0.030973686045501672,0.3908575478384125,0.2866666666666667
state/seed7_P_O0_resume_step0/easy,normalized_update,100,17,10,-0.3326012601260126,0.48263642806520196,0.6344444444444445
state/seed7_P_O0_resume_step0/easy,representation_shift,100,17,10,-0.3448904890489049,0.4684620836286322,0.6166666666666667
state/seed7_P_O0_resume_step0/easy,relative_inner_reduction,100,17,10,-0.4066246624662466,0.3408929836995039,0.3277777777777778
state/seed7_P_O0_resume_step0/easy,query_js,100,17,10,-0.7367296729672967,0.27569099929128277,0.4111111111111111
state/seed7_P_O0_resume_step0/easy,prediction_changed_fraction,100,17,10,-0.7419473318124665,0.27002126151665484,0.37277777777777776
state/seed7_P_O0_resume_step0/hard,query_entropy,100,44,42,0.20422442244224423,0.5986201298701299,0.5907224958949097
state/seed7_P_O0_resume_step0/hard,query_max_probability,100,44,42,-0.19517551755175516,0.4224837662337662,0.42036124794745483
state/seed7_P_O0_resume_step0/hard,query_probability_gap,100,44,42,-0.10652265226522652,0.476461038961039,0.46264367816091956
state/seed7_P_O0_resume_step0/hard,assignment_entropy,100,44,42,-0.03174317431743175,0.4602272727272727,0.44417077175697867
state/seed7_P_O0_resume_step0/hard,assignment_probability_gap,100,44,42,0.11612361236123613,0.48133116883116883,0.5094417077175698
state/seed7_P_O0_resume_step0/hard,inner_loss_before,100,44,42,-0.018565856585658565,0.4525162337662338,0.4614121510673235
state/seed7_P_O0_resume_step0/hard,gradient_norm,100,44,42,-0.0032403240324032404,0.48417207792207795,0.49261083743842365
state/seed7_P_O0_resume_step0/hard,chosen_eta,100,44,42,-0.16712895609281325,0.4237012987012987,0.41420361247947457
state/seed7_P_O0_resume_step0/hard,backtracking_trials,100,44,42,0.16712895609281325,0.5762987012987013,0.5857963875205254
state/seed7_P_O0_resume_step0/hard,normalized_update,100,44,42,-0.07530753075307531,0.45211038961038963,0.4523809523809524
state/seed7_P_O0_resume_step0/hard,representation_shift,100,44,42,-0.082004200420042,0.45008116883116883,0.4503284072249589
state/seed7_P_O0_resume_step0/hard,relative_inner_reduction,100,44,42,0.04409240924092409,0.4472402597402597,0.44129720853858784
state/seed7_P_O0_resume_step0/hard,query_js,100,44,42,-0.15315931593159315,0.47564935064935066,0.4696223316912972
state/seed7_P_O0_resume_step0/hard,prediction_changed_fraction,100,44,42,-0.23148147745667177,0.4419642857142857,0.42898193760262726
state/seed7_P_O0_resume_step100/easy,query_entropy,100,24,14,-0.5763096309630963,0.21710526315789475,0.41943521594684385
state/seed7_P_O0_resume_step100/easy,query_max_probability,100,24,14,0.6193339333933393,0.8092105263157895,0.6179401993355482
state/seed7_P_O0_resume_step100/easy,query_probability_gap,100,24,14,0.6327032703270327,0.8157894736842105,0.6270764119601329
state/seed7_P_O0_resume_step100/easy,assignment_entropy,100,24,14,-0.3000900090009001,0.38760964912280704,0.44518272425249167
state/seed7_P_O0_resume_step100/easy,assignment_probability_gap,100,24,14,0.2915691569156916,0.6458333333333334,0.6129568106312292
state/seed7_P_O0_resume_step100/easy,inner_loss_before,100,24,14,-0.2384038403840384,0.3815789473684211,0.526578073089701
state/seed7_P_O0_resume_step100/easy,gradient_norm,100,24,14,-0.2648064806480648,0.38596491228070173,0.49335548172757476
state/seed7_P_O0_resume_step100/easy,chosen_eta,100,24,14,0.14233862013069992,0.5696271929824561,0.6079734219269103
state/seed7_P_O0_resume_step100/easy,backtracking_trials,100,24,14,-0.14233862013069992,0.4303728070175439,0.3920265780730897
state/seed7_P_O0_resume_step100/easy,normalized_update,100,24,14,-0.0462046204620462,0.5027412280701754,0.622093023255814
state/seed7_P_O0_resume_step100/easy,representation_shift,100,24,14,-0.05297329732973297,0.49890350877192985,0.6112956810631229
state/seed7_P_O0_resume_step100/easy,relative_inner_reduction,100,24,14,-0.3576117611761176,0.29221491228070173,0.39285714285714285
state/seed7_P_O0_resume_step100/easy,query_js,100,24,14,-0.5636363636363636,0.30043859649122806,0.5240863787375415
state/seed7_P_O0_resume_step100/easy,prediction_changed_fraction,100,24,14,-0.5989437987809311,0.29331140350877194,0.40282392026578073
state/seed7_P_O0_resume_step100/hard,query_entropy,100,44,41,0.15893189318931894,0.5645292207792207,0.5857792476229847
state/seed7_P_O0_resume_step100/hard,query_max_probability,100,44,41,-0.14147014701470148,0.4403409090909091,0.4187680859859446
state/seed7_P_O0_resume_step100/hard,query_probability_gap,100,44,41,-0.05700570057005701,0.47930194805194803,0.4638280281107896
state/seed7_P_O0_resume_step100/hard,assignment_entropy,100,44,41,-0.0855085508550855,0.4655032467532468,0.4580405126085159
state/seed7_P_O0_resume_step100/hard,assignment_probability_gap,100,44,41,0.13683768376837685,0.5064935064935064,0.5101281521289789
state/seed7_P_O0_resume_step100/hard,inner_loss_before,100,44,41,-0.010033003300330034,0.45332792207792205,0.472095907399752
state/seed7_P_O0_resume_step100/hard,gradient_norm,100,44,41,0.02765076507650765,0.5004058441558441,0.5274906986357999
state/seed7_P_O0_resume_step100/hard,chosen_eta,100,44,41,-0.07805668620389128,0.476461038961039,0.4692021496486151
state/seed7_P_O0_resume_step100/hard,backtracking_trials,100,44,41,0.07805668620389128,0.523538961038961,0.5307978503513848
state/seed7_P_O0_resume_step100/hard,normalized_update,100,44,41,-0.009732973297329733,0.48295454545454547,0.5006200909466721
state/seed7_P_O0_resume_step100/hard,representation_shift,100,44,41,-0.014233423342334234,0.4784902597402597,0.49524596940884663
state/seed7_P_O0_resume_step100/hard,relative_inner_reduction,100,44,41,-0.08770477047704771,0.4237012987012987,0.4187680859859446
state/seed7_P_O0_resume_step100/hard,query_js,100,44,41,-0.06715871587158716,0.5125811688311688,0.5134353038445638
state/seed7_P_O0_resume_step100/hard,prediction_changed_fraction,100,44,41,-0.16587369212793535,0.45332792207792205,0.444398511781728
state/seed7_P_O0_resume_step200/easy,query_entropy,100,48,32,-0.218997899789979,0.33253205128205127,0.5275735294117647
state/seed7_P_O0_resume_step200/easy,query_max_probability,100,48,32,0.3022022202220222,0.703926282051282,0.5087316176470589
state/seed7_P_O0_resume_step200/easy,query_probability_gap,100,48,32,0.30528652865286526,0.7091346153846154,0.5133272058823529
state/seed7_P_O0_resume_step200/easy,assignment_entropy,100,48,32,-0.10675067506750675,0.40544871794871795,0.5105698529411765
state/seed7_P_O0_resume_step200/easy,assignment_probability_gap,100,48,32,0.1627002700270027,0.6386217948717948,0.5294117647058824
state/seed7_P_O0_resume_step200/easy,inner_loss_before,100,48,32,-0.02067806780678068,0.4599358974358974,0.5693933823529411
state/seed7_P_O0_resume_step200/easy,gradient_norm,100,48,32,-0.24381638163816383,0.35857371794871795,0.4241727941176471
state/seed7_P_O0_resume_step200/easy,chosen_eta,100,48,32,0.3374976087608235,0.6276041666666666,0.6771599264705882
state/seed7_P_O0_resume_step200/easy,backtracking_trials,100,48,32,-0.3374976087608235,0.3723958333333333,0.32284007352941174
state/seed7_P_O0_resume_step200/easy,normalized_update,100,48,32,0.14502250225022503,0.5300480769230769,0.640625
state/seed7_P_O0_resume_step200/easy,representation_shift,100,48,32,0.12955295529552954,0.530448717948718,0.6332720588235294
state/seed7_P_O0_resume_step200/easy,relative_inner_reduction,100,48,32,-0.24718871887188718,0.3798076923076923,0.38005514705882354
state/seed7_P_O0_resume_step200/easy,query_js,100,48,32,-0.020918091809180916,0.46594551282051283,0.6686580882352942
state/seed7_P_O0_resume_step200/easy,prediction_changed_fraction,100,48,32,-0.10224191536629679,0.4326923076923077,0.6047794117647058
state/seed7_P_O0_resume_step200/hard,query_entropy,100,43,40,0.20604860486048604,0.5842513259893921,0.5983333333333334
state/seed7_P_O0_resume_step200/hard,query_max_probability,100,43,40,-0.19051905190519053,0.4149326805385557,0.3929166666666667
state/seed7_P_O0_resume_step200/hard,query_probability_gap,100,43,40,-0.11177917791779178,0.44920440636474906,0.4175
state/seed7_P_O0_resume_step200/hard,assignment_entropy,100,43,40,-0.07135913591359136,0.47939616483068137,0.47291666666666665
state/seed7_P_O0_resume_step200/hard,assignment_probability_gap,100,43,40,0.1256165616561656,0.5079559363525091,0.52625
state/seed7_P_O0_resume_step200/hard,inner_loss_before,100,43,40,-0.056441644164416445,0.47531619747042025,0.4741666666666667
state/seed7_P_O0_resume_step200/hard,gradient_norm,100,43,40,-0.01990999099909991,0.5206038351693186,0.52875
state/seed7_P_O0_resume_step200/hard,chosen_eta,100,43,40,-0.013510905604233134,0.5030599755201959,0.5
state/seed7_P_O0_resume_step200/hard,backtracking_trials,100,43,40,0.013510905604233134,0.4969400244798042,0.5
state/seed7_P_O0_resume_step200/hard,normalized_update,100,43,40,-0.01246924692469247,0.529171766625867,0.53375
state/seed7_P_O0_resume_step200/hard,representation_shift,100,43,40,-0.02705070507050705,0.525499796001632,0.5270833333333333
state/seed7_P_O0_resume_step200/hard,relative_inner_reduction,100,43,40,-0.1275127512751275,0.45532435740514077,0.4429166666666667
state/seed7_P_O0_resume_step200/hard,query_js,100,43,40,-0.05868586858685869,0.5410036719706243,0.5454166666666667
state/seed7_P_O0_resume_step200/hard,prediction_changed_fraction,100,43,40,-0.06449051625654982,0.5024479804161567,0.5066666666666667
state/seed7_P_O0_resume_step400/easy,query_entropy,100,65,52,0.21699369936993698,0.5397802197802197,0.6762820512820513
state/seed7_P_O0_resume_step400/easy,query_max_probability,100,65,52,-0.13930993099309932,0.49846153846153846,0.3657852564102564
state/seed7_P_O0_resume_step400/easy,query_probability_gap,100,65,52,-0.13496549654965498,0.4997802197802198,0.3697916666666667
state/seed7_P_O0_resume_step400/easy,assignment_entropy,100,65,52,0.11704770477047705,0.5345054945054946,0.5360576923076923
state/seed7_P_O0_resume_step400/easy,assignment_probability_gap,100,65,52,-0.023954395439543953,0.501978021978022,0.5172275641025641
state/seed7_P_O0_resume_step400/easy,inner_loss_before,100,65,52,0.11753975397539754,0.5621978021978022,0.5901442307692307
state/seed7_P_O0_resume_step400/easy,gradient_norm,100,65,52,0.19686768676867686,0.6101098901098901,0.6286057692307693
state/seed7_P_O0_resume_step400/easy,chosen_eta,100,65,52,0.01994485217998451,0.4712087912087912,0.5020032051282052
state/seed7_P_O0_resume_step400/easy,backtracking_trials,100,65,52,-0.01994485217998451,0.5287912087912088,0.4979967948717949
state/seed7_P_O0_resume_step400/easy,normalized_update,100,65,52,0.14600660066006602,0.5432967032967033,0.5749198717948718
state/seed7_P_O0_resume_step400/easy,representation_shift,100,65,52,0.19041104110411042,0.5679120879120879,0.5965544871794872
state/seed7_P_O0_resume_step400/easy,relative_inner_reduction,100,65,52,-0.27875187518751876,0.3432967032967033,0.37740384615384615
state/seed7_P_O0_resume_step400/easy,query_js,100,65,52,0.5594719471947195,0.7054945054945055,0.8277243589743589
state/seed7_P_O0_resume_step400/easy,prediction_changed_fraction,100,65,52,0.6151361111259125,0.7221978021978022,0.8283253205128205
state/seed7_P_O0_resume_step400/hard,query_entropy,100,50,32,0.1868106810681068,0.5584,0.5445772058823529
state/seed7_P_O0_resume_step400/hard,query_max_probability,100,50,32,-0.11384338433843384,0.4864,0.47702205882352944
state/seed7_P_O0_resume_step400/hard,query_probability_gap,100,50,32,-0.021002100210021003,0.5472,0.5133272058823529
state/seed7_P_O0_resume_step400/hard,assignment_entropy,100,50,32,-0.1636843684368437,0.4028,0.43612132352941174
state/seed7_P_O0_resume_step400/hard,assignment_probability_gap,100,50,32,0.05764176417641764,0.5324,0.5188419117647058
state/seed7_P_O0_resume_step400/hard,inner_loss_before,100,50,32,-0.06725472547254725,0.5056,0.5868566176470589
state/seed7_P_O0_resume_step400/hard,gradient_norm,100,50,32,-0.07045904590459046,0.4804,0.5988051470588235
state/seed7_P_O0_resume_step400/hard,chosen_eta,100,50,32,,0.5,0.5
state/seed7_P_O0_resume_step400/hard,backtracking_trials,100,50,32,,0.5,0.5
state/seed7_P_O0_resume_step400/hard,normalized_update,100,50,32,-0.07045904590459046,0.4804,0.5988051470588235
state/seed7_P_O0_resume_step400/hard,representation_shift,100,50,32,-0.1185118511851185,0.4628,0.5744485294117647
state/seed7_P_O0_resume_step400/hard,relative_inner_reduction,100,50,32,-0.09260126012601261,0.4852,0.5799632352941176
state/seed7_P_O0_resume_step400/hard,query_js,100,50,32,-0.08877287728772877,0.4792,0.6245404411764706
state/seed7_P_O0_resume_step400/hard,prediction_changed_fraction,100,50,32,-0.2392488512931521,0.3958,0.48161764705882354
state/seed7_P_O0_resume_step50/easy,query_entropy,100,19,6,-0.5954875487548755,0.11825860948667966,0.2641843971631206
state/seed7_P_O0_resume_step50/easy,query_max_probability,100,19,6,0.6356795679567957,0.8953866146848602,0.799645390070922
state/seed7_P_O0_resume_step50/easy,query_probability_gap,100,19,6,0.6488328832883289,0.8979857050032488,0.8102836879432624
state/seed7_P_O0_resume_step50/easy,assignment_entropy,100,19,6,-0.2836723672367237,0.41650422352176736,0.4787234042553192
state/seed7_P_O0_resume_step50/easy,assignment_probability_gap,100,19,6,0.26984698469846985,0.6198830409356725,0.5567375886524822
state/seed7_P_O0_resume_step50/easy,inner_loss_before,100,19,6,-0.3637083708370837,0.29889538661468484,0.43617021276595747
state/seed7_P_O0_resume_step50/easy,gradient_norm,100,19,6,-0.3085028502850285,0.3125406107862248,0.43439716312056736
state/seed7_P_O0_resume_step50/easy,chosen_eta,100,19,6,-0.06642806712661231,0.4824561403508772,0.5824468085106383
state/seed7_P_O0_resume_step50/easy,backtracking_trials,100,19,6,0.06642806712661231,0.5175438596491229,0.4175531914893617
state/seed7_P_O0_resume_step50/easy,normalized_update,100,19,6,-0.3511911191119112,0.3190383365821962,0.599290780141844
state/seed7_P_O0_resume_step50/easy,representation_shift,100,19,6,-0.35672367236723673,0.3125406107862248,0.5904255319148937
state/seed7_P_O0_resume_step50/easy,relative_inner_reduction,100,19,6,-0.2894569456945695,0.3268356075373619,0.3971631205673759
state/seed7_P_O0_resume_step50/easy,query_js,100,19,6,-0.7600480048004801,0.13905133203378817,0.4645390070921986
state/seed7_P_O0_resume_step50/easy,prediction_changed_fraction,100,19,6,-0.6530823905568772,0.25828460038986356,0.37056737588652483
state/seed7_P_O0_resume_step50/hard,query_entropy,100,47,41,0.14238223822382237,0.5704536330790847,0.5700702769739562
state/seed7_P_O0_resume_step50/hard,query_max_probability,100,47,41,-0.12021602160216022,0.4500200722601365,0.4406779661016949
state/seed7_P_O0_resume_step50/hard,query_probability_gap,100,47,41,-0.04702070207020702,0.5050180650341228,0.4836709384042993
state/seed7_P_O0_resume_step50/hard,assignment_entropy,100,47,41,-0.05382538253825383,0.4708952228020875,0.45018602728400164
state/seed7_P_O0_resume_step50/hard,assignment_probability_gap,100,47,41,0.12973297329732975,0.5010036130068246,0.5262505167424556
state/seed7_P_O0_resume_step50/hard,inner_loss_before,100,47,41,-0.02633063306330633,0.43637093536732235,0.4489458453906573
state/seed7_P_O0_resume_step50/hard,gradient_norm,100,47,41,-0.000624062406240624,0.44600562023283824,0.48119057461761056
state/seed7_P_O0_resume_step50/hard,chosen_eta,100,47,41,-0.1055976658628207,0.47972701726214373,0.4580405126085159
state/seed7_P_O0_resume_step50/hard,backtracking_trials,100,47,41,0.1055976658628207,0.5202729827378563,0.541959487391484
state/seed7_P_O0_resume_step50/hard,normalized_update,100,47,41,-0.052001200120012,0.4427940586109996,0.45886730053741215
state/seed7_P_O0_resume_step50/hard,representation_shift,100,47,41,-0.05712571257125713,0.4383781613809715,0.45845390657296403
state/seed7_P_O0_resume_step50/hard,relative_inner_reduction,100,47,41,-0.00588058805880588,0.42472902448815736,0.4406779661016949
state/seed7_P_O0_resume_step50/hard,query_js,100,47,41,-0.11535553555355535,0.4423926134082698,0.472095907399752
state/seed7_P_O0_resume_step50/hard,prediction_changed_fraction,100,47,41,-0.24125352913324016,0.3727418707346447,0.38879702356345597
state/seed7_original_P/easy,query_entropy,100,17,10,-0.5848064806480648,0.16654854712969525,0.2088888888888889
state/seed7_original_P/easy,query_max_probability,100,17,10,0.5980918091809181,0.8341601700921333,0.7744444444444445
state/seed7_original_P/easy,query_probability_gap,100,17,10,0.6192739273927392,0.8284904323175053,0.7655555555555555
state/seed7_original_P/easy,assignment_entropy,100,17,10,-0.23331533153315331,0.43515237420269315,0.5033333333333333
state/seed7_original_P/easy,assignment_probability_gap,100,17,10,0.16625262526252627,0.5138199858256556,0.4711111111111111
state/seed7_original_P/easy,inner_loss_before,100,17,10,-0.41188118811881186,0.42523033309709424,0.46111111111111114
state/seed7_original_P/easy,gradient_norm,100,17,10,-0.3436903690369037,0.333805811481219,0.3511111111111111
state/seed7_original_P/easy,chosen_eta,100,17,10,-0.030973686045501672,0.6091424521615876,0.7133333333333334
state/seed7_original_P/easy,backtracking_trials,100,17,10,0.030973686045501672,0.3908575478384125,0.2866666666666667
state/seed7_original_P/easy,normalized_update,100,17,10,-0.3326012601260126,0.48263642806520196,0.6344444444444445
state/seed7_original_P/easy,representation_shift,100,17,10,-0.3448904890489049,0.4684620836286322,0.6166666666666667
state/seed7_original_P/easy,relative_inner_reduction,100,17,10,-0.4066246624662466,0.3408929836995039,0.3277777777777778
state/seed7_original_P/easy,query_js,100,17,10,-0.7367296729672967,0.27569099929128277,0.4111111111111111
state/seed7_original_P/easy,prediction_changed_fraction,100,17,10,-0.7419473318124665,0.27002126151665484,0.37277777777777776
state/seed7_original_P/hard,query_entropy,100,44,42,0.20422442244224423,0.5986201298701299,0.5907224958949097
state/seed7_original_P/hard,query_max_probability,100,44,42,-0.19517551755175516,0.4224837662337662,0.42036124794745483
state/seed7_original_P/hard,query_probability_gap,100,44,42,-0.10652265226522652,0.476461038961039,0.46264367816091956
state/seed7_original_P/hard,assignment_entropy,100,44,42,-0.03174317431743175,0.4602272727272727,0.44417077175697867
state/seed7_original_P/hard,assignment_probability_gap,100,44,42,0.11612361236123613,0.48133116883116883,0.5094417077175698
state/seed7_original_P/hard,inner_loss_before,100,44,42,-0.018565856585658565,0.4525162337662338,0.4614121510673235
state/seed7_original_P/hard,gradient_norm,100,44,42,-0.0032403240324032404,0.48417207792207795,0.49261083743842365
state/seed7_original_P/hard,chosen_eta,100,44,42,-0.16712895609281325,0.4237012987012987,0.41420361247947457
state/seed7_original_P/hard,backtracking_trials,100,44,42,0.16712895609281325,0.5762987012987013,0.5857963875205254
state/seed7_original_P/hard,normalized_update,100,44,42,-0.07530753075307531,0.45211038961038963,0.4523809523809524
state/seed7_original_P/hard,representation_shift,100,44,42,-0.082004200420042,0.45008116883116883,0.4503284072249589
state/seed7_original_P/hard,relative_inner_reduction,100,44,42,0.04409240924092409,0.4472402597402597,0.44129720853858784
state/seed7_original_P/hard,query_js,100,44,42,-0.15315931593159315,0.47564935064935066,0.4696223316912972
state/seed7_original_P/hard,prediction_changed_fraction,100,44,42,-0.23148147745667177,0.4419642857142857,0.42898193760262726
