state_id,seed,branch,step,regime,index,episode_seed,S0_nll,S0_accuracy,S1_nll,S1_accuracy,S2_nll,S2_accuracy,S3_nll,S3_accuracy,S2_diversity,S2_eligible_pairs,S2_teacher_diversity,S3_diversity,S3_eligible_pairs,S3_teacher_diversity
seed7_original_P,7,original_P,0,easy,0,3000700000,0.2490053553483449,0.875,0.046829744707793,1.0,5.620747655630112,0.125,6.561766058206558,0.0,0.8496124744415283,28,0.0604480504989624,0.8796893954277039,28,0.0
seed7_original_P,7,original_P,0,easy,1,3000700001,0.05316880407917779,1.0,0.18385299242800102,1.0,5.70644810795784,0.0,6.497181475162506,0.0,0.49987494945526123,28,0.22422263026237488,0.5923065543174744,28,-2.384185791015625e-07
seed7_original_P,7,original_P,0,easy,2,3000700002,0.30815348378382623,0.875,0.1846766888629645,1.0,4.690426886081696,0.0,3.2640495151281357,0.0,1.0025235414505005,28,0.0931050032377243,1.0020325183868408,28,-2.384185791015625e-07
seed7_original_P,7,original_P,0,easy,3,3000700003,0.584560114890337,0.875,0.21827354189008474,1.0,2.3764184787869453,0.375,4.081840127706528,0.375,0.757770836353302,28,0.08944167196750641,0.8750418424606323,28,-1.1920928955078125e-07
seed7_original_P,7,original_P,0,easy,4,3000700004,0.6608627662062645,0.75,0.15955222444608808,1.0,3.2764871902763844,0.25,2.5616997331380844,0.25,0.705068051815033,28,0.030812503769993782,0.8156969547271729,28,0.0
seed7_original_P,7,original_P,0,easy,5,3000700005,0.8404437457211316,0.375,0.632691047154367,0.875,8.32522177696228,0.0,5.651618182659149,0.0,0.4437834322452545,28,0.018077531829476357,0.44103074073791504,28,1.1920928955078125e-07
seed7_original_P,7,original_P,0,easy,6,3000700006,0.16897770040668547,1.0,0.15285642922390252,1.0,2.4626612812280655,0.125,4.17936310172081,0.0,0.6132957339286804,28,0.19064441323280334,0.8219521641731262,28,5.960464477539063e-08
seed7_original_P,7,original_P,0,easy,7,3000700007,2.136282131075859,0.0,0.6439245902001858,0.75,2.921033889055252,0.125,2.5509581863880157,0.125,0.6329736709594727,28,0.06415783613920212,0.5698382258415222,28,5.960464477539063e-08
seed7_original_P,7,original_P,0,easy,8,3000700008,0.4331814527977258,1.0,0.46983331942465156,0.875,3.3920673727989197,0.0,3.3759801387786865,0.0,0.552627682685852,28,0.09866943210363388,0.2674866318702698,28,0.0
seed7_original_P,7,original_P,0,easy,9,3000700009,0.11319640907458961,1.0,0.07181852147914469,1.0,3.0616255402565002,0.0,6.635604381561279,0.0,0.559069812297821,28,0.1953495293855667,0.6519302725791931,28,-1.1920928955078125e-07
seed7_original_P,7,original_P,0,easy,10,3000700010,0.9838992301374674,0.375,0.1511843386106193,1.0,1.760988600552082,0.5,3.069763623178005,0.125,0.48962634801864624,28,0.036438144743442535,0.5503794550895691,28,-1.1920928955078125e-07
seed7_original_P,7,original_P,0,easy,11,3000700011,0.1736060985858785,0.875,0.05058167316019535,1.0,4.186551108956337,0.0,4.76233696937561,0.0,0.2732164263725281,28,0.05783058702945709,0.27043935656547546,28,0.0
seed7_original_P,7,original_P,0,easy,12,3000700012,0.3387002060189843,0.75,0.07265900517813861,1.0,3.5145392566919327,0.0,2.8614698629826307,0.125,0.3090646266937256,28,0.11542032659053802,0.3972093164920807,28,5.960464477539063e-08
seed7_original_P,7,original_P,0,easy,13,3000700013,1.3952084141492378,0.375,0.36930255126208067,1.0,2.7321261912584305,0.5,3.192619513720274,0.25,0.15981777012348175,28,0.1403162032365799,0.28369343280792236,28,5.960464477539063e-08
seed7_original_P,7,original_P,0,easy,14,3000700014,0.39040854771155864,0.75,0.07827895879745483,1.0,3.3502011485397816,0.125,3.674654293805361,0.125,0.4776352047920227,28,0.028919856995344162,0.41333097219467163,28,0.0
seed7_original_P,7,original_P,0,easy,15,3000700015,0.16011224663816392,1.0,0.12897458323277533,1.0,3.759026825428009,0.0,6.5804941058158875,0.0,0.6545570492744446,28,0.11122789233922958,0.5232898592948914,28,0.0
seed7_original_P,7,original_P,0,easy,16,3000700016,1.4494191035628319,0.375,0.5686395238153636,0.75,1.2485748790204525,0.5,2.33653898909688,0.25,0.8121663928031921,28,0.042019594460725784,1.00423002243042,28,-1.1920928955078125e-07
seed7_original_P,7,original_P,0,easy,17,3000700017,0.5881286149960943,0.625,0.05231557134538889,1.0,2.070564966648817,0.125,2.4135482385754585,0.375,0.42202427983283997,28,0.10930896550416946,0.39708560705184937,28,-1.1920928955078125e-07
seed7_original_P,7,original_P,0,easy,18,3000700018,0.007167347692302428,1.0,0.030806654831394553,1.0,6.827968746423721,0.0,9.682350873947144,0.0,0.5241430997848511,28,0.10811439901590347,0.5621916651725769,28,0.0
seed7_original_P,7,original_P,0,easy,19,3000700019,0.06310812337324023,1.0,1.0627128365449607,0.25,6.718253672122955,0.0,7.857974708080292,0.0,0.5367093086242676,28,0.05762939155101776,0.5143930912017822,28,0.0
seed7_original_P,7,original_P,0,easy,20,3000700020,0.13219507232133765,1.0,0.04620940762106329,1.0,2.961793139576912,0.0,4.279188275337219,0.0,0.639122724533081,28,0.05576399713754654,0.7307729125022888,28,-1.1920928955078125e-07
seed7_original_P,7,original_P,0,easy,21,3000700021,0.28278487763600424,1.0,0.25322529661934823,1.0,3.951611578464508,0.0,5.541468054056168,0.0,0.5349342823028564,28,0.15394674241542816,0.5861786007881165,28,0.0
seed7_original_P,7,original_P,0,easy,22,3000700022,0.305902068503201,0.75,0.3015904383501038,0.75,1.6190767884254456,0.25,3.752867355942726,0.125,0.6907784342765808,28,0.061159662902355194,0.5982936024665833,28,0.0
seed7_original_P,7,original_P,0,easy,23,3000700023,1.0892328172922134,0.375,0.22132655570749193,1.0,1.428590722149238,0.625,1.3299192730337381,0.625,0.3160591721534729,28,0.013189563527703285,0.48546016216278076,28,0.0
seed7_original_P,7,original_P,0,easy,24,3000700024,0.8695096492301673,0.625,0.21050867578014731,1.0,2.9512436501681805,0.125,3.9710193276405334,0.0,0.7356348633766174,28,0.07157385349273682,0.7220346927642822,28,5.960464477539063e-08
seed7_original_P,7,original_P,0,easy,25,3000700025,0.00583674167864956,1.0,0.014951726596336812,1.0,6.552810251712799,0.0,8.227736294269562,0.0,0.598836362361908,28,0.07354769855737686,0.6650876998901367,28,0.0
seed7_original_P,7,original_P,0,easy,26,3000700026,1.0506792217493057,0.125,0.3193990923464298,0.875,9.412285149097443,0.0,3.3395480811595917,0.0,0.0730850100517273,28,0.008043472655117512,0.12044832855463028,28,-1.1920928955078125e-07
seed7_original_P,7,original_P,0,easy,27,3000700027,0.7392566222697496,0.375,0.11860935995355248,1.0,2.5185115039348602,0.125,2.8572363406419754,0.0,0.7367667555809021,28,0.07426907867193222,0.7295159697532654,28,1.1920928955078125e-07
seed7_original_P,7,original_P,0,easy,28,3000700028,0.3437930550426245,1.0,0.14165670005604625,1.0,2.649345427751541,0.0,2.7957964837551117,0.0,0.7305419445037842,28,0.11227835714817047,0.6827023029327393,28,0.0
seed7_original_P,7,original_P,0,easy,29,3000700029,0.6771818936103955,0.5,0.45312719605863094,0.75,4.36813947558403,0.0,3.440272629261017,0.0,0.21803082525730133,28,0.07517391443252563,0.17002801597118378,28,0.0
seed7_original_P,7,original_P,0,easy,30,3000700030,1.0450996346771717,0.25,0.6076342388987541,0.5,3.424718201160431,0.0,3.2889971882104874,0.0,0.5960323214530945,28,0.05975507199764252,1.0097193717956543,28,0.0
seed7_original_P,7,original_P,0,easy,31,3000700031,0.2881212942302227,1.0,0.18562562903389335,1.0,2.9515976011753082,0.0,4.453442275524139,0.0,0.5532439947128296,28,0.02634071186184883,0.3183269500732422,28,-1.1920928955078125e-07
seed7_original_P,7,original_P,0,easy,32,3000700032,0.3900175401940942,0.875,0.12082585133612156,1.0,3.536270707845688,0.0,2.6032019406557083,0.0,0.9617055058479309,28,0.09275650233030319,0.9368755221366882,28,-1.1920928955078125e-07
seed7_original_P,7,original_P,0,easy,33,3000700033,1.7159757908957545,0.5,0.32315403409302235,0.875,2.2249022093601525,0.25,3.5129567459225655,0.5,0.10576539486646652,28,0.07643698900938034,0.09182511270046234,28,0.0
seed7_original_P,7,original_P,0,easy,34,3000700034,0.09481049363967031,1.0,0.1586319738999009,1.0,9.727536350488663,0.0,6.05615907907486,0.0,0.7181755900382996,28,0.08292641490697861,0.7340013980865479,28,1.1920928955078125e-07
seed7_original_P,7,original_P,0,easy,35,3000700035,0.0036189282254781574,1.0,0.010075911675812677,1.0,5.416868269443512,0.0,7.222650498151779,0.0,0.5281081199645996,28,0.06438841670751572,0.6138958930969238,28,0.0
seed7_original_P,7,original_P,0,easy,36,3000700036,0.11778731364756823,1.0,0.2643157149432227,1.0,5.005922473967075,0.25,6.779517620801926,0.0,0.687121570110321,28,0.15517406165599823,0.6369280815124512,28,0.0
seed7_original_P,7,original_P,0,easy,37,3000700037,0.1557095130920061,1.0,0.10235184477642179,1.0,2.3016162365674973,0.0,5.790035933256149,0.0,0.5305641293525696,28,0.12387867271900177,0.6823448538780212,28,0.0
seed7_original_P,7,original_P,0,easy,38,3000700038,0.14146471256390214,1.0,0.23818121058866382,1.0,2.809427931904793,0.0,5.563369244337082,0.0,0.5819593667984009,28,0.01548083871603012,0.44035786390304565,28,1.1920928955078125e-07
seed7_original_P,7,original_P,0,easy,39,3000700039,2.401155464351177,0.0,0.595434932038188,0.875,3.4440988153219223,0.125,1.2386096939444542,0.125,0.3462555706501007,28,0.08059433102607727,0.19251184165477753,28,0.0
seed7_original_P,7,original_P,0,easy,40,3000700040,0.35338581177347805,0.875,0.06781531940214336,1.0,2.415563315153122,0.0,4.211394593119621,0.125,0.26690083742141724,28,0.34929099678993225,0.5306302309036255,28,0.0
seed7_original_P,7,original_P,0,easy,41,3000700041,0.04962331033311784,1.0,0.06260725110769272,1.0,2.7821332588791847,0.25,6.3502848744392395,0.0,0.5853947401046753,28,0.1061297133564949,0.7077203989028931,28,-1.1920928955078125e-07
seed7_original_P,7,original_P,0,easy,42,3000700042,0.7892485221964307,0.5,0.4295396744273603,0.75,1.5870061814785004,0.0,4.553376764059067,0.0,0.42850130796432495,28,0.290243923664093,0.7610459923744202,28,-1.1920928955078125e-07
seed7_original_P,7,original_P,0,easy,43,3000700043,1.1044044590671547,0.375,0.4677298462484032,0.75,2.4385380148887634,0.25,2.8644086569547653,0.125,0.18847939372062683,28,0.05891124904155731,0.32691988348960876,28,-1.1920928955078125e-07
seed7_original_P,7,original_P,0,easy,44,3000700044,0.4512562669115141,0.625,0.297446068841964,1.0,4.526868373155594,0.125,5.1600973308086395,0.0,0.19975675642490387,28,0.06251148134469986,0.1504644751548767,28,-1.1920928955078125e-07
seed7_original_P,7,original_P,0,easy,45,3000700045,0.2503001894801855,1.0,0.3019317560829222,1.0,2.7479422837495804,0.0,3.4755253940820694,0.0,0.6838090419769287,28,0.06898634880781174,0.47002068161964417,28,0.0
seed7_original_P,7,original_P,0,easy,46,3000700046,0.16006458830088377,1.0,0.16432388685643673,1.0,1.348800241947174,0.375,1.592291072010994,0.0,0.7520390152931213,28,0.0861804410815239,0.9297730922698975,28,-1.1920928955078125e-07
seed7_original_P,7,original_P,0,easy,47,3000700047,1.0487783429562114,0.5,0.7803488803328946,0.5,3.9051156044006348,0.0,6.545505374670029,0.0,0.08978096395730972,28,0.06791149824857712,0.06459344923496246,28,1.1920928955078125e-07
seed7_original_P,7,original_P,0,easy,48,3000700048,0.5132910405518487,0.75,0.26375323347747326,0.875,2.918816179037094,0.0,6.448355704545975,0.0,0.46006307005882263,28,0.05218829587101936,0.4067858159542084,28,0.0
seed7_original_P,7,original_P,0,easy,49,3000700049,0.478196207433939,1.0,0.6440751273185015,0.625,2.495861068367958,0.0,2.8930048048496246,0.0,0.6736056804656982,28,0.06500639021396637,0.8790671825408936,28,-1.1920928955078125e-07
seed7_original_P,7,original_P,0,easy,50,3000700050,0.4704201053828001,1.0,0.33533777529373765,1.0,1.681334249675274,0.125,2.4528556168079376,0.0,0.9859052896499634,28,0.014004463329911232,0.9105334281921387,28,1.1920928955078125e-07
seed7_original_P,7,original_P,0,easy,51,3000700051,0.37162899412214756,0.875,0.1347535103559494,1.0,4.292942352592945,0.25,6.258850382640958,0.375,0.9255867600440979,28,0.016127485781908035,0.9225204586982727,28,5.960464477539063e-08
seed7_original_P,7,original_P,0,easy,52,3000700052,0.4597161770798266,0.875,0.17522470001131296,1.0,6.673634946346283,0.0,3.5528499484062195,0.0,0.9885537028312683,28,0.07558473944664001,1.0053461790084839,28,5.960464477539063e-08
seed7_original_P,7,original_P,0,easy,53,3000700053,1.0055883564054966,0.25,0.7240748435724527,0.25,1.0919692814350128,0.75,1.393892303109169,0.375,0.3705519139766693,28,0.014508399181067944,0.1368110328912735,28,-2.384185791015625e-07
seed7_original_P,7,original_P,0,easy,54,3000700054,0.007245403452543542,1.0,0.024847264168784022,1.0,3.4328609853982925,0.0,8.056578040122986,0.0,0.6764184236526489,28,0.14274948835372925,0.7650255560874939,28,5.960464477539063e-08
seed7_original_P,7,original_P,0,easy,55,3000700055,1.5056990719458554,0.125,0.4912541873054579,0.875,0.9970555622130632,0.75,1.4559652470052242,0.5,0.3071315884590149,28,0.11571474373340607,0.44076377153396606,28,0.0
seed7_original_P,7,original_P,0,easy,56,3000700056,0.17230670899152756,1.0,0.12786488560959697,1.0,1.9913063272833824,0.125,2.890839070081711,0.0,0.31311455368995667,28,0.00868576392531395,0.2538262903690338,28,1.788139485370266e-07
seed7_original_P,7,original_P,0,easy,57,3000700057,0.16586931911297143,1.0,0.4118716814555228,0.875,3.409180521965027,0.0,3.711808070540428,0.0,0.5383710265159607,28,0.0697983130812645,0.5194973349571228,28,1.1920928955078125e-07
seed7_original_P,7,original_P,0,easy,58,3000700058,0.6083831042051315,0.5,0.2738774586468935,1.0,1.7769979797303677,0.25,2.708241894841194,0.0,0.9436026215553284,28,0.1293790191411972,0.9764695167541504,28,0.0
seed7_original_P,7,original_P,0,easy,59,3000700059,1.080637961946195,0.5,0.3281239653006196,0.875,3.3090596199035645,0.0,5.566825270652771,0.0,0.30360686779022217,28,0.2566511332988739,0.4638657867908478,28,-1.1920928955078125e-07
seed7_original_P,7,original_P,0,easy,60,3000700060,0.04755759594263509,1.0,0.10419474146328866,1.0,4.96291396021843,0.0,4.400863081216812,0.0,0.4643702805042267,28,0.06587105244398117,0.5582606196403503,28,1.1920928955078125e-07
seed7_original_P,7,original_P,0,easy,61,3000700061,0.0278743754606694,1.0,0.04795192601159215,1.0,5.116527587175369,0.0,7.188256740570068,0.0,0.731102705001831,28,0.05632530897855759,0.7181822061538696,28,-2.384185791015625e-07
seed7_original_P,7,original_P,0,easy,62,3000700062,1.4738755356520414,0.375,1.0266143232584,0.25,1.5833249762654305,0.25,2.0601885840296745,0.125,1.0179369449615479,28,0.011897525750100613,0.9754018783569336,28,-1.1920928955078125e-07
seed7_original_P,7,original_P,0,easy,63,3000700063,0.08354972081724554,1.0,0.13889673864468932,1.0,7.490187168121338,0.0,8.241094529628754,0.0,0.5082667469978333,28,0.08179603517055511,0.5048797726631165,28,-1.1920928955078125e-07
seed7_original_P,7,original_P,0,easy,64,3000700064,0.5429058178560808,0.625,0.07199253980070353,1.0,2.3708283081650734,0.25,3.386328414082527,0.0,0.580375611782074,28,0.033823221921920776,0.5023344159126282,28,-1.1920928955078125e-07
seed7_original_P,7,original_P,0,easy,65,3000700065,1.0883521196083166,0.5,0.49704504990950227,0.75,2.8210479617118835,0.0,3.14784674346447,0.125,0.16003046929836273,28,0.07389555126428604,0.30869942903518677,28,0.0
seed7_original_P,7,original_P,0,easy,66,3000700066,0.2646186975762248,1.0,0.12903581047430634,1.0,1.5724530890583992,0.625,4.193472534418106,0.0,0.8994615077972412,28,0.1486394852399826,1.0093684196472168,28,5.960464477539063e-08
seed7_original_P,7,original_P,0,easy,67,3000700067,1.078645593719557,0.5,0.1691083728801459,1.0,6.207746595144272,0.0,3.6968468129634857,0.0,0.9195603132247925,28,0.10568790137767792,0.8392617702484131,28,-1.1920928955078125e-07
seed7_original_P,7,original_P,0,easy,68,3000700068,0.034373610105831176,1.0,0.042141077341511846,1.0,5.074647381901741,0.0,7.464910864830017,0.0,0.6691811084747314,28,0.19843783974647522,0.7393314242362976,28,-2.384185791015625e-07
seed7_original_P,7,original_P,0,easy,69,3000700069,1.7364823505049571,0.25,0.3378439424559474,0.875,3.4639056669548154,0.25,2.857142388820648,0.0,0.49281907081604004,28,0.08945904672145844,0.447183758020401,28,0.0
seed7_original_P,7,original_P,0,easy,70,3000700070,0.34141368698328733,1.0,0.4400705457665026,0.625,2.8535712510347366,0.0,4.540251851081848,0.0,0.4695664644241333,28,0.09447913616895676,0.43379390239715576,28,-1.1920928955078125e-07
seed7_original_P,7,original_P,0,easy,71,3000700071,0.26598921503318707,0.875,0.08669523079879582,1.0,2.8944305926561356,0.125,3.481580913066864,0.0,0.7980923056602478,28,0.17011426389217377,0.9074738025665283,28,0.0
seed7_original_P,7,original_P,0,easy,72,3000700072,2.025821015238762,0.0,0.3605823228135705,0.875,1.7123704329133034,0.0,1.4560232013463974,0.5,0.5874788165092468,28,0.10218647867441177,0.5971460342407227,28,0.0
seed7_original_P,7,original_P,0,easy,73,3000700073,0.5098001770675182,0.875,0.3145221807062626,1.0,2.6038164496421814,0.125,4.769869893789291,0.375,0.8725205063819885,28,0.02524188533425331,0.9197729825973511,28,0.0
seed7_original_P,7,original_P,0,easy,74,3000700074,0.2276849058980588,0.875,0.2065859284484759,0.875,2.928395450115204,0.0,7.1808695793151855,0.0,0.06069621443748474,28,0.11166033148765564,0.2847866415977478,28,5.960464477539063e-08
seed7_original_P,7,original_P,0,easy,75,3000700075,0.03767882931424538,1.0,0.04424954194109887,1.0,1.9844692721962929,0.125,4.68924805521965,0.0,0.6460435390472412,28,0.026405252516269684,0.669965922832489,28,-1.1920928955078125e-07
seed7_original_P,7,original_P,0,easy,76,3000700076,0.10743656114209443,1.0,0.027858638088218868,1.0,5.418277692049742,0.25,5.824218034744263,0.0,0.5711065530776978,28,0.014110786840319633,0.6577362418174744,28,0.0
seed7_original_P,7,original_P,0,easy,77,3000700077,0.21777172986185178,1.0,0.15118898171931505,1.0,4.101032137870789,0.0,4.976286590099335,0.0,0.6008940935134888,28,0.29028862714767456,0.7469391226768494,28,0.0
seed7_original_P,7,original_P,0,easy,78,3000700078,0.37040490191429853,0.875,0.1135768792591989,1.0,3.9281831681728363,0.0,3.5370005667209625,0.0,0.6563149690628052,28,0.0270241592079401,0.6593450307846069,28,-2.384185791015625e-07
seed7_original_P,7,original_P,0,easy,79,3000700079,0.7853885935619473,0.5,0.43701716256327927,0.5,2.417783349752426,0.125,3.2359828501939774,0.0,0.2782514989376068,28,0.042176857590675354,0.18550114333629608,28,0.0
seed7_original_P,7,original_P,0,easy,80,3000700080,0.36358758993446827,1.0,0.4410732574760914,1.0,5.625635713338852,0.0,3.508139654994011,0.0,0.5260629653930664,28,0.04932156950235367,0.672966718673706,28,5.960464477539063e-08
seed7_original_P,7,original_P,0,easy,81,3000700081,0.04851606543525122,1.0,0.03376295621274039,1.0,5.052144110202789,0.0,3.8262333273887634,0.0,0.2708483040332794,28,0.116416335105896,0.3403306305408478,28,1.1920928955078125e-07
seed7_original_P,7,original_P,0,easy,82,3000700082,0.23839933890849352,0.75,0.06526982737705112,1.0,9.446463346481323,0.0,8.239340841770172,0.0,0.8528269529342651,28,0.06461623311042786,0.8600385189056396,28,0.0
seed7_original_P,7,original_P,0,easy,83,3000700083,0.8172703482268844,0.5,0.10614262241870165,1.0,4.002069115638733,0.0,3.135005148127675,0.5,0.27364563941955566,28,0.1789282113313675,0.24759012460708618,28,0.0
seed7_original_P,7,original_P,0,easy,84,3000700084,0.3035951287019998,1.0,0.29473807476460934,1.0,3.111372411251068,0.0,4.157835155725479,0.0,0.5732415318489075,28,0.07908779382705688,0.35318002104759216,28,-1.1920928955078125e-07
seed7_original_P,7,original_P,0,easy,85,3000700085,0.1836739075370133,0.875,0.11125831282697618,1.0,6.527465333463624,0.125,7.820595656521618,0.125,0.6111427545547485,28,0.04761065915226936,0.6216548085212708,28,0.0
seed7_original_P,7,original_P,0,easy,86,3000700086,0.7211460773833096,0.5,0.5079071908257902,0.625,1.3782875090837479,0.125,1.9407896250486374,0.0,0.22254404425621033,28,0.015554969199001789,0.14039954543113708,28,0.0
seed7_original_P,7,original_P,0,easy,87,3000700087,0.680889249430038,0.375,0.30069278087466955,1.0,2.69644632935524,0.125,4.725513190031052,0.0,0.2142414152622223,28,0.01973186433315277,0.099765844643116,28,1.1920928955078125e-07
seed7_original_P,7,original_P,0,easy,88,3000700088,1.3390771076083183,0.125,0.3707249201834202,1.0,0.7992479056119919,0.625,1.4126497507095337,0.0,0.7349473834037781,28,0.03637752681970596,0.9302614331245422,28,-1.1920928955078125e-07
seed7_original_P,7,original_P,0,easy,89,3000700089,0.3043954004533589,0.875,0.0974684446118772,1.0,7.158568799495697,0.0,7.399615168571472,0.0,0.3393479287624359,28,0.03283923864364624,0.334408164024353,28,1.1920928955078125e-07
seed7_original_P,7,original_P,0,easy,90,3000700090,0.18682153651025146,0.875,0.07656434131786227,1.0,1.8066204339265823,0.0,2.224963143467903,0.0,0.21748587489128113,28,0.03372587263584137,0.3389250636100769,28,-2.384185791015625e-07
seed7_original_P,7,original_P,0,easy,91,3000700091,0.7999649870325811,0.625,0.4572852693963796,0.875,2.553181139752269,0.25,3.660917215049267,0.25,0.40522053837776184,28,0.18896250426769257,0.7222449779510498,28,0.0
seed7_original_P,7,original_P,0,easy,92,3000700092,0.12140436371555552,1.0,0.10499543783953413,1.0,2.015156328678131,0.25,2.996706321835518,0.0,0.8922179341316223,28,0.16183465719223022,0.9898634552955627,28,1.1920928955078125e-07
seed7_original_P,7,original_P,0,easy,93,3000700093,0.48019977007061243,0.75,0.27562004746869206,0.75,1.5635387897491455,0.25,2.2393938452005386,0.0,0.7746947407722473,28,0.04763122275471687,0.7016705274581909,28,0.0
seed7_original_P,7,original_P,0,easy,94,3000700094,0.4212315670447424,0.75,0.35560133680701256,0.75,2.5952360928058624,0.0,4.859928101301193,0.0,0.600676417350769,28,0.17358078062534332,0.8307379484176636,28,0.0
seed7_original_P,7,original_P,0,easy,95,3000700095,1.1811113310905057,0.25,0.3621684401296079,1.0,1.638208620250225,0.75,2.587433621287346,0.375,0.17303763329982758,28,0.1590149849653244,0.37788480520248413,28,0.0
seed7_original_P,7,original_P,0,easy,96,3000700096,1.3388368096202612,0.375,0.5221794927492738,0.625,1.3669166043400764,0.375,3.6604167073965073,0.25,0.6830666065216064,28,0.07771935313940048,0.41332972049713135,28,-1.1920928955078125e-07
seed7_original_P,7,original_P,0,easy,97,3000700097,0.6934313240926713,0.5,0.18853812594898045,1.0,2.2536680996418,0.5,2.1660867482423782,0.5,0.11486491560935974,28,0.011492959223687649,0.11231258511543274,28,-1.1920928955078125e-07
seed7_original_P,7,original_P,0,easy,98,3000700098,0.19487692043185234,1.0,0.4247100946959108,0.625,4.344081684947014,0.125,6.424584627151489,0.0,0.5520015358924866,28,0.025065777823328972,0.36867114901542664,28,0.0
seed7_original_P,7,original_P,0,easy,99,3000700099,0.6748727394733578,0.625,0.45719501888379455,0.625,5.797163248062134,0.0,5.984559044241905,0.0,0.8367751240730286,28,0.08035793155431747,0.829416811466217,28,1.1920928955078125e-07
seed7_original_P,7,original_P,0,hard,0,3000710000,0.6413114480674267,0.875,1.2409601956605911,0.125,1.4374233931303024,0.0,1.4485903084278107,0.0,0.05858931317925453,28,0.004194159992039204,0.05110952630639076,28,5.960464477539063e-08
seed7_original_P,7,original_P,0,hard,1,3000710001,0.9456176683306694,0.75,1.5539916902780533,0.0,1.0754994750022888,0.75,1.1943168342113495,0.375,0.5329284071922302,28,0.001043609227053821,0.39840665459632874,28,0.0
seed7_original_P,7,original_P,0,hard,2,3000710002,1.6832234747707844,0.375,2.3293754011392593,0.0,1.8302090913057327,0.0,1.7711844593286514,0.0,0.16071970760822296,28,0.0003858698473777622,0.1300947368144989,28,0.0
seed7_original_P,7,original_P,0,hard,3,3000710003,1.322122998535633,0.5,1.1085623651742935,0.625,1.2738723009824753,0.5,1.2665363997220993,0.5,0.272915244102478,28,0.0012232768349349499,0.2609096169471741,28,1.1920928955078125e-07
seed7_original_P,7,original_P,0,hard,4,3000710004,1.9007882177829742,0.0,2.3707284033298492,0.0,1.512605331838131,0.25,1.4771989956498146,0.25,0.03440716117620468,28,0.002673738868907094,0.019496921449899673,28,1.1920928955078125e-07
seed7_original_P,7,original_P,0,hard,5,3000710005,0.7895224243402481,1.0,0.8744084313511848,0.875,1.1528479754924774,0.875,1.1103508844971657,0.875,0.39917126297950745,28,0.0026281157042831182,0.38832512497901917,28,1.1920928955078125e-07
seed7_original_P,7,original_P,0,hard,6,3000710006,1.1280356496572495,0.625,1.6443440616130829,0.0,1.6012844294309616,0.0,1.6508317738771439,0.0,0.07669553905725479,28,0.002432765904814005,0.06646542996168137,28,0.0
seed7_original_P,7,original_P,0,hard,7,3000710007,0.9596473313868046,0.375,0.8557286933064461,0.875,1.2095865681767464,0.625,1.152678333222866,0.625,0.04895973578095436,28,0.014889068901538849,0.042275622487068176,28,1.1920928955078125e-07
seed7_original_P,7,original_P,0,hard,8,3000710008,1.560683436691761,0.5,1.4614028483629227,0.25,1.3456421196460724,0.5,1.3692363649606705,0.5,0.055280014872550964,28,0.0014024398988112807,0.0559668242931366,28,5.960464477539063e-08
seed7_original_P,7,original_P,0,hard,9,3000710009,1.6626779288053513,0.0,1.1396325677633286,0.5,1.4363261610269547,0.0,1.3830701410770416,0.0,0.0422293059527874,28,0.0008788492414169014,0.04897681623697281,28,-1.1920928955078125e-07
seed7_original_P,7,original_P,0,hard,10,3000710010,1.6491508334875107,0.0,1.4228124469518661,0.375,1.3314350247383118,0.0,1.370644524693489,0.375,0.2423422783613205,28,0.008717665448784828,0.0950780138373375,28,0.0
seed7_original_P,7,original_P,0,hard,11,3000710011,1.2977750152349472,0.5,1.4298754781484604,0.0,1.4070161134004593,0.0,1.4386409595608711,0.125,0.5326288938522339,28,0.0008978737751021981,0.621722400188446,28,0.0
seed7_original_P,7,original_P,0,hard,12,3000710012,1.42193004488945,0.0,1.0363761112093925,0.625,1.1890325248241425,0.625,1.2324861288070679,0.5,0.06170123815536499,28,0.005491589196026325,0.19188150763511658,28,0.0
seed7_original_P,7,original_P,0,hard,13,3000710013,0.8184136003255844,0.875,1.4697416573762894,0.5,1.1476914435625076,0.625,1.2428417801856995,0.5,0.05939614772796631,28,0.0008746982202865183,0.05178368464112282,28,1.1920928955078125e-07
seed7_original_P,7,original_P,0,hard,14,3000710014,1.3653000071644783,0.25,0.9286031611263752,0.625,1.5605461224913597,0.25,1.5837378054857254,0.375,0.07370096445083618,28,0.01236917544156313,0.05698694288730621,28,0.0
seed7_original_P,7,original_P,0,hard,15,3000710015,1.1661890223622322,0.75,1.4339656233787537,0.0,1.468089297413826,0.0,1.5304755121469498,0.0,1.0015099048614502,28,0.0004203894641250372,0.9247936010360718,28,1.1920928955078125e-07
seed7_original_P,7,original_P,0,hard,16,3000710016,1.5731862112879753,0.5,1.3622599244117737,0.5,1.3866230472922325,0.5,1.3484761416912079,0.5,0.289827436208725,28,0.0018633647123351693,0.21296611428260803,28,-1.1920928955078125e-07
seed7_original_P,7,original_P,0,hard,17,3000710017,1.9449275881052017,0.0,1.3364184498786926,0.0,1.5849566459655762,0.0,1.527129352092743,0.0,0.15300798416137695,28,0.00041404369403608143,0.13505326211452484,28,0.0
seed7_original_P,7,original_P,0,hard,18,3000710018,0.8347142077982426,0.625,0.9246488213539124,0.625,1.4120550900697708,0.0,1.3030926883220673,0.25,0.00976349227130413,28,0.003762451931834221,0.010332380421459675,28,0.0
seed7_original_P,7,original_P,0,hard,19,3000710019,1.1065526492893696,0.5,0.8434273824095726,0.625,1.4877870231866837,0.0,1.4661694467067719,0.0,0.06441100686788559,28,0.0020343598444014788,0.06408242881298065,28,0.0
seed7_original_P,7,original_P,0,hard,20,3000710020,0.6524989493191242,0.75,1.0015330612659454,1.0,0.9720723032951355,0.875,0.9968353435397148,1.0,0.08478695899248123,28,0.005765074398368597,0.0747511237859726,28,1.1920928955078125e-07
seed7_original_P,7,original_P,0,hard,21,3000710021,1.3177581503987312,0.125,0.931293860077858,1.0,1.106346756219864,0.75,1.198967382311821,0.5,0.10356677323579788,28,0.012167403474450111,0.14130491018295288,28,1.1920928955078125e-07
seed7_original_P,7,original_P,0,hard,22,3000710022,0.588175144046545,1.0,0.7755980789661407,1.0,1.5971636474132538,0.25,1.5657679215073586,0.25,0.4105593264102936,28,0.0017608234193176031,0.4050627052783966,28,5.960464477539063e-08
seed7_original_P,7,original_P,0,hard,23,3000710023,1.4534469991922379,0.5,1.1814846694469452,0.5,1.8610520213842392,0.0,1.8414986580610275,0.0,0.18988725543022156,28,0.00032236534752883017,0.22014236450195312,28,0.0
seed7_original_P,7,original_P,0,hard,24,3000710024,1.1963531970977783,0.0,1.26515681296587,0.25,1.2413789927959442,0.75,1.3702054470777512,0.5,0.4843709468841553,28,0.010640231892466545,0.514907717704773,28,-1.1920928955078125e-07
seed7_original_P,7,original_P,0,hard,25,3000710025,1.7274236530065536,0.0,1.1818004250526428,0.375,1.0296366214752197,0.625,1.01666509360075,0.625,0.11461582779884338,28,0.0002664157364051789,0.17719730734825134,28,0.0
seed7_original_P,7,original_P,0,hard,26,3000710026,1.313208892941475,0.25,1.230174109339714,0.25,1.4036230593919754,0.125,1.4294400215148926,0.125,0.14855511486530304,28,0.007065994665026665,0.04187224060297012,28,0.0
seed7_original_P,7,original_P,0,hard,27,3000710027,2.186165824532509,0.0,1.3308181166648865,0.125,1.4047360867261887,0.25,1.0796451717615128,0.625,0.0725550651550293,28,0.016160517930984497,0.048162564635276794,28,5.960464477539063e-08
seed7_original_P,7,original_P,0,hard,28,3000710028,1.4630610346794128,0.25,1.4112340733408928,0.5,1.6418742537498474,0.0,1.660486027598381,0.0,0.2988831698894501,28,0.00034871272509917617,0.3563224673271179,28,1.1920928955078125e-07
seed7_original_P,7,original_P,0,hard,29,3000710029,1.4043716937303543,0.0,0.8453218415379524,0.875,0.7501988895237446,0.75,0.6646772846579552,0.625,0.1401602029800415,28,0.024549152702093124,0.05666039139032364,28,-1.1920928955078125e-07
seed7_original_P,7,original_P,0,hard,30,3000710030,1.0488244369626045,0.5,1.4757615625858307,0.0,1.4963394105434418,0.0,1.4061508774757385,0.0,0.1884659081697464,28,0.0006129976245574653,0.18358966708183289,28,0.0
seed7_original_P,7,original_P,0,hard,31,3000710031,1.3258626237511635,0.375,1.7940569072961807,0.0,2.164530321955681,0.0,2.021287903189659,0.0,0.377519816160202,28,0.001171124866232276,0.4277132749557495,28,0.0
seed7_original_P,7,original_P,0,hard,32,3000710032,2.2015233784914017,0.0,1.4115914702415466,0.5,1.3804104924201965,0.5,1.4025985971093178,0.5,0.03248309716582298,28,0.00631957221776247,0.05549284815788269,28,0.0
seed7_original_P,7,original_P,0,hard,33,3000710033,0.8680504485964775,1.0,1.6614350527524948,0.0,1.4474986344575882,0.375,1.4628720134496689,0.375,0.03208201751112938,28,0.00016221404075622559,0.033189933747053146,28,0.0
seed7_original_P,7,original_P,0,hard,34,3000710034,1.0618868172168732,0.5,1.062662810087204,0.5,1.6714069247245789,0.0,1.821726456284523,0.0,0.7455426454544067,28,0.004135930445045233,0.7483349442481995,28,1.1920928955078125e-07
seed7_original_P,7,original_P,0,hard,35,3000710035,0.7492501921951771,0.5,1.3664769232273102,0.625,2.159629926085472,0.0,2.2784723043441772,0.0,0.17721745371818542,28,0.007283962331712246,0.1639631688594818,28,0.0
seed7_original_P,7,original_P,0,hard,36,3000710036,0.9624428860843182,0.5,0.9752128273248672,0.75,1.345256507396698,0.5,1.2209337800741196,0.375,0.1668921262025833,28,0.002356033306568861,0.17308498919010162,28,5.960464477539063e-08
seed7_original_P,7,original_P,0,hard,37,3000710037,1.1881858259439468,0.625,1.0293239951133728,0.625,1.6582221910357475,0.0,1.4923554807901382,0.125,0.3118909001350403,28,0.005243356805294752,0.3273395001888275,28,0.0
seed7_original_P,7,original_P,0,hard,38,3000710038,1.0465329140424728,0.75,0.9957892745733261,0.5,1.364119902253151,0.0,1.395265743136406,0.0,0.46046632528305054,28,0.0020788758993148804,0.39684349298477173,28,1.1920928955078125e-07
seed7_original_P,7,original_P,0,hard,39,3000710039,1.8699088543653488,0.0,1.0609941557049751,0.5,0.8883198350667953,0.75,0.9207201972603798,0.5,0.014344213530421257,28,0.004356748424470425,0.012099775485694408,28,-1.1920928955078125e-07
seed7_original_P,7,original_P,0,hard,40,3000710040,0.6357117928564548,0.875,0.8409681096673012,0.875,2.0085269808769226,0.0,2.2673583030700684,0.0,0.021423278376460075,28,0.005185319110751152,0.015526806004345417,28,5.960464477539063e-08
seed7_original_P,7,original_P,0,hard,41,3000710041,1.2648097053170204,0.375,1.2463091686367989,0.5,1.3223777413368225,0.25,1.3525893539190292,0.125,0.6107921600341797,28,0.005817313678562641,0.6065058708190918,28,-2.384185791015625e-07
seed7_original_P,7,original_P,0,hard,42,3000710042,1.732661709189415,0.0,1.3929844498634338,0.125,1.6144500970840454,0.0,1.542502224445343,0.0,0.4242115318775177,28,0.001156408921815455,0.22331354022026062,28,1.1920928955078125e-07
seed7_original_P,7,original_P,0,hard,43,3000710043,2.1213832646608353,0.0,1.2748132646083832,0.25,1.350964829325676,0.125,1.3226279690861702,0.125,0.03489847481250763,28,0.0013705982128158212,0.03554156422615051,28,0.0
seed7_original_P,7,original_P,0,hard,44,3000710044,1.1595186665654182,0.625,0.940163254737854,0.75,1.1595216244459152,0.75,1.346538469195366,0.5,0.4380701780319214,28,0.01196373626589775,0.3627084195613861,28,5.960464477539063e-08
seed7_original_P,7,original_P,0,hard,45,3000710045,1.9814794957637787,0.25,2.0382009893655777,0.0,2.4436227828264236,0.0,2.083553433418274,0.0,0.4508882164955139,28,0.00334074255079031,0.47416362166404724,28,0.0
seed7_original_P,7,original_P,0,hard,46,3000710046,0.9049423672258854,0.625,0.8707517981529236,0.625,1.713866487145424,0.125,1.617504559457302,0.125,0.03605147823691368,28,0.0018192274728789926,0.035877425223588943,28,0.0
seed7_original_P,7,original_P,0,hard,47,3000710047,1.6236057505011559,0.125,1.3468912988901138,0.5,1.3219837248325348,0.25,1.3213241174817085,0.375,0.0664672702550888,28,0.0034904610365629196,0.08045541495084763,28,1.1920928955078125e-07
seed7_original_P,7,original_P,0,hard,48,3000710048,1.865119531750679,0.0,1.653684675693512,0.0,1.9074913263320923,0.0,1.374217465519905,0.125,0.03644651919603348,28,0.023261066526174545,0.034542761743068695,28,-2.384185791015625e-07
seed7_original_P,7,original_P,0,hard,49,3000710049,0.9850963428616524,0.5,0.948083408176899,0.75,2.0172150135040283,0.125,1.9723960310220718,0.0,0.07030697166919708,28,0.009061788208782673,0.07476893812417984,28,5.960464477539063e-08
seed7_original_P,7,original_P,0,hard,50,3000710050,0.983551599085331,0.625,0.9146990925073624,0.75,1.5743732154369354,0.125,1.53305222094059,0.25,0.6751325726509094,28,0.00400645611807704,0.6645004153251648,28,1.1920928955078125e-07
seed7_original_P,7,original_P,0,hard,51,3000710051,1.17050164565444,0.5,1.9523774310946465,0.25,1.8751095905900002,0.375,1.7713340446352959,0.125,0.040854088962078094,28,0.006177683360874653,0.03668481856584549,28,1.1920928955078125e-07
seed7_original_P,7,original_P,0,hard,52,3000710052,1.5408309698104858,0.25,0.835618682205677,0.875,1.345207467675209,0.25,1.3289556205272675,0.25,0.12632551789283752,28,0.0005703398492187262,0.07140964269638062,28,-1.1920928955078125e-07
seed7_original_P,7,original_P,0,hard,53,3000710053,1.6769310534000397,0.0,1.060776449739933,0.875,1.1096371710300446,0.75,1.1951113790273666,0.625,0.030390923842787743,28,0.0012518338626250625,0.0525321438908577,28,0.0
seed7_original_P,7,original_P,0,hard,54,3000710054,1.0672297589480877,0.375,0.9572472050786018,0.625,1.1487405747175217,0.625,1.2485317438840866,0.625,0.06609205901622772,28,0.002886380534619093,0.07543379068374634,28,5.960464477539063e-08
seed7_original_P,7,original_P,0,hard,55,3000710055,1.428408533334732,0.125,1.4060553759336472,0.0,1.4057669043540955,0.0,1.3565222918987274,0.0,0.3392876386642456,28,0.00014426028064917773,0.17258556187152863,28,0.0
seed7_original_P,7,original_P,0,hard,56,3000710056,1.725285105407238,0.375,1.419569119811058,0.375,1.9591712355613708,0.25,1.7298483699560165,0.375,0.850990355014801,28,0.008986486122012138,0.6380590796470642,28,0.0
seed7_original_P,7,original_P,0,hard,57,3000710057,1.1605209968984127,0.5,1.0570175647735596,0.75,1.5109888315200806,0.25,1.500581219792366,0.375,0.06957047432661057,28,0.0010641643311828375,0.06514233350753784,28,0.0
seed7_original_P,7,original_P,0,hard,58,3000710058,1.5636843144893646,0.25,1.603895053267479,0.0,1.7120381146669388,0.0,1.6712504029273987,0.0,0.4313371777534485,28,0.000580183113925159,0.4049314856529236,28,-1.1920928955078125e-07
seed7_original_P,7,original_P,0,hard,59,3000710059,1.1462012380361557,0.5,0.9615682438015938,0.625,1.481491968035698,0.25,1.4659834802150726,0.375,0.4262339770793915,28,0.002373759401962161,0.35113438963890076,28,1.1920928955078125e-07
seed7_original_P,7,original_P,0,hard,60,3000710060,1.9510642439126968,0.0,1.8219908624887466,0.375,1.364908553659916,0.625,1.5044727101922035,0.5,0.29109427332878113,28,0.03153561055660248,0.13630418479442596,28,1.1920928955078125e-07
seed7_original_P,7,original_P,0,hard,61,3000710061,1.0272733718156815,1.0,1.7482967376708984,0.0,1.438523456454277,0.375,1.4882100224494934,0.25,0.3047262132167816,28,0.00032695490517653525,0.25062763690948486,28,1.1920928955078125e-07
seed7_original_P,7,original_P,0,hard,62,3000710062,0.9464884698390961,0.75,0.8682364523410797,0.75,1.5395372062921524,0.125,1.468460850417614,0.125,0.18152841925621033,28,0.001818071585148573,0.14608439803123474,28,0.0
seed7_original_P,7,original_P,0,hard,63,3000710063,2.6970738023519516,0.0,2.0588658154010773,0.0,2.280010536313057,0.0,2.3100042939186096,0.0,0.20333655178546906,28,0.00047540455125272274,0.1973477452993393,28,-1.1920928955078125e-07
seed7_original_P,7,original_P,0,hard,64,3000710064,1.3014974258840084,0.5,1.1609066352248192,0.5,1.2014310359954834,0.25,1.2411693632602692,0.25,0.06746631115674973,28,0.0011036652140319347,0.06055859476327896,28,0.0
seed7_original_P,7,original_P,0,hard,65,3000710065,1.7578457221388817,0.0,1.3936490267515182,0.25,1.5544385462999344,0.0,1.5423110127449036,0.25,0.024624567478895187,28,0.00035759381717070937,0.020306892693042755,28,0.0
seed7_original_P,7,original_P,0,hard,66,3000710066,1.719729170203209,0.0,0.8032017722725868,1.0,1.092872604727745,0.75,1.1735512763261795,0.75,0.13369038701057434,28,0.0020883914548903704,0.11984805017709732,28,5.960464477539063e-08
seed7_original_P,7,original_P,0,hard,67,3000710067,0.9054674208164215,0.5,2.189885962754488,0.125,1.7686976343393326,0.0,1.6043266654014587,0.0,0.2986983358860016,28,0.00020237693388480693,0.2900587022304535,28,2.384185791015625e-07
seed7_original_P,7,original_P,0,hard,68,3000710068,1.5284972116351128,0.375,0.9444505423307419,0.625,1.1630102768540382,0.375,1.1383606493473053,0.625,0.0483369417488575,28,8.441934187430888e-05,0.03400101512670517,28,0.0
seed7_original_P,7,original_P,0,hard,69,3000710069,1.3341367095708847,0.125,1.1375846341252327,0.125,1.2427802830934525,0.625,1.3293833881616592,0.625,0.2490805983543396,28,0.004742796998471022,0.2799517810344696,28,5.960464477539063e-08
seed7_original_P,7,original_P,0,hard,70,3000710070,1.1554990857839584,0.75,0.8692707270383835,0.875,1.0406394749879837,0.875,1.075552575290203,0.875,0.759626567363739,28,0.0032969608437269926,0.6669080257415771,28,0.0
seed7_original_P,7,original_P,0,hard,71,3000710071,1.3337815292179585,0.5,1.1864705830812454,0.5,1.1133249700069427,0.375,1.198817864060402,0.25,0.07497610151767731,28,0.0007345910998992622,0.06946833431720734,28,5.960464477539063e-08
seed7_original_P,7,original_P,0,hard,72,3000710072,1.8369722217321396,0.0,1.8182205706834793,0.0,1.767382524907589,0.25,1.5076005905866623,0.125,0.3179153800010681,28,0.042828306555747986,0.259554922580719,28,0.0
seed7_original_P,7,original_P,0,hard,73,3000710073,1.7178144752979279,0.0,0.7837131172418594,1.0,1.0704547986388206,0.625,0.8200324475765228,1.0,0.21380220353603363,28,0.017879191786050797,0.13972987234592438,28,0.0
seed7_original_P,7,original_P,0,hard,74,3000710074,2.3954118490219116,0.0,1.8083330392837524,0.0,1.6987656950950623,0.125,1.7245738804340363,0.125,0.21474850177764893,28,0.0009978946764022112,0.2230360209941864,28,0.0
seed7_original_P,7,original_P,0,hard,75,3000710075,1.9684582203626633,0.125,1.4728102833032608,0.0,1.6442565023899078,0.125,1.701212927699089,0.0,0.19627653062343597,28,0.0009595858864486217,0.190328449010849,28,0.0
seed7_original_P,7,original_P,0,hard,76,3000710076,1.5844644755125046,0.0,1.318165048956871,0.0,1.7612285763025284,0.0,1.7401558011770248,0.0,0.03945394232869148,28,0.006465326528996229,0.03247305005788803,28,0.0
seed7_original_P,7,original_P,0,hard,77,3000710077,0.6026335209608078,0.875,3.0451308116316795,0.125,1.6889918223023415,0.125,1.7346801683306694,0.125,0.03210669383406639,28,0.00036637912853620946,0.03186379000544548,28,-1.1920928955078125e-07
seed7_original_P,7,original_P,0,hard,78,3000710078,1.7654056660830975,0.375,1.8577096313238144,0.0,1.7317497581243515,0.0,1.7716804444789886,0.0,0.039379045367240906,28,0.0005638556904159486,0.03557674586772919,28,0.0
seed7_original_P,7,original_P,0,hard,79,3000710079,0.9516622126102448,0.5,1.0240543559193611,0.5,1.1957825422286987,0.5,1.0861689150333405,0.625,0.04853640869259834,28,0.004875692073255777,0.07551608979701996,28,-1.1920928955078125e-07
seed7_original_P,7,original_P,0,hard,80,3000710080,1.686139076948166,0.125,1.4993456602096558,0.125,1.4859510660171509,0.25,1.5287979245185852,0.25,0.23516418039798737,28,0.004870668053627014,0.2597949504852295,28,0.0
seed7_original_P,7,original_P,0,hard,81,3000710081,1.234657533466816,0.375,1.094631165266037,0.25,1.6010182350873947,0.25,1.538386419415474,0.375,0.2503575384616852,28,0.008992819115519524,0.054937876760959625,28,5.960464477539063e-08
seed7_original_P,7,original_P,0,hard,82,3000710082,0.5771252028644085,1.0,0.8387822043150663,0.375,1.9034948348999023,0.125,2.19030549377203,0.25,0.5176881551742554,28,0.012235293164849281,0.4180794060230255,28,0.0
seed7_original_P,7,original_P,0,hard,83,3000710083,1.1284404173493385,0.625,0.847424641251564,0.625,1.2231505662202835,0.625,1.1981417313218117,0.625,0.5756299495697021,28,0.010342463850975037,0.3119560182094574,28,0.0
seed7_original_P,7,original_P,0,hard,84,3000710084,1.064713254570961,0.875,1.285188004374504,0.0,1.4361606389284134,0.0,1.41071355342865,0.0,0.033671751618385315,28,9.009455243358389e-05,0.0374598428606987,28,0.0
seed7_original_P,7,original_P,0,hard,85,3000710085,1.2001902163028717,0.625,0.7872341647744179,0.75,1.2785851061344147,0.75,1.2759218364953995,0.75,0.3276960551738739,28,0.0008648783550597727,0.3304106593132019,28,0.0
seed7_original_P,7,original_P,0,hard,86,3000710086,1.366564303636551,0.25,1.0336495414376259,0.5,1.7612361460924149,0.0,1.8077108711004257,0.0,0.16162413358688354,28,0.0026869222056120634,0.1499168425798416,28,0.0
seed7_original_P,7,original_P,0,hard,87,3000710087,1.0792891681194305,0.75,1.3689057677984238,0.125,1.238755688071251,0.625,1.2926506325602531,0.5,0.1432165503501892,28,0.00029306113719940186,0.12817314267158508,28,5.960464477539063e-08
seed7_original_P,7,original_P,0,hard,88,3000710088,1.1594022437930107,0.375,1.1095824390649796,0.75,1.2840166985988617,0.75,1.3121201545000076,0.75,0.11242066323757172,28,0.000410467415349558,0.10372821241617203,28,-1.1920928955078125e-07
seed7_original_P,7,original_P,0,hard,89,3000710089,1.4707596749067307,0.0,1.0098827853798866,0.75,1.0143731236457825,0.625,1.0909664034843445,0.625,0.13248422741889954,28,0.00732311001047492,0.0750461220741272,28,-2.384185791015625e-07
seed7_original_P,7,original_P,0,hard,90,3000710090,0.8788152933120728,0.75,1.0069852359592915,0.625,1.7639569640159607,0.125,1.6514827758073807,0.125,0.9930883049964905,28,0.0035958653315901756,0.9627164006233215,28,1.1920928955078125e-07
seed7_original_P,7,original_P,0,hard,91,3000710091,0.9876603856682777,0.5,0.7381870001554489,0.625,1.2281345054507256,0.25,1.1495714336633682,0.25,0.6253948211669922,28,0.003673253580927849,0.4069860577583313,28,0.0
seed7_original_P,7,original_P,0,hard,92,3000710092,1.1521411910653114,0.5,1.0491377115249634,0.5,1.0771236941218376,0.5,1.0547697842121124,0.5,0.06542285531759262,28,0.005525208078324795,0.05210079997777939,28,-2.384185791015625e-07
seed7_original_P,7,original_P,0,hard,93,3000710093,1.6678716391324997,0.125,1.3198205530643463,0.0,1.673820286989212,0.0,1.611381635069847,0.125,0.457052081823349,28,0.002118670614436269,0.40187951922416687,28,0.0
seed7_original_P,7,original_P,0,hard,94,3000710094,0.8271062150597572,0.875,1.2154051810503006,0.375,1.6034832745790482,0.375,1.630926325917244,0.375,0.18886509537696838,28,0.0023118918761610985,0.16142910718917847,28,0.0
seed7_original_P,7,original_P,0,hard,95,3000710095,0.8945860713720322,0.75,1.321538731455803,0.0,1.9283373802900314,0.0,1.795367270708084,0.0,0.1743643432855606,28,0.00794041808694601,0.17944565415382385,28,1.1920928955078125e-07
seed7_original_P,7,original_P,0,hard,96,3000710096,1.3149525970220566,0.375,1.0038515999913216,0.375,1.443604737520218,0.0,1.4930374920368195,0.0,0.08226149529218674,28,0.009259241633117199,0.09954740107059479,28,0.0
seed7_original_P,7,original_P,0,hard,97,3000710097,1.071364089846611,0.625,0.8848106935620308,0.625,1.4553729593753815,0.125,1.3976118117570877,0.0,0.18383067846298218,28,0.0023800411727279425,0.21512287855148315,28,-1.1920928955078125e-07
seed7_original_P,7,original_P,0,hard,98,3000710098,1.1031024679541588,0.75,1.2265487611293793,0.625,1.4021895676851273,0.125,1.3997189849615097,0.125,0.06589799374341965,28,0.0009052774985320866,0.0669730007648468,28,-1.1920928955078125e-07
seed7_original_P,7,original_P,0,hard,99,3000710099,1.1505278646945953,0.375,0.7153736650943756,0.875,1.3774915635585785,0.125,1.4093080461025238,0.0,0.4796379804611206,28,0.0006278774817474186,0.456094890832901,28,0.0
seed7_P_O0_resume_step400,7,P_O0_resume,400,easy,0,3000700000,0.08487013541162014,1.0,0.08435298455879092,1.0,5.764986842870712,0.0,6.015675753355026,0.0,0.6058654189109802,28,0.03957461193203926,0.7415578961372375,28,-1.1920928955078125e-07
seed7_P_O0_resume_step400,7,P_O0_resume,400,easy,1,3000700001,0.019062344428675715,1.0,0.26416969474666985,1.0,5.688732653739862,0.25,7.8175468146800995,0.0,0.5287165641784668,28,0.33632510900497437,0.592824399471283,28,5.960464477539063e-08
seed7_P_O0_resume_step400,7,P_O0_resume,400,easy,2,3000700002,0.2861194263678044,1.0,0.12120357539970428,1.0,4.726981610059738,0.0,4.6979164481163025,0.0,0.9725828766822815,28,0.10136977583169937,0.9492948055267334,28,0.0
seed7_P_O0_resume_step400,7,P_O0_resume,400,easy,3,3000700003,0.4773313729092479,0.875,0.4577067969366908,1.0,3.216931825503707,0.25,4.327600762248039,0.125,0.521068811416626,28,0.10938335210084915,0.5820067524909973,28,1.1920928955078125e-07
seed7_P_O0_resume_step400,7,P_O0_resume,400,easy,4,3000700004,0.36669129505753517,0.875,0.5399378947913647,0.75,3.7769376561045647,0.125,3.4845065027475357,0.0,0.8953405022621155,28,0.0435885451734066,0.913383960723877,28,-1.1920928955078125e-07
seed7_P_O0_resume_step400,7,P_O0_resume,400,easy,5,3000700005,0.260251731146127,1.0,0.3204281060025096,0.875,8.65425592660904,0.0,7.864822149276733,0.0,0.4476495087146759,28,0.041194695979356766,0.4459555745124817,28,5.960464477539063e-08
seed7_P_O0_resume_step400,7,P_O0_resume,400,easy,6,3000700006,0.0756856134685222,1.0,0.25174600776517764,1.0,2.471516723744571,0.625,3.232224553823471,0.0,0.7297695279121399,28,0.29164645075798035,0.8489895462989807,28,5.960464477539063e-08
seed7_P_O0_resume_step400,7,P_O0_resume,400,easy,7,3000700007,1.325954020023346,0.125,2.428878739476204,0.375,2.9503564834594727,0.0,2.2722704969346523,0.375,0.6583000421524048,28,0.0408867672085762,0.6259515285491943,28,-1.1920928955078125e-07
seed7_P_O0_resume_step400,7,P_O0_resume,400,easy,8,3000700008,0.2845511465566233,1.0,2.536820261128014,0.25,6.175597906112671,0.0,6.290193289518356,0.0,0.49241864681243896,28,0.1796368658542633,0.28377047181129456,28,0.0
seed7_P_O0_resume_step400,7,P_O0_resume,400,easy,9,3000700009,0.06508591288002208,1.0,0.12342746247304603,1.0,0.9836933761835098,0.625,3.280367895960808,0.0,0.5650695562362671,28,0.29440373182296753,0.6941292881965637,28,0.0
seed7_P_O0_resume_step400,7,P_O0_resume,400,easy,10,3000700010,0.9181810775771737,0.5,0.5892400345765054,0.75,2.855591379571706,0.5,2.636009490583092,0.5,0.8929235935211182,28,0.04795895144343376,0.8952476382255554,28,0.0
seed7_P_O0_resume_step400,7,P_O0_resume,400,easy,11,3000700011,0.06167689920403063,1.0,0.0190720628015697,1.0,1.0744010834023356,0.625,2.749068036675453,0.0,0.5494390726089478,28,0.03478230535984039,0.4916897714138031,28,5.960464477539063e-08
seed7_P_O0_resume_step400,7,P_O0_resume,400,easy,12,3000700012,0.09318914770847186,1.0,0.09603748680092394,1.0,2.426087695173919,0.625,1.6879034824669361,0.5,0.7105847597122192,28,0.15392668545246124,0.748891294002533,28,0.0
seed7_P_O0_resume_step400,7,P_O0_resume,400,easy,13,3000700013,1.1233921118400758,0.625,1.2211292476858944,0.625,1.3353487830609083,0.375,2.674217376857996,0.25,0.255491703748703,28,0.28304874897003174,0.5400394797325134,28,1.1920928955078125e-07
seed7_P_O0_resume_step400,7,P_O0_resume,400,easy,14,3000700014,0.1496264897286892,0.875,0.026991426129825413,1.0,2.5923286201432347,0.625,2.505210980772972,0.375,0.7252720594406128,28,0.0053985845297575,0.6143372654914856,28,5.960464477539063e-08
seed7_P_O0_resume_step400,7,P_O0_resume,400,easy,15,3000700015,0.07238994649378583,1.0,0.43987191293854266,0.625,5.324661493301392,0.0,7.85967493057251,0.0,0.6060703992843628,28,0.17150607705116272,0.5449468493461609,28,0.0
seed7_P_O0_resume_step400,7,P_O0_resume,400,easy,16,3000700016,1.057391001842916,0.5,0.8151615825481713,0.5,1.2903186157345772,0.5,1.8679649233818054,0.0,0.7963784337043762,28,0.0361345075070858,0.9900947213172913,28,1.788139485370266e-07
seed7_P_O0_resume_step400,7,P_O0_resume,400,easy,17,3000700017,0.04497750601149164,1.0,0.07450891965709161,1.0,2.281851163133979,0.375,4.278221368789673,0.125,0.8891127705574036,28,0.16258488595485687,0.8967361450195312,28,0.0
seed7_P_O0_resume_step400,7,P_O0_resume,400,easy,18,3000700018,0.013414852583082393,1.0,0.00892650819150731,1.0,6.275370395043865,0.25,6.90222242474556,0.0,0.5473864674568176,28,0.10074244439601898,0.6060146689414978,28,0.0
seed7_P_O0_resume_step400,7,P_O0_resume,400,easy,19,3000700019,0.01933501777239144,1.0,5.672834359109402,0.25,6.498698338866234,0.0,7.813098311424255,0.0,0.40154144167900085,28,0.16098523139953613,0.43896496295928955,28,-1.1920928955078125e-07
seed7_P_O0_resume_step400,7,P_O0_resume,400,easy,20,3000700020,0.05034945165971294,1.0,0.03722268796991557,1.0,5.510491907596588,0.375,4.623933523893356,0.0,0.6441692113876343,28,0.02620726078748703,0.703904390335083,28,-1.1920928955078125e-07
seed7_P_O0_resume_step400,7,P_O0_resume,400,easy,21,3000700021,0.29610278247855604,0.875,2.300347624346614,0.25,4.7886932119727135,0.25,4.836250901222229,0.0,0.598585844039917,28,0.296722412109375,0.6498287916183472,28,1.1920928955078125e-07
seed7_P_O0_resume_step400,7,P_O0_resume,400,easy,22,3000700022,0.12769628479145467,1.0,0.09245270909741521,1.0,2.945550136268139,0.125,5.976591721177101,0.0,0.6861770153045654,28,0.06973890960216522,0.6328224539756775,28,-1.1920928955078125e-07
seed7_P_O0_resume_step400,7,P_O0_resume,400,easy,23,3000700023,0.8044831408187747,0.75,1.1192987055255799,0.625,1.852932633832097,0.5,1.6349763870239258,0.125,0.8286014199256897,28,0.021360184997320175,0.9772657155990601,28,-1.1920928955078125e-07
seed7_P_O0_resume_step400,7,P_O0_resume,400,easy,24,3000700024,0.7587895022006705,0.625,0.2327489680610597,1.0,2.750280233565718,0.25,3.5250351428985596,0.0,0.8985083103179932,28,0.09054125845432281,0.8149241805076599,28,-1.1920928955078125e-07
seed7_P_O0_resume_step400,7,P_O0_resume,400,easy,25,3000700025,0.007524749584263191,1.0,0.008784054720308632,1.0,1.7192095909267664,0.5,5.710526376962662,0.0,0.6568874716758728,28,0.15824325382709503,0.6605690717697144,28,1.788139485370266e-07
seed7_P_O0_resume_step400,7,P_O0_resume,400,easy,26,3000700026,0.41261763498187065,0.875,0.03740723826922476,1.0,9.00031292438507,0.0,5.080398201942444,0.0,0.05380081385374069,28,0.011273314245045185,0.08650036156177521,28,-1.1920928955078125e-07
seed7_P_O0_resume_step400,7,P_O0_resume,400,easy,27,3000700027,0.15554768266156316,1.0,1.3616739148274064,0.625,5.445166319608688,0.0,5.043612539768219,0.0,0.6332709789276123,28,0.19906450808048248,0.579003632068634,28,0.0
seed7_P_O0_resume_step400,7,P_O0_resume,400,easy,28,3000700028,0.0991145942825824,1.0,0.8654019373934716,0.625,3.777696058154106,0.0,5.990818053483963,0.0,0.6010240912437439,28,0.2018466740846634,0.6476653814315796,28,5.960464477539063e-08
seed7_P_O0_resume_step400,7,P_O0_resume,400,easy,29,3000700029,0.3584702448279131,0.875,2.3331762962043285,0.375,5.186581015586853,0.0,5.021430313587189,0.0,0.36825400590896606,28,0.10461112856864929,0.3267887830734253,28,5.960464477539063e-08
seed7_P_O0_resume_step400,7,P_O0_resume,400,easy,30,3000700030,0.28656487772241235,1.0,2.1103727682493627,0.5,3.6976742446422577,0.0,6.426093637943268,0.0,0.5709781050682068,28,0.03327276557683945,0.4947403073310852,28,0.0
seed7_P_O0_resume_step400,7,P_O0_resume,400,easy,31,3000700031,0.17264722241088748,1.0,0.2857867155689746,1.0,2.934104844927788,0.0,6.814298510551453,0.0,0.6208887100219727,28,0.057035963982343674,0.4231289327144623,28,5.960464477539063e-08
seed7_P_O0_resume_step400,7,P_O0_resume,400,easy,32,3000700032,0.1915146391838789,1.0,0.9460402759723365,0.375,5.246912196278572,0.0,5.362914144992828,0.0,0.8460515141487122,28,0.1096564382314682,0.822194516658783,28,0.0
seed7_P_O0_resume_step400,7,P_O0_resume,400,easy,33,3000700033,1.2557813639141386,0.5,0.13848075468558818,1.0,0.22480886930134147,1.0,0.6458210870623589,1.0,0.1284807026386261,28,0.09427444636821747,0.14274409413337708,28,5.960464477539063e-08
seed7_P_O0_resume_step400,7,P_O0_resume,400,easy,34,3000700034,0.0505391116021201,1.0,1.2515035383403301,0.25,8.536762982606888,0.0,8.30539208650589,0.0,0.6491593718528748,28,0.06378141045570374,0.6871201992034912,28,0.0
seed7_P_O0_resume_step400,7,P_O0_resume,400,easy,35,3000700035,0.0058875089744105935,1.0,0.021893005818128586,1.0,2.9433781034313142,0.625,4.685311943292618,0.0,0.5194085836410522,28,0.06421110779047012,0.6505811214447021,28,0.0
seed7_P_O0_resume_step400,7,P_O0_resume,400,easy,36,3000700036,0.02510630522738211,1.0,2.8035015501081944,0.5,8.202054798603058,0.0,9.939200282096863,0.0,0.5358102917671204,28,0.1858028769493103,0.5073208212852478,28,1.1920928955078125e-07
seed7_P_O0_resume_step400,7,P_O0_resume,400,easy,37,3000700037,0.03619929659180343,1.0,0.012912080623209476,1.0,1.9957408495247364,0.5,4.965087205171585,0.0,0.7598550915718079,28,0.09525304287672043,0.7996582388877869,28,0.0
seed7_P_O0_resume_step400,7,P_O0_resume,400,easy,38,3000700038,0.0775257667992264,1.0,0.7270242547383532,0.625,3.761185646057129,0.0,5.632516652345657,0.0,0.5596421957015991,28,0.05517341569066048,0.48774483799934387,28,1.1920928955078125e-07
seed7_P_O0_resume_step400,7,P_O0_resume,400,easy,39,3000700039,0.5462155099958181,0.75,0.2594239879399538,1.0,6.5704637467861176,0.0,5.815780535340309,0.0,0.8967958688735962,28,0.07412143796682358,0.895767092704773,28,0.0
seed7_P_O0_resume_step400,7,P_O0_resume,400,easy,40,3000700040,0.10437368557904847,1.0,0.023990029585547745,1.0,0.8537506489083171,0.625,2.554814249277115,0.0,0.6399915218353271,28,0.38305220007896423,0.8342129588127136,28,5.960464477539063e-08
seed7_P_O0_resume_step400,7,P_O0_resume,400,easy,41,3000700041,0.02007093688007444,1.0,0.01546620239969343,1.0,3.1738058626651764,0.5,5.909001260995865,0.0,0.6393465399742126,28,0.06868918985128403,0.7304851412773132,28,0.0
seed7_P_O0_resume_step400,7,P_O0_resume,400,easy,42,3000700042,0.483863197354367,0.875,2.1031037465436384,0.5,1.6306628484744579,0.5,3.4892993569374084,0.0,0.7063095569610596,28,0.25740140676498413,0.8329445123672485,28,5.960464477539063e-08
seed7_P_O0_resume_step400,7,P_O0_resume,400,easy,43,3000700043,0.4180334850170766,0.875,0.056984304246725515,1.0,1.3530232668854296,0.5,2.1481897309422493,0.125,0.7179437875747681,28,0.2516123354434967,0.8504467606544495,28,1.1920928955078125e-07
seed7_P_O0_resume_step400,7,P_O0_resume,400,easy,44,3000700044,0.07905470888363197,1.0,0.9854989717714489,0.5,5.185899555683136,0.0,4.511611819267273,0.0,0.500928521156311,28,0.11179842799901962,0.49672287702560425,28,0.0
seed7_P_O0_resume_step400,7,P_O0_resume,400,easy,45,3000700045,0.14290574623737484,1.0,2.0184467032086104,0.5,6.384936064481735,0.0,5.443047299981117,0.0,0.6772371530532837,28,0.25676673650741577,0.6219577789306641,28,0.0
seed7_P_O0_resume_step400,7,P_O0_resume,400,easy,46,3000700046,0.1289048072649166,1.0,0.0914291919907555,1.0,0.5761021822690964,0.625,2.3579563945531845,0.0,0.8721537590026855,28,0.2433517426252365,0.9911052584648132,28,1.1920928955078125e-07
seed7_P_O0_resume_step400,7,P_O0_resume,400,easy,47,3000700047,0.5052233369206078,0.75,1.2251553814276122,0.5,4.84229451417923,0.0,5.304480135440826,0.0,0.3329724073410034,28,0.1625438779592514,0.23313993215560913,28,0.0
seed7_P_O0_resume_step400,7,P_O0_resume,400,easy,48,3000700048,0.29993281344650313,0.75,0.09223765030037612,1.0,6.161500096321106,0.0,5.87991301715374,0.0,0.6906551718711853,28,0.15575340390205383,0.5749840140342712,28,0.0
seed7_P_O0_resume_step400,7,P_O0_resume,400,easy,49,3000700049,0.3747539184987545,1.0,2.1124526392668486,0.5,3.322457619011402,0.125,3.444694221019745,0.0,0.5668699145317078,28,0.06586484611034393,0.6968175172805786,28,-1.1920928955078125e-07
seed7_P_O0_resume_step400,7,P_O0_resume,400,easy,50,3000700050,0.15338056744076312,1.0,1.0090984124108218,0.375,2.6852965280413628,0.125,2.748606324195862,0.0,0.8522295355796814,28,0.011045313440263271,0.7022177577018738,28,0.0
seed7_P_O0_resume_step400,7,P_O0_resume,400,easy,51,3000700051,0.10303381225094199,1.0,0.9978643927024677,0.375,5.675157338380814,0.125,6.301301032304764,0.0,0.7893953919410706,28,0.03316850587725639,0.5345372557640076,28,1.1920928955078125e-07
seed7_P_O0_resume_step400,7,P_O0_resume,400,easy,52,3000700052,0.2596216400852427,0.875,0.12387520773336291,1.0,5.672891050577164,0.0,4.367644041776657,0.0,0.9743915796279907,28,0.07481122016906738,0.9756785035133362,28,0.0
seed7_P_O0_resume_step400,7,P_O0_resume,400,easy,53,3000700053,0.5781758928205818,0.875,3.6166250105015934,0.25,3.0644504874944687,0.0,3.9001003056764603,0.0,0.7049205303192139,28,0.04125821590423584,0.5344887375831604,28,-1.1920928955078125e-07
seed7_P_O0_resume_step400,7,P_O0_resume,400,easy,54,3000700054,0.007131129765184596,1.0,0.04070089109882247,1.0,2.6637230943888426,0.375,6.447819143533707,0.0,0.7000927329063416,28,0.16602706909179688,0.7979013323783875,28,-1.1920928955078125e-07
seed7_P_O0_resume_step400,7,P_O0_resume,400,easy,55,3000700055,0.5887504056445323,0.625,0.6275396934506716,0.625,1.9896071418188512,0.125,3.942067265510559,0.0,0.5059013366699219,28,0.11497022956609726,0.4785134792327881,28,0.0
seed7_P_O0_resume_step400,7,P_O0_resume,400,easy,56,3000700056,0.1098679699935019,1.0,0.08059437264455482,1.0,3.094211310148239,0.0,5.693407893180847,0.0,0.33623477816581726,28,0.035976625978946686,0.30477285385131836,28,0.0
seed7_P_O0_resume_step400,7,P_O0_resume,400,easy,57,3000700057,0.06096873455680907,1.0,1.0660834677983075,0.375,5.494030863046646,0.0,4.226279616355896,0.0,0.4389026463031769,28,0.21937096118927002,0.5196114778518677,28,-2.384185791015625e-07
seed7_P_O0_resume_step400,7,P_O0_resume,400,easy,58,3000700058,0.384786712937057,0.875,0.2940507890016306,0.875,2.623590297996998,0.125,4.088216066360474,0.0,0.9736243486404419,28,0.20542320609092712,0.991653323173523,28,5.960464477539063e-08
seed7_P_O0_resume_step400,7,P_O0_resume,400,easy,59,3000700059,0.4903708309866488,0.75,0.9659821884706616,0.5,2.222629120340571,0.5,4.669489607214928,0.0,0.42062434554100037,28,0.3888855576515198,0.6357501149177551,28,5.960464477539063e-08
seed7_P_O0_resume_step400,7,P_O0_resume,400,easy,60,3000700060,0.05363067761936691,1.0,0.10371223860420287,1.0,0.9021617341786623,0.875,1.8334152102470398,0.0,0.546177327632904,28,0.1790798157453537,0.6411396861076355,28,-1.1920928955078125e-07
seed7_P_O0_resume_step400,7,P_O0_resume,400,easy,61,3000700061,0.014129755407338962,1.0,0.05824947252403945,1.0,3.8026854544878006,0.125,5.730458065867424,0.0,0.7712123394012451,28,0.055012255907058716,0.7987998127937317,28,0.0
seed7_P_O0_resume_step400,7,P_O0_resume,400,easy,62,3000700062,0.6416640616953373,0.625,1.7874238714575768,0.375,2.370255209505558,0.125,4.670578569173813,0.0,0.898995041847229,28,0.014028611592948437,0.7292182445526123,28,0.0
seed7_P_O0_resume_step400,7,P_O0_resume,400,easy,63,3000700063,0.022890403342898935,1.0,0.1853954029502347,1.0,7.792006194591522,0.0,7.725713312625885,0.0,0.42541661858558655,28,0.20396870374679565,0.4818030893802643,28,-1.1920928955078125e-07
seed7_P_O0_resume_step400,7,P_O0_resume,400,easy,64,3000700064,0.18763977120397612,1.0,0.09249247284606099,1.0,4.642462168354541,0.25,3.20318191498518,0.0,0.6140964031219482,28,0.019591055810451508,0.6009160876274109,28,0.0
seed7_P_O0_resume_step400,7,P_O0_resume,400,easy,65,3000700065,0.6975562663865276,0.75,0.9355191810755059,0.5,1.3586381636559963,0.5,1.8730636313557625,0.25,0.23715105652809143,28,0.2753438353538513,0.4021247625350952,28,5.960464477539063e-08
seed7_P_O0_resume_step400,7,P_O0_resume,400,easy,66,3000700066,0.08499433170072734,1.0,0.06144314806442708,1.0,2.1856262385845184,0.0,5.803605735301971,0.0,0.9074079394340515,28,0.14457398653030396,0.9047552943229675,28,-1.1920928955078125e-07
seed7_P_O0_resume_step400,7,P_O0_resume,400,easy,67,3000700067,0.33184844767674804,0.875,0.977028340625111,0.5,6.13547956943512,0.0,5.412245824933052,0.0,1.037318468093872,28,0.10876836627721786,1.0229212045669556,28,-1.1920928955078125e-07
seed7_P_O0_resume_step400,7,P_O0_resume,400,easy,68,3000700068,0.011929865955607966,1.0,0.16648755240021273,1.0,5.2200628546997905,0.375,7.702209368348122,0.0,0.678180456161499,28,0.3969346582889557,0.7478808164596558,28,1.1920928955078125e-07
seed7_P_O0_resume_step400,7,P_O0_resume,400,easy,69,3000700069,1.0043714943167288,0.5,0.37779467017389834,0.875,3.125059384852648,0.25,3.163011334836483,0.375,0.6772351861000061,28,0.06459666788578033,0.6455509662628174,28,1.1920928955078125e-07
seed7_P_O0_resume_step400,7,P_O0_resume,400,easy,70,3000700070,0.11715644388459623,1.0,1.591545413073618,0.5,4.926014751195908,0.0,7.895691514015198,0.0,0.612973690032959,28,0.12930160760879517,0.5612664222717285,28,1.1920928955078125e-07
seed7_P_O0_resume_step400,7,P_O0_resume,400,easy,71,3000700071,0.13553468519239686,1.0,0.026082216092618182,1.0,1.253705544397235,0.375,3.7786394357681274,0.0,0.9939583539962769,28,0.180611714720726,0.9727814197540283,28,0.0
seed7_P_O0_resume_step400,7,P_O0_resume,400,easy,72,3000700072,0.6613382436335087,0.75,0.9095015898346901,0.75,2.1210206001996994,0.25,3.3942704778164625,0.25,0.8422049283981323,28,0.11010004580020905,0.9392886757850647,28,1.1920928955078125e-07
seed7_P_O0_resume_step400,7,P_O0_resume,400,easy,73,3000700073,0.5284779518842697,0.75,0.31173173524439335,1.0,2.4061136227101088,0.375,4.103238300420344,0.375,0.5970852971076965,28,0.06790308654308319,0.7119233012199402,28,1.1920928955078125e-07
seed7_P_O0_resume_step400,7,P_O0_resume,400,easy,74,3000700074,0.18565873439365532,0.875,0.23683716007508337,0.875,0.3262657057493925,0.75,3.785354048013687,0.0,0.07593121379613876,28,0.16762632131576538,0.2829502820968628,28,5.960464477539063e-08
seed7_P_O0_resume_step400,7,P_O0_resume,400,easy,75,3000700075,0.010872180428123102,1.0,0.0180700340133626,1.0,1.45128381496761,0.75,4.3730838894844055,0.0,0.6400198340415955,28,0.038373321294784546,0.660903811454773,28,0.0
seed7_P_O0_resume_step400,7,P_O0_resume,400,easy,76,3000700076,0.05242279433878139,1.0,0.03222836469649337,1.0,5.852246331982315,0.5,6.452704608440399,0.0,0.6616110801696777,28,0.00869850441813469,0.7078960537910461,28,0.0
seed7_P_O0_resume_step400,7,P_O0_resume,400,easy,77,3000700077,0.18005174392601475,1.0,1.2945398334413767,0.5,2.7715403623878956,0.5,3.525085896253586,0.0,0.6225507259368896,28,0.46319687366485596,0.8062488436698914,28,-1.1920928955078125e-07
seed7_P_O0_resume_step400,7,P_O0_resume,400,easy,78,3000700078,0.0651558639947325,1.0,0.04084359703119844,1.0,5.665819674730301,0.0,6.475802063941956,0.0,0.6762726306915283,28,0.07406015694141388,0.6608791351318359,28,-1.1920928955078125e-07
seed7_P_O0_resume_step400,7,P_O0_resume,400,easy,79,3000700079,0.5124098244123161,0.625,2.0181196769699454,0.5,3.8428294509649277,0.0,4.920234590768814,0.0,0.5434449315071106,28,0.10640965402126312,0.38518497347831726,28,0.0
seed7_P_O0_resume_step400,7,P_O0_resume,400,easy,80,3000700080,0.18941602855920792,1.0,0.9845681807491928,0.25,5.500971660017967,0.0,6.169434383511543,0.0,0.49748027324676514,28,0.07254835963249207,0.5522305369377136,28,5.960464477539063e-08
seed7_P_O0_resume_step400,7,P_O0_resume,400,easy,81,3000700081,0.024263145634904504,1.0,0.027706259104888886,1.0,7.520368658006191,0.125,7.69272455573082,0.0,0.30689284205436707,28,0.11612695455551147,0.35282936692237854,28,0.0
seed7_P_O0_resume_step400,7,P_O0_resume,400,easy,82,3000700082,0.03823181672487408,1.0,0.34397187014110386,1.0,8.811923027038574,0.0,7.993065297603607,0.0,0.8369500637054443,28,0.13158462941646576,0.7520629167556763,28,0.0
seed7_P_O0_resume_step400,7,P_O0_resume,400,easy,83,3000700083,0.10984360397560522,1.0,0.2768892316671554,0.875,3.5101782083511353,0.125,3.5514152497053146,0.0,0.7397915720939636,28,0.20234030485153198,0.870968222618103,28,5.960464477539063e-08
seed7_P_O0_resume_step400,7,P_O0_resume,400,easy,84,3000700084,0.2271650715265423,1.0,1.6448663966730237,0.375,5.567930459976196,0.0,6.597302049398422,0.0,0.4891287386417389,28,0.15399837493896484,0.34817591309547424,28,5.960464477539063e-08
seed7_P_O0_resume_step400,7,P_O0_resume,400,easy,85,3000700085,0.1039859070442617,1.0,0.43810055451467633,0.875,6.345569297671318,0.125,6.34817273914814,0.0,0.6713568568229675,28,0.07731828093528748,0.6374011039733887,28,5.960464477539063e-08
seed7_P_O0_resume_step400,7,P_O0_resume,400,easy,86,3000700086,0.4740584489190951,0.875,1.2278448803699575,0.5,2.957925498485565,0.0,3.406168818473816,0.0,0.47409874200820923,28,0.0371679849922657,0.39965495467185974,28,0.0
seed7_P_O0_resume_step400,7,P_O0_resume,400,easy,87,3000700087,0.30260869598714635,1.0,1.5392184854135849,0.375,5.032113805413246,0.0,4.880720406770706,0.0,0.6401317715644836,28,0.029537098482251167,0.3719921410083771,28,-1.1920928955078125e-07
seed7_P_O0_resume_step400,7,P_O0_resume,400,easy,88,3000700088,0.444973012432456,0.875,1.7113272519782186,0.375,2.0828307271003723,0.0,2.386838488280773,0.125,0.8560460209846497,28,0.02869156002998352,0.7851115465164185,28,1.788139485370266e-07
seed7_P_O0_resume_step400,7,P_O0_resume,400,easy,89,3000700089,0.13556918525137007,1.0,0.2022317280061543,1.0,6.858233869075775,0.0,6.302037477493286,0.0,0.45234954357147217,28,0.06942233443260193,0.4365735948085785,28,0.0
seed7_P_O0_resume_step400,7,P_O0_resume,400,easy,90,3000700090,0.031013947213068604,1.0,0.02787819190416485,1.0,0.8390558594837785,0.75,2.103381112217903,0.25,0.5025008916854858,28,0.12077320367097855,0.6331964731216431,28,-1.1920928955078125e-07
seed7_P_O0_resume_step400,7,P_O0_resume,400,easy,91,3000700091,0.6957720892969519,0.625,1.3523114556446671,0.5,1.353479734621942,0.5,2.756533943116665,0.125,0.4796190559864044,28,0.3160099387168884,0.7750900983810425,28,-1.1920928955078125e-07
seed7_P_O0_resume_step400,7,P_O0_resume,400,easy,92,3000700092,0.07695621059974656,1.0,0.020378807945235167,1.0,1.3849520161747932,0.5,4.651573419570923,0.0,0.8799906969070435,28,0.29198241233825684,0.9889258146286011,28,1.1920928955078125e-07
seed7_P_O0_resume_step400,7,P_O0_resume,400,easy,93,3000700093,0.2736567556858063,0.875,0.6635503055294976,0.75,3.967347204685211,0.0,6.527579680085182,0.0,0.7109465003013611,28,0.08067478239536285,0.5726585388183594,28,0.0
seed7_P_O0_resume_step400,7,P_O0_resume,400,easy,94,3000700094,0.2170965865952894,1.0,0.21310180140426382,0.875,1.7349329516291618,0.375,4.373394802212715,0.0,0.5822227597236633,28,0.30800485610961914,0.8326939344406128,28,5.960464477539063e-08
seed7_P_O0_resume_step400,7,P_O0_resume,400,easy,95,3000700095,0.34359566339844605,1.0,1.336976736667566,0.25,2.609018955612555,0.25,2.5962236523628235,0.0,0.4065723121166229,28,0.30820780992507935,0.6675909757614136,28,1.1920928955078125e-07
seed7_P_O0_resume_step400,7,P_O0_resume,400,easy,96,3000700096,1.3986684866249561,0.375,1.1400525197386742,0.375,1.663468860089779,0.375,3.683920068666339,0.5,0.7815201878547668,28,0.07976978272199631,0.5641652345657349,28,0.0
seed7_P_O0_resume_step400,7,P_O0_resume,400,easy,97,3000700097,0.22965998545987532,1.0,0.06087417807430029,1.0,1.5840419372543693,0.5,1.82441496104002,0.25,0.7945618033409119,28,0.04286015406250954,0.770912766456604,28,-1.1920928955078125e-07
seed7_P_O0_resume_step400,7,P_O0_resume,400,easy,98,3000700098,0.10191460163332522,1.0,0.5847782929777168,0.625,4.83029617369175,0.125,5.966326028108597,0.0,0.703494668006897,28,0.03622853755950928,0.527090311050415,28,5.960464477539063e-08
seed7_P_O0_resume_step400,7,P_O0_resume,400,easy,99,3000700099,0.45404464774765074,0.625,2.1859038122929633,0.5,2.3368520215153694,0.125,4.314620554447174,0.0,0.6997035145759583,28,0.33224865794181824,0.8157862424850464,28,0.0
seed7_P_O0_resume_step400,7,P_O0_resume,400,hard,0,3000710000,0.7883623093366623,0.875,0.8620564714074135,0.875,1.1545745879411697,0.375,1.1479882821440697,0.25,0.06471426784992218,28,0.01026060339063406,0.04561043903231621,28,-1.1920928955078125e-07
seed7_P_O0_resume_step400,7,P_O0_resume,400,hard,1,3000710001,1.1984198242425919,0.125,1.3256548419594765,0.125,1.060785986483097,0.125,1.221320390701294,0.125,0.30384740233421326,28,0.00011381294461898506,0.4014880359172821,28,0.0
seed7_P_O0_resume_step400,7,P_O0_resume,400,hard,2,3000710002,1.6582820266485214,0.25,1.738079845905304,0.0,1.6331722810864449,0.25,1.5682670921087265,0.25,0.5275871753692627,28,6.188239785842597e-05,0.4832715392112732,28,0.0
seed7_P_O0_resume_step400,7,P_O0_resume,400,hard,3,3000710003,1.117253564298153,0.5,1.0947552025318146,0.5,1.2142309322953224,0.5,1.203568547964096,0.5,0.08724012225866318,28,0.0024641859345138073,0.1153201088309288,28,-1.1920928955078125e-07
seed7_P_O0_resume_step400,7,P_O0_resume,400,hard,4,3000710004,1.786075934767723,0.0,2.3855669796466827,0.0,1.3056570142507553,0.125,1.2254333943128586,0.25,0.062111157923936844,28,0.002547553740441799,0.037435077130794525,28,0.0
seed7_P_O0_resume_step400,7,P_O0_resume,400,hard,5,3000710005,0.6354037448763847,1.0,0.6100293174386024,0.875,0.8268238678574562,1.0,0.8369301036000252,1.0,0.4125439524650574,28,0.0010600559180602431,0.3292059004306793,28,0.0
seed7_P_O0_resume_step400,7,P_O0_resume,400,hard,6,3000710006,0.9566533509641886,0.625,1.1234331652522087,0.625,1.4143817126750946,0.0,1.4699419885873795,0.0,0.11113904416561127,28,0.004132935311645269,0.07577130198478699,28,0.0
seed7_P_O0_resume_step400,7,P_O0_resume,400,hard,7,3000710007,0.8984641097486019,0.375,0.7432317212224007,0.75,1.0408388450741768,0.625,0.9714782610535622,0.625,0.08506997674703598,28,0.015646373853087425,0.07164758443832397,28,0.0
seed7_P_O0_resume_step400,7,P_O0_resume,400,hard,8,3000710008,1.5788265988230705,0.5,1.6394030377268791,0.25,1.4088767245411873,0.5,1.4392661601305008,0.5,0.10523977130651474,28,0.0009968685917556286,0.11225827783346176,28,0.0
seed7_P_O0_resume_step400,7,P_O0_resume,400,hard,9,3000710009,1.1365936398506165,0.75,1.0337916687130928,0.875,1.2953050583600998,0.25,1.2967160046100616,0.125,0.2054978460073471,28,0.0007795181008987129,0.2867051661014557,28,1.1920928955078125e-07
seed7_P_O0_resume_step400,7,P_O0_resume,400,hard,10,3000710010,2.0368212461471558,0.0,2.018931344151497,0.125,1.3556111305952072,0.375,1.2786337286233902,0.375,0.15893273055553436,28,0.010156020522117615,0.0911269411444664,28,5.960464477539063e-08
seed7_P_O0_resume_step400,7,P_O0_resume,400,hard,11,3000710011,1.0853261910378933,0.5,1.1395348459482193,0.5,1.2253920584917068,0.125,1.2846416682004929,0.125,0.2586842477321625,28,0.0031763636507093906,0.5132169723510742,28,1.1920928955078125e-07
seed7_P_O0_resume_step400,7,P_O0_resume,400,hard,12,3000710012,1.677912414073944,0.0,1.2040929347276688,0.375,1.1139383614063263,0.625,1.145263709127903,0.5,0.15821272134780884,28,0.010812641121447086,0.19882026314735413,28,1.1920928955078125e-07
seed7_P_O0_resume_step400,7,P_O0_resume,400,hard,13,3000710013,0.9219706058502197,0.75,1.0639213249087334,0.75,1.066331498324871,0.875,1.1278901994228363,0.875,0.18241995573043823,28,0.00017285985813941807,0.09972462058067322,28,-1.1920928955078125e-07
seed7_P_O0_resume_step400,7,P_O0_resume,400,hard,14,3000710014,1.07660610973835,0.625,1.1974002197384834,0.625,1.3661379367113113,0.5,1.3650054186582565,0.5,0.07869899272918701,28,0.019669849425554276,0.04737258329987526,28,1.1920928955078125e-07
seed7_P_O0_resume_step400,7,P_O0_resume,400,hard,15,3000710015,1.4184373170137405,0.25,1.3974751383066177,0.25,1.2804103791713715,0.25,1.293333500623703,0.5,0.45291462540626526,28,0.0002457840309944004,0.5378614068031311,28,1.1920928955078125e-07
seed7_P_O0_resume_step400,7,P_O0_resume,400,hard,16,3000710016,1.3726696893572807,0.5,1.2896462231874466,0.5,1.2727118209004402,0.5,1.25616105645895,0.5,0.20584556460380554,28,0.0002128843916580081,0.18596026301383972,28,0.0
seed7_P_O0_resume_step400,7,P_O0_resume,400,hard,17,3000710017,1.3745814710855484,0.0,1.1878341659903526,0.0,1.6538367420434952,0.0,1.562838539481163,0.0,0.18368622660636902,28,0.00010524477693252265,0.23956899344921112,28,5.960464477539063e-08
seed7_P_O0_resume_step400,7,P_O0_resume,400,hard,18,3000710018,0.8911500200629234,0.625,1.0083910822868347,0.625,1.3683678209781647,0.0,1.2799831628799438,0.625,0.015569896437227726,28,0.005206312518566847,0.020024441182613373,28,0.0
seed7_P_O0_resume_step400,7,P_O0_resume,400,hard,19,3000710019,1.1046426817774773,0.375,0.9226140081882477,0.625,1.2357350438833237,0.25,1.276711143553257,0.375,0.27781838178634644,28,0.009773625060915947,0.28629270195961,28,-1.1920928955078125e-07
seed7_P_O0_resume_step400,7,P_O0_resume,400,hard,20,3000710020,0.715510331094265,0.75,0.7639818862080574,0.75,1.0067135989665985,1.0,1.0150751397013664,1.0,0.06489095836877823,28,0.01682852953672409,0.06658342480659485,28,1.1920928955078125e-07
seed7_P_O0_resume_step400,7,P_O0_resume,400,hard,21,3000710021,1.2785378322005272,0.5,0.9283055067062378,0.75,0.9954993799328804,0.875,1.0722672194242477,0.5,0.15814431011676788,28,0.013247922994196415,0.2258348912000656,28,0.0
seed7_P_O0_resume_step400,7,P_O0_resume,400,hard,22,3000710022,0.698852188885212,0.875,0.7186088636517525,1.0,1.101571686565876,0.625,1.0724122002720833,0.5,0.3574850857257843,28,0.004137816373258829,0.3755456507205963,28,5.960464477539063e-08
seed7_P_O0_resume_step400,7,P_O0_resume,400,hard,23,3000710023,1.4139926508069038,0.5,1.2328603081405163,0.5,1.4641403406858444,0.0,1.3851034492254257,0.0,0.24846860766410828,28,0.00443615484982729,0.29500430822372437,28,1.1920928955078125e-07
seed7_P_O0_resume_step400,7,P_O0_resume,400,hard,24,3000710024,0.915028989315033,1.0,0.8253796547651291,1.0,1.318814754486084,0.25,1.431670606136322,0.0,0.5784367918968201,28,0.008355609141290188,0.42069360613822937,28,0.0
seed7_P_O0_resume_step400,7,P_O0_resume,400,hard,25,3000710025,1.3227161765098572,0.25,0.8994846791028976,0.75,1.1199014782905579,0.5,1.1959333792328835,0.5,0.623884379863739,28,0.0006978107849135995,0.643413782119751,28,-1.1920928955078125e-07
seed7_P_O0_resume_step400,7,P_O0_resume,400,hard,26,3000710026,1.3469290733337402,0.25,1.360495649278164,0.25,1.4683881551027298,0.125,1.4239912554621696,0.25,0.11538499593734741,28,0.02062874659895897,0.32187050580978394,28,0.0
seed7_P_O0_resume_step400,7,P_O0_resume,400,hard,27,3000710027,1.966372087597847,0.0,1.8291399031877518,0.0,1.3685714974999428,0.25,1.3374097123742104,0.25,0.03253748640418053,28,0.016330905258655548,0.02124151401221752,28,0.0
seed7_P_O0_resume_step400,7,P_O0_resume,400,hard,28,3000710028,1.5305569767951965,0.25,1.3322863653302193,0.5,1.55497258156538,0.25,1.5595271736383438,0.25,0.41896161437034607,28,0.0007637505186721683,0.5560488700866699,28,0.0
seed7_P_O0_resume_step400,7,P_O0_resume,400,hard,29,3000710029,1.8469672203063965,0.0,1.6807405203580856,0.0,0.726586289703846,0.75,0.696526288986206,0.625,0.05630265176296234,28,0.012385462410748005,0.05018913000822067,28,0.0
seed7_P_O0_resume_step400,7,P_O0_resume,400,hard,30,3000710030,0.8767671883106232,0.75,0.9860637038946152,0.625,1.0946716144680977,0.5,1.081448569893837,0.5,0.1511949896812439,28,1.6648855307721533e-05,0.15593239665031433,28,1.1920928955078125e-07
seed7_P_O0_resume_step400,7,P_O0_resume,400,hard,31,3000710031,1.4896984472870827,0.0,1.6909499913454056,0.0,1.6334653347730637,0.0,1.5713053792715073,0.0,0.25215065479278564,28,0.0003558631578925997,0.25021910667419434,28,1.1920928955078125e-07
seed7_P_O0_resume_step400,7,P_O0_resume,400,hard,32,3000710032,1.8503870964050293,0.0,1.7958060055971146,0.0,1.5996295809745789,0.0,1.5939437299966812,0.0,0.05008089914917946,28,0.003068360034376383,0.06139068305492401,28,-2.384185791015625e-07
seed7_P_O0_resume_step400,7,P_O0_resume,400,hard,33,3000710033,0.8332288824021816,0.625,0.9615397751331329,0.625,0.9930690601468086,0.875,1.0309875532984734,0.75,0.02218582108616829,28,5.0791673857020214e-05,0.025010621175169945,28,-1.1920928955078125e-07
seed7_P_O0_resume_step400,7,P_O0_resume,400,hard,34,3000710034,0.9215932413935661,0.75,0.9711594209074974,0.5,1.388499528169632,0.0,1.4767518937587738,0.0,0.7930651307106018,28,0.004414458759129047,0.7245106101036072,28,-1.1920928955078125e-07
seed7_P_O0_resume_step400,7,P_O0_resume,400,hard,35,3000710035,0.6681565642356873,0.625,0.7780084200203419,0.75,1.3872278928756714,0.125,1.4666586816310883,0.0,0.057515453547239304,28,0.0034172472078353167,0.056996479630470276,28,0.0
seed7_P_O0_resume_step400,7,P_O0_resume,400,hard,36,3000710036,1.1405959129333496,0.375,1.0777301341295242,0.625,1.2233233749866486,0.25,1.1131971925497055,0.5,0.12854556739330292,28,0.002331957221031189,0.15049195289611816,28,-1.1920928955078125e-07
seed7_P_O0_resume_step400,7,P_O0_resume,400,hard,37,3000710037,1.4422512352466583,0.125,1.1098336204886436,0.375,1.163939282298088,0.5,1.1216293945908546,0.5,0.34805670380592346,28,0.008895699866116047,0.3180816173553467,28,0.0
seed7_P_O0_resume_step400,7,P_O0_resume,400,hard,38,3000710038,1.0006701275706291,0.5,0.9610794335603714,0.875,1.110192023217678,0.5,1.1575922220945358,0.5,0.2359521985054016,28,0.00019710192282218486,0.17937661707401276,28,-1.1920928955078125e-07
seed7_P_O0_resume_step400,7,P_O0_resume,400,hard,39,3000710039,1.8518005460500717,0.0,1.0151453241705894,0.5,0.856304258108139,0.75,0.9288996085524559,0.5,0.03621470555663109,28,0.008178362622857094,0.027856098487973213,28,-2.384185791015625e-07
seed7_P_O0_resume_step400,7,P_O0_resume,400,hard,40,3000710040,0.4825502596795559,0.875,0.5649377293884754,0.875,0.9455615505576134,0.625,0.9656714722514153,0.625,0.047292452305555344,28,0.0040513938292860985,0.044317878782749176,28,1.1920928955078125e-07
seed7_P_O0_resume_step400,7,P_O0_resume,400,hard,41,3000710041,1.260622777044773,0.5,1.3122126087546349,0.5,1.2825138568878174,0.375,1.2845067828893661,0.5,0.7722541689872742,28,0.0037154387682676315,0.8425535559654236,28,0.0
seed7_P_O0_resume_step400,7,P_O0_resume,400,hard,42,3000710042,1.6079745590686798,0.0,1.5705445408821106,0.0,1.5814391374588013,0.0,1.5359255075454712,0.0,0.6475286483764648,28,0.0001786862121662125,0.5192831158638,28,5.960464477539063e-08
seed7_P_O0_resume_step400,7,P_O0_resume,400,hard,43,3000710043,2.1403170973062515,0.0,1.8691328912973404,0.0,1.4261132031679153,0.125,1.4356336146593094,0.125,0.11475471407175064,28,0.004047417547553778,0.11455006897449493,28,-1.1920928955078125e-07
seed7_P_O0_resume_step400,7,P_O0_resume,400,hard,44,3000710044,1.0252269133925438,0.375,1.010194182395935,0.625,1.1927754133939743,0.375,1.231074035167694,0.5,0.3321613073348999,28,0.006902371533215046,0.2871588170528412,28,5.960464477539063e-08
seed7_P_O0_resume_step400,7,P_O0_resume,400,hard,45,3000710045,1.6501586064696312,0.25,1.7079188600182533,0.25,1.852812722325325,0.25,1.7100702971220016,0.25,0.3868258595466614,28,8.37083425722085e-05,0.3650661110877991,28,0.0
seed7_P_O0_resume_step400,7,P_O0_resume,400,hard,46,3000710046,0.9773941859602928,0.625,0.9254811182618141,0.625,1.2473194971680641,0.5,1.2498442232608795,0.5,0.3469102084636688,28,0.005541299469769001,0.3184245228767395,28,1.1920928955078125e-07
seed7_P_O0_resume_step400,7,P_O0_resume,400,hard,47,3000710047,1.2516860514879227,0.625,1.231671318411827,0.625,1.202010065317154,0.5,1.2217539474368095,0.5,0.09532956779003143,28,0.006947377230972052,0.12500996887683868,28,1.1920928955078125e-07
seed7_P_O0_resume_step400,7,P_O0_resume,400,hard,48,3000710048,1.8556289374828339,0.0,1.8087061047554016,0.0,1.533663883805275,0.125,1.449656680226326,0.125,0.040877241641283035,28,0.025277849286794662,0.040454622358083725,28,0.0
seed7_P_O0_resume_step400,7,P_O0_resume,400,hard,49,3000710049,0.9656810592859983,0.5,0.8488173559308052,0.625,1.051513984799385,0.375,1.0369557291269302,0.375,0.09344697743654251,28,0.0026062217075377703,0.08226098865270615,28,0.0
seed7_P_O0_resume_step400,7,P_O0_resume,400,hard,50,3000710050,0.9085061028599739,0.625,0.8892989158630371,0.625,1.1672757118940353,0.375,1.1467492505908012,0.5,0.6140648722648621,28,0.005097557790577412,0.4996812343597412,28,1.1920928955078125e-07
seed7_P_O0_resume_step400,7,P_O0_resume,400,hard,51,3000710051,0.9520779848098755,1.0,1.2576346024870872,0.5,1.3116790056228638,0.25,1.3223535120487213,0.25,0.6685777902603149,28,0.003413930768147111,0.5398845076560974,28,0.0
seed7_P_O0_resume_step400,7,P_O0_resume,400,hard,52,3000710052,1.0230662897229195,0.5,0.8368094712495804,1.0,1.4269504025578499,0.25,1.3571260645985603,0.25,0.6134445667266846,28,0.00019092859292868525,0.608647346496582,28,0.0
seed7_P_O0_resume_step400,7,P_O0_resume,400,hard,53,3000710053,1.2951554581522942,0.25,1.2755033150315285,0.375,1.239024132490158,0.875,1.2789743393659592,0.625,0.5065430402755737,28,0.0053994362242519855,0.6998162865638733,28,-1.1920928955078125e-07
seed7_P_O0_resume_step400,7,P_O0_resume,400,hard,54,3000710054,0.8582043051719666,0.75,0.8755102083086967,0.875,1.1160453632473946,0.625,1.2135105580091476,0.625,0.20138899981975555,28,0.007057820446789265,0.28009968996047974,28,5.960464477539063e-08
seed7_P_O0_resume_step400,7,P_O0_resume,400,hard,55,3000710055,1.3897484689950943,0.0,1.3541662096977234,0.0,1.3537869304418564,0.0,1.3490014672279358,0.0,0.22530069947242737,28,0.0001268791384063661,0.1018737405538559,28,5.960464477539063e-08
seed7_P_O0_resume_step400,7,P_O0_resume,400,hard,56,3000710056,1.2064305245876312,0.375,1.1488331705331802,0.375,1.6822241991758347,0.375,1.5204054787755013,0.375,0.7435809969902039,28,0.0005713360733352602,0.7223353981971741,28,0.0
seed7_P_O0_resume_step400,7,P_O0_resume,400,hard,57,3000710057,1.1876171380281448,0.5,1.154869019985199,0.5,1.3377515822649002,0.375,1.2810018062591553,0.5,0.24338066577911377,28,0.002787662437185645,0.28266477584838867,28,0.0
seed7_P_O0_resume_step400,7,P_O0_resume,400,hard,58,3000710058,1.2892150282859802,0.0,1.3110248148441315,0.0,1.5204289108514786,0.0,1.4847720712423325,0.0,0.15070407092571259,28,8.545177843188867e-05,0.2561415731906891,28,-1.1920928955078125e-07
seed7_P_O0_resume_step400,7,P_O0_resume,400,hard,59,3000710059,1.0170181393623352,0.625,1.0125328823924065,0.625,1.3602584153413773,0.0,1.328300267457962,0.375,0.054303497076034546,28,0.003163984976708889,0.05885429307818413,28,1.1920928955078125e-07
seed7_P_O0_resume_step400,7,P_O0_resume,400,hard,60,3000710060,2.211108908057213,0.0,2.2295457795262337,0.125,1.5629701055586338,0.375,1.624323420226574,0.375,0.13218994438648224,28,0.020752975717186928,0.08848883956670761,28,-1.1920928955078125e-07
seed7_P_O0_resume_step400,7,P_O0_resume,400,hard,61,3000710061,1.3073499649763107,0.125,1.5461128056049347,0.0,1.193865805864334,0.875,1.240064188838005,0.625,0.3589017987251282,28,6.371310882968828e-05,0.31659120321273804,28,-1.1920928955078125e-07
seed7_P_O0_resume_step400,7,P_O0_resume,400,hard,62,3000710062,1.1395765841007233,0.125,1.0379533544182777,0.625,1.167120710015297,0.5,1.1293586939573288,0.75,0.18483439087867737,28,0.0024587407242506742,0.15834854543209076,28,0.0
seed7_P_O0_resume_step400,7,P_O0_resume,400,hard,63,3000710063,2.27210184186697,0.25,1.749810017645359,0.25,1.8146109879016876,0.0,1.8442237079143524,0.0,0.30680057406425476,28,0.0013819251907989383,0.3205731511116028,28,1.1920928955078125e-07
seed7_P_O0_resume_step400,7,P_O0_resume,400,hard,64,3000710064,1.0908932834863663,0.625,1.0531263425946236,0.5,1.1592022702097893,0.75,1.1773854345083237,0.5,0.38077691197395325,28,0.003428582800552249,0.7174690365791321,28,0.0
seed7_P_O0_resume_step400,7,P_O0_resume,400,hard,65,3000710065,1.9095028340816498,0.0,1.5427916496992111,0.25,1.5274072885513306,0.0,1.5366602391004562,0.0,0.03814820200204849,28,0.0017769635887816548,0.02628803439438343,28,-1.1920928955078125e-07
seed7_P_O0_resume_step400,7,P_O0_resume,400,hard,66,3000710066,1.3375344425439835,0.125,0.9387759491801262,0.75,1.178352952003479,0.625,1.2180556654930115,0.25,0.24366919696331024,28,0.0020631083752959967,0.25933513045310974,28,5.960464477539063e-08
seed7_P_O0_resume_step400,7,P_O0_resume,400,hard,67,3000710067,1.1183597147464752,0.375,1.3623538985848427,0.125,1.3874390125274658,0.125,1.3301881402730942,0.0,0.2217494547367096,28,3.918579750461504e-05,0.24561971426010132,28,0.0
seed7_P_O0_resume_step400,7,P_O0_resume,400,hard,68,3000710068,1.522607035934925,0.125,1.1617631018161774,0.5,1.350713737308979,0.375,1.2712120786309242,0.375,0.2399601936340332,28,1.8466796973370947e-05,0.1184350848197937,28,0.0
seed7_P_O0_resume_step400,7,P_O0_resume,400,hard,69,3000710069,1.1368450298905373,0.625,0.937013603746891,0.875,1.0856560841202736,1.0,1.1875004470348358,0.625,0.22722530364990234,28,0.006928014103323221,0.32730674743652344,28,0.0
seed7_P_O0_resume_step400,7,P_O0_resume,400,hard,70,3000710070,0.9273699522018433,0.875,0.8711345940828323,0.875,1.1376164928078651,0.75,1.137045904994011,0.875,0.8594908714294434,28,0.005175558850169182,0.7997201085090637,28,1.1920928955078125e-07
seed7_P_O0_resume_step400,7,P_O0_resume,400,hard,71,3000710071,1.294251210987568,0.375,1.329006865620613,0.375,1.1054497882723808,0.75,1.1426036432385445,0.625,0.09419818967580795,28,0.001060988288372755,0.09353680163621902,28,1.788139485370266e-07
seed7_P_O0_resume_step400,7,P_O0_resume,400,hard,72,3000710072,1.7451978027820587,0.0,2.1833371967077255,0.0,1.804595246911049,0.0,1.652282103896141,0.0,0.5672832727432251,28,0.03601386398077011,0.4460335969924927,28,0.0
seed7_P_O0_resume_step400,7,P_O0_resume,400,hard,73,3000710073,1.6272020414471626,0.25,1.3703305572271347,0.25,1.1006407290697098,0.25,1.0109783634543419,0.875,0.2504514753818512,28,0.022106634452939034,0.16866534948349,28,-1.1920928955078125e-07
seed7_P_O0_resume_step400,7,P_O0_resume,400,hard,74,3000710074,2.012396514415741,0.0,1.6927255392074585,0.125,1.6807022541761398,0.0,1.6800140738487244,0.0,0.43685001134872437,28,0.0010769155342131853,0.4521573781967163,28,0.0
seed7_P_O0_resume_step400,7,P_O0_resume,400,hard,75,3000710075,1.315908931195736,0.375,1.2440732717514038,0.0,1.478417158126831,0.125,1.4774052649736404,0.125,0.8863995671272278,28,6.324904825305566e-05,0.7061505913734436,28,0.0
seed7_P_O0_resume_step400,7,P_O0_resume,400,hard,76,3000710076,1.1860494166612625,0.125,1.123553454875946,0.125,1.4334361255168915,0.5,1.5587298721075058,0.0,0.11565858125686646,28,0.007518713362514973,0.07568971812725067,28,0.0
seed7_P_O0_resume_step400,7,P_O0_resume,400,hard,77,3000710077,0.9781638234853745,0.375,1.5076745599508286,0.125,1.1564323157072067,0.125,1.1784795224666595,0.125,0.41511496901512146,28,5.762917862739414e-05,0.3093603253364563,28,0.0
seed7_P_O0_resume_step400,7,P_O0_resume,400,hard,78,3000710078,1.5946858264505863,0.375,1.7180198431015015,0.375,1.6241729855537415,0.125,1.6622024178504944,0.125,0.05060400441288948,28,0.0006603577639907598,0.04460090026259422,28,0.0
seed7_P_O0_resume_step400,7,P_O0_resume,400,hard,79,3000710079,0.9083367139101028,0.625,0.9317503497004509,0.5,1.0784840434789658,0.5,1.0250221639871597,0.625,0.1631217747926712,28,0.004170856438577175,0.2138587087392807,28,1.1920928955078125e-07
seed7_P_O0_resume_step400,7,P_O0_resume,400,hard,80,3000710080,1.6793486699461937,0.5,1.7310799062252045,0.125,1.4761998504400253,0.25,1.5207575783133507,0.25,0.2806779146194458,28,0.009271967224776745,0.314393013715744,28,5.960464477539063e-08
seed7_P_O0_resume_step400,7,P_O0_resume,400,hard,81,3000710081,1.4297201596200466,0.375,1.3917550221085548,0.375,1.23249202221632,0.125,1.2679260820150375,0.125,0.03102772682905197,28,0.007502494379878044,0.020851735025644302,28,0.0
seed7_P_O0_resume_step400,7,P_O0_resume,400,hard,82,3000710082,0.5000921599566936,0.75,0.6733990199863911,0.75,1.2604180052876472,0.25,1.282644309103489,0.375,0.44005146622657776,28,0.011049172841012478,0.33786851167678833,28,0.0
seed7_P_O0_resume_step400,7,P_O0_resume,400,hard,83,3000710083,1.1052963957190514,0.625,0.9956656694412231,0.625,1.1252572983503342,0.625,1.1386965662240982,0.625,0.2611209452152252,28,0.0009590366389602423,0.15939629077911377,28,1.788139485370266e-07
seed7_P_O0_resume_step400,7,P_O0_resume,400,hard,84,3000710084,0.7292574942111969,1.0,0.8478482589125633,1.0,0.9108031988143921,1.0,0.924458883702755,1.0,0.023781483992934227,28,4.640221959562041e-05,0.02712932974100113,28,-1.1920928955078125e-07
seed7_P_O0_resume_step400,7,P_O0_resume,400,hard,85,3000710085,1.140771433711052,0.375,0.9932183623313904,0.75,1.2389978617429733,0.0,1.2214185893535614,0.25,0.026157982647418976,28,0.00016818303265608847,0.028141412883996964,28,5.960464477539063e-08
seed7_P_O0_resume_step400,7,P_O0_resume,400,hard,86,3000710086,1.6433578878641129,0.125,1.1180353462696075,0.5,1.3268874734640121,0.375,1.3832085654139519,0.375,0.43115225434303284,28,0.002790559781715274,0.4866877794265747,28,0.0
seed7_P_O0_resume_step400,7,P_O0_resume,400,hard,87,3000710087,1.0960329845547676,0.75,1.129193939268589,0.5,1.111165426671505,0.75,1.150036558508873,0.75,0.3470030128955841,28,0.00013901293277740479,0.30271047353744507,28,-1.1920928955078125e-07
seed7_P_O0_resume_step400,7,P_O0_resume,400,hard,88,3000710088,0.96135613322258,0.75,0.9288112074136734,1.0,1.1437458544969559,0.625,1.1497783064842224,0.625,0.18075457215309143,28,0.0006646408000960946,0.19058194756507874,28,-1.1920928955078125e-07
seed7_P_O0_resume_step400,7,P_O0_resume,400,hard,89,3000710089,1.1124590933322906,0.5,1.0326879546046257,0.75,1.2921651005744934,0.25,1.3129088878631592,0.125,0.2005433291196823,28,0.0036641382612288,0.20814865827560425,28,-1.1920928955078125e-07
seed7_P_O0_resume_step400,7,P_O0_resume,400,hard,90,3000710090,0.7756730169057846,0.75,0.8627204857766628,0.625,1.1978739872574806,0.625,1.1720099821686745,0.625,0.742299497127533,28,0.0001698264095466584,0.7340405583381653,28,0.0
seed7_P_O0_resume_step400,7,P_O0_resume,400,hard,91,3000710091,0.7689467333257198,0.75,0.7341460287570953,0.75,1.0657065734267235,0.375,1.024205207824707,0.375,0.45560941100120544,28,0.0011947283055633307,0.421125203371048,28,1.1920928955078125e-07
seed7_P_O0_resume_step400,7,P_O0_resume,400,hard,92,3000710092,1.285288292914629,0.5,1.1751483529806137,0.25,1.1528732627630234,0.375,1.1222721934318542,0.625,0.08484987169504166,28,0.0037540667690336704,0.09360044449567795,28,0.0
seed7_P_O0_resume_step400,7,P_O0_resume,400,hard,93,3000710093,1.5712680220603943,0.0,1.4138696640729904,0.0,1.5471009314060211,0.0,1.5297187715768814,0.0,0.3581417202949524,28,0.0025341128930449486,0.27510467171669006,28,-1.1920928955078125e-07
seed7_P_O0_resume_step400,7,P_O0_resume,400,hard,94,3000710094,0.9160076379776001,0.875,0.9744992479681969,0.625,1.4684652015566826,0.375,1.6381212770938873,0.375,0.5589852333068848,28,0.005185078363865614,0.3837130665779114,28,-1.1920928955078125e-07
seed7_P_O0_resume_step400,7,P_O0_resume,400,hard,95,3000710095,0.8509456925094128,0.75,0.8494324013590813,0.75,1.6771727353334427,0.0,1.7136807441711426,0.0,0.31438642740249634,28,0.012235352769494057,0.27375638484954834,28,0.0
seed7_P_O0_resume_step400,7,P_O0_resume,400,hard,96,3000710096,1.3136298209428787,0.25,0.8815134316682816,0.375,1.133967012166977,0.75,1.1700534597039223,0.5,0.311067670583725,28,0.01531275361776352,0.39399513602256775,28,5.960464477539063e-08
seed7_P_O0_resume_step400,7,P_O0_resume,400,hard,97,3000710097,1.3059731051325798,0.125,0.893533069640398,0.625,1.2262685894966125,0.25,1.172427959740162,0.5,0.3147824704647064,28,0.007181948982179165,0.3099769651889801,28,-1.1920928955078125e-07
seed7_P_O0_resume_step400,7,P_O0_resume,400,hard,98,3000710098,0.9489729925990105,0.75,1.0344926491379738,0.75,1.4074887484312057,0.0,1.4075081050395966,0.0,0.10449553281068802,28,0.0006753632333129644,0.11067879945039749,28,-1.1920928955078125e-07
seed7_P_O0_resume_step400,7,P_O0_resume,400,hard,99,3000710099,0.8952740505337715,0.5,0.7805621847510338,0.625,1.132062278687954,0.375,1.1671800389885902,0.375,0.15866465866565704,28,0.00010044234659289941,0.14538972079753876,28,-1.1920928955078125e-07
seed7_P_C2_warm_step400,7,P_C2_warm,400,easy,0,3000700000,0.4045091683510691,0.75,0.12674859026446939,1.0,1.698764517903328,0.25,1.7799633294343948,0.25,0.89530348777771,28,0.026089055463671684,0.8908581733703613,28,0.0
seed7_P_C2_warm_step400,7,P_C2_warm,400,easy,1,3000700001,0.04530401696683839,1.0,0.7052185326465406,1.0,2.920181761495769,0.25,3.747140660881996,0.25,0.4980631172657013,28,0.19902053475379944,0.5856114625930786,28,1.1920928955078125e-07
seed7_P_C2_warm_step400,7,P_C2_warm,400,easy,2,3000700002,0.6951338686048985,0.625,0.16995692276395857,1.0,2.8316595181822777,0.0,2.5994051545858383,0.0,0.9620480537414551,28,0.08835433423519135,0.9983351230621338,28,1.1920928955078125e-07
seed7_P_C2_warm_step400,7,P_C2_warm,400,easy,3,3000700003,0.9471470583230257,0.625,0.21408226061612368,1.0,2.2936629578471184,0.25,1.70277925953269,0.25,0.6520715951919556,28,0.15985794365406036,0.6063172221183777,28,5.960464477539063e-08
seed7_P_C2_warm_step400,7,P_C2_warm,400,easy,4,3000700004,0.9272136967629194,0.75,0.2796198751311749,1.0,1.4347703978419304,0.375,1.8098419234156609,0.5,0.5008792877197266,28,0.030536765232682228,0.6378915309906006,28,5.960464477539063e-08
seed7_P_C2_warm_step400,7,P_C2_warm,400,easy,5,3000700005,0.8861796297132969,0.375,0.25790921645238996,1.0,6.0392976105213165,0.0,5.3828385174274445,0.0,0.4508402347564697,28,0.037195462733507156,0.44912442564964294,28,1.1920928955078125e-07
seed7_P_C2_warm_step400,7,P_C2_warm,400,easy,6,3000700006,0.13340234284987673,1.0,0.10427194042131305,1.0,0.9679875550791621,0.625,1.8208831073716283,0.5,0.5842992663383484,28,0.17980672419071198,0.7506981492042542,28,0.0
seed7_P_C2_warm_step400,7,P_C2_warm,400,easy,7,3000700007,1.976897194981575,0.0,0.7972804047167301,0.625,2.421311065554619,0.0,2.080258645117283,0.0,0.5103851556777954,28,0.050366975367069244,0.4669828414916992,28,0.0
seed7_P_C2_warm_step400,7,P_C2_warm,400,easy,8,3000700008,0.25254045776091516,1.0,0.905928376596421,0.375,3.8296206295490265,0.0,3.810147315263748,0.0,0.5091661214828491,28,0.13540983200073242,0.27174994349479675,28,1.1920928955078125e-07
seed7_P_C2_warm_step400,7,P_C2_warm,400,easy,9,3000700009,0.0953071964904666,1.0,0.07283945335075259,1.0,2.69685859978199,0.0,3.833244800567627,0.0,0.5557188391685486,28,0.17597992718219757,0.6295053362846375,28,0.0
seed7_P_C2_warm_step400,7,P_C2_warm,400,easy,10,3000700010,1.900799635797739,0.5,0.06328535848297179,1.0,0.7117967577651143,0.625,1.174092622473836,0.375,0.4440189003944397,28,0.019560499116778374,0.5432108640670776,28,1.1920928955078125e-07
seed7_P_C2_warm_step400,7,P_C2_warm,400,easy,11,3000700011,0.19764069945085794,0.875,0.11398580484092236,1.0,0.46790697425603867,0.75,0.37001507356762886,1.0,0.34431084990501404,28,0.04566892609000206,0.1914905160665512,28,0.0
seed7_P_C2_warm_step400,7,P_C2_warm,400,easy,12,3000700012,0.36881878902204335,0.625,0.04900447488762438,1.0,1.1512034395709634,0.75,0.3669465919956565,0.875,0.2147727906703949,28,0.07481275498867035,0.1856050193309784,28,0.0
seed7_P_C2_warm_step400,7,P_C2_warm,400,easy,13,3000700013,1.2537702399131376,0.375,0.3015870861709118,1.0,0.24712298205122352,1.0,0.4940187353640795,0.875,0.09522601962089539,28,0.11372224986553192,0.1995171159505844,28,0.0
seed7_P_C2_warm_step400,7,P_C2_warm,400,easy,14,3000700014,0.34008752030786127,0.75,0.15832695364952087,1.0,0.9514971375465393,0.625,0.6122317723929882,0.625,0.5475088953971863,28,0.027494613081216812,0.3593575358390808,28,0.0
seed7_P_C2_warm_step400,7,P_C2_warm,400,easy,15,3000700015,0.20401306776329875,1.0,0.33425294514745474,1.0,2.106202468276024,0.0,2.874836280941963,0.0,0.7383664846420288,28,0.10486653447151184,0.5856714248657227,28,1.1920928955078125e-07
seed7_P_C2_warm_step400,7,P_C2_warm,400,easy,16,3000700016,1.409220963716507,0.375,0.3041740608168766,1.0,0.6676152981817722,0.75,0.6663878317922354,0.875,0.3729996979236603,28,0.04226154461503029,0.6892358064651489,28,5.960464477539063e-08
seed7_P_C2_warm_step400,7,P_C2_warm,400,easy,17,3000700017,0.3475126178818755,0.75,0.06686781352618709,1.0,1.0155236022546887,0.5,1.2796397721394897,0.625,0.498699426651001,28,0.1312509924173355,0.5517179369926453,28,-1.1920928955078125e-07
seed7_P_C2_warm_step400,7,P_C2_warm,400,easy,18,3000700018,0.033661786874290556,1.0,0.06973410863429308,1.0,2.4580840468406677,0.25,2.3505384624004364,0.0,0.5515255928039551,28,0.04648461565375328,0.5508631467819214,28,5.960464477539063e-08
seed7_P_C2_warm_step400,7,P_C2_warm,400,easy,19,3000700019,0.033492312068119645,1.0,0.8934006253257394,0.625,3.277585446834564,0.0,3.3941751793026924,0.0,0.5040790438652039,28,0.10172787308692932,0.4771338403224945,28,0.0
seed7_P_C2_warm_step400,7,P_C2_warm,400,easy,20,3000700020,0.12772950646467507,1.0,0.0981660793768242,1.0,1.2678355295211077,0.375,1.1391762495040894,0.25,0.5905395746231079,28,0.029973389580845833,0.704698383808136,28,0.0
seed7_P_C2_warm_step400,7,P_C2_warm,400,easy,21,3000700021,0.3758826458361,0.875,0.2516099887434393,1.0,2.544360652565956,0.375,3.447425127029419,0.25,0.5433979630470276,28,0.13226328790187836,0.5532287955284119,28,-1.1920928955078125e-07
seed7_P_C2_warm_step400,7,P_C2_warm,400,easy,22,3000700022,0.47519526025280356,0.75,0.25859200465492904,0.875,1.1829705331474543,0.5,2.6649307273328304,0.375,0.7027140259742737,28,0.07188748568296432,0.6890842318534851,28,1.1920928955078125e-07
seed7_P_C2_warm_step400,7,P_C2_warm,400,easy,23,3000700023,1.6673275828361511,0.25,0.21765137542388402,1.0,0.3028661673888564,0.875,0.3389241979457438,0.875,0.07033541053533554,28,0.01349480077624321,0.12208384275436401,28,5.960464477539063e-08
seed7_P_C2_warm_step400,7,P_C2_warm,400,easy,24,3000700024,1.8943256579805166,0.375,0.45340589713305235,0.75,1.6841498892754316,0.375,2.2310979664325714,0.125,0.6444622278213501,28,0.07082726806402206,0.6297633647918701,28,0.0
seed7_P_C2_warm_step400,7,P_C2_warm,400,easy,25,3000700025,0.025396061537321657,1.0,0.042107234010472894,1.0,0.8532170318067074,0.625,1.1877663880586624,0.5,0.6430553197860718,28,0.0461265929043293,0.6419710516929626,28,0.0
seed7_P_C2_warm_step400,7,P_C2_warm,400,easy,26,3000700026,1.2917265705764294,0.25,0.2223608298227191,1.0,5.895411819219589,0.0,3.28922438621521,0.0,0.09208924323320389,28,0.009306195192039013,0.14094606041908264,28,0.0
seed7_P_C2_warm_step400,7,P_C2_warm,400,easy,27,3000700027,0.5115183889865875,1.0,0.1031974172219634,1.0,1.910262793302536,0.0,1.1245810315012932,0.625,0.8786979913711548,28,0.138132244348526,0.7064167261123657,28,0.0
seed7_P_C2_warm_step400,7,P_C2_warm,400,easy,28,3000700028,0.37302528880536556,1.0,0.1752303815446794,1.0,2.050209626555443,0.125,2.3185402899980545,0.0,0.8182541131973267,28,0.10742375999689102,0.7346776127815247,28,-1.1920928955078125e-07
seed7_P_C2_warm_step400,7,P_C2_warm,400,easy,29,3000700029,0.5286974302725866,0.625,0.7361104330047965,0.875,3.1771562546491623,0.0,2.4110629707574844,0.0,0.36372438073158264,28,0.08582402765750885,0.22884182631969452,28,5.960464477539063e-08
seed7_P_C2_warm_step400,7,P_C2_warm,400,easy,30,3000700030,0.510449668392539,1.0,0.5388749551493675,0.625,3.1451566591858864,0.125,3.5778749883174896,0.0,0.7905016541481018,28,0.04310019686818123,0.8600667715072632,28,0.0
seed7_P_C2_warm_step400,7,P_C2_warm,400,easy,31,3000700031,0.3128101844340563,1.0,0.25736919650807977,0.875,1.540024608373642,0.125,1.6292838156223297,0.0,0.6122230887413025,28,0.04307295009493828,0.3456149399280548,28,1.788139485370266e-07
seed7_P_C2_warm_step400,7,P_C2_warm,400,easy,32,3000700032,0.9922634959220886,0.625,0.24801740515977144,1.0,2.6580148190259933,0.0,1.7069858983159065,0.125,0.7943503260612488,28,0.1011684313416481,0.686405599117279,28,0.0
seed7_P_C2_warm_step400,7,P_C2_warm,400,easy,33,3000700033,2.13441933732247,0.5,0.17296197917312384,1.0,0.41268380684778094,0.875,0.7465305719524622,0.75,0.085539311170578,28,0.07242736220359802,0.07816712558269501,28,5.960464477539063e-08
seed7_P_C2_warm_step400,7,P_C2_warm,400,easy,34,3000700034,0.22953359363600612,0.875,0.4461662885732949,0.75,5.063349366188049,0.0,4.856166690587997,0.0,0.6873472929000854,28,0.06984373927116394,0.7176024913787842,28,0.0
seed7_P_C2_warm_step400,7,P_C2_warm,400,easy,35,3000700035,0.011521850596182048,1.0,0.06884715674095787,1.0,1.2401647293008864,0.625,1.270907575264573,0.625,0.6172086596488953,28,0.029844559729099274,0.6651704907417297,28,0.0
seed7_P_C2_warm_step400,7,P_C2_warm,400,easy,36,3000700036,0.06075208121910691,1.0,0.26770946150645614,1.0,4.766320824623108,0.0,5.056988626718521,0.0,0.658174455165863,28,0.16739001870155334,0.6051120162010193,28,1.1920928955078125e-07
seed7_P_C2_warm_step400,7,P_C2_warm,400,easy,37,3000700037,0.15750045445747674,1.0,0.06748838280327618,1.0,1.4602983752265573,0.5,1.5103081911802292,0.125,0.6848021745681763,28,0.043719712644815445,0.7203775644302368,28,1.1920928955078125e-07
seed7_P_C2_warm_step400,7,P_C2_warm,400,easy,38,3000700038,0.14546783175319433,1.0,0.4456439493224025,0.875,2.3833657801151276,0.125,2.221693441271782,0.0,0.5746443271636963,28,0.03858086094260216,0.4413195550441742,28,5.960464477539063e-08
seed7_P_C2_warm_step400,7,P_C2_warm,400,easy,39,3000700039,2.474550887942314,0.375,0.3871662048622966,0.875,2.4904683604836464,0.125,1.6073221191763878,0.0,0.6690047979354858,28,0.08842059224843979,0.4926324188709259,28,0.0
seed7_P_C2_warm_step400,7,P_C2_warm,400,easy,40,3000700040,0.4829478350293357,0.75,0.10951262479647994,1.0,1.0144503857009113,0.625,0.5806120820343494,0.875,0.21462398767471313,28,0.30314940214157104,0.39277350902557373,28,0.0
seed7_P_C2_warm_step400,7,P_C2_warm,400,easy,41,3000700041,0.0617137294029817,1.0,0.07435162970796227,1.0,1.4713889360427856,0.25,2.0653544068336487,0.0,0.546162486076355,28,0.05267570540308952,0.641907811164856,28,-2.384185791015625e-07
seed7_P_C2_warm_step400,7,P_C2_warm,400,easy,42,3000700042,0.615239269201993,0.625,0.4200476299156435,0.75,0.8662614719942212,0.5,2.1115166768431664,0.125,0.6166837215423584,28,0.23287126421928406,0.8276032209396362,28,0.0
seed7_P_C2_warm_step400,7,P_C2_warm,400,easy,43,3000700043,1.6151991108781658,0.375,0.6941931843757629,0.5,0.9425637908279896,0.625,1.475563794374466,0.25,0.34741079807281494,28,0.041455142199993134,0.4753486216068268,28,0.0
seed7_P_C2_warm_step400,7,P_C2_warm,400,easy,44,3000700044,0.32771443168167025,0.75,0.4602116816677153,0.875,1.0848451666533947,0.5,1.1613221988081932,0.5,0.3399796783924103,28,0.07352323830127716,0.2759968638420105,28,0.0
seed7_P_C2_warm_step400,7,P_C2_warm,400,easy,45,3000700045,0.21172782592475414,1.0,0.5498238559812307,0.875,3.208654820919037,0.0,2.922081083059311,0.0,0.7219489216804504,28,0.09696660190820694,0.5471737384796143,28,5.960464477539063e-08
seed7_P_C2_warm_step400,7,P_C2_warm,400,easy,46,3000700046,0.3093488635495305,0.875,0.08426746359327808,1.0,2.1116750044748187,0.375,2.5275219157338142,0.25,0.5018210411071777,28,0.06062622740864754,0.7146629095077515,28,0.0
seed7_P_C2_warm_step400,7,P_C2_warm,400,easy,47,3000700047,0.7341095749288797,0.5,0.7509518349543214,0.5,1.719735749065876,0.25,1.8742721229791641,0.0,0.24191781878471375,28,0.10360224545001984,0.1110876277089119,28,0.0
seed7_P_C2_warm_step400,7,P_C2_warm,400,easy,48,3000700048,0.20094858622178435,1.0,0.10078897094354033,1.0,2.5597707629203796,0.0,2.472426325082779,0.0,0.4673508405685425,28,0.0816071629524231,0.4853859543800354,28,1.1920928955078125e-07
seed7_P_C2_warm_step400,7,P_C2_warm,400,easy,49,3000700049,0.7259745672345161,0.75,0.7163120899349451,0.5,1.9531654063612223,0.25,1.9625137746334076,0.375,0.4110059440135956,28,0.08814006298780441,0.6102107167243958,28,0.0
seed7_P_C2_warm_step400,7,P_C2_warm,400,easy,50,3000700050,0.606708250939846,0.75,0.40397885139100254,1.0,1.772438820451498,0.25,2.4757037833333015,0.125,0.9166156649589539,28,0.0146976038813591,0.9233700037002563,28,-1.1920928955078125e-07
seed7_P_C2_warm_step400,7,P_C2_warm,400,easy,51,3000700051,0.3076371606439352,1.0,0.12189705716446042,1.0,2.096013832837343,0.375,2.4914119504392147,0.125,0.7235065698623657,28,0.016872582957148552,0.6860700845718384,28,-1.1920928955078125e-07
seed7_P_C2_warm_step400,7,P_C2_warm,400,easy,52,3000700052,0.7688714792020619,0.75,0.06264462089166045,1.0,4.010057099163532,0.125,2.3949330300092697,0.25,0.9889557957649231,28,0.0623057596385479,1.0006574392318726,28,0.0
seed7_P_C2_warm_step400,7,P_C2_warm,400,easy,53,3000700053,0.9150753738358617,0.375,1.4214850063435733,0.25,1.2971571162343025,0.0,1.3449189737439156,0.5,0.6215872168540955,28,0.03690540790557861,0.344004362821579,28,0.0
seed7_P_C2_warm_step400,7,P_C2_warm,400,easy,54,3000700054,0.034087589068803936,1.0,0.04383029311429709,1.0,1.4509603548794985,0.5,1.7248297333717346,0.25,0.6973821520805359,28,0.10426096618175507,0.7543961405754089,28,5.960464477539063e-08
seed7_P_C2_warm_step400,7,P_C2_warm,400,easy,55,3000700055,2.4266255865222774,0.125,0.3081079915864393,1.0,1.1876343796029687,0.375,1.5553527474403381,0.125,0.41729646921157837,28,0.10168325155973434,0.528031587600708,28,-1.1920928955078125e-07
seed7_P_C2_warm_step400,7,P_C2_warm,400,easy,56,3000700056,0.31327226758003235,1.0,0.13831521244719625,1.0,1.2395341396331787,0.125,1.2241922095417976,0.25,0.3832540810108185,28,0.016621123999357224,0.2928438186645508,28,0.0
seed7_P_C2_warm_step400,7,P_C2_warm,400,easy,57,3000700057,0.13492800574749708,1.0,0.3907786477357149,1.0,2.5361114144325256,0.0,2.4727283865213394,0.0,0.5448009967803955,28,0.13295046985149384,0.5400619506835938,28,0.0
seed7_P_C2_warm_step400,7,P_C2_warm,400,easy,58,3000700058,0.796390799805522,0.75,0.14106938062468544,1.0,1.178545692237094,0.25,1.4750837669707835,0.625,0.9505532383918762,28,0.12514005601406097,0.9487238526344299,28,1.1920928955078125e-07
seed7_P_C2_warm_step400,7,P_C2_warm,400,easy,59,3000700059,0.8869341446552426,0.625,0.28536655101925135,1.0,1.6270860293880105,0.5,2.510127739980817,0.5,0.34763041138648987,28,0.21523083746433258,0.4947952628135681,28,5.960464477539063e-08
seed7_P_C2_warm_step400,7,P_C2_warm,400,easy,60,3000700060,0.1264987017493695,1.0,0.03571364644449204,1.0,0.41275862231850624,0.875,0.5325350360944867,0.75,0.22372032701969147,28,0.049361519515514374,0.41030412912368774,28,0.0
seed7_P_C2_warm_step400,7,P_C2_warm,400,easy,61,3000700061,0.03208712860941887,1.0,0.13578147627413273,1.0,1.7421500608325005,0.25,2.2832727134227753,0.25,0.7395839095115662,28,0.038037944585084915,0.6761577129364014,28,0.0
seed7_P_C2_warm_step400,7,P_C2_warm,400,easy,62,3000700062,1.1379773914813995,0.25,1.0776714216917753,0.375,1.8190123564563692,0.375,2.631931363604963,0.375,0.5902260541915894,28,0.01179254986345768,0.813633382320404,28,0.0
seed7_P_C2_warm_step400,7,P_C2_warm,400,easy,63,3000700063,0.055770125589333475,1.0,0.153709321282804,1.0,2.94518756121397,0.25,2.935727830976248,0.375,0.48798736929893494,28,0.10269813984632492,0.4917183220386505,28,0.0
seed7_P_C2_warm_step400,7,P_C2_warm,400,easy,64,3000700064,0.5755326843354851,0.5,0.26243807235732675,1.0,1.4181323582306504,0.25,1.0277224984019995,0.25,0.5285250544548035,28,0.009353650733828545,0.4275948107242584,28,-1.1920928955078125e-07
seed7_P_C2_warm_step400,7,P_C2_warm,400,easy,65,3000700065,1.2405194061575457,0.5,0.35063415206968784,0.875,0.32734295539557934,1.0,0.3255631998181343,1.0,0.07943268120288849,28,0.11080153286457062,0.08879045397043228,28,0.0
seed7_P_C2_warm_step400,7,P_C2_warm,400,easy,66,3000700066,0.4376775221899152,0.875,0.1440149238333106,1.0,1.4151085503399372,0.25,2.6354778110980988,0.125,0.8626134395599365,28,0.13341790437698364,0.9373312592506409,28,5.960464477539063e-08
seed7_P_C2_warm_step400,7,P_C2_warm,400,easy,67,3000700067,1.443034864962101,0.5,0.11419253912754357,1.0,3.8027469515800476,0.0,2.4380675554275513,0.0,0.8268296718597412,28,0.1110251322388649,0.6951342821121216,28,0.0
seed7_P_C2_warm_step400,7,P_C2_warm,400,easy,68,3000700068,0.041056222398765385,1.0,0.13804063759744167,1.0,2.9448047801852226,0.375,3.5225125961005688,0.375,0.6410070657730103,28,0.22529816627502441,0.7340901494026184,28,0.0
seed7_P_C2_warm_step400,7,P_C2_warm,400,easy,69,3000700069,1.9399421577109024,0.25,0.2403658414259553,1.0,2.215645800344646,0.5,1.7284958772361279,0.125,0.5477527976036072,28,0.08112919330596924,0.4990746080875397,28,-1.1920928955078125e-07
seed7_P_C2_warm_step400,7,P_C2_warm,400,easy,70,3000700070,0.3552711084485054,1.0,0.7053120671771467,0.5,2.723769336938858,0.125,3.1654142886400223,0.0,0.5427901744842529,28,0.11155489832162857,0.4705732464790344,28,-2.384185791015625e-07
seed7_P_C2_warm_step400,7,P_C2_warm,400,easy,71,3000700071,0.34658847033279017,0.875,0.10665406682528555,1.0,1.3689026311039925,0.625,1.1631499323993921,0.5,0.7958956360816956,28,0.15859192609786987,0.9244540333747864,28,1.1920928955078125e-07
seed7_P_C2_warm_step400,7,P_C2_warm,400,easy,72,3000700072,1.7893920987844467,0.125,0.2714120855089277,1.0,1.7038272693753242,0.25,1.6493749916553497,0.75,0.6744500398635864,28,0.1318254917860031,0.6501075029373169,28,0.0
seed7_P_C2_warm_step400,7,P_C2_warm,400,easy,73,3000700073,1.0836771372705698,0.5,0.5140318796038628,0.875,1.4940064996480942,0.5,2.0205284357070923,0.5,0.5637075901031494,28,0.03087703511118889,0.6324502229690552,28,5.960464477539063e-08
seed7_P_C2_warm_step400,7,P_C2_warm,400,easy,74,3000700074,0.274289003922604,0.875,0.19872406404465437,0.875,0.4378722542896867,0.875,1.011790495365858,0.625,0.036698903888463974,28,0.07609837502241135,0.13491231203079224,28,5.960464477539063e-08
seed7_P_C2_warm_step400,7,P_C2_warm,400,easy,75,3000700075,0.08534818104817532,1.0,0.09668516600504518,1.0,0.8297638716176152,0.75,1.0054068248718977,0.625,0.6191046237945557,28,0.014952394179999828,0.607842743396759,28,1.1920928955078125e-07
seed7_P_C2_warm_step400,7,P_C2_warm,400,easy,76,3000700076,0.1045895186252892,1.0,0.19703981978818774,1.0,3.4559531956911087,0.5,3.0629221349954605,0.0,0.5992485284805298,28,0.014633426442742348,0.7043502330780029,28,1.1920928955078125e-07
seed7_P_C2_warm_step400,7,P_C2_warm,400,easy,77,3000700077,0.2739918317529373,1.0,0.15152249298989773,1.0,1.5108263809233904,0.5,1.7409731969237328,0.5,0.47663646936416626,28,0.28964200615882874,0.5958666205406189,28,1.1920928955078125e-07
seed7_P_C2_warm_step400,7,P_C2_warm,400,easy,78,3000700078,0.39713609032332897,0.875,0.09857762651517987,1.0,3.049848973751068,0.125,2.727909207344055,0.25,0.6634907126426697,28,0.048079248517751694,0.649130642414093,28,-1.1920928955078125e-07
seed7_P_C2_warm_step400,7,P_C2_warm,400,easy,79,3000700079,0.9235488548874855,0.375,0.3354918786790222,1.0,1.4731912687420845,0.375,1.566158328205347,0.375,0.5635542273521423,28,0.06182699277997017,0.4304341673851013,28,-1.1920928955078125e-07
seed7_P_C2_warm_step400,7,P_C2_warm,400,easy,80,3000700080,0.4602490961551666,0.875,0.40180512331426144,1.0,2.2522765547037125,0.125,2.2629747446626425,0.125,0.3679041266441345,28,0.08603951334953308,0.4396957755088806,28,-1.1920928955078125e-07
seed7_P_C2_warm_step400,7,P_C2_warm,400,easy,81,3000700081,0.10137578879948705,1.0,0.22926610929425806,1.0,3.8383911745622754,0.125,2.9922234416007996,0.0,0.2837386727333069,28,0.07964911311864853,0.34349995851516724,28,0.0
seed7_P_C2_warm_step400,7,P_C2_warm,400,easy,82,3000700082,0.18552889511920512,1.0,0.12652894272468984,1.0,4.855237543582916,0.0,2.935041517019272,0.0,0.855160653591156,28,0.10673585534095764,0.8482382893562317,28,-1.1920928955078125e-07
seed7_P_C2_warm_step400,7,P_C2_warm,400,easy,83,3000700083,0.790292487014085,0.5,0.07045698259025812,1.0,1.7264381535351276,0.375,0.40107356011867523,0.875,0.3359115719795227,28,0.16782455146312714,0.45745110511779785,28,-1.1920928955078125e-07
seed7_P_C2_warm_step400,7,P_C2_warm,400,easy,84,3000700084,0.21585679799318314,1.0,0.3535063248127699,1.0,3.2388464212417603,0.0,3.928474009037018,0.0,0.5218074321746826,28,0.11082358658313751,0.32706695795059204,28,0.0
seed7_P_C2_warm_step400,7,P_C2_warm,400,easy,85,3000700085,0.47445872239768505,0.875,0.2284804435330443,1.0,2.111025699879974,0.125,2.0311777885071933,0.25,0.5868484377861023,28,0.04917868599295616,0.5892499685287476,28,0.0
seed7_P_C2_warm_step400,7,P_C2_warm,400,easy,86,3000700086,0.6521249311044812,0.75,0.5702868662774563,0.5,1.8041519224643707,0.25,1.3914335556328297,0.25,0.6453381776809692,28,0.03362942859530449,0.45481351017951965,28,-2.384185791015625e-07
seed7_P_C2_warm_step400,7,P_C2_warm,400,easy,87,3000700087,0.482443371322006,0.75,0.5128786987625062,0.875,1.8608225584030151,0.125,2.020552396774292,0.0,0.6221665143966675,28,0.02167576737701893,0.22244982421398163,28,0.0
seed7_P_C2_warm_step400,7,P_C2_warm,400,easy,88,3000700088,1.0150551348924637,0.375,0.6408835519105196,1.0,1.5832370147109032,0.375,1.8418843150138855,0.25,0.6201810836791992,28,0.023684348911046982,0.7833520770072937,28,0.0
seed7_P_C2_warm_step400,7,P_C2_warm,400,easy,89,3000700089,0.42867606692016125,0.875,0.13531423779204488,1.0,1.2443829104304314,0.25,1.092556171119213,0.125,0.31812283396720886,28,0.025234926491975784,0.3039918839931488,28,1.1920928955078125e-07
seed7_P_C2_warm_step400,7,P_C2_warm,400,easy,90,3000700090,0.4104175199754536,0.75,0.1732673468068242,1.0,0.3197723962366581,1.0,0.39488900266587734,0.875,0.058528631925582886,28,0.04614964872598648,0.0836087241768837,28,2.384185791015625e-07
seed7_P_C2_warm_step400,7,P_C2_warm,400,easy,91,3000700091,0.9430040810257196,0.5,0.5076771681196988,0.875,0.4745992887765169,1.0,1.3523336369544268,0.625,0.1945665031671524,28,0.1515987366437912,0.4897088408470154,28,-1.1920928955078125e-07
seed7_P_C2_warm_step400,7,P_C2_warm,400,easy,92,3000700092,0.3254500743933022,0.875,0.04140407539671287,1.0,0.6892851423472166,0.625,1.582229446619749,0.375,0.9519053101539612,28,0.17106564342975616,1.0223020315170288,28,1.1920928955078125e-07
seed7_P_C2_warm_step400,7,P_C2_warm,400,easy,93,3000700093,0.5411333944648504,0.75,0.21476824092678726,1.0,2.1495850533246994,0.0,1.8203211799263954,0.125,0.6546497344970703,28,0.0873788520693779,0.45263463258743286,28,0.0
seed7_P_C2_warm_step400,7,P_C2_warm,400,easy,94,3000700094,0.32826621551066637,0.875,0.1927010016515851,1.0,2.1404845267534256,0.25,3.5862770825624466,0.0,0.5155861377716064,28,0.12707704305648804,0.7070943713188171,28,1.1920928955078125e-07
seed7_P_C2_warm_step400,7,P_C2_warm,400,easy,95,3000700095,1.0272253255534451,0.25,0.2842132458463311,1.0,0.6103822658769786,0.875,0.8105734679847956,0.625,0.15825676918029785,28,0.15860551595687866,0.31852561235427856,28,0.0
seed7_P_C2_warm_step400,7,P_C2_warm,400,easy,96,3000700096,1.3611277490854263,0.375,0.4970488753169775,0.875,0.9880673736333847,0.625,1.0874874014407396,0.375,0.6432595252990723,28,0.09373036026954651,0.4046984016895294,28,0.0
seed7_P_C2_warm_step400,7,P_C2_warm,400,easy,97,3000700097,0.8928659133380279,0.5,0.05679670441895723,1.0,0.2718353741802275,0.875,0.22351220669224858,1.0,0.10674359649419785,28,0.024127544835209846,0.1026642695069313,28,0.0
seed7_P_C2_warm_step400,7,P_C2_warm,400,easy,98,3000700098,0.1886889711022377,1.0,0.4816050387453288,0.875,1.950728915631771,0.125,2.328977197408676,0.0,0.5854553580284119,28,0.03587663918733597,0.3817596137523651,28,-1.1920928955078125e-07
seed7_P_C2_warm_step400,7,P_C2_warm,400,easy,99,3000700099,0.5173169018235058,0.625,0.5539910951629281,0.625,2.6869281977415085,0.0,3.016255959868431,0.0,0.8091369271278381,28,0.08837886154651642,0.8157346248626709,28,0.0
seed7_P_C2_warm_step400,7,P_C2_warm,400,hard,0,3000710000,0.761876218020916,0.875,0.8616475611925125,0.875,0.855311930179596,0.875,0.852764293551445,0.875,0.02492799051105976,28,0.003883553668856621,0.015192885883152485,28,-1.1920928955078125e-07
seed7_P_C2_warm_step400,7,P_C2_warm,400,hard,1,3000710001,0.8317398950457573,0.875,1.1926840543746948,0.25,0.8874496594071388,0.875,0.9006767198443413,0.875,0.28732889890670776,28,0.0013177715009078383,0.23465220630168915,28,1.788139485370266e-07
seed7_P_C2_warm_step400,7,P_C2_warm,400,hard,2,3000710002,1.6031867563724518,0.375,1.58776293694973,0.0,1.5757988691329956,0.375,1.562935709953308,0.375,0.07169895619153976,28,0.00038052245508879423,0.05719529092311859,28,0.0
seed7_P_C2_warm_step400,7,P_C2_warm,400,hard,3,3000710003,1.3627097308635712,0.5,1.3170644342899323,0.5,1.3330856636166573,0.5,1.3323079496622086,0.5,0.04403199627995491,28,0.000932039984036237,0.050271082669496536,28,5.960464477539063e-08
seed7_P_C2_warm_step400,7,P_C2_warm,400,hard,4,3000710004,2.4012827277183533,0.0,2.382152885198593,0.0,1.6807272881269455,0.25,1.5867857187986374,0.25,0.025351669639348984,28,0.001266932929866016,0.023016424849629402,28,-1.1920928955078125e-07
seed7_P_C2_warm_step400,7,P_C2_warm,400,hard,5,3000710005,0.7582431063055992,1.0,0.7577782645821571,0.875,0.8236069157719612,1.0,0.816305860877037,1.0,0.2723540961742401,28,0.0022242730483412743,0.2722643315792084,28,0.0
seed7_P_C2_warm_step400,7,P_C2_warm,400,hard,6,3000710006,0.9903008714318275,0.625,1.2208866402506828,0.625,1.1456484273076057,0.625,1.1636548265814781,0.625,0.366517573595047,28,0.004100819118320942,0.3159709870815277,28,-1.1920928955078125e-07
seed7_P_C2_warm_step400,7,P_C2_warm,400,hard,7,3000710007,0.8373901657760143,0.375,0.8573677092790604,0.75,0.9231481701135635,0.625,0.9047085344791412,0.5,0.08987856656312943,28,0.01817052997648716,0.06779295206069946,28,1.1920928955078125e-07
seed7_P_C2_warm_step400,7,P_C2_warm,400,hard,8,3000710008,1.5867706201970577,0.5,1.5724310725927353,0.375,1.5067664608359337,0.5,1.5194239020347595,0.5,0.05974283814430237,28,0.0019483184441924095,0.06491807103157043,28,0.0
seed7_P_C2_warm_step400,7,P_C2_warm,400,hard,9,3000710009,1.5788488537073135,0.0,1.4423017650842667,0.125,1.5379095524549484,0.0,1.5410495102405548,0.0,0.02794153057038784,28,0.0008578322012908757,0.04562379792332649,28,0.0
seed7_P_C2_warm_step400,7,P_C2_warm,400,hard,10,3000710010,1.6938494443893433,0.25,1.6029538363218307,0.375,1.495968408882618,0.125,1.4863264113664627,0.375,0.5800163149833679,28,0.007061677519232035,0.46942296624183655,28,1.788139485370266e-07
seed7_P_C2_warm_step400,7,P_C2_warm,400,hard,11,3000710011,1.4136305153369904,0.5,1.3956875950098038,0.5,1.4047691598534584,0.5,1.4218522608280182,0.5,0.44450703263282776,28,0.003555719507858157,0.5957749485969543,28,1.788139485370266e-07
seed7_P_C2_warm_step400,7,P_C2_warm,400,hard,12,3000710012,1.4190138429403305,0.0,1.1604426801204681,0.375,1.2649952098727226,0.125,1.3152132704854012,0.0,0.08001211285591125,28,0.01092767994850874,0.16516035795211792,28,-1.1920928955078125e-07
seed7_P_C2_warm_step400,7,P_C2_warm,400,hard,13,3000710013,0.7824749499559402,0.75,0.8624162673950195,0.75,0.8176219165325165,0.75,0.8281415551900864,0.75,0.03374604508280754,28,0.0008398699574172497,0.03218992054462433,28,-1.1920928955078125e-07
seed7_P_C2_warm_step400,7,P_C2_warm,400,hard,14,3000710014,1.2614782899618149,0.625,1.0610992461442947,0.625,1.1333395317196846,0.25,1.1618127673864365,0.25,0.10798436403274536,28,0.010071486234664917,0.08189451694488525,28,1.1920928955078125e-07
seed7_P_C2_warm_step400,7,P_C2_warm,400,hard,15,3000710015,1.5089184194803238,0.25,1.4435717836022377,0.25,1.4391202479600906,0.25,1.4444285184144974,0.25,0.19219033420085907,28,0.000626398017629981,0.15887978672981262,28,0.0
seed7_P_C2_warm_step400,7,P_C2_warm,400,hard,16,3000710016,1.6248325929045677,0.5,1.519276350736618,0.5,1.562164954841137,0.5,1.553905501961708,0.5,0.2612149119377136,28,0.0019298047991469502,0.18028192222118378,28,0.0
seed7_P_C2_warm_step400,7,P_C2_warm,400,hard,17,3000710017,1.937869131565094,0.0,1.4744516909122467,0.0,1.8148238211870193,0.0,1.7960271686315536,0.0,0.10446739941835403,28,0.0006332674529403448,0.07953768223524094,28,0.0
seed7_P_C2_warm_step400,7,P_C2_warm,400,hard,18,3000710018,0.7984584756195545,0.625,0.8477405905723572,0.625,0.8854008167982101,0.625,0.8746935948729515,0.625,0.01105633843690157,28,0.005632008891552687,0.02042773924767971,28,0.0
seed7_P_C2_warm_step400,7,P_C2_warm,400,hard,19,3000710019,1.3551659435033798,0.125,1.2385196536779404,0.25,1.3155276253819466,0.125,1.3192358762025833,0.125,0.14724507927894592,28,0.0033420815598219633,0.16425669193267822,28,1.1920928955078125e-07
seed7_P_C2_warm_step400,7,P_C2_warm,400,hard,20,3000710020,0.8052423074841499,0.75,0.8914418816566467,0.75,0.8771110400557518,0.75,0.8710057735443115,0.75,0.03178170323371887,28,0.00714354682713747,0.026966813951730728,28,1.1920928955078125e-07
seed7_P_C2_warm_step400,7,P_C2_warm,400,hard,21,3000710021,1.1434096693992615,0.5,0.998649924993515,0.5,1.12144535779953,0.5,1.1518717631697655,0.5,0.2446485012769699,28,0.016407519578933716,0.4263986349105835,28,0.0
seed7_P_C2_warm_step400,7,P_C2_warm,400,hard,22,3000710022,0.746777318418026,0.625,0.7719886973500252,0.75,0.8110775873064995,0.625,0.8066200911998749,0.625,0.17246069014072418,28,0.001375062158331275,0.17208148539066315,28,-1.1920928955078125e-07
seed7_P_C2_warm_step400,7,P_C2_warm,400,hard,23,3000710023,1.46123456209898,0.375,1.37739909440279,0.375,1.4590929299592972,0.125,1.4437548890709877,0.375,0.15690071880817413,28,0.0018431268399581313,0.18710747361183167,28,0.0
seed7_P_C2_warm_step400,7,P_C2_warm,400,hard,24,3000710024,1.4199150055646896,0.25,1.3132852166891098,0.25,1.3815213441848755,0.25,1.4073799103498459,0.25,0.33789950609207153,28,0.012707974761724472,0.34202277660369873,28,1.1920928955078125e-07
seed7_P_C2_warm_step400,7,P_C2_warm,400,hard,25,3000710025,1.7255965173244476,0.0,1.2582866996526718,0.5,1.3612983375787735,0.0,1.422981172800064,0.0,0.12763457000255585,28,0.0018739445367828012,0.188019797205925,28,-1.1920928955078125e-07
seed7_P_C2_warm_step400,7,P_C2_warm,400,hard,26,3000710026,1.3551723212003708,0.25,1.3371115997433662,0.25,1.3707952126860619,0.25,1.359322540462017,0.25,0.0741647481918335,28,0.008164082653820515,0.15546482801437378,28,0.0
seed7_P_C2_warm_step400,7,P_C2_warm,400,hard,27,3000710027,2.0293981730937958,0.0,1.6869845986366272,0.0,1.611639752984047,0.125,1.4666760712862015,0.125,0.20737753808498383,28,0.015699047595262527,0.09805771708488464,28,0.0
seed7_P_C2_warm_step400,7,P_C2_warm,400,hard,28,3000710028,1.533675566315651,0.25,1.4365132376551628,0.5,1.55669654160738,0.25,1.5639309957623482,0.25,0.3923267722129822,28,0.0016341784503310919,0.4793282449245453,28,0.0
seed7_P_C2_warm_step400,7,P_C2_warm,400,hard,29,3000710029,1.2186990976333618,0.375,1.2385681793093681,0.375,0.8133358657360077,1.0,0.7475082725286484,1.0,0.603216290473938,28,0.009611579589545727,0.4220535457134247,28,5.960464477539063e-08
seed7_P_C2_warm_step400,7,P_C2_warm,400,hard,30,3000710030,1.1499491482973099,0.25,1.1545474156737328,0.25,1.2086687237024307,0.125,1.1963494569063187,0.125,0.22565622627735138,28,0.0008150041685439646,0.201539546251297,28,1.1920928955078125e-07
seed7_P_C2_warm_step400,7,P_C2_warm,400,hard,31,3000710031,1.7144649475812912,0.0,1.6454549580812454,0.0,1.753359243273735,0.0,1.7137486636638641,0.0,0.38238778710365295,28,0.0016097682528197765,0.32233309745788574,28,1.788139485370266e-07
seed7_P_C2_warm_step400,7,P_C2_warm,400,hard,32,3000710032,1.73199562728405,0.125,1.6052388325333595,0.125,1.648634746670723,0.0,1.6117859482765198,0.125,0.368947833776474,28,0.0042899190448224545,0.36521217226982117,28,-1.1920928955078125e-07
seed7_P_C2_warm_step400,7,P_C2_warm,400,hard,33,3000710033,0.9573120847344398,1.0,1.1114670187234879,0.75,1.0379090905189514,0.75,1.0409872978925705,0.75,0.048295579850673676,28,0.0004414277500472963,0.043763671070337296,28,0.0
seed7_P_C2_warm_step400,7,P_C2_warm,400,hard,34,3000710034,1.1927082389593124,0.25,1.067638985812664,0.375,1.4220475405454636,0.0,1.478761374950409,0.0,0.6780549883842468,28,0.002824474824592471,0.6920381188392639,28,0.0
seed7_P_C2_warm_step400,7,P_C2_warm,400,hard,35,3000710035,0.7693267241120338,1.0,0.84229351952672,0.75,1.3742055147886276,0.125,1.427458330988884,0.125,0.4476914703845978,28,0.007113054860383272,0.34239661693573,28,-1.1920928955078125e-07
seed7_P_C2_warm_step400,7,P_C2_warm,400,hard,36,3000710036,1.6511694081127644,0.125,1.492918074131012,0.125,1.5312664657831192,0.125,1.4996965676546097,0.125,0.02224631980061531,28,0.0017276726430281997,0.018178848549723625,28,-2.384185791015625e-07
seed7_P_C2_warm_step400,7,P_C2_warm,400,hard,37,3000710037,1.0056769475340843,0.625,1.0040358752012253,0.75,1.428406998515129,0.125,1.3118644058704376,0.25,0.21896271407604218,28,0.006943371146917343,0.2847464084625244,28,-1.1920928955078125e-07
seed7_P_C2_warm_step400,7,P_C2_warm,400,hard,38,3000710038,0.922327034175396,0.875,1.0144213810563087,1.0,0.998489536345005,0.875,1.003194272518158,0.875,0.26106539368629456,28,0.0011010149028152227,0.21134506165981293,28,0.0
seed7_P_C2_warm_step400,7,P_C2_warm,400,hard,39,3000710039,1.494797095656395,0.0,1.0264434218406677,0.5,1.286512166261673,0.375,1.3086589872837067,0.25,0.038437504321336746,28,0.006627415306866169,0.03918464109301567,28,2.384185791015625e-07
seed7_P_C2_warm_step400,7,P_C2_warm,400,hard,40,3000710040,0.6058972477912903,0.875,0.6210137419402599,0.875,1.0363220870494843,0.75,1.1013890132308006,0.5,0.03179217129945755,28,0.0037119474727660418,0.027617447078227997,28,5.960464477539063e-08
seed7_P_C2_warm_step400,7,P_C2_warm,400,hard,41,3000710041,1.4413922615349293,0.375,1.430854506790638,0.375,1.435260035097599,0.375,1.423127792775631,0.375,0.12469590455293655,28,0.005040992982685566,0.09735354781150818,28,1.1920928955078125e-07
seed7_P_C2_warm_step400,7,P_C2_warm,400,hard,42,3000710042,1.6290300637483597,0.0,1.4431263208389282,0.0,1.5933501422405243,0.0,1.5744723081588745,0.0,0.17228522896766663,28,0.0012930631637573242,0.04987402632832527,28,5.960464477539063e-08
seed7_P_C2_warm_step400,7,P_C2_warm,400,hard,43,3000710043,1.8206005543470383,0.0,1.498708263039589,0.0,1.5906530171632767,0.0,1.586943045258522,0.0,0.024746118113398552,28,0.003781110281124711,0.024699484929442406,28,-1.1920928955078125e-07
seed7_P_C2_warm_step400,7,P_C2_warm,400,hard,44,3000710044,1.1911392360925674,0.5,1.0972164645791054,0.625,1.2113381922245026,0.5,1.256201721727848,0.5,0.2815665602684021,28,0.008139684796333313,0.27572008967399597,28,0.0
seed7_P_C2_warm_step400,7,P_C2_warm,400,hard,45,3000710045,2.1369012221693993,0.25,1.8970112055540085,0.25,2.158705234527588,0.125,2.091113433241844,0.25,0.40342870354652405,28,0.002740046940743923,0.26683902740478516,28,1.1920928955078125e-07
seed7_P_C2_warm_step400,7,P_C2_warm,400,hard,46,3000710046,1.1659209579229355,0.25,1.10322055965662,0.5,1.1716040149331093,0.375,1.169068694114685,0.5,0.12872314453125,28,0.002569694770500064,0.1358305662870407,28,0.0
seed7_P_C2_warm_step400,7,P_C2_warm,400,hard,47,3000710047,1.2251971140503883,0.625,1.1317312568426132,0.625,1.256167508661747,0.5,1.2421146035194397,0.5,0.357673704624176,28,0.004322918597608805,0.3609577715396881,28,0.0
seed7_P_C2_warm_step400,7,P_C2_warm,400,hard,48,3000710048,1.563175730407238,0.125,1.7263348624110222,0.0,1.3877585530281067,0.125,1.387663334608078,0.125,0.07374060153961182,28,0.02204500325024128,0.09047399461269379,28,0.0
seed7_P_C2_warm_step400,7,P_C2_warm,400,hard,49,3000710049,0.671399425715208,0.875,0.7144125439226627,0.875,1.217716634273529,0.375,1.200517013669014,0.625,0.37724360823631287,28,0.003060509217903018,0.3203394412994385,28,0.0
seed7_P_C2_warm_step400,7,P_C2_warm,400,hard,50,3000710050,0.9370225146412849,1.0,0.9685952886939049,0.75,1.0334912165999413,0.875,1.0169792920351028,1.0,0.8436488509178162,28,0.0042684078216552734,0.7314447164535522,28,0.0
seed7_P_C2_warm_step400,7,P_C2_warm,400,hard,51,3000710051,1.2480489052832127,0.5,1.3928796499967575,0.125,1.4460435062646866,0.0,1.4668129235506058,0.0,0.12821261584758759,28,0.0038182225544005632,0.09841933101415634,28,-1.1920928955078125e-07
seed7_P_C2_warm_step400,7,P_C2_warm,400,hard,52,3000710052,1.579581405967474,0.25,1.181933231651783,0.5,1.4571909308433533,0.25,1.4411862194538116,0.25,0.0309782512485981,28,0.0008281341870315373,0.021667467430233955,28,-1.1920928955078125e-07
seed7_P_C2_warm_step400,7,P_C2_warm,400,hard,53,3000710053,1.365777850151062,0.125,1.2885843217372894,0.25,1.3390915393829346,0.125,1.346050277352333,0.0,0.032293856143951416,28,0.0012026813346892595,0.05408935993909836,28,0.0
seed7_P_C2_warm_step400,7,P_C2_warm,400,hard,54,3000710054,1.0130090564489365,0.375,1.0233920365571976,0.875,1.043627254664898,0.625,1.0606711879372597,0.5,0.08164630830287933,28,0.0037846120540052652,0.0738094374537468,28,0.0
seed7_P_C2_warm_step400,7,P_C2_warm,400,hard,55,3000710055,1.389665886759758,0.0,1.317740187048912,0.0,1.3792432248592377,0.0,1.365317314863205,0.0,0.13644185662269592,28,0.00020044404664076865,0.06001932546496391,28,0.0
seed7_P_C2_warm_step400,7,P_C2_warm,400,hard,56,3000710056,1.8477467261254787,0.375,1.5042099878191948,0.375,1.800583466887474,0.375,1.745156466960907,0.375,0.35365617275238037,28,0.0063502066768705845,0.14116507768630981,28,0.0
seed7_P_C2_warm_step400,7,P_C2_warm,400,hard,57,3000710057,1.0660678185522556,0.5,1.0711396634578705,0.5,1.109929472208023,0.5,1.1017429530620575,0.5,0.031177818775177002,28,0.0011275645811110735,0.031733281910419464,28,0.0
seed7_P_C2_warm_step400,7,P_C2_warm,400,hard,58,3000710058,1.8373277336359024,0.0,1.5975172966718674,0.0,1.7828990817070007,0.0,1.7664896100759506,0.0,0.19841323792934418,28,0.0004922322113998234,0.14256243407726288,28,-1.1920928955078125e-07
seed7_P_C2_warm_step400,7,P_C2_warm,400,hard,59,3000710059,1.173879124224186,0.5,1.1011281460523605,0.5,1.3164656907320023,0.5,1.2998241037130356,0.5,0.16389018297195435,28,0.0016437130980193615,0.17978599667549133,28,0.0
seed7_P_C2_warm_step400,7,P_C2_warm,400,hard,60,3000710060,2.1950105130672455,0.0,2.0540428534150124,0.125,1.728677287697792,0.125,1.6690441966056824,0.25,0.4250265657901764,28,0.03176729008555412,0.42050009965896606,28,-1.1920928955078125e-07
seed7_P_C2_warm_step400,7,P_C2_warm,400,hard,61,3000710061,0.9612814486026764,0.75,1.2310607582330704,0.375,1.0286107659339905,0.875,1.037747636437416,0.75,0.032857056707143784,28,0.0003871577209793031,0.042184311896562576,28,1.1920928955078125e-07
seed7_P_C2_warm_step400,7,P_C2_warm,400,hard,62,3000710062,1.1363919824361801,1.0,1.1202797591686249,1.0,1.1817810237407684,1.0,1.1385308504104614,1.0,0.5556302666664124,28,0.002107132924720645,0.4825425446033478,28,5.960464477539063e-08
seed7_P_C2_warm_step400,7,P_C2_warm,400,hard,63,3000710063,2.3760100826621056,0.375,2.110866479575634,0.375,2.233140580356121,0.25,2.2374187037348747,0.25,0.39028850197792053,28,0.0019786679185926914,0.4059658944606781,28,0.0
seed7_P_C2_warm_step400,7,P_C2_warm,400,hard,64,3000710064,0.9755095914006233,0.5,0.973861426115036,0.75,1.0182631239295006,0.5,1.0227757468819618,0.5,0.13276690244674683,28,0.0010697607649490237,0.23712734878063202,28,-2.384185791015625e-07
seed7_P_C2_warm_step400,7,P_C2_warm,400,hard,65,3000710065,1.6135416477918625,0.0,1.4201381653547287,0.25,1.5498020499944687,0.0,1.5550479292869568,0.0,0.028739431872963905,28,0.0011268578236922622,0.033450573682785034,28,0.0
seed7_P_C2_warm_step400,7,P_C2_warm,400,hard,66,3000710066,1.6446786969900131,0.0,1.3225975334644318,0.0,1.491773322224617,0.0,1.5164171010255814,0.0,0.03820543736219406,28,0.0009579382021911442,0.04532383382320404,28,0.0
seed7_P_C2_warm_step400,7,P_C2_warm,400,hard,67,3000710067,1.174502246081829,0.375,1.2586804404854774,0.25,1.2285517156124115,0.25,1.195342667400837,0.25,0.3505648374557495,28,0.00023625792528036982,0.3021044433116913,28,1.1920928955078125e-07
seed7_P_C2_warm_step400,7,P_C2_warm,400,hard,68,3000710068,1.3871569260954857,0.375,1.182216264307499,0.375,1.3301244601607323,0.375,1.3148620948195457,0.375,0.04557575657963753,28,0.00018061698938254267,0.03191019594669342,28,0.0
seed7_P_C2_warm_step400,7,P_C2_warm,400,hard,69,3000710069,1.1154133826494217,0.625,1.020042821764946,1.0,1.1346845552325249,0.625,1.1621181443333626,0.625,0.5319318771362305,28,0.006741023622453213,0.5988223552703857,28,5.960464477539063e-08
seed7_P_C2_warm_step400,7,P_C2_warm,400,hard,70,3000710070,1.1755867898464203,0.875,1.1380149871110916,0.875,1.1644583940505981,0.875,1.1726444065570831,0.875,0.8299427628517151,28,0.003326286328956485,0.8588325381278992,28,-1.1920928955078125e-07
seed7_P_C2_warm_step400,7,P_C2_warm,400,hard,71,3000710071,1.1249061599373817,0.5,1.1488479748368263,0.5,1.1336889863014221,0.5,1.1325575187802315,0.5,0.042499836534261703,28,0.0010484117083251476,0.04651789739727974,28,0.0
seed7_P_C2_warm_step400,7,P_C2_warm,400,hard,72,3000710072,2.0812015533447266,0.0,1.9561946541070938,0.0,1.7165027111768723,0.0,1.6662112027406693,0.0,0.13711747527122498,28,0.04553559049963951,0.182028666138649,28,0.0
seed7_P_C2_warm_step400,7,P_C2_warm,400,hard,73,3000710073,1.4540345445275307,0.25,1.1455912664532661,0.375,1.3000134229660034,0.0,1.1292493492364883,0.5,0.7860548496246338,28,0.01885315403342247,0.5181243419647217,28,0.0
seed7_P_C2_warm_step400,7,P_C2_warm,400,hard,74,3000710074,2.381612002849579,0.0,2.1104346364736557,0.0,2.113604500889778,0.0,2.118079796433449,0.0,0.2889169752597809,28,0.0034814393147826195,0.30874988436698914,28,0.0
seed7_P_C2_warm_step400,7,P_C2_warm,400,hard,75,3000710075,2.06388121843338,0.0,1.793302282691002,0.25,1.9755209684371948,0.0,1.9711026698350906,0.0,0.2104784995317459,28,0.0006204524543136358,0.20912982523441315,28,0.0
seed7_P_C2_warm_step400,7,P_C2_warm,400,hard,76,3000710076,1.607589676976204,0.0,1.4558731764554977,0.0,1.5980549156665802,0.0,1.6570341438055038,0.0,0.042261604219675064,28,0.005104491021484137,0.0370284840464592,28,5.960464477539063e-08
seed7_P_C2_warm_step400,7,P_C2_warm,400,hard,77,3000710077,0.6289402768015862,0.875,1.241574041545391,0.125,0.7429003268480301,0.875,0.7514660954475403,0.875,0.03717344254255295,28,0.0002889377938117832,0.03332378342747688,28,0.0
seed7_P_C2_warm_step400,7,P_C2_warm,400,hard,78,3000710078,1.4230298027396202,0.375,1.529066063463688,0.375,1.4758020788431168,0.375,1.4910327270627022,0.375,0.26307857036590576,28,0.0011906730942428112,0.20397044718265533,28,0.0
seed7_P_C2_warm_step400,7,P_C2_warm,400,hard,79,3000710079,0.940895602107048,0.625,0.9468528777360916,0.625,0.9876858741044998,0.625,0.9617730677127838,0.625,0.054059915244579315,28,0.0096915727481246,0.09171020239591599,28,0.0
seed7_P_C2_warm_step400,7,P_C2_warm,400,hard,80,3000710080,1.5109388455748558,0.5,1.451474517583847,0.375,1.4727299362421036,0.5,1.4804025068879128,0.5,0.3454107642173767,28,0.00694773904979229,0.35022008419036865,28,0.0
seed7_P_C2_warm_step400,7,P_C2_warm,400,hard,81,3000710081,1.2656914591789246,0.375,1.2883130013942719,0.375,1.2686869874596596,0.25,1.2084690853953362,0.125,0.25083547830581665,28,0.006996395532041788,0.08823467046022415,28,5.960464477539063e-08
seed7_P_C2_warm_step400,7,P_C2_warm,400,hard,82,3000710082,0.5410337839275599,1.0,0.688812255859375,0.625,1.0869779139757156,0.25,1.1555343940854073,0.375,0.6129615902900696,28,0.0070465062744915485,0.5223692655563354,28,-1.1920928955078125e-07
seed7_P_C2_warm_step400,7,P_C2_warm,400,hard,83,3000710083,1.0644911006093025,0.625,0.9801652580499649,0.625,1.0887491181492805,0.625,1.085793361067772,0.625,0.22831007838249207,28,0.006532550323754549,0.06843488663434982,28,-1.1920928955078125e-07
seed7_P_C2_warm_step400,7,P_C2_warm,400,hard,84,3000710084,0.9706901237368584,0.875,1.0446233749389648,0.625,1.056101568043232,0.375,1.0546482279896736,0.375,0.04940701648592949,28,0.00011364051897544414,0.0539902038872242,28,5.960464477539063e-08
seed7_P_C2_warm_step400,7,P_C2_warm,400,hard,85,3000710085,1.3701681047677994,0.375,1.1043345481157303,0.875,1.3652482628822327,0.375,1.3599821329116821,0.375,0.6253350377082825,28,0.0008670134702697396,0.6263360977172852,28,-1.1920928955078125e-07
seed7_P_C2_warm_step400,7,P_C2_warm,400,hard,86,3000710086,1.3635663241147995,0.125,1.1647827923297882,0.5,1.3834533840417862,0.125,1.404099352657795,0.125,0.21768979728221893,28,0.005853018723428249,0.22378012537956238,28,5.960464477539063e-08
seed7_P_C2_warm_step400,7,P_C2_warm,400,hard,87,3000710087,0.9296216815710068,0.75,1.1551797464489937,0.625,0.9753009304404259,0.75,0.9826946780085564,0.75,0.03300511837005615,28,0.0007604467100463808,0.03057016059756279,28,0.0
seed7_P_C2_warm_step400,7,P_C2_warm,400,hard,88,3000710088,1.0220558419823647,0.875,1.0399217903614044,1.0,1.0897316560149193,1.0,1.094126045703888,1.0,0.28898850083351135,28,0.000680968223605305,0.22759409248828888,28,-1.1920928955078125e-07
seed7_P_C2_warm_step400,7,P_C2_warm,400,hard,89,3000710089,1.6502937525510788,0.0,1.4937164932489395,0.0,1.5574742704629898,0.0,1.5828926712274551,0.0,0.0827401876449585,28,0.005916929803788662,0.07059279084205627,28,-1.1920928955078125e-07
seed7_P_C2_warm_step400,7,P_C2_warm,400,hard,90,3000710090,1.0552201196551323,0.625,0.9752406552433968,0.625,1.1160039752721786,0.625,1.0963910892605782,0.625,0.621785044670105,28,0.0019009412499144673,0.4371742606163025,28,-1.1920928955078125e-07
seed7_P_C2_warm_step400,7,P_C2_warm,400,hard,91,3000710091,1.1510673835873604,0.375,0.8954520151019096,0.625,1.1450248807668686,0.375,1.1235789060592651,0.375,0.20227651298046112,28,0.00365601503290236,0.08431504666805267,28,5.960464477539063e-08
seed7_P_C2_warm_step400,7,P_C2_warm,400,hard,92,3000710092,1.1059283465147018,0.5,1.0615568608045578,0.375,1.1063585802912712,0.5,1.088884398341179,0.5,0.08736730366945267,28,0.00904751755297184,0.07355475425720215,28,5.960464477539063e-08
seed7_P_C2_warm_step400,7,P_C2_warm,400,hard,93,3000710093,1.7069643288850784,0.0,1.516932025551796,0.0,1.6307951211929321,0.0,1.6135037690401077,0.0,0.07753591984510422,28,0.0030486967880278826,0.05888569355010986,28,0.0
seed7_P_C2_warm_step400,7,P_C2_warm,400,hard,94,3000710094,1.2544526010751724,0.5,1.2697614431381226,0.375,1.314613938331604,0.25,1.317347452044487,0.25,0.2054489701986313,28,0.001688810414634645,0.3185507655143738,28,0.0
seed7_P_C2_warm_step400,7,P_C2_warm,400,hard,95,3000710095,1.287967562675476,0.25,1.2999915927648544,0.25,1.3369175493717194,0.0,1.348177284002304,0.0,0.7742835879325867,28,0.009740670211613178,0.6437482237815857,28,-1.1920928955078125e-07
seed7_P_C2_warm_step400,7,P_C2_warm,400,hard,96,3000710096,1.5717071816325188,0.375,1.2775108590722084,0.375,1.4811143577098846,0.375,1.4942346662282944,0.375,0.1823170930147171,28,0.018314173445105553,0.20243318378925323,28,1.1920928955078125e-07
seed7_P_C2_warm_step400,7,P_C2_warm,400,hard,97,3000710097,1.1688354015350342,0.25,1.0117081329226494,0.625,1.2080415785312653,0.25,1.1986390948295593,0.25,0.2506021559238434,28,0.0046948641538619995,0.3004482388496399,28,-1.1920928955078125e-07
seed7_P_C2_warm_step400,7,P_C2_warm,400,hard,98,3000710098,0.9841101914644241,0.75,1.075217179954052,0.75,1.0624402165412903,0.75,1.0683379471302032,0.75,0.06533809751272202,28,0.0011646386701613665,0.0759250819683075,28,0.0
seed7_P_C2_warm_step400,7,P_C2_warm,400,hard,99,3000710099,1.1102759018540382,0.25,0.8978649005293846,1.0,1.1532709673047066,0.25,1.1624068021774292,0.25,0.3610064685344696,28,0.0006594594451598823,0.3118402659893036,28,5.960464477539063e-08
seed17_original_P,17,original_P,0,easy,0,3001700000,1.1548305787146091,0.5,1.3475795574486256,0.5,1.74026208370924,0.125,1.829774186015129,0.375,0.9464510679244995,28,0.012514634057879448,0.9576256275177002,28,0.0
seed17_original_P,17,original_P,0,easy,1,3001700001,1.253555379807949,0.25,0.19357320107519627,1.0,1.0605172608047724,0.75,1.5361410733312368,0.5,0.3746902048587799,28,0.005571687128394842,0.35739418864250183,28,0.0
seed17_original_P,17,original_P,0,easy,2,3001700002,0.1294425195083022,1.0,0.20526964450255036,1.0,6.302811354398727,0.0,5.631454139947891,0.0,0.6648253202438354,28,0.013284317217767239,0.5963795781135559,28,-1.1920928955078125e-07
seed17_original_P,17,original_P,0,easy,3,3001700003,0.08000440790783614,1.0,0.08383300015702844,1.0,8.749381333589554,0.0,8.905893355607986,0.0,0.5370104312896729,28,0.05101330950856209,0.470153272151947,28,1.1920928955078125e-07
seed17_original_P,17,original_P,0,easy,4,3001700004,0.09084096638252959,1.0,0.13997839158400893,1.0,8.375503063201904,0.0,4.2598622143268585,0.0,0.8941991329193115,28,0.1387810856103897,0.8447673320770264,28,5.960464477539063e-08
seed17_original_P,17,original_P,0,easy,5,3001700005,2.0519225327298045,0.125,0.7014031168073416,0.625,0.957048024982214,0.875,0.9168556295335293,0.875,0.025462456047534943,28,0.010625547729432583,0.021765435114502907,28,0.0
seed17_original_P,17,original_P,0,easy,6,3001700006,1.0924223579349928,0.25,0.6349280765280128,0.75,2.0762224569916725,0.25,2.973534971475601,0.0,0.09529484063386917,28,0.030347581952810287,0.1216907724738121,28,-1.1920928955078125e-07
seed17_original_P,17,original_P,0,easy,7,3001700007,1.9231747537851334,0.25,0.7132050599902868,0.5,1.3010190278291702,0.625,1.2821098566055298,0.625,0.8259152173995972,28,0.012618375942111015,0.7664176821708679,28,0.0
seed17_original_P,17,original_P,0,easy,8,3001700008,1.4033166579902172,0.5,0.5141458981670439,0.625,6.224718689918518,0.0,5.076077684760094,0.0,0.8412163257598877,28,0.06396716833114624,0.7824165225028992,28,-1.1920928955078125e-07
seed17_original_P,17,original_P,0,easy,9,3001700009,1.672309318673797,0.5,1.9205679148435593,0.5,5.478823304176331,0.0,5.061870977282524,0.125,0.7411654591560364,28,0.034276481717824936,0.719948410987854,28,5.960464477539063e-08
seed17_original_P,17,original_P,0,easy,10,3001700010,0.02172235504258424,1.0,0.031205965671688318,1.0,8.992363333702087,0.0,8.494875609874725,0.0,0.6100081205368042,28,0.029180966317653656,0.5426314473152161,28,1.1920928955078125e-07
seed17_original_P,17,original_P,0,easy,11,3001700011,0.35816596646327525,0.75,0.31452395766973495,1.0,6.238807201385498,0.0,6.317090332508087,0.0,0.8858066201210022,28,0.03665677458047867,0.901030421257019,28,-1.1920928955078125e-07
seed17_original_P,17,original_P,0,easy,12,3001700012,0.08682150579988956,1.0,0.12520889227744192,1.0,4.969171389937401,0.0,4.429722771048546,0.0,0.8140243887901306,28,0.019506007432937622,0.8605238199234009,28,0.0
seed17_original_P,17,original_P,0,easy,13,3001700013,2.0908488158602268,0.5,0.33569061383605003,1.0,3.627402126789093,0.0,2.9478647112846375,0.0,0.05637045204639435,28,0.021278437227010727,0.0480336993932724,28,5.960464477539063e-08
seed17_original_P,17,original_P,0,easy,14,3001700014,0.4551248224452138,0.875,0.24738879967480898,0.875,2.3471374213695526,0.125,2.4612954072654247,0.125,0.4141943156719208,28,0.004291623830795288,0.4183657765388489,28,1.788139485370266e-07
seed17_original_P,17,original_P,0,easy,15,3001700015,0.21123872656608,1.0,0.33383356779813766,1.0,7.191296726465225,0.0,7.0942074954509735,0.0,0.3498745262622833,28,0.048209235072135925,0.5532746315002441,28,0.0
seed17_original_P,17,original_P,0,easy,16,3001700016,1.656191580928862,0.5,0.35617299284785986,0.875,6.351685106754303,0.125,5.714347213506699,0.5,0.7355747818946838,28,0.19675570726394653,0.5664749145507812,28,-1.1920928955078125e-07
seed17_original_P,17,original_P,0,easy,17,3001700017,1.4447392535512336,0.375,0.2850343016907573,0.875,2.863738849759102,0.25,2.561927929520607,0.375,0.04434582218527794,28,0.005409749690443277,0.04435574263334274,28,-1.1920928955078125e-07
seed17_original_P,17,original_P,0,easy,18,3001700018,1.400031381752342,0.5,0.46450391272082925,0.5,6.976580128073692,0.0,6.120959773659706,0.5,0.7874004244804382,28,0.04191605746746063,0.7649134397506714,28,0.0
seed17_original_P,17,original_P,0,easy,19,3001700019,1.5929650738835335,0.375,1.2885292954742908,0.25,3.492241248488426,0.0,3.058296613395214,0.0,0.6969793438911438,28,0.04940124973654747,0.6546985507011414,28,0.0
seed17_original_P,17,original_P,0,easy,20,3001700020,1.479356313124299,0.625,0.3431376373337116,0.75,7.673588380217552,0.0,2.3582778312265873,0.25,0.7479302883148193,28,0.03158567100763321,0.7848102450370789,28,0.0
seed17_original_P,17,original_P,0,easy,21,3001700021,1.5399177316576242,0.375,0.2749562505632639,1.0,4.340687222778797,0.625,4.2735099494457245,0.625,0.6805867552757263,28,0.03357785567641258,0.6453154683113098,28,1.1920928955078125e-07
seed17_original_P,17,original_P,0,easy,22,3001700022,0.013685568235814571,1.0,0.244002103805542,1.0,8.798851042985916,0.0,8.193901807069778,0.0,0.793418824672699,28,0.03346628695726395,0.7451029419898987,28,-1.1920928955078125e-07
seed17_original_P,17,original_P,0,easy,23,3001700023,1.0861604060046375,0.625,0.23719360516406596,1.0,6.035662591457367,0.25,6.480889946222305,0.25,0.8215709924697876,28,0.026266850531101227,0.7994391918182373,28,5.960464477539063e-08
seed17_original_P,17,original_P,0,easy,24,3001700024,0.186132509727031,1.0,0.1450285023311153,1.0,7.490690767765045,0.0,3.7935957461595535,0.0,0.704816997051239,28,0.07765748351812363,0.7173773646354675,28,0.0
seed17_original_P,17,original_P,0,easy,25,3001700025,0.2080159010947682,1.0,0.2596750969532877,1.0,8.768935084342957,0.0,7.694631636142731,0.0,0.5158068537712097,28,0.04537184163928032,0.4457131028175354,28,0.0
seed17_original_P,17,original_P,0,easy,26,3001700026,0.5753110754303634,0.875,1.1653352864086628,0.625,5.231712162494659,0.0,4.8242838233709335,0.0,0.1449289321899414,28,0.042498864233493805,0.27375322580337524,28,5.960464477539063e-08
seed17_original_P,17,original_P,0,easy,27,3001700027,0.006842608272563666,1.0,0.04052712011616677,1.0,6.056391358375549,0.0,4.853703618049622,0.0,0.3658049404621124,28,0.037260670214891434,0.356301486492157,28,-1.1920928955078125e-07
seed17_original_P,17,original_P,0,easy,28,3001700028,1.8266399670392275,0.5,1.0346101010218263,0.5,1.7559984177350998,0.0,1.589880309998989,0.125,0.9315646290779114,28,0.021857215091586113,0.9087320566177368,28,-1.1920928955078125e-07
seed17_original_P,17,original_P,0,easy,29,3001700029,1.9039363620686345,0.5,0.616607534699142,0.625,3.045095443725586,0.0,3.4827193543314934,0.0,0.03674975782632828,28,0.00991608202457428,0.034506212919950485,28,1.1920928955078125e-07
seed17_original_P,17,original_P,0,easy,30,3001700030,1.4453240232542157,0.5,0.43364346702583134,0.75,2.85080823302269,0.0,2.2237396240234375,0.375,0.8375976085662842,28,0.10807187855243683,0.8008081912994385,28,-1.1920928955078125e-07
seed17_original_P,17,original_P,0,easy,31,3001700031,0.7404117263504304,0.625,0.2558540995232761,0.875,4.585351824760437,0.0,5.062685042619705,0.375,0.0832098051905632,28,0.0833033099770546,0.05700143426656723,28,0.0
seed17_original_P,17,original_P,0,easy,32,3001700032,0.40785631723701954,0.875,0.40785631723701954,0.875,6.288254350423813,0.0,5.008179698139429,0.125,0.12094797939062119,28,0.06513427197933197,0.19272403419017792,21,-1.1920928955078125e-07
seed17_original_P,17,original_P,0,easy,33,3001700033,0.10552572831511497,1.0,0.10324608883820474,1.0,4.979467183351517,0.0,5.730561256408691,0.0,0.8247280716896057,28,0.11986234039068222,0.7789644002914429,28,-1.1920928955078125e-07
seed17_original_P,17,original_P,0,easy,34,3001700034,0.0031136280740611255,1.0,0.540125040570274,1.0,6.39735072851181,0.0,6.117687106132507,0.0,0.6507221460342407,28,0.012075988575816154,0.6225937604904175,28,-1.1920928955078125e-07
seed17_original_P,17,original_P,0,easy,35,3001700035,0.07170242530992255,1.0,0.019067529472522438,1.0,8.159056693315506,0.0,8.073939204216003,0.0,0.4528498947620392,28,0.009992122650146484,0.5309510231018066,28,0.0
seed17_original_P,17,original_P,0,easy,36,3001700036,0.5488265890162438,0.75,0.22244183346629143,1.0,4.0880416333675385,0.0,3.254896342754364,0.0,0.030121739953756332,28,0.00420254934579134,0.03241414576768875,28,0.0
seed17_original_P,17,original_P,0,easy,37,3001700037,0.007235681638121605,1.0,0.05387672642245889,1.0,8.224000990390778,0.0,7.252306640148163,0.0,0.7449818253517151,28,0.09894101321697235,0.6498647928237915,28,5.960464477539063e-08
seed17_original_P,17,original_P,0,easy,38,3001700038,1.34366236027563,0.375,0.6908136599231511,0.625,2.6714673340320587,0.125,2.5075763911008835,0.0,0.07024946063756943,28,0.052818454802036285,0.0908895954489708,28,5.960464477539063e-08
seed17_original_P,17,original_P,0,easy,39,3001700039,1.4387282109237276,0.25,0.7789987623691559,0.75,4.448200955986977,0.25,3.988580644130707,0.25,0.10960434377193451,28,0.02911042422056198,0.14194637537002563,28,0.0
seed17_original_P,17,original_P,0,easy,40,3001700040,0.14238051205757074,1.0,0.054444383131340146,1.0,4.104881256818771,0.0,4.110148638486862,0.0,0.3365756869316101,28,0.022731000557541847,0.4404469430446625,28,1.1920928955078125e-07
seed17_original_P,17,original_P,0,easy,41,3001700041,1.605916257307399,0.25,0.4878359055146575,0.875,3.9019090086221695,0.0,2.362532861530781,0.75,0.1742323935031891,28,0.10796955972909927,0.3614097535610199,28,0.0
seed17_original_P,17,original_P,0,easy,42,3001700042,1.4366699066304136,0.5,0.5547677678987384,0.625,4.575559213757515,0.0,3.7539165765047073,0.0,0.045182324945926666,28,0.031157173216342926,0.04308823496103287,28,-1.1920928955078125e-07
seed17_original_P,17,original_P,0,easy,43,3001700043,1.7282794630154967,0.5,0.4534750636667013,0.625,4.606047244742513,0.5,5.631860688328743,0.375,0.6663110852241516,28,0.0832630917429924,0.7027281522750854,28,0.0
seed17_original_P,17,original_P,0,easy,44,3001700044,1.300684694899246,0.5,0.530670328065753,0.625,3.142410784959793,0.125,3.2976658195257187,0.0,0.014592476189136505,28,0.004332685377448797,0.015488182194530964,28,0.0
seed17_original_P,17,original_P,0,easy,45,3001700045,1.3289811127469875,0.375,0.49280352890491486,0.75,2.3189727142453194,0.125,1.5247562229633331,0.625,0.06710877269506454,28,0.03223758935928345,0.05033997818827629,28,0.0
seed17_original_P,17,original_P,0,easy,46,3001700046,1.24553582072258,0.625,0.3587963189929724,0.875,1.8925455436110497,0.25,1.5005944594740868,0.375,0.9115433692932129,28,0.014048506505787373,0.895109236240387,28,0.0
seed17_original_P,17,original_P,0,easy,47,3001700047,1.1548348202486522,0.5,0.22706440649926662,1.0,2.907690465450287,0.25,2.4484448321163654,0.5,0.04616047814488411,28,0.024793168529868126,0.05462945997714996,28,0.0
seed17_original_P,17,original_P,0,easy,48,3001700048,2.3108755005523562,0.375,0.180470684543252,1.0,3.4115623235702515,0.0,2.0566012412309647,0.0,0.054113537073135376,28,0.0055474513210356236,0.05651087686419487,28,5.960464477539063e-08
seed17_original_P,17,original_P,0,easy,49,3001700049,1.5743483646656387,0.375,0.13670442951843143,1.0,4.038174984976649,0.625,4.001837749034166,0.625,0.6263678073883057,28,0.039740871638059616,0.6186141967773438,28,5.960464477539063e-08
seed17_original_P,17,original_P,0,easy,50,3001700050,2.1384167801588774,0.25,0.8921763794496655,0.25,2.3978134095668793,0.0,2.6261529996991158,0.0,0.024828491732478142,28,0.015926063060760498,0.021759571507573128,28,0.0
seed17_original_P,17,original_P,0,easy,51,3001700051,1.6601302921772003,0.25,0.5588499214500189,0.625,5.934081129729748,0.0,3.8694974798709154,0.375,0.7426329851150513,28,0.027560003101825714,0.7711808085441589,28,0.0
seed17_original_P,17,original_P,0,easy,52,3001700052,0.012509507301729172,1.0,0.08794352412223816,1.0,6.015019953250885,0.0,8.81713753938675,0.0,0.23462316393852234,28,0.010375885292887688,0.20908503234386444,28,0.0
seed17_original_P,17,original_P,0,easy,53,3001700053,0.03680593555327505,1.0,0.029544772463850677,1.0,10.047301709651947,0.0,7.957714915275574,0.0,0.8159055113792419,28,0.03968977928161621,0.8156397938728333,28,0.0
seed17_original_P,17,original_P,0,easy,54,3001700054,0.1812297306023538,1.0,0.18079487700015306,1.0,6.936832964420319,0.0,6.700396165251732,0.0,0.300265371799469,28,0.017357615754008293,0.37164798378944397,28,1.1920928955078125e-07
seed17_original_P,17,original_P,0,easy,55,3001700055,0.10029506939463317,1.0,0.0529335078317672,1.0,5.939450532197952,0.0,6.016665652394295,0.0,0.47785767912864685,28,0.011759068816900253,0.5547191500663757,28,1.1920928955078125e-07
seed17_original_P,17,original_P,0,easy,56,3001700056,1.9415921978652477,0.25,0.4136025970801711,0.875,4.322670608758926,0.125,3.1825983077287674,0.75,0.6214379668235779,28,0.11161721497774124,0.568861186504364,28,-1.1920928955078125e-07
seed17_original_P,17,original_P,0,easy,57,3001700057,0.9814989215228707,0.625,0.26538523845374584,1.0,3.684410337358713,0.25,3.2483708672225475,0.375,0.029622990638017654,28,0.0017826622352004051,0.032116811722517014,28,0.0
seed17_original_P,17,original_P,0,easy,58,3001700058,0.032499559107236564,1.0,0.04532266687601805,1.0,8.015450179576874,0.0,7.445884168148041,0.0,0.7450867295265198,28,0.013477124273777008,0.6984841823577881,28,-1.1920928955078125e-07
seed17_original_P,17,original_P,0,easy,59,3001700059,0.18111209373455495,1.0,0.370773745700717,0.875,7.590776860713959,0.0,6.329275131225586,0.0,0.47079163789749146,28,0.0071039097383618355,0.46330636739730835,28,-1.1920928955078125e-07
seed17_original_P,17,original_P,0,easy,60,3001700060,0.016310167615301907,1.0,0.1134529416449368,1.0,10.563941061496735,0.0,9.851754546165466,0.0,0.5152303576469421,28,0.02533356472849846,0.4782238304615021,28,5.960464477539063e-08
seed17_original_P,17,original_P,0,easy,61,3001700061,0.8673701509833336,0.625,0.5220468575134873,0.625,5.166589342057705,0.25,3.541838988661766,0.125,0.7404896020889282,28,0.010745898820459843,0.7888723015785217,28,1.1920928955078125e-07
seed17_original_P,17,original_P,0,easy,62,3001700062,0.2964370558038354,0.875,0.058396077423822135,1.0,3.596149291843176,0.125,4.068439031019807,0.125,0.675230860710144,28,0.04414723068475723,0.8793565630912781,28,-1.1920928955078125e-07
seed17_original_P,17,original_P,0,easy,63,3001700063,0.6203035952057689,0.625,0.06673264293931425,1.0,5.839314550161362,0.0,6.978178232908249,0.0,0.49975770711898804,28,0.08227074146270752,0.5704782009124756,28,-1.1920928955078125e-07
seed17_original_P,17,original_P,0,easy,64,3001700064,0.7667776965536177,0.625,0.36526476312428713,0.875,3.7910751029849052,0.125,2.853755109012127,0.375,0.027482077479362488,28,0.026481496170163155,0.02679661102592945,28,0.0
seed17_original_P,17,original_P,0,easy,65,3001700065,0.28260914515703917,1.0,0.4045475652674213,0.75,5.491662889719009,0.0,5.343199595808983,0.0,0.36202725768089294,28,0.04236672446131706,0.4833797216415405,28,-1.1920928955078125e-07
seed17_original_P,17,original_P,0,easy,66,3001700066,1.7432090281508863,0.25,0.8193937611067668,0.5,1.4390636757016182,0.125,1.2317476868629456,0.625,0.7717259526252747,28,0.02808818779885769,0.7696939706802368,28,-1.1920928955078125e-07
seed17_original_P,17,original_P,0,easy,67,3001700067,1.4364459346979856,0.25,0.6430225307121873,0.625,1.4025044441223145,0.0,1.2079137824475765,0.375,0.747919499874115,28,0.03774932771921158,0.775626003742218,28,0.0
seed17_original_P,17,original_P,0,easy,68,3001700068,0.9577534818090498,0.625,0.40244706929661334,0.75,5.666982993483543,0.0,5.199904281646013,0.375,0.8491089940071106,28,0.032335516065359116,0.8214660286903381,28,1.1920928955078125e-07
seed17_original_P,17,original_P,0,easy,69,3001700069,0.2661389462882653,0.875,0.19515484862495214,1.0,4.2449259757995605,0.0,3.9067829847335815,0.0,0.6161822080612183,28,0.05781019106507301,0.5790190100669861,28,0.0
seed17_original_P,17,original_P,0,easy,70,3001700070,0.2922966433688998,0.875,0.08425910817459226,1.0,5.041089057922363,0.0,3.223142698407173,0.0,0.8856775164604187,28,0.10005451738834381,0.6953487992286682,28,1.1920928955078125e-07
seed17_original_P,17,original_P,0,easy,71,3001700071,0.014114653720753267,1.0,0.06765510444529355,1.0,9.112603664398193,0.0,8.62505429983139,0.0,0.7129762768745422,28,0.03491785377264023,0.6697570085525513,28,0.0
seed17_original_P,17,original_P,0,easy,72,3001700072,0.1957181665347889,0.875,0.0447457788977772,1.0,8.885560750961304,0.0,8.683529943227768,0.0,0.1276283860206604,28,0.028763547539711,0.17481999099254608,28,-1.1920928955078125e-07
seed17_original_P,17,original_P,0,easy,73,3001700073,0.13689196342602372,1.0,0.03854100708849728,1.0,6.140647917985916,0.0,5.19350466132164,0.0,0.28162893652915955,28,0.021102167665958405,0.4327065348625183,28,0.0
seed17_original_P,17,original_P,0,easy,74,3001700074,0.07996567653026432,1.0,0.08231627196073532,1.0,10.513075768947601,0.0,10.202559500932693,0.0,0.11950566619634628,28,0.029019072651863098,0.19951242208480835,28,5.960464477539063e-08
seed17_original_P,17,original_P,0,easy,75,3001700075,0.11652982060331851,1.0,0.45461373578291386,0.875,6.76619279384613,0.0,5.42314276099205,0.0,0.5476519465446472,28,0.15020914375782013,0.5798309445381165,28,5.960464477539063e-08
seed17_original_P,17,original_P,0,easy,76,3001700076,0.8514939707238227,0.5,0.23408050555735826,1.0,5.374396741390228,0.0,3.8835256174206734,0.0,0.0508224293589592,28,0.01696908287703991,0.061082400381565094,28,-1.1920928955078125e-07
seed17_original_P,17,original_P,0,easy,77,3001700077,0.17173986160196364,1.0,0.5223016981035471,0.625,6.731640040874481,0.0,5.837923616170883,0.0,0.7651838660240173,28,0.015521924942731857,0.715968668460846,28,0.0
seed17_original_P,17,original_P,0,easy,78,3001700078,0.14854172733612359,1.0,0.04629494622349739,1.0,9.498465985059738,0.0,9.145414680242538,0.0,0.2623032331466675,28,0.027688685804605484,0.3358476459980011,28,0.0
seed17_original_P,17,original_P,0,easy,79,3001700079,0.22353799431584775,1.0,0.33400520379655063,1.0,6.874671578407288,0.0,5.489594638347626,0.0,0.6809191107749939,28,0.05581073835492134,0.7069146037101746,28,0.0
seed17_original_P,17,original_P,0,easy,80,3001700080,0.7282533741090447,0.625,0.1566265751607716,1.0,6.783821936696768,0.375,6.520175041630864,0.375,0.6259491443634033,28,0.03674902394413948,0.6568759083747864,28,-1.1920928955078125e-07
seed17_original_P,17,original_P,0,easy,81,3001700081,0.8155676573514938,0.375,0.14616525382734835,1.0,3.891788750886917,0.0,4.005544573068619,0.0,0.6405805349349976,28,0.07184957712888718,0.671583354473114,28,5.960464477539063e-08
seed17_original_P,17,original_P,0,easy,82,3001700082,1.1508686337037943,0.5,0.2998000499792397,0.875,4.597853124141693,0.0,3.2016287818551064,0.25,0.03934439644217491,28,0.007794680539518595,0.04087669774889946,28,0.0
seed17_original_P,17,original_P,0,easy,83,3001700083,1.2457207664847374,0.5,0.4454679066548124,0.875,1.7851421311497688,0.0,1.201879009604454,0.5,0.9684597849845886,28,0.059735458344221115,0.9167753458023071,28,0.0
seed17_original_P,17,original_P,0,easy,84,3001700084,0.01051373255904764,1.0,0.060283771716058254,1.0,5.9154462814331055,0.0,5.711090862751007,0.0,0.005605325568467379,28,0.001660853740759194,0.005858574993908405,28,1.1920928955078125e-07
seed17_original_P,17,original_P,0,easy,85,3001700085,2.188542291522026,0.125,0.19086987571790814,1.0,2.5498071275651455,0.25,1.3895705565810204,0.5,0.3102092146873474,28,0.05267096683382988,0.21868234872817993,28,5.960464477539063e-08
seed17_original_P,17,original_P,0,easy,86,3001700086,0.3548962794011459,1.0,0.09568583453074098,1.0,5.268918514251709,0.0,4.012607604265213,0.0,0.7741556763648987,28,0.10661287605762482,0.6809617877006531,28,-1.1920928955078125e-07
seed17_original_P,17,original_P,0,easy,87,3001700087,2.5696321427822113,0.0,0.37508260924369097,1.0,0.32654907181859016,1.0,0.221289181150496,1.0,0.01979614421725273,28,0.017239686101675034,0.020625626668334007,28,0.0
seed17_original_P,17,original_P,0,easy,88,3001700088,1.694673515856266,0.375,0.3623424870893359,0.875,1.4292097836732864,0.125,1.362679898738861,0.625,0.8160415887832642,28,0.039965033531188965,0.8056813478469849,28,0.0
seed17_original_P,17,original_P,0,easy,89,3001700089,2.396952697308734,0.25,1.048483332619071,0.375,4.254920810461044,0.0,2.6419821977615356,0.0,0.021444523707032204,28,0.010511954315006733,0.02256768010556698,28,5.960464477539063e-08
seed17_original_P,17,original_P,0,easy,90,3001700090,1.6259246547706425,0.5,1.9924242198467255,0.375,6.759448789060116,0.125,6.24784099124372,0.5,0.8330011963844299,28,0.08278535306453705,0.6619011163711548,28,-1.1920928955078125e-07
seed17_original_P,17,original_P,0,easy,91,3001700091,0.9240716265630908,0.625,0.23785440437495708,1.0,3.599213968962431,0.375,2.769898415543139,0.375,0.045198503881692886,28,0.024172121658921242,0.049301449209451675,28,0.0
seed17_original_P,17,original_P,0,easy,92,3001700092,0.05703601776622236,1.0,0.027909613214433193,1.0,6.528254210948944,0.0,5.203813701868057,0.0,0.7495602369308472,28,0.1380942165851593,0.7824161648750305,28,1.1920928955078125e-07
seed17_original_P,17,original_P,0,easy,93,3001700093,0.016719694365747273,1.0,0.06510780355893075,1.0,8.256226658821106,0.0,7.055279403924942,0.0,0.7094041705131531,28,0.06804971396923065,0.657171905040741,28,0.0
seed17_original_P,17,original_P,0,easy,94,3001700094,1.5225917970528826,0.125,0.4605358708649874,0.875,0.8596486859023571,0.625,0.9819185202941298,0.875,0.054199714213609695,28,0.014986666850745678,0.04765821620821953,28,0.0
seed17_original_P,17,original_P,0,easy,95,3001700095,2.216327812988311,0.375,1.766031675040722,0.0,5.223677933216095,0.0,4.619646713137627,0.375,0.8131938576698303,28,0.11307046562433243,0.7210919857025146,28,-1.1920928955078125e-07
seed17_original_P,17,original_P,0,easy,96,3001700096,0.014540180243784562,1.0,0.021556740859523416,1.0,8.242627680301666,0.0,8.549438714981079,0.0,0.5735356211662292,28,0.0018580066971480846,0.534852147102356,28,0.0
seed17_original_P,17,original_P,0,easy,97,3001700097,1.6391666987910867,0.5,0.6770929463673383,0.5,5.847159892320633,0.0,6.280704736709595,0.0,0.8035269379615784,28,0.01295469980686903,0.6960386633872986,28,-1.1920928955078125e-07
seed17_original_P,17,original_P,0,easy,98,3001700098,0.1304608816280961,1.0,1.7663521617650986,0.25,6.1467108726501465,0.0,4.95474573969841,0.0,0.6786262392997742,28,0.055562250316143036,0.6729713678359985,28,5.960464477539063e-08
seed17_original_P,17,original_P,0,easy,99,3001700099,0.27191956772003323,0.875,0.03143893100786954,1.0,7.810673415660858,0.0,3.4539482705295086,0.125,0.7140143513679504,28,0.14089202880859375,0.8233473896980286,28,0.0
seed17_original_P,17,original_P,0,hard,0,3001710000,0.8454347476363182,0.75,2.2187548875808716,0.0,1.930296152830124,0.0,2.000259608030319,0.0,0.06167397275567055,28,0.0033522718586027622,0.04766611382365227,28,0.0
seed17_original_P,17,original_P,0,hard,1,3001710001,1.0470226109027863,1.0,1.4305769205093384,0.25,1.5298795253038406,0.0,1.4022366851568222,0.0,0.24380367994308472,28,0.00035061369999311864,0.3456997275352478,28,0.0
seed17_original_P,17,original_P,0,hard,2,3001710002,1.745579443871975,0.375,1.1761483773589134,0.375,1.5433441400527954,0.0,1.5843742191791534,0.0,0.34888607263565063,28,0.00302303908392787,0.2986973226070404,28,5.960464477539063e-08
seed17_original_P,17,original_P,0,hard,3,3001710003,1.4572360441088676,0.25,1.249265342950821,0.375,1.6386534124612808,0.125,1.5685810968279839,0.625,0.3593387007713318,28,0.006109525449573994,0.23172001540660858,28,0.0
seed17_original_P,17,original_P,0,hard,4,3001710004,1.090508185327053,0.5,1.1614750921726227,0.25,1.3944441229104996,0.125,1.3827234655618668,0.5,0.7426126003265381,28,0.00030059475102461874,0.770752489566803,28,-1.1920928955078125e-07
seed17_original_P,17,original_P,0,hard,5,3001710005,2.380992516875267,0.0,0.9660288505256176,0.625,0.9800018444657326,0.75,0.9632203951478004,0.75,0.13682019710540771,28,0.0018246686086058617,0.15361544489860535,28,0.0
seed17_original_P,17,original_P,0,hard,6,3001710006,0.962663322687149,0.75,1.0262515842914581,0.75,1.2907530665397644,0.5,1.281551070511341,0.5,0.30876630544662476,28,0.000504159543197602,0.3610204756259918,28,0.0
seed17_original_P,17,original_P,0,hard,7,3001710007,1.0333494134247303,0.625,1.410212054848671,0.5,1.8230931758880615,0.0,1.7589696794748306,0.0,0.35359397530555725,28,0.0008367875125259161,0.34548619389533997,28,5.960464477539063e-08
seed17_original_P,17,original_P,0,hard,8,3001710008,0.7863418459892273,0.5,2.0125037357211113,0.375,1.5011224895715714,0.0,1.6239909827709198,0.375,0.0731893926858902,28,0.001004740595817566,0.06335148960351944,28,0.0
seed17_original_P,17,original_P,0,hard,9,3001710009,1.1591824889183044,0.25,0.8421567976474762,0.5,1.0380586758255959,0.375,1.1141760870814323,0.375,0.4826985001564026,28,0.0030841531697660685,0.4608972370624542,28,1.1920928955078125e-07
seed17_original_P,17,original_P,0,hard,10,3001710010,1.1245061829686165,0.375,1.021413292735815,0.375,1.5476700961589813,0.0,1.5130069255828857,0.0,0.42768362164497375,28,0.001343418494798243,0.38451558351516724,28,-1.1920928955078125e-07
seed17_original_P,17,original_P,0,hard,11,3001710011,0.8790216073393822,0.875,1.9987644106149673,0.25,1.6545522063970566,0.125,1.5541896969079971,0.25,0.15959948301315308,28,0.0020887895952910185,0.20963510870933533,28,0.0
seed17_original_P,17,original_P,0,hard,12,3001710012,1.1452050134539604,0.375,0.9248440116643906,0.875,1.1891276687383652,0.625,1.1552785262465477,0.625,0.08019265532493591,28,0.0016147218411788344,0.07372641563415527,28,0.0
seed17_original_P,17,original_P,0,hard,13,3001710013,1.0611894018948078,0.25,1.1305183917284012,0.375,1.7945204973220825,0.125,1.5165879428386688,0.0,0.731499433517456,28,0.0005007237195968628,0.7580244541168213,28,-1.1920928955078125e-07
seed17_original_P,17,original_P,0,hard,14,3001710014,0.7913683541119099,0.5,1.5575241893529892,0.5,1.5161885470151901,0.25,1.45759779214859,0.25,0.3435853123664856,28,0.02153279073536396,0.18331342935562134,28,1.1920928955078125e-07
seed17_original_P,17,original_P,0,hard,15,3001710015,1.6097435764968395,0.5,2.016673259437084,0.0,1.3205979838967323,0.125,1.3502141237258911,0.125,0.08164344727993011,28,0.0008458176162093878,0.0928175076842308,28,5.960464477539063e-08
seed17_original_P,17,original_P,0,hard,16,3001710016,1.2683029174804688,0.25,1.2633157894015312,0.375,1.3366124033927917,0.625,1.3241279870271683,0.625,0.2519318759441376,28,0.00044220901327207685,0.34537795186042786,28,-1.1920928955078125e-07
seed17_original_P,17,original_P,0,hard,17,3001710017,1.0602801442146301,0.625,1.1039292514324188,0.375,1.5514040887355804,0.0,1.4917268753051758,0.125,0.18984569609165192,28,0.001327423145994544,0.24798394739627838,28,1.1920928955078125e-07
seed17_original_P,17,original_P,0,hard,18,3001710018,1.239757001399994,0.625,1.335303246974945,0.5,1.363244965672493,0.25,1.3480335026979446,0.5,0.11142247915267944,28,0.00015808855823706836,0.3594250977039337,28,1.1920928955078125e-07
seed17_original_P,17,original_P,0,hard,19,3001710019,1.0484760850667953,0.375,0.866044707596302,0.5,1.5034755319356918,0.25,1.6063605695962906,0.125,0.3321513533592224,28,0.00048724457155913115,0.14563699066638947,28,0.0
seed17_original_P,17,original_P,0,hard,20,3001710020,0.9153353199362755,0.625,1.0439928658306599,0.625,1.305609107017517,0.625,1.2397512197494507,0.625,0.2022666484117508,28,0.006805066950619221,0.18936596810817719,28,0.0
seed17_original_P,17,original_P,0,hard,21,3001710021,0.7448986573144794,0.625,1.7738359346985817,0.375,1.6359643302857876,0.375,1.7408215031027794,0.375,0.04855354502797127,28,0.0075902496464550495,0.04646875336766243,28,1.1920928955078125e-07
seed17_original_P,17,original_P,0,hard,22,3001710022,1.097691223025322,0.25,1.3642075285315514,0.375,1.3093618154525757,0.5,1.3709176629781723,0.25,0.2699274718761444,28,0.0015528032090514898,0.27400147914886475,28,0.0
seed17_original_P,17,original_P,0,hard,23,3001710023,0.9580359905958176,1.0,0.7888490743935108,0.875,1.3286771178245544,0.375,1.405191570520401,0.0,0.47863176465034485,28,0.0003841136349365115,0.4388428032398224,28,-1.1920928955078125e-07
seed17_original_P,17,original_P,0,hard,24,3001710024,1.0206725150346756,0.625,1.2610717415809631,0.125,1.2962871342897415,0.125,1.2589188069105148,0.125,0.06988184154033661,28,0.00012839266855735332,0.07535894215106964,28,0.0
seed17_original_P,17,original_P,0,hard,25,3001710025,1.75447778403759,0.0,0.8338254243135452,1.0,1.478359416127205,0.125,1.4985823184251785,0.0,0.19191549718379974,28,0.0016279029659926891,0.22308410704135895,28,5.960464477539063e-08
seed17_original_P,17,original_P,0,hard,26,3001710026,0.8358857370913029,0.75,0.9145454615354538,0.75,1.8428268730640411,0.125,1.7712068110704422,0.125,0.10000213980674744,28,0.0003623813681770116,0.14148662984371185,28,-1.1920928955078125e-07
seed17_original_P,17,original_P,0,hard,27,3001710027,0.9000951871275902,0.75,0.9636659696698189,0.625,1.3060396015644073,0.375,1.312255546450615,0.5,0.14987269043922424,28,0.0030409907922148705,0.18414457142353058,28,0.0
seed17_original_P,17,original_P,0,hard,28,3001710028,1.026480607688427,0.625,1.230792075395584,0.5,1.6670108512043953,0.25,1.454705573618412,0.25,0.2861882746219635,28,0.0008731165435165167,0.39097294211387634,28,0.0
seed17_original_P,17,original_P,0,hard,29,3001710029,0.757519356906414,0.5,1.0795847922563553,0.625,2.5653471648693085,0.0,2.407479465007782,0.0,0.03330911323428154,28,0.00045101772411726415,0.04338002949953079,28,0.0
seed17_original_P,17,original_P,0,hard,30,3001710030,1.1174096837639809,0.75,1.0016892105340958,0.75,2.084426239132881,0.0,1.945314183831215,0.0,0.7621195912361145,28,0.0003955151478294283,0.9285032749176025,28,-1.1920928955078125e-07
seed17_original_P,17,original_P,0,hard,31,3001710031,1.122179888188839,0.625,1.2266655564308167,0.375,1.575128823518753,0.0,1.552221268415451,0.0,0.012719480320811272,28,0.0014916680520400405,0.013897038996219635,28,-1.1920928955078125e-07
seed17_original_P,17,original_P,0,hard,32,3001710032,1.2501808851957321,0.625,1.4345971792936325,0.0,1.3192467391490936,0.25,1.3050688058137894,0.625,0.576399028301239,28,5.917677117395215e-05,0.6949023008346558,28,-1.1920928955078125e-07
seed17_original_P,17,original_P,0,hard,33,3001710033,1.1064482182264328,0.375,0.8830138705670834,0.625,1.8169987872242928,0.125,1.6422721445560455,0.25,0.4529172480106354,28,0.000945617095567286,0.5561926364898682,28,-1.1920928955078125e-07
seed17_original_P,17,original_P,0,hard,34,3001710034,0.7854771912097931,1.0,0.7540052011609077,0.875,1.249583125114441,0.625,1.2865440547466278,0.5,0.27596426010131836,28,0.0005002213874831796,0.3263269364833832,28,0.0
seed17_original_P,17,original_P,0,hard,35,3001710035,1.7309597432613373,0.375,1.901975467801094,0.0,1.7874248623847961,0.0,1.714526817202568,0.0,0.6763613820075989,28,0.006055964156985283,0.5412258505821228,28,-1.1920928955078125e-07
seed17_original_P,17,original_P,0,hard,36,3001710036,1.438366025686264,0.0,1.5226402133703232,0.0,1.3228665739297867,0.125,1.313664361834526,0.25,0.2680121660232544,28,0.0003399061388336122,0.23621325194835663,28,1.1920928955078125e-07
seed17_original_P,17,original_P,0,hard,37,3001710037,1.1097046434879303,1.0,1.2481437176465988,0.25,1.6428243815898895,0.0,1.4337810724973679,0.0,0.08051570504903793,28,0.0007774319383315742,0.2446485459804535,28,0.0
seed17_original_P,17,original_P,0,hard,38,3001710038,1.0030420050024986,0.75,1.6375973969697952,0.0,1.3467363119125366,0.0,1.3256057649850845,0.125,0.438446044921875,28,0.0006014747777953744,0.38962671160697937,28,0.0
seed17_original_P,17,original_P,0,hard,39,3001710039,0.6920345462858677,0.625,0.9656769931316376,0.625,1.125519074499607,0.625,1.1112531647086143,0.5,0.11234825849533081,28,0.0044809626415371895,0.16205677390098572,28,-1.1920928955078125e-07
seed17_original_P,17,original_P,0,hard,40,3001710040,2.1565537452697754,0.0,2.127267226576805,0.0,3.119759276509285,0.0,2.416857659816742,0.0,0.08555752784013748,28,0.001591322710737586,0.12411607801914215,28,1.1920928955078125e-07
seed17_original_P,17,original_P,0,hard,41,3001710041,1.5529249757528305,0.0,1.6451866924762726,0.25,1.3998714089393616,0.25,1.4083794206380844,0.125,0.14747987687587738,28,0.0004241551796440035,0.1781257688999176,28,0.0
seed17_original_P,17,original_P,0,hard,42,3001710042,1.4566784985363483,0.375,1.0463696047663689,0.625,2.183706171810627,0.375,1.7529579550027847,0.25,0.457522451877594,28,0.00307293888181448,0.5353482365608215,28,-1.1920928955078125e-07
seed17_original_P,17,original_P,0,hard,43,3001710043,1.349105566740036,0.5,1.0393962264060974,0.5,1.4118786603212357,0.0,1.3609222322702408,0.375,0.25445032119750977,28,0.0026219701394438744,0.2515553832054138,28,-1.1920928955078125e-07
seed17_original_P,17,original_P,0,hard,44,3001710044,1.1445061452686787,0.375,0.9701184704899788,0.75,1.3433789163827896,0.5,1.297825813293457,0.5,0.04940716549754143,28,0.0023452257737517357,0.06013717129826546,28,-1.1920928955078125e-07
seed17_original_P,17,original_P,0,hard,45,3001710045,1.5287003219127655,0.25,1.015271507203579,0.625,1.2825834155082703,0.25,1.292089655995369,0.375,0.8342875242233276,28,0.0067858570255339146,0.5770075917243958,28,1.1920928955078125e-07
seed17_original_P,17,original_P,0,hard,46,3001710046,1.2493425905704498,0.25,1.150609090924263,0.5,1.5630614757537842,0.0,1.5100726336240768,0.0,0.0407935306429863,28,0.00020501019025687128,0.04348502308130264,28,-2.384185791015625e-07
seed17_original_P,17,original_P,0,hard,47,3001710047,1.4631297960877419,0.375,1.9189780578017235,0.25,1.6877054274082184,0.125,1.7177247554063797,0.0,0.04820868745446205,28,0.0019206596771255136,0.044500429183244705,28,1.1920928955078125e-07
seed17_original_P,17,original_P,0,hard,48,3001710048,1.5078818649053574,0.5,0.9766165092587471,1.0,1.381417840719223,0.5,1.3325549513101578,0.375,0.08785644173622131,28,0.0026235475670546293,0.10174545645713806,28,0.0
seed17_original_P,17,original_P,0,hard,49,3001710049,1.2196320295333862,0.5,0.905810259282589,0.875,1.4917482733726501,0.5,1.3888826370239258,0.5,0.12036389112472534,28,0.0012397830141708255,0.23711785674095154,28,1.1920928955078125e-07
seed17_original_P,17,original_P,0,hard,50,3001710050,1.25643989443779,0.375,1.626976117491722,0.125,1.4623837769031525,0.375,1.4286358505487442,0.375,0.15461929142475128,28,0.0030588232912123203,0.24485859274864197,28,5.960464477539063e-08
seed17_original_P,17,original_P,0,hard,51,3001710051,1.0032529383897781,0.375,1.0295840427279472,0.75,1.142717719078064,0.375,1.1246904581785202,0.375,0.024997485801577568,28,0.002242147922515869,0.01788165047764778,28,-1.1920928955078125e-07
seed17_original_P,17,original_P,0,hard,52,3001710052,1.9490921795368195,0.0,1.3844923377037048,0.375,1.7751984894275665,0.0,1.7647371590137482,0.0,0.34615811705589294,28,0.001993817975744605,0.36496439576148987,28,0.0
seed17_original_P,17,original_P,0,hard,53,3001710053,1.4188814833760262,0.375,1.153717651963234,0.625,1.4614342898130417,0.125,1.3669507652521133,0.125,0.5055917501449585,28,0.0015415571397170424,0.2543010711669922,28,-1.1920928955078125e-07
seed17_original_P,17,original_P,0,hard,54,3001710054,1.0563529133796692,0.625,0.9729158133268356,0.75,1.6190063580870628,0.5,1.64667809009552,0.25,0.6992167234420776,28,0.0009232887532562017,0.9117579460144043,28,-1.1920928955078125e-07
seed17_original_P,17,original_P,0,hard,55,3001710055,1.0612739846110344,1.0,1.6966820061206818,0.0,1.3081742078065872,0.5,1.2760453820228577,0.5,0.07621733099222183,28,9.057777788257226e-05,0.08209124207496643,28,1.1920928955078125e-07
seed17_original_P,17,original_P,0,hard,56,3001710056,1.2758513391017914,0.375,1.2689188718795776,0.0,1.3675137907266617,0.0,1.3466950356960297,0.25,0.29768526554107666,28,0.0001580310781719163,0.6596053242683411,28,1.1920928955078125e-07
seed17_original_P,17,original_P,0,hard,57,3001710057,1.865591149777174,0.375,1.250194326043129,0.375,2.438484251499176,0.125,2.415768027305603,0.0,0.25065237283706665,28,0.0007759460713714361,0.4200529456138611,28,5.960464477539063e-08
seed17_original_P,17,original_P,0,hard,58,3001710058,1.100723721086979,0.375,1.0053542852401733,1.0,1.273538500070572,0.375,1.2746202647686005,0.5,0.10955065488815308,28,0.0016626481665298343,0.06588321924209595,28,0.0
seed17_original_P,17,original_P,0,hard,59,3001710059,2.01570962369442,0.25,1.289433017373085,0.25,1.9425985515117645,0.125,1.681942194700241,0.25,0.07163681834936142,28,0.0006411288632079959,0.15060721337795258,28,0.0
seed17_original_P,17,original_P,0,hard,60,3001710060,1.5451608896255493,0.0,1.0094110891222954,0.875,1.3615812808275223,0.125,1.38229039311409,0.125,0.22894713282585144,28,0.003252987517043948,0.3324209153652191,28,5.960464477539063e-08
seed17_original_P,17,original_P,0,hard,61,3001710061,0.8834679648280144,0.625,1.4547379165887833,0.125,1.228417918086052,0.5,1.2209619730710983,0.5,0.040752656757831573,28,0.0011090551270172,0.03415423631668091,28,0.0
seed17_original_P,17,original_P,0,hard,62,3001710062,1.2267028763890266,0.25,0.9939999058842659,0.75,1.3783094733953476,0.75,1.3020132556557655,0.75,0.04640493541955948,28,0.00807982962578535,0.018695037811994553,28,5.960464477539063e-08
seed17_original_P,17,original_P,0,hard,63,3001710063,0.9919206202030182,0.75,0.9592833146452904,0.5,1.376138761639595,0.375,1.2896296828985214,0.375,0.0683349072933197,28,0.0024169492535293102,0.08404973894357681,28,0.0
seed17_original_P,17,original_P,0,hard,64,3001710064,1.2169162184000015,0.5,1.1967073678970337,0.5,1.793099969625473,0.0,1.5418498665094376,0.0,0.02478083223104477,28,0.00019522864022292197,0.3071076571941376,28,0.0
seed17_original_P,17,original_P,0,hard,65,3001710065,1.0256774127483368,0.375,1.2748874947428703,0.625,1.4707014635205269,0.375,1.217142939567566,0.5,0.3110736310482025,28,0.00045134342508390546,0.2089298665523529,28,-1.1920928955078125e-07
seed17_original_P,17,original_P,0,hard,66,3001710066,1.2635357528924942,0.0,0.8247959986329079,0.875,2.5895164012908936,0.0,1.8127313554286957,0.0,0.1479712724685669,28,0.000631040777079761,0.18530847132205963,28,5.960464477539063e-08
seed17_original_P,17,original_P,0,hard,67,3001710067,0.8231959640979767,0.875,0.5252282954752445,1.0,1.4435437768697739,0.125,1.2039922922849655,0.5,0.48825782537460327,28,0.0034107291139662266,0.3267325758934021,28,0.0
seed17_original_P,17,original_P,0,hard,68,3001710068,2.1631254367530346,0.25,1.4770514070987701,0.25,1.750472903251648,0.0,1.7684826254844666,0.0,0.10173472762107849,28,0.0033127772621810436,0.14067986607551575,28,0.0
seed17_original_P,17,original_P,0,hard,69,3001710069,1.453424870967865,0.0,1.3372656106948853,0.5,1.460284598171711,0.5,1.5230059772729874,0.375,0.22454743087291718,28,0.008679560385644436,0.11403930932283401,28,5.960464477539063e-08
seed17_original_P,17,original_P,0,hard,70,3001710070,1.2991890013217926,0.125,1.337312437593937,0.375,1.3760825842618942,0.375,1.3518207222223282,0.375,0.20322875678539276,28,0.0003948765224777162,0.29348912835121155,28,5.960464477539063e-08
seed17_original_P,17,original_P,0,hard,71,3001710071,1.2296210005879402,0.125,1.4935718923807144,0.0,1.3835190683603287,0.375,1.3897386342287064,0.375,0.22935763001441956,28,0.00037381480797193944,0.28300830721855164,28,-1.1920928955078125e-07
seed17_original_P,17,original_P,0,hard,72,3001710072,0.8477216809988022,0.75,0.8192038461565971,0.75,1.9667973667383194,0.0,1.7260402143001556,0.0,0.00983431562781334,28,0.004810444079339504,0.014180500991642475,28,0.0
seed17_original_P,17,original_P,0,hard,73,3001710073,1.2891289591789246,0.25,1.0556557476520538,0.625,1.2890352457761765,0.625,1.2832057476043701,0.625,0.06092310696840286,28,0.0008186400518752635,0.05173899978399277,28,0.0
seed17_original_P,17,original_P,0,hard,74,3001710074,1.7627127170562744,0.0,0.9888140335679054,0.625,1.3996013402938843,0.125,1.3435508012771606,0.125,0.05438808351755142,28,0.0031386062037199736,0.03270235285162926,28,0.0
seed17_original_P,17,original_P,0,hard,75,3001710075,1.5371807217597961,0.0,1.20108462870121,0.5,1.438092589378357,0.375,1.3993597775697708,0.25,0.542455792427063,28,0.0036681871861219406,0.4791809320449829,28,1.1920928955078125e-07
seed17_original_P,17,original_P,0,hard,76,3001710076,1.2295975610613823,0.375,0.9298907071352005,0.875,1.756021574139595,0.125,1.7107042223215103,0.125,0.8478695154190063,28,0.0018771738978102803,0.8237078189849854,28,0.0
seed17_original_P,17,original_P,0,hard,77,3001710077,1.2288401573896408,0.375,1.0614378526806831,0.5,2.0105528831481934,0.0,1.8438508361577988,0.0,0.1684393584728241,28,0.0005478454986587167,0.33172816038131714,28,0.0
seed17_original_P,17,original_P,0,hard,78,3001710078,1.2821995802223682,0.625,0.9599769040942192,0.875,1.0931279882788658,0.625,1.1031192764639854,0.5,0.023798486217856407,28,0.0023275339044630527,0.0214532483369112,28,0.0
seed17_original_P,17,original_P,0,hard,79,3001710079,1.581796534359455,0.25,0.7970598675310612,0.625,1.6387748643755913,0.125,1.5228865444660187,0.125,0.5152410268783569,28,0.0006676401826553047,0.43987882137298584,28,1.1920928955078125e-07
seed17_original_P,17,original_P,0,hard,80,3001710080,1.0311888679862022,0.75,2.176403120160103,0.0,1.543693020939827,0.0,1.5357834696769714,0.0,0.23711246252059937,28,0.0014588747872039676,0.25619977712631226,28,0.0
seed17_original_P,17,original_P,0,hard,81,3001710081,1.5393155440688133,0.25,1.3429066017270088,0.25,1.5537099391222,0.25,1.5183242857456207,0.25,0.36680081486701965,28,0.0012652490986511111,0.32081401348114014,28,5.960464477539063e-08
seed17_original_P,17,original_P,0,hard,82,3001710082,1.0497474744915962,0.75,1.8788601383566856,0.5,1.5425492823123932,0.375,1.5027332603931427,0.5,0.5304576754570007,28,0.0017494900384917855,0.5581321120262146,28,0.0
seed17_original_P,17,original_P,0,hard,83,3001710083,1.1829963475465775,0.25,0.6742009520530701,0.75,1.3178690671920776,0.25,1.2897935062646866,0.25,0.25284361839294434,28,0.011223754845559597,0.1976897120475769,28,5.960464477539063e-08
seed17_original_P,17,original_P,0,hard,84,3001710084,0.7373468093574047,0.5,1.0333100408315659,0.875,1.6149864196777344,0.0,1.7539742439985275,0.0,0.09050080925226212,28,0.0003956428845413029,0.07604363560676575,28,-1.1920928955078125e-07
seed17_original_P,17,original_P,0,hard,85,3001710085,0.6721002981066704,0.875,1.466840274631977,0.5,1.299499787390232,0.5,1.2356213703751564,0.5,0.09164204448461533,28,0.005236502271145582,0.0807841569185257,28,0.0
seed17_original_P,17,original_P,0,hard,86,3001710086,1.369299404323101,0.25,1.1549005880951881,0.25,1.3445599377155304,0.25,1.3673729002475739,0.25,0.04085429757833481,28,0.0027348315343260765,0.029297035187482834,28,0.0
seed17_original_P,17,original_P,0,hard,87,3001710087,1.175001174211502,0.875,1.0826749801635742,0.875,2.1668790131807327,0.0,1.6943716555833817,0.0,0.11977828294038773,28,0.0002414392656646669,0.2683335840702057,28,-1.1920928955078125e-07
seed17_original_P,17,original_P,0,hard,88,3001710088,1.4133153557777405,0.0,1.483384445309639,0.0,1.3058556616306305,0.625,1.28546042740345,0.75,0.008204045705497265,28,0.0001384850183967501,0.006292534992098808,28,0.0
seed17_original_P,17,original_P,0,hard,89,3001710089,1.0471790954470634,1.0,1.0293625593185425,0.75,1.1286202669143677,0.75,1.1570932865142822,0.75,1.0181883573532104,28,8.249921665992588e-05,0.8643854856491089,28,-1.1920928955078125e-07
seed17_original_P,17,original_P,0,hard,90,3001710090,1.373420238494873,0.625,1.166979767382145,0.625,1.2572282552719116,0.375,1.218128353357315,0.375,0.061497919261455536,28,0.0024446442257612944,0.06539759784936905,28,0.0
seed17_original_P,17,original_P,0,hard,91,3001710091,1.0126443728804588,0.625,0.918978713452816,0.75,2.1475106924772263,0.0,1.7908203899860382,0.0,0.1591533124446869,28,0.0004107483837287873,0.26674947142601013,28,5.960464477539063e-08
seed17_original_P,17,original_P,0,hard,92,3001710092,1.1253882981836796,0.5,1.3253722786903381,0.0,1.928395688533783,0.0,1.8059569150209427,0.0,0.25761324167251587,28,0.0007956539047881961,0.25117507576942444,28,0.0
seed17_original_P,17,original_P,0,hard,93,3001710093,0.8714379891753197,1.0,0.840031199157238,0.75,1.8786706328392029,0.0,2.066960856318474,0.0,0.7415516972541809,28,0.0034365677274763584,0.6429293751716614,28,-1.1920928955078125e-07
seed17_original_P,17,original_P,0,hard,94,3001710094,0.9008284136652946,1.0,0.9634191542863846,0.625,1.18178491294384,0.75,1.2296585738658905,0.75,0.34391170740127563,28,0.0006425487226806581,0.2822394371032715,28,-1.1920928955078125e-07
seed17_original_P,17,original_P,0,hard,95,3001710095,0.894790381193161,0.875,1.3108333200216293,0.125,1.8106334656476974,0.0,1.666564479470253,0.125,0.233054518699646,28,0.0005683004856109619,0.23459643125534058,28,2.384185791015625e-07
seed17_original_P,17,original_P,0,hard,96,3001710096,0.8724890127778053,0.75,1.870077669620514,0.0,3.0190568566322327,0.0,2.6572314500808716,0.0,0.027984129264950752,28,0.000777202018070966,0.0373978391289711,28,0.0
seed17_original_P,17,original_P,0,hard,97,3001710097,1.1340118870139122,0.625,0.9422513321042061,0.625,1.2459968626499176,0.625,1.300259992480278,0.625,1.0970640182495117,28,0.00036957647535018623,0.9350462555885315,28,-1.1920928955078125e-07
seed17_original_P,17,original_P,0,hard,98,3001710098,1.2091230303049088,0.375,1.2268129102885723,0.375,1.2768775671720505,0.375,1.3346998244524002,0.375,0.5258364677429199,28,0.0011704415082931519,0.5848385095596313,28,0.0
seed17_original_P,17,original_P,0,hard,99,3001710099,1.3079690039157867,0.25,1.1032986715435982,0.625,1.2934715002775192,0.5,1.315413922071457,0.625,0.3892820477485657,28,2.551291800045874e-05,0.9968899488449097,28,0.0
seed17_P_O0_resume_step400,17,P_O0_resume,400,easy,0,3001700000,1.351835947483778,0.25,2.0827010720968246,0.0,0.9859144315123558,0.75,0.876082418486476,0.75,0.5030903220176697,28,0.024245819076895714,0.5171996355056763,28,5.960464477539063e-08
seed17_P_O0_resume_step400,17,P_O0_resume,400,easy,1,3001700001,3.077553868293762,0.0,2.8830828219652176,0.0,0.1898570852354169,1.0,0.3509856350719929,1.0,0.013277537189424038,28,0.005206506233662367,0.01479067001491785,28,0.0
seed17_P_O0_resume_step400,17,P_O0_resume,400,easy,2,3001700002,0.40740556363016367,0.75,0.30036417196970433,1.0,2.503318388015032,0.375,2.4090807074680924,0.375,0.42933085560798645,28,0.006093106232583523,0.42705729603767395,28,0.0
seed17_P_O0_resume_step400,17,P_O0_resume,400,easy,3,3001700003,0.15623627114109695,1.0,3.012972319032997,0.25,6.4899626560509205,0.25,7.782276320736855,0.25,0.4344535171985626,28,0.05359117314219475,0.4378969967365265,28,5.960464477539063e-08
seed17_P_O0_resume_step400,17,P_O0_resume,400,easy,4,3001700004,0.3999543348327279,0.75,0.13120852690190077,1.0,2.9208989655599,0.5,1.5299037685617805,0.625,0.5657364726066589,28,0.014472760260105133,0.6839153170585632,28,0.0
seed17_P_O0_resume_step400,17,P_O0_resume,400,easy,5,3001700005,1.7334304809337482,0.125,0.20178308337926865,1.0,0.37542824633419514,1.0,0.4764364045113325,0.75,0.024036411195993423,28,0.008881677873432636,0.03742961585521698,28,5.960464477539063e-08
seed17_P_O0_resume_step400,17,P_O0_resume,400,easy,6,3001700006,0.35655958038114477,1.0,0.061023780377581716,1.0,1.1516399597749114,0.375,1.8187038572505116,0.25,0.4389602243900299,28,0.027121813967823982,0.38331925868988037,28,-1.1920928955078125e-07
seed17_P_O0_resume_step400,17,P_O0_resume,400,easy,7,3001700007,1.342097669839859,0.125,1.790151409804821,0.125,0.9062179662287235,0.75,1.0328810326755047,0.625,0.5943644642829895,28,0.01304168812930584,0.6676362156867981,28,0.0
seed17_P_O0_resume_step400,17,P_O0_resume,400,easy,8,3001700008,1.1114316736347973,0.375,2.774803951382637,0.0,6.099242448806763,0.375,4.654707353562117,0.375,0.6458826065063477,28,0.02628222666680813,0.6415755748748779,28,-1.1920928955078125e-07
seed17_P_O0_resume_step400,17,P_O0_resume,400,easy,9,3001700009,0.7240131850121543,0.5,1.2533111851662397,0.5,3.538367435336113,0.125,3.717846803367138,0.125,0.7280461192131042,28,0.031835947185754776,0.7838448882102966,28,0.0
seed17_P_O0_resume_step400,17,P_O0_resume,400,easy,10,3001700010,0.04939160405774601,1.0,0.25523242773488164,1.0,3.30611314997077,0.625,3.563448077067733,0.625,0.5256096720695496,28,0.01836181990802288,0.5436915159225464,28,5.960464477539063e-08
seed17_P_O0_resume_step400,17,P_O0_resume,400,easy,11,3001700011,0.14930643769912422,1.0,0.21976568829268217,1.0,5.4762018620967865,0.0,6.2384160459041595,0.0,0.7842808365821838,28,0.0450284406542778,0.7561522126197815,28,5.960464477539063e-08
seed17_P_O0_resume_step400,17,P_O0_resume,400,easy,12,3001700012,0.2716811632417375,0.875,0.07811380294151604,1.0,2.066417343914509,0.25,1.4150353483855724,0.5,0.4022732675075531,28,0.016124239191412926,0.643714189529419,28,1.1920928955078125e-07
seed17_P_O0_resume_step400,17,P_O0_resume,400,easy,13,3001700013,1.186875141087512,0.5,0.17578534258063883,1.0,0.1885882206261158,1.0,0.24216869054362178,0.875,0.07064169645309448,28,0.016283269971609116,0.06934633105993271,28,0.0
seed17_P_O0_resume_step400,17,P_O0_resume,400,easy,14,3001700014,0.7152345255017281,0.5,3.3561657667160034,0.0,2.431474997662008,0.125,2.2087705731391907,0.125,0.3896196484565735,28,0.00744035467505455,0.44412320852279663,28,1.788139485370266e-07
seed17_P_O0_resume_step400,17,P_O0_resume,400,easy,15,3001700015,0.7611145690898411,0.5,1.8712449595332146,0.25,4.783886911347508,0.375,4.687902616336942,0.5,0.5703692436218262,28,0.06620652973651886,0.7526825666427612,28,0.0
seed17_P_O0_resume_step400,17,P_O0_resume,400,easy,16,3001700016,0.833268583053723,0.5,2.4410149604082108,0.125,4.751857393886894,0.5,4.974664509296417,0.375,0.7187044620513916,28,0.1786559671163559,0.7323392033576965,28,0.0
seed17_P_O0_resume_step400,17,P_O0_resume,400,easy,17,3001700017,0.6623373850598,0.375,0.1822362095117569,1.0,0.521512484177947,0.75,0.417647048830986,0.875,0.19127093255519867,28,0.025533733889460564,0.17011019587516785,28,1.1920928955078125e-07
seed17_P_O0_resume_step400,17,P_O0_resume,400,easy,18,3001700018,1.1420419700443745,0.5,1.7237483486533165,0.375,4.2184480365831405,0.5,5.238218380138278,0.5,0.7440608143806458,28,0.08395048975944519,0.7704887986183167,28,1.1920928955078125e-07
seed17_P_O0_resume_step400,17,P_O0_resume,400,easy,19,3001700019,1.271428905427456,0.25,3.6571564823389053,0.0,1.485838944092393,0.625,1.7447738721966743,0.625,0.5125914812088013,28,0.09468492865562439,0.5324218273162842,28,1.1920928955078125e-07
seed17_P_O0_resume_step400,17,P_O0_resume,400,easy,20,3001700020,0.5959257315844297,0.75,0.11067038797773421,1.0,2.9537634011358023,0.25,2.702099746093154,0.25,0.8515366315841675,28,0.01291342731565237,0.8926909565925598,28,1.1920928955078125e-07
seed17_P_O0_resume_step400,17,P_O0_resume,400,easy,21,3001700021,0.5892632970353588,0.625,0.4268407700583339,0.75,3.9690645849332213,0.5,4.088306497782469,0.5,0.8404228687286377,28,0.033449869602918625,0.8615826368331909,28,5.960464477539063e-08
seed17_P_O0_resume_step400,17,P_O0_resume,400,easy,22,3001700022,0.010372331948019564,1.0,0.6032120487652719,0.625,7.339965231716633,0.375,7.361973259598017,0.375,0.6160263419151306,28,0.015084580518305302,0.6476282477378845,28,1.1920928955078125e-07
seed17_P_O0_resume_step400,17,P_O0_resume,400,easy,23,3001700023,0.5150332609191537,0.625,0.7270039822906256,0.5,4.7849442437291145,0.25,4.950942136347294,0.25,0.8644974827766418,28,0.05335722491145134,0.9342931509017944,28,1.1920928955078125e-07
seed17_P_O0_resume_step400,17,P_O0_resume,400,easy,24,3001700024,0.7263333949667867,0.5,0.10333089926280081,1.0,1.1260019075125456,0.75,0.9829729199409485,0.75,0.40170252323150635,28,0.015659518539905548,0.4801638126373291,28,1.1920928955078125e-07
seed17_P_O0_resume_step400,17,P_O0_resume,400,easy,25,3001700025,0.31890693708555773,0.875,0.5159206435782835,0.75,5.781711310148239,0.25,6.11649526655674,0.25,0.3980967402458191,28,0.037684015929698944,0.4377032220363617,28,5.960464477539063e-08
seed17_P_O0_resume_step400,17,P_O0_resume,400,easy,26,3001700026,1.4929402712732553,0.25,2.046497568488121,0.0,2.134779918938875,0.625,2.5108895003795624,0.625,0.4436110556125641,28,0.0273367241024971,0.40710118412971497,28,0.0
seed17_P_O0_resume_step400,17,P_O0_resume,400,easy,27,3001700027,0.03670829627662897,1.0,0.04656221985351294,1.0,1.5462543880566955,0.875,0.4327081451192498,0.875,0.24764542281627655,28,0.004061405546963215,0.3082636594772339,28,5.960464477539063e-08
seed17_P_O0_resume_step400,17,P_O0_resume,400,easy,28,3001700028,1.604521006345749,0.0,1.8376431688666344,0.0,0.6477969875559211,0.875,0.8147309683263302,0.875,0.22200727462768555,28,0.022853070870041847,0.2441582828760147,28,0.0
seed17_P_O0_resume_step400,17,P_O0_resume,400,easy,29,3001700029,1.163421881297836,0.5,0.4997030607191846,0.625,0.19692141888663173,1.0,0.2559211440384388,1.0,0.06615976244211197,28,0.010279504582285881,0.07477153837680817,28,1.1920928955078125e-07
seed17_P_O0_resume_step400,17,P_O0_resume,400,easy,30,3001700030,1.1566052585840225,0.25,1.0141502507030964,0.375,2.0717446506023407,0.25,1.6443885210901499,0.375,0.84479159116745,28,0.09427206963300705,0.7864922285079956,28,0.0
seed17_P_O0_resume_step400,17,P_O0_resume,400,easy,31,3001700031,0.15070542701869272,1.0,0.07591855386272073,1.0,1.9639720767736435,0.0,2.4233079105615616,0.0,0.4567071199417114,28,0.093864805996418,0.7148640751838684,28,5.960464477539063e-08
seed17_P_O0_resume_step400,17,P_O0_resume,400,easy,32,3001700032,0.8681491650640965,0.625,0.22630938235670328,1.0,3.3010951038450003,0.5,2.9956342205405235,0.5,0.5553988218307495,28,0.06074323132634163,0.557823657989502,28,0.0
seed17_P_O0_resume_step400,17,P_O0_resume,400,easy,33,3001700033,0.62144011460623,0.625,0.16306270565837622,1.0,0.6336496914736927,0.75,0.7334241941571236,0.75,0.4749118387699127,28,0.018621165305376053,0.4953126311302185,28,5.960464477539063e-08
seed17_P_O0_resume_step400,17,P_O0_resume,400,easy,34,3001700034,0.003775664583372418,1.0,0.025076892867218703,1.0,2.0282729926984757,0.75,2.082159388810396,0.75,0.5983423590660095,28,0.011595415882766247,0.6272875070571899,28,0.0
seed17_P_O0_resume_step400,17,P_O0_resume,400,easy,35,3001700035,0.3947512385202572,0.625,1.7339059859514236,0.125,7.277030378580093,0.25,7.139617249369621,0.25,0.5788048505783081,28,0.020701169967651367,0.7693091034889221,28,-1.1920928955078125e-07
seed17_P_O0_resume_step400,17,P_O0_resume,400,easy,36,3001700036,0.1819160395534709,0.875,0.11848364677280188,1.0,0.5259250309318304,0.75,0.6129420651122928,0.75,0.4071233570575714,28,0.001356452819891274,0.4861609935760498,28,0.0
seed17_P_O0_resume_step400,17,P_O0_resume,400,easy,37,3001700037,0.02276399251422845,1.0,0.12651772575918585,1.0,4.056135160848498,0.5,3.863454997073859,0.5,0.5177817344665527,28,0.052988555282354355,0.5296370983123779,28,1.1920928955078125e-07
seed17_P_O0_resume_step400,17,P_O0_resume,400,easy,38,3001700038,0.4385957575432258,0.625,0.07380625721998513,1.0,0.9425744954496622,0.5,1.9253910183906555,0.125,0.33658573031425476,28,0.07268738746643066,0.5646994709968567,28,5.960464477539063e-08
seed17_P_O0_resume_step400,17,P_O0_resume,400,easy,39,3001700039,2.5251760655082762,0.125,5.012708067893982,0.0,2.31637866422534,0.625,2.5147658437490463,0.75,0.36056050658226013,28,0.012045609764754772,0.38800880312919617,28,0.0
seed17_P_O0_resume_step400,17,P_O0_resume,400,easy,40,3001700040,0.01982682413654402,1.0,0.02101934887468815,1.0,2.1656488105654716,0.25,1.8365099653601646,0.375,0.6393529772758484,28,0.04067116975784302,0.6912249326705933,28,-1.1920928955078125e-07
seed17_P_O0_resume_step400,17,P_O0_resume,400,easy,41,3001700041,0.39288195785775315,1.0,0.055861445143818855,1.0,2.191282093524933,0.125,1.9329936429858208,0.125,0.24890810251235962,28,0.1668144315481186,0.700298547744751,28,1.1920928955078125e-07
seed17_P_O0_resume_step400,17,P_O0_resume,400,easy,42,3001700042,0.31846812431467697,0.75,0.076399213867262,1.0,1.3251120708882809,0.25,1.6248346120119095,0.125,0.34331032633781433,28,0.06399869173765182,0.5501648783683777,28,-1.1920928955078125e-07
seed17_P_O0_resume_step400,17,P_O0_resume,400,easy,43,3001700043,0.7415091153234243,0.625,1.6627646870911121,0.25,4.801341358572245,0.375,5.036344658583403,0.25,0.729187548160553,28,0.10035154968500137,0.9389570951461792,28,0.0
seed17_P_O0_resume_step400,17,P_O0_resume,400,easy,44,3001700044,0.5128107168711722,0.625,0.2566243205219507,1.0,0.6394716780632734,0.5,0.775419645011425,0.5,0.143887460231781,28,0.006717284210026264,0.20706520974636078,28,-1.1920928955078125e-07
seed17_P_O0_resume_step400,17,P_O0_resume,400,easy,45,3001700045,0.3384902882389724,0.875,0.15128739271312952,1.0,1.2453826684504747,0.5,1.4561026841402054,0.0,0.45105820894241333,28,0.06209288537502289,0.8117128610610962,28,-1.1920928955078125e-07
seed17_P_O0_resume_step400,17,P_O0_resume,400,easy,46,3001700046,1.48961840569973,0.0,2.3967913538217545,0.0,0.8284185496158898,0.75,0.7757853427901864,0.75,0.3023364245891571,28,0.08092468231916428,0.26285332441329956,28,1.1920928955078125e-07
seed17_P_O0_resume_step400,17,P_O0_resume,400,easy,47,3001700047,0.5149122802831698,0.5,0.142431715503335,1.0,0.2916649617254734,1.0,0.3945231391116977,0.875,0.16850438714027405,28,0.08302021026611328,0.27125924825668335,28,0.0
seed17_P_O0_resume_step400,17,P_O0_resume,400,easy,48,3001700048,1.0895980607965612,0.5,0.7391374715662096,0.5,0.5291819645790383,0.75,0.5673792879097164,0.875,0.29519590735435486,28,0.024202151224017143,0.2649153172969818,28,1.1920928955078125e-07
seed17_P_O0_resume_step400,17,P_O0_resume,400,easy,49,3001700049,0.8282356403069571,0.375,1.5050264075398445,0.5,3.4701537755317986,0.625,3.739930033683777,0.625,0.7196885943412781,28,0.11139560490846634,0.865129828453064,28,-1.1920928955078125e-07
seed17_P_O0_resume_step400,17,P_O0_resume,400,easy,50,3001700050,0.8145539821125567,0.25,0.4166306550614536,1.0,0.7793305516242981,0.875,0.563242357224226,1.0,0.24947841465473175,28,0.04292437061667442,0.11761081963777542,28,5.960464477539063e-08
seed17_P_O0_resume_step400,17,P_O0_resume,400,easy,51,3001700051,1.7548795640468597,0.0,1.751422919332981,0.375,2.4051871839910746,0.375,3.1921641677618027,0.5,0.685624897480011,28,0.018958842381834984,0.7768682241439819,28,0.0
seed17_P_O0_resume_step400,17,P_O0_resume,400,easy,52,3001700052,0.014046694384887815,1.0,0.04920101445168257,1.0,3.7547944486141205,0.0,3.9536318480968475,0.0,0.18063761293888092,28,0.01080111600458622,0.20291417837142944,28,5.960464477539063e-08
seed17_P_O0_resume_step400,17,P_O0_resume,400,easy,53,3001700053,0.1753172879543854,0.875,0.033439211605582386,1.0,2.342355719767511,0.375,2.1043479032814503,0.375,0.7480019927024841,28,0.019571593031287193,0.8026086688041687,28,-1.1920928955078125e-07
seed17_P_O0_resume_step400,17,P_O0_resume,400,easy,54,3001700054,1.0641324860043824,0.375,4.322940677404404,0.0,4.947515461593866,0.5,5.053419325500727,0.5,0.5598520040512085,28,0.02043670229613781,0.6989167332649231,28,0.0
seed17_P_O0_resume_step400,17,P_O0_resume,400,easy,55,3001700055,0.806886640843004,0.5,0.18602807249408215,1.0,4.938869494944811,0.375,4.649765430018306,0.5,0.7330286502838135,28,0.014470543712377548,0.7575810551643372,28,0.0
seed17_P_O0_resume_step400,17,P_O0_resume,400,easy,56,3001700056,0.5559036531485617,0.875,1.945050299167633,0.0,3.133190765976906,0.25,3.8574042916297913,0.0,0.5880417227745056,28,0.12866340577602386,0.6239919662475586,28,0.0
seed17_P_O0_resume_step400,17,P_O0_resume,400,easy,57,3001700057,0.34232874237932265,0.625,0.1777722812257707,1.0,1.2516968958079815,0.375,0.9065113142132759,0.125,0.24341779947280884,28,0.0028364169411361217,0.34184783697128296,28,0.0
seed17_P_O0_resume_step400,17,P_O0_resume,400,easy,58,3001700058,0.03741084516514093,1.0,0.1938776932656765,1.0,4.713620275259018,0.0,5.553051680326462,0.0,0.6204685568809509,28,0.022175690159201622,0.687788188457489,28,1.1920928955078125e-07
seed17_P_O0_resume_step400,17,P_O0_resume,400,easy,59,3001700059,0.400264699885156,0.875,1.2615782793145627,0.25,3.68201039172709,0.375,4.768573816865683,0.375,0.48181161284446716,28,0.013091017492115498,0.4988881051540375,28,-1.1920928955078125e-07
seed17_P_O0_resume_step400,17,P_O0_resume,400,easy,60,3001700060,0.020879315212368965,1.0,0.7751229051500559,0.75,8.678578285500407,0.25,8.485477026551962,0.25,0.4584771990776062,28,0.018093831837177277,0.4930466413497925,28,-2.384185791015625e-07
seed17_P_O0_resume_step400,17,P_O0_resume,400,easy,61,3001700061,0.5945172235369682,0.625,2.6842534244060516,0.0,2.9990736171603203,0.375,2.8493720069527626,0.375,0.7028637528419495,28,0.010997900739312172,0.9039230942726135,28,-1.1920928955078125e-07
seed17_P_O0_resume_step400,17,P_O0_resume,400,easy,62,3001700062,1.1232118848711252,0.375,0.8889372497797012,0.5,2.2575957998633385,0.625,2.8952502589672804,0.625,0.42535579204559326,28,0.06495918333530426,0.5492758750915527,28,-2.384185791015625e-07
seed17_P_O0_resume_step400,17,P_O0_resume,400,easy,63,3001700063,0.35027557285502553,0.875,1.1172523945569992,0.25,6.4262222945690155,0.0,5.655530020594597,0.0,0.3152826428413391,28,0.09966014325618744,0.4077991545200348,28,0.0
seed17_P_O0_resume_step400,17,P_O0_resume,400,easy,64,3001700064,0.3438628070289269,0.625,0.1461359914392233,1.0,0.7956867637112737,0.375,0.7200988605618477,0.625,0.14340299367904663,28,0.0083618788048625,0.3470171391963959,28,0.0
seed17_P_O0_resume_step400,17,P_O0_resume,400,easy,65,3001700065,0.5028517749160528,0.75,0.2266452880576253,1.0,4.432977557182312,0.25,4.172258444130421,0.125,0.7265691161155701,28,0.03559570759534836,0.8466508984565735,28,-1.1920928955078125e-07
seed17_P_O0_resume_step400,17,P_O0_resume,400,easy,66,3001700066,0.6500183530151844,0.5,0.2620216440409422,1.0,2.0426536798477173,0.125,1.9041239097714424,0.5,0.78155916929245,28,0.051615502685308456,0.758656919002533,28,-1.1920928955078125e-07
seed17_P_O0_resume_step400,17,P_O0_resume,400,easy,67,3001700067,0.5970884226262569,0.75,0.25384718272835016,1.0,2.043828099966049,0.125,1.8137319684028625,0.125,0.49004366993904114,28,0.030180731788277626,0.5848414897918701,28,0.0
seed17_P_O0_resume_step400,17,P_O0_resume,400,easy,68,3001700068,0.5894538164138794,0.625,1.3731696903705597,0.375,4.918353641405702,0.375,4.288660995662212,0.25,0.9209897518157959,28,0.03160855919122696,0.933194637298584,28,0.0
seed17_P_O0_resume_step400,17,P_O0_resume,400,easy,69,3001700069,0.4382334867550526,0.75,1.8540544353891164,0.5,1.9558026818558574,0.5,1.2619885699823499,0.75,0.44191956520080566,28,0.004851797129958868,0.5165219306945801,28,-1.1920928955078125e-07
seed17_P_O0_resume_step400,17,P_O0_resume,400,easy,70,3001700070,0.5244240388274193,0.625,2.084911026060581,0.375,3.0486105233430862,0.0,2.771697074174881,0.0,0.9640212059020996,28,0.05796584486961365,0.8751842975616455,28,-1.1920928955078125e-07
seed17_P_O0_resume_step400,17,P_O0_resume,400,easy,71,3001700071,0.014614405983593315,1.0,0.07081467984244227,1.0,5.222572796046734,0.375,5.618734896183014,0.375,0.5761754512786865,28,0.01166111696511507,0.5835967063903809,28,1.1920928955078125e-07
seed17_P_O0_resume_step400,17,P_O0_resume,400,easy,72,3001700072,0.2527194523718208,0.875,0.5299381501972675,0.875,5.660562187433243,0.0,6.416400223970413,0.0,0.09650371968746185,28,0.023463694378733635,0.095888651907444,28,-1.1920928955078125e-07
seed17_P_O0_resume_step400,17,P_O0_resume,400,easy,73,3001700073,0.8239677797537297,0.5,0.838278716430068,0.625,4.469125531613827,0.5,4.29509374499321,0.5,0.8489081859588623,28,0.02583744376897812,0.9189565181732178,28,0.0
seed17_P_O0_resume_step400,17,P_O0_resume,400,easy,74,3001700074,0.2433669357560575,0.875,0.34191210847347975,0.875,9.125745430588722,0.125,8.868030935525894,0.125,0.25883275270462036,28,0.013682868331670761,0.3103708028793335,28,-1.1920928955078125e-07
seed17_P_O0_resume_step400,17,P_O0_resume,400,easy,75,3001700075,0.33867653577181045,0.875,0.17150040436536074,0.875,1.4979680515825748,0.375,1.2138403058052063,0.25,0.43745604157447815,28,0.04100503399968147,0.5208097100257874,28,1.1920928955078125e-07
seed17_P_O0_resume_step400,17,P_O0_resume,400,easy,76,3001700076,0.5026083642151207,0.625,0.16402068780735135,1.0,0.911939974874258,0.375,0.8168996181339025,0.5,0.20620714128017426,28,0.08936966210603714,0.2620041072368622,28,0.0
seed17_P_O0_resume_step400,17,P_O0_resume,400,easy,77,3001700077,0.27131348196417093,0.875,0.10388009459711611,1.0,4.7756017106585205,0.375,4.494651106651872,0.5,0.6301224827766418,28,0.003532575909048319,0.6363384127616882,28,0.0
seed17_P_O0_resume_step400,17,P_O0_resume,400,easy,78,3001700078,0.45442363375332206,0.75,2.2727918922901154,0.25,8.480797700583935,0.25,8.418916024267673,0.25,0.46832385659217834,28,0.009256402030587196,0.4541643261909485,28,0.0
seed17_P_O0_resume_step400,17,P_O0_resume,400,easy,79,3001700079,0.7600032332120463,0.625,0.2242806483991444,0.875,2.032103069126606,0.25,1.3361602295190096,0.25,0.24239107966423035,28,0.02227325551211834,0.2773016393184662,28,1.1920928955078125e-07
seed17_P_O0_resume_step400,17,P_O0_resume,400,easy,80,3001700080,0.33945090021006763,0.875,0.21442160429432988,1.0,6.150586835108697,0.25,6.41440249606967,0.125,0.6967989206314087,28,0.07260584086179733,0.8158982396125793,28,5.960464477539063e-08
seed17_P_O0_resume_step400,17,P_O0_resume,400,easy,81,3001700081,0.5904812067747116,0.75,0.11051446851342916,1.0,1.9107879027724266,0.125,3.6062488555908203,0.0,0.42384135723114014,28,0.08644215017557144,0.6492509841918945,28,0.0
seed17_P_O0_resume_step400,17,P_O0_resume,400,easy,82,3001700082,0.6942514755646698,0.5,0.35306386835873127,0.875,0.5663643814623356,0.875,0.36005685292184353,1.0,0.1484079211950302,28,0.03413331136107445,0.1429232954978943,28,-1.1920928955078125e-07
seed17_P_O0_resume_step400,17,P_O0_resume,400,easy,83,3001700083,0.5173470340669155,0.875,0.9642958678305149,0.5,1.699937142431736,0.5,2.2619343996047974,0.0,0.9867757558822632,28,0.21993713080883026,0.6626423597335815,28,0.0
seed17_P_O0_resume_step400,17,P_O0_resume,400,easy,84,3001700084,0.0027152429684065282,1.0,0.026666234014555812,1.0,0.06699510430917144,1.0,0.08972600055858493,1.0,0.015372239053249359,28,0.0019441439071670175,0.01488396618515253,28,0.0
seed17_P_O0_resume_step400,17,P_O0_resume,400,easy,85,3001700085,1.259677305817604,0.0,2.916258879005909,0.125,0.7922484800219536,0.875,0.46541316621005535,0.875,0.35142335295677185,28,0.08507061749696732,0.2029293030500412,28,0.0
seed17_P_O0_resume_step400,17,P_O0_resume,400,easy,86,3001700086,0.8969737509032711,0.5,0.6780179704073817,0.5,0.6775103770196438,0.875,0.834993951022625,0.75,0.07863966375589371,28,0.013838428072631359,0.055442143231630325,28,-2.384185791015625e-07
seed17_P_O0_resume_step400,17,P_O0_resume,400,easy,87,3001700087,2.5838006883859634,0.125,2.68126161955297,0.375,0.42569643957540393,0.875,0.7059969007968903,0.75,0.06093856692314148,28,0.045275431126356125,0.1812586933374405,28,0.0
seed17_P_O0_resume_step400,17,P_O0_resume,400,easy,88,3001700088,1.1992806792259216,0.0,0.7789463549852371,0.5,0.5860683359205723,0.875,0.5492700841277838,0.875,0.2624364495277405,28,0.06406748294830322,0.3087632656097412,28,-1.1920928955078125e-07
seed17_P_O0_resume_step400,17,P_O0_resume,400,easy,89,3001700089,2.2737097066128626,0.25,0.3872182024642825,0.875,0.8766483273357153,0.625,0.33760910108685493,1.0,0.02367321215569973,28,0.015452394261956215,0.025247830897569656,28,5.960464477539063e-08
seed17_P_O0_resume_step400,17,P_O0_resume,400,easy,90,3001700090,0.7789767326321453,0.5,3.2654055058956146,0.125,5.899542300030589,0.5,5.446655094623566,0.5,0.8828184008598328,28,0.07280060648918152,0.7644895911216736,28,-1.1920928955078125e-07
seed17_P_O0_resume_step400,17,P_O0_resume,400,easy,91,3001700091,0.44557664766034577,0.625,0.21303853683639318,1.0,0.3241593409329653,0.875,0.36382490396499634,0.875,0.123629629611969,28,0.10092901438474655,0.2683092951774597,28,0.0
seed17_P_O0_resume_step400,17,P_O0_resume,400,easy,92,3001700092,0.09954556965385564,1.0,0.01928860292537138,1.0,3.2749163545668125,0.375,2.8625539541244507,0.25,0.6773350834846497,28,0.04938182607293129,0.7821399569511414,28,1.1920928955078125e-07
seed17_P_O0_resume_step400,17,P_O0_resume,400,easy,93,3001700093,0.01596466510090977,1.0,1.1182401860132813,0.625,4.809958676807582,0.625,4.686245014891028,0.625,0.590855062007904,28,0.032909296452999115,0.6071176528930664,28,0.0
seed17_P_O0_resume_step400,17,P_O0_resume,400,easy,94,3001700094,0.30780825880356133,1.0,0.10387824394274503,0.875,2.7791215032339096,0.0,2.0045692026615143,0.0,0.3434942364692688,28,0.04272507131099701,0.40374478697776794,28,0.0
seed17_P_O0_resume_step400,17,P_O0_resume,400,easy,95,3001700095,1.5026889760047197,0.375,2.1645653545856476,0.0,3.560034364461899,0.625,3.9015847500413656,0.625,0.7607837915420532,28,0.14316147565841675,0.7391915917396545,28,0.0
seed17_P_O0_resume_step400,17,P_O0_resume,400,easy,96,3001700096,0.03314911802590359,1.0,0.3065980728715658,0.75,2.741239385679364,0.625,3.8839075975120068,0.625,0.5201531648635864,28,0.014710535295307636,0.5434720516204834,28,-2.384185791015625e-07
seed17_P_O0_resume_step400,17,P_O0_resume,400,easy,97,3001700097,0.6809441563673317,0.625,1.4197990335524082,0.125,3.8999960720539093,0.25,5.809557236731052,0.25,0.9420015215873718,28,0.020856913179159164,0.9712125658988953,28,1.788139485370266e-07
seed17_P_O0_resume_step400,17,P_O0_resume,400,easy,98,3001700098,0.3265774581814185,1.0,1.3444262854754925,0.25,2.0689351204782724,0.25,1.9035424031317234,0.25,0.6825800538063049,28,0.0077769760973751545,0.6821466684341431,28,-1.1920928955078125e-07
seed17_P_O0_resume_step400,17,P_O0_resume,400,easy,99,3001700099,0.6759326339379186,0.625,0.24750072858296335,0.875,1.1735483640804887,0.625,0.7433435041457415,0.625,0.5658111572265625,28,0.02481052465736866,0.6849753856658936,28,1.1920928955078125e-07
seed17_P_O0_resume_step400,17,P_O0_resume,400,hard,0,3001710000,1.130646474659443,0.75,1.761533871293068,0.0,1.3667218685150146,0.0,1.3368668407201767,0.125,0.1886858344078064,28,0.0008332303841598332,0.22242969274520874,28,5.960464477539063e-08
seed17_P_O0_resume_step400,17,P_O0_resume,400,hard,1,3001710001,1.5088062584400177,0.0,1.6275913566350937,0.0,1.4652462899684906,0.0,1.4194493740797043,0.0,0.17054544389247894,28,0.0002783834934234619,0.2297625094652176,28,1.1920928955078125e-07
seed17_P_O0_resume_step400,17,P_O0_resume,400,hard,2,3001710002,1.802391417324543,0.375,1.4434839561581612,0.375,1.5712387710809708,0.25,1.5836888998746872,0.375,0.38360604643821716,28,0.002839165274053812,0.36361944675445557,28,-1.1920928955078125e-07
seed17_P_O0_resume_step400,17,P_O0_resume,400,hard,3,3001710003,1.466351181268692,0.0,1.367868535220623,0.125,1.6000516563653946,0.0,1.5295057892799377,0.0,0.9373509883880615,28,0.009136807173490524,0.6245012283325195,28,0.0
seed17_P_O0_resume_step400,17,P_O0_resume,400,hard,4,3001710004,1.198717676103115,0.625,1.1938326805830002,0.625,1.2187712788581848,0.625,1.2226632833480835,0.625,0.34524041414260864,28,0.00043067976366728544,0.4119345247745514,28,1.788139485370266e-07
seed17_P_O0_resume_step400,17,P_O0_resume,400,hard,5,3001710005,2.9886068999767303,0.0,2.2300752252340317,0.0,1.6322644501924515,0.0,1.638819694519043,0.0,0.12381605058908463,28,0.0014868357684463263,0.12754642963409424,28,5.960464477539063e-08
seed17_P_O0_resume_step400,17,P_O0_resume,400,hard,6,3001710006,1.1344952136278152,0.75,1.1648232489824295,0.625,1.1728267446160316,0.75,1.1204804554581642,0.75,0.4529706537723541,28,0.0017570279305800796,0.4689721465110779,28,2.384185791015625e-07
seed17_P_O0_resume_step400,17,P_O0_resume,400,hard,7,3001710007,1.4499146863818169,0.375,1.6235989779233932,0.0,1.2043644338846207,0.25,1.1918648034334183,0.125,0.550347626209259,28,0.003014977555721998,0.4499366283416748,28,-2.384185791015625e-07
seed17_P_O0_resume_step400,17,P_O0_resume,400,hard,8,3001710008,0.922435138374567,0.5,1.536735087633133,0.0,1.3626940995454788,0.375,1.376027524471283,0.125,0.14294414222240448,28,0.00392795680090785,0.1188211590051651,28,5.960464477539063e-08
seed17_P_O0_resume_step400,17,P_O0_resume,400,hard,9,3001710009,1.0734463781118393,0.375,0.7038818448781967,0.75,0.9170936793088913,0.5,0.9638796746730804,0.625,0.490821897983551,28,0.002841042820364237,0.5170080065727234,28,0.0
seed17_P_O0_resume_step400,17,P_O0_resume,400,hard,10,3001710010,1.0793032795190811,0.25,1.053858183324337,0.375,1.1289387196302414,0.375,1.1253990828990936,0.375,0.2471713274717331,28,0.0016711738426238298,0.2953694462776184,28,5.960464477539063e-08
seed17_P_O0_resume_step400,17,P_O0_resume,400,hard,11,3001710011,1.2049782872200012,0.25,1.5160276368260384,0.25,1.3125608041882515,0.25,1.2489705830812454,0.25,0.04795653745532036,28,0.0029121043626219034,0.07237903773784637,28,0.0
seed17_P_O0_resume_step400,17,P_O0_resume,400,hard,12,3001710012,1.1007261872291565,0.375,0.9512965530157089,0.75,1.1099681705236435,0.5,1.0885035023093224,0.625,0.1580243855714798,28,0.0016248461324721575,0.08230002969503403,28,2.384185791015625e-07
seed17_P_O0_resume_step400,17,P_O0_resume,400,hard,13,3001710013,1.5318544153124094,0.25,1.4448073096573353,0.25,1.3815697580575943,0.25,1.3072595447301865,0.25,0.5958382487297058,28,0.0022676694206893444,0.3751579821109772,28,0.0
seed17_P_O0_resume_step400,17,P_O0_resume,400,hard,14,3001710014,0.9270005021244287,0.5,0.8983756527304649,0.625,0.8837279826402664,0.75,0.8595279157161713,0.875,0.14084433019161224,28,0.025455676019191742,0.13183067739009857,28,1.1920928955078125e-07
seed17_P_O0_resume_step400,17,P_O0_resume,400,hard,15,3001710015,1.0428678765892982,0.5,1.4255512803792953,0.25,1.0332288593053818,0.625,1.0377393886446953,0.375,0.47698867321014404,28,0.0019736632239073515,0.42823511362075806,28,0.0
seed17_P_O0_resume_step400,17,P_O0_resume,400,hard,16,3001710016,1.250235378742218,0.625,1.21192866563797,0.625,1.2680043205618858,0.625,1.261585347354412,0.625,0.5185561180114746,28,0.00046715568169020116,0.40914472937583923,28,-1.1920928955078125e-07
seed17_P_O0_resume_step400,17,P_O0_resume,400,hard,17,3001710017,1.0946768820285797,0.625,1.180458813905716,0.75,1.364398866891861,0.0,1.3262398838996887,0.0,0.5051401257514954,28,0.0008955853991210461,0.7172767519950867,28,0.0
seed17_P_O0_resume_step400,17,P_O0_resume,400,hard,18,3001710018,1.2960106432437897,0.125,1.2462006956338882,0.375,1.3359331339597702,0.125,1.3292989879846573,0.0,0.053004972636699677,28,0.00019325529865454882,0.3309060037136078,28,0.0
seed17_P_O0_resume_step400,17,P_O0_resume,400,hard,19,3001710019,0.7854022420942783,0.625,0.8920898959040642,0.375,1.0150549188256264,0.375,1.0740991830825806,0.625,0.04832497984170914,28,0.002583529334515333,0.032763417810201645,28,1.1920928955078125e-07
seed17_P_O0_resume_step400,17,P_O0_resume,400,hard,20,3001710020,0.8455050997436047,0.625,0.8440067432820797,0.625,0.9521503448486328,0.625,0.9297465980052948,0.625,0.07932466268539429,28,0.006872352212667465,0.1277514547109604,28,-1.1920928955078125e-07
seed17_P_O0_resume_step400,17,P_O0_resume,400,hard,21,3001710021,0.7030499894171953,0.625,0.7290025278925896,1.0,0.8119667619466782,0.625,0.8805055320262909,0.625,0.05876857414841652,28,0.011957788839936256,0.049841515719890594,28,5.960464477539063e-08
seed17_P_O0_resume_step400,17,P_O0_resume,400,hard,22,3001710022,1.2815868183970451,0.125,0.8688428588211536,0.75,0.8983256220817566,0.75,0.9297501370310783,0.5,0.18440023064613342,28,0.0026338824536651373,0.21068550646305084,28,0.0
seed17_P_O0_resume_step400,17,P_O0_resume,400,hard,23,3001710023,1.1166366264224052,0.875,1.2178649455308914,0.375,1.2085749804973602,0.75,1.2435908019542694,0.5,0.38417232036590576,28,0.00032792988349683583,0.2901463508605957,28,-1.1920928955078125e-07
seed17_P_O0_resume_step400,17,P_O0_resume,400,hard,24,3001710024,0.9581969082355499,0.75,1.097251534461975,0.875,1.0574008598923683,0.875,1.0474350228905678,0.875,0.0794886127114296,28,0.00014215070405043662,0.08559708297252655,28,5.960464477539063e-08
seed17_P_O0_resume_step400,17,P_O0_resume,400,hard,25,3001710025,2.094001069664955,0.0,1.6269658952951431,0.0,1.6526477634906769,0.0,1.5994420051574707,0.0,0.04910789430141449,28,0.00039786528213880956,0.06164000183343887,28,-1.1920928955078125e-07
seed17_P_O0_resume_step400,17,P_O0_resume,400,hard,26,3001710026,0.8777120187878609,0.75,0.9760358706116676,0.75,1.2676031440496445,0.5,1.1755867823958397,0.75,0.06568910926580429,28,0.0007867515669204295,0.08983758091926575,28,5.960464477539063e-08
seed17_P_O0_resume_step400,17,P_O0_resume,400,hard,27,3001710027,0.9047949835658073,0.625,0.9661606997251511,0.5,0.9559044912457466,0.625,0.9767463877797127,0.5,0.07457058876752853,28,0.0018639331683516502,0.12624697387218475,28,-2.384185791015625e-07
seed17_P_O0_resume_step400,17,P_O0_resume,400,hard,28,3001710028,1.0686594061553478,0.5,1.2277893722057343,0.5,1.2691305205225945,0.5,1.2369729653000832,0.5,0.5830744504928589,28,0.0017118433024734259,0.4740597605705261,28,0.0
seed17_P_O0_resume_step400,17,P_O0_resume,400,hard,29,3001710029,0.748311672359705,0.625,1.361627995967865,0.375,1.5843110382556915,0.25,1.4632424861192703,0.25,0.032393068075180054,28,0.0035749548114836216,0.031414441764354706,28,-1.1920928955078125e-07
seed17_P_O0_resume_step400,17,P_O0_resume,400,hard,30,3001710030,1.5762482732534409,0.0,1.8432493805885315,0.25,1.349242202937603,0.25,1.2655937671661377,0.125,0.4119531512260437,28,0.0024644159711897373,0.3087191581726074,28,5.960464477539063e-08
seed17_P_O0_resume_step400,17,P_O0_resume,400,hard,31,3001710031,1.0189403258264065,0.625,1.053027056157589,0.625,1.0747999772429466,0.625,1.0817865505814552,0.625,0.01757316291332245,28,0.0016053937142714858,0.02980152517557144,28,1.1920928955078125e-07
seed17_P_O0_resume_step400,17,P_O0_resume,400,hard,32,3001710032,1.179513230919838,0.75,1.225159540772438,0.625,1.2068978399038315,0.625,1.1964524239301682,0.625,0.11254748702049255,28,0.00014746403030585498,0.2034446895122528,28,0.0
seed17_P_O0_resume_step400,17,P_O0_resume,400,hard,33,3001710033,0.9316945783793926,0.625,0.9240824468433857,0.625,1.3938587754964828,0.25,1.365170679986477,0.125,0.835024893283844,28,0.003144277026876807,0.6936954855918884,28,0.0
seed17_P_O0_resume_step400,17,P_O0_resume,400,hard,34,3001710034,1.0875438898801804,0.875,1.1767413467168808,0.625,1.1477049887180328,0.875,1.1712667495012283,0.875,0.37993088364601135,28,0.0011594828683882952,0.3181860148906708,28,1.1920928955078125e-07
seed17_P_O0_resume_step400,17,P_O0_resume,400,hard,35,3001710035,1.8846026584506035,0.375,1.6875572353601456,0.0,1.7240737676620483,0.125,1.6394894868135452,0.25,0.5810713171958923,28,0.006673983298242092,0.47614148259162903,28,0.0
seed17_P_O0_resume_step400,17,P_O0_resume,400,hard,36,3001710036,1.1899529099464417,0.875,1.1435866057872772,0.875,1.2222293317317963,0.75,1.2184247821569443,0.75,0.9562694430351257,28,0.0005647348589263856,0.9708283543586731,28,0.0
seed17_P_O0_resume_step400,17,P_O0_resume,400,hard,37,3001710037,1.179835557937622,0.375,1.6879824101924896,0.0,1.3404060900211334,0.125,1.2097425907850266,0.625,0.8752620816230774,28,0.0017527641030028462,0.5880471467971802,28,5.960464477539063e-08
seed17_P_O0_resume_step400,17,P_O0_resume,400,hard,38,3001710038,1.2442076951265335,0.625,1.4388606250286102,0.375,1.2750014662742615,0.625,1.260269820690155,0.625,0.02244577370584011,28,0.0013216586085036397,0.01952340081334114,28,0.0
seed17_P_O0_resume_step400,17,P_O0_resume,400,hard,39,3001710039,0.7178576402366161,0.625,0.723872683942318,0.625,0.8067264780402184,0.625,0.7996411398053169,0.625,0.0430472157895565,28,0.003433444770053029,0.07500167936086655,28,-1.1920928955078125e-07
seed17_P_O0_resume_step400,17,P_O0_resume,400,hard,40,3001710040,2.06670905649662,0.0,2.2862553745508194,0.0,2.024773359298706,0.0,1.8411865085363388,0.0,0.4871147871017456,28,0.0017212694510817528,0.4858165979385376,28,1.1920928955078125e-07
seed17_P_O0_resume_step400,17,P_O0_resume,400,hard,41,3001710041,1.4283073097467422,0.25,1.4144114255905151,0.125,1.4863894134759903,0.0,1.4645234942436218,0.0,0.29105129837989807,28,0.001109004020690918,0.36710086464881897,28,0.0
seed17_P_O0_resume_step400,17,P_O0_resume,400,hard,42,3001710042,1.2442588433623314,0.375,1.77287757396698,0.0,1.3309702351689339,0.625,1.1426502987742424,0.625,0.8312188982963562,28,0.0038968645967543125,0.6607732772827148,28,1.1920928955078125e-07
seed17_P_O0_resume_step400,17,P_O0_resume,400,hard,43,3001710043,1.3103333190083504,0.5,1.2137982696294785,0.5,1.3366624563932419,0.5,1.3157457038760185,0.5,0.15818381309509277,28,0.006922690197825432,0.16275712847709656,28,-1.1920928955078125e-07
seed17_P_O0_resume_step400,17,P_O0_resume,400,hard,44,3001710044,1.6033098325133324,0.375,1.3996836319565773,0.375,1.243493802845478,0.375,1.216503418982029,0.375,0.03430543467402458,28,0.0017862278036773205,0.035133957862854004,28,-1.1920928955078125e-07
seed17_P_O0_resume_step400,17,P_O0_resume,400,hard,45,3001710045,1.4877690225839615,0.125,1.3234990015625954,0.25,1.4529895335435867,0.0,1.4159553498029709,0.0,0.4569602310657501,28,0.009224504232406616,0.4625933766365051,28,1.788139485370266e-07
seed17_P_O0_resume_step400,17,P_O0_resume,400,hard,46,3001710046,1.4962786436080933,0.0,1.4002163261175156,0.375,1.5012984722852707,0.25,1.5079376697540283,0.0,0.8694332838058472,28,0.00033068019547499716,0.6240215301513672,28,1.1920928955078125e-07
seed17_P_O0_resume_step400,17,P_O0_resume,400,hard,47,3001710047,1.690052330493927,0.0,1.8563365042209625,0.0,1.6850032657384872,0.0,1.7137707471847534,0.0,0.09086973965167999,28,0.0020809557754546404,0.22008152306079865,28,-1.1920928955078125e-07
seed17_P_O0_resume_step400,17,P_O0_resume,400,hard,48,3001710048,1.4559687972068787,0.5,1.5171721428632736,0.5,1.2651721239089966,0.5,1.3022456914186478,0.625,0.07002120465040207,28,0.003566465340554714,0.12414140999317169,28,-1.1920928955078125e-07
seed17_P_O0_resume_step400,17,P_O0_resume,400,hard,49,3001710049,1.2948963046073914,0.25,1.1244143545627594,0.625,1.3466927409172058,0.0,1.2808467894792557,0.625,0.2187744528055191,28,0.001802761689759791,0.3149954080581665,28,1.1920928955078125e-07
seed17_P_O0_resume_step400,17,P_O0_resume,400,hard,50,3001710050,1.437886007130146,0.375,1.5594914555549622,0.375,1.457896389067173,0.375,1.4263441488146782,0.375,0.9971239566802979,28,0.0012333947233855724,0.6995947957038879,28,-1.1920928955078125e-07
seed17_P_O0_resume_step400,17,P_O0_resume,400,hard,51,3001710051,0.9497383534908295,0.375,0.9495429396629333,0.375,0.9668888598680496,0.375,0.9593372717499733,0.375,0.027367757633328438,28,0.0017486598808318377,0.019549939781427383,28,-1.1920928955078125e-07
seed17_P_O0_resume_step400,17,P_O0_resume,400,hard,52,3001710052,1.9922012388706207,0.0,2.0010542422533035,0.0,1.6220856457948685,0.0,1.6159344911575317,0.0,0.05410898104310036,28,0.0009590983972884715,0.059750594198703766,28,5.960464477539063e-08
seed17_P_O0_resume_step400,17,P_O0_resume,400,hard,53,3001710053,1.4346252456307411,0.375,1.400474913418293,0.375,1.4084675163030624,0.375,1.3725124895572662,0.375,0.18303391337394714,28,0.0018347991863265634,0.07043462991714478,28,0.0
seed17_P_O0_resume_step400,17,P_O0_resume,400,hard,54,3001710054,1.0297282040119171,0.625,1.323692962527275,0.5,1.2398019284009933,0.25,1.3500326871871948,0.25,0.7057154178619385,28,0.001760512706823647,0.487774133682251,28,0.0
seed17_P_O0_resume_step400,17,P_O0_resume,400,hard,55,3001710055,1.3339181393384933,0.375,1.4410261511802673,0.125,1.3950167298316956,0.25,1.3746834248304367,0.25,0.3088136911392212,28,4.9861417210195214e-05,0.4087159037590027,28,-2.384185791015625e-07
seed17_P_O0_resume_step400,17,P_O0_resume,400,hard,56,3001710056,1.2079046368598938,0.75,1.2037315219640732,0.75,1.2290766388177872,0.75,1.2359430491924286,0.75,0.1306951940059662,28,8.725056250113994e-05,0.4824784994125366,28,0.0
seed17_P_O0_resume_step400,17,P_O0_resume,400,hard,57,3001710057,1.5170579999685287,0.125,1.5008981451392174,0.0,1.5712027251720428,0.25,1.4506913721561432,0.25,0.38725024461746216,28,0.002223523799329996,0.378627747297287,28,1.1920928955078125e-07
seed17_P_O0_resume_step400,17,P_O0_resume,400,hard,58,3001710058,0.9128379598259926,0.5,0.8762023001909256,1.0,0.9926251247525215,0.625,0.9933484643697739,0.625,0.07539699971675873,28,0.0028312867507338524,0.04717908427119255,28,0.0
seed17_P_O0_resume_step400,17,P_O0_resume,400,hard,59,3001710059,1.6887866705656052,0.0,1.5388054698705673,0.0,1.5479413568973541,0.125,1.5113200694322586,0.0,0.32360705733299255,28,0.0013510308926925063,0.27817878127098083,28,0.0
seed17_P_O0_resume_step400,17,P_O0_resume,400,hard,60,3001710060,1.3934430032968521,0.0,1.2939403653144836,0.0,1.388175293803215,0.0,1.4104533344507217,0.0,0.06684234738349915,28,0.00473928265273571,0.09395603835582733,28,-1.1920928955078125e-07
seed17_P_O0_resume_step400,17,P_O0_resume,400,hard,61,3001710061,0.924014650285244,0.625,1.0185003578662872,0.625,0.9786988943815231,0.625,0.9765834882855415,0.625,0.029448620975017548,28,0.0009428944322280586,0.024466609582304955,28,0.0
seed17_P_O0_resume_step400,17,P_O0_resume,400,hard,62,3001710062,1.0980386584997177,1.0,1.0034178420901299,0.75,1.3804406374692917,0.375,1.2510552257299423,0.875,0.8152332901954651,28,0.014868621714413166,0.8705679178237915,28,5.960464477539063e-08
seed17_P_O0_resume_step400,17,P_O0_resume,400,hard,63,3001710063,0.9551893994212151,0.5,0.9182174578309059,0.625,1.0293297693133354,0.375,1.0033330023288727,0.5,0.08444051444530487,28,0.0021913819946348667,0.12476184964179993,28,0.0
seed17_P_O0_resume_step400,17,P_O0_resume,400,hard,64,3001710064,1.523092895746231,0.0,1.4094214588403702,0.25,1.6889261305332184,0.0,1.4246914088726044,0.25,1.0468220710754395,28,0.0005708762910217047,0.8796536326408386,28,0.0
seed17_P_O0_resume_step400,17,P_O0_resume,400,hard,65,3001710065,1.3367932550609112,0.375,1.4787861555814743,0.0,1.6209975630044937,0.25,1.5458191260695457,0.25,1.027031421661377,28,0.0027957772836089134,0.9244513511657715,28,-2.384185791015625e-07
seed17_P_O0_resume_step400,17,P_O0_resume,400,hard,66,3001710066,1.5788709223270416,0.0,1.526865005493164,0.125,1.704449713230133,0.0,1.2687262669205666,0.5,0.45241719484329224,28,0.0005620888550765812,0.36022064089775085,28,-2.384185791015625e-07
seed17_P_O0_resume_step400,17,P_O0_resume,400,hard,67,3001710067,0.7949572652578354,0.875,0.6867727637290955,1.0,1.0604406669735909,0.75,0.9755712151527405,0.875,0.20405255258083344,28,0.00361073249951005,0.35840433835983276,28,0.0
seed17_P_O0_resume_step400,17,P_O0_resume,400,hard,68,3001710068,2.147900104522705,0.25,2.2610913068056107,0.25,1.9915553703904152,0.25,1.9838506579399109,0.25,0.16448166966438293,28,0.003747026901692152,0.27392086386680603,28,5.960464477539063e-08
seed17_P_O0_resume_step400,17,P_O0_resume,400,hard,69,3001710069,1.3402764797210693,0.25,1.377399556338787,0.5,1.3565260022878647,0.125,1.3811888694763184,0.125,0.6287739872932434,28,0.006345783360302448,0.45990586280822754,28,0.0
seed17_P_O0_resume_step400,17,P_O0_resume,400,hard,70,3001710070,1.5839994996786118,0.375,1.4120280295610428,0.375,1.4954100251197815,0.375,1.4846258610486984,0.375,0.18523985147476196,28,0.0005210915114730597,0.1537383645772934,28,1.1920928955078125e-07
seed17_P_O0_resume_step400,17,P_O0_resume,400,hard,71,3001710071,1.4591975659132004,0.25,2.3373383432626724,0.0,1.0843782126903534,0.75,1.0173544809222221,0.75,0.4431925117969513,28,0.002009319607168436,0.45880842208862305,28,0.0
seed17_P_O0_resume_step400,17,P_O0_resume,400,hard,72,3001710072,0.9252570942044258,0.75,0.9445412456989288,0.75,1.1568389907479286,0.75,1.076186142861843,0.75,0.03290491923689842,28,0.002133590867742896,0.05386543646454811,28,1.1920928955078125e-07
seed17_P_O0_resume_step400,17,P_O0_resume,400,hard,73,3001710073,1.2314063981175423,0.375,1.06715839356184,1.0,1.239262044429779,0.5,1.2470376789569855,0.5,0.22673945128917694,28,0.0001999842352233827,0.1288311779499054,28,1.1920928955078125e-07
seed17_P_O0_resume_step400,17,P_O0_resume,400,hard,74,3001710074,1.7899217903614044,0.0,1.6870578825473785,0.0,1.5000712275505066,0.0,1.440961092710495,0.0,0.08079276978969574,28,0.00260928925126791,0.059526149183511734,28,-1.1920928955078125e-07
seed17_P_O0_resume_step400,17,P_O0_resume,400,hard,75,3001710075,1.1796995550394058,0.625,1.1847625374794006,0.5,1.3913715928792953,0.375,1.3703595250844955,0.25,0.6911444067955017,28,0.0038773994892835617,0.5643305778503418,28,1.1920928955078125e-07
seed17_P_O0_resume_step400,17,P_O0_resume,400,hard,76,3001710076,1.6281991302967072,0.0,1.802846372127533,0.0,1.253875970840454,0.5,1.175160937011242,0.5,0.07485435158014297,28,0.0012007696786895394,0.05208722501993179,28,0.0
seed17_P_O0_resume_step400,17,P_O0_resume,400,hard,77,3001710077,1.7330217808485031,0.25,1.4961297512054443,0.25,1.5217862874269485,0.0,1.561323121190071,0.125,0.916480541229248,28,0.0012131525436416268,0.8442018032073975,28,-1.1920928955078125e-07
seed17_P_O0_resume_step400,17,P_O0_resume,400,hard,78,3001710078,1.2494555041193962,0.625,1.3065215051174164,0.625,0.9256574138998985,0.625,0.9856173917651176,0.625,0.015034259296953678,28,0.002950334222987294,0.014804555103182793,28,-1.1920928955078125e-07
seed17_P_O0_resume_step400,17,P_O0_resume,400,hard,79,3001710079,1.9337058290839195,0.25,1.9530680123716593,0.25,1.293243557214737,0.0,1.224877655506134,0.25,0.2419804334640503,28,0.0015187370590865612,0.18876497447490692,28,5.960464477539063e-08
seed17_P_O0_resume_step400,17,P_O0_resume,400,hard,80,3001710080,1.3493738994002342,0.25,1.6413793116807938,0.25,1.432304970920086,0.25,1.398388497531414,0.25,0.147797092795372,28,0.0008075492805801332,0.2135314792394638,28,-1.1920928955078125e-07
seed17_P_O0_resume_step400,17,P_O0_resume,400,hard,81,3001710081,1.4279075413942337,0.25,1.4590279459953308,0.25,1.4295420944690704,0.25,1.4376328736543655,0.25,0.23710939288139343,28,0.002901882166042924,0.08135640621185303,28,0.0
seed17_P_O0_resume_step400,17,P_O0_resume,400,hard,82,3001710082,1.1410621106624603,0.75,1.414749637246132,0.5,1.2307251691818237,0.5,1.2173671275377274,0.75,0.6652312278747559,28,0.002465754747390747,0.7965927720069885,28,1.1920928955078125e-07
seed17_P_O0_resume_step400,17,P_O0_resume,400,hard,83,3001710083,0.9321921542286873,0.875,0.816998116672039,1.0,1.1752077043056488,0.375,1.1798880100250244,0.125,0.17625997960567474,28,0.00908474251627922,0.09670155495405197,28,0.0
seed17_P_O0_resume_step400,17,P_O0_resume,400,hard,84,3001710084,0.616717703640461,1.0,0.7578347437083721,0.5,0.8644029721617699,0.5,0.8903136551380157,0.875,0.10750675946474075,28,0.0009785550646483898,0.07346388697624207,28,0.0
seed17_P_O0_resume_step400,17,P_O0_resume,400,hard,85,3001710085,0.7398739717900753,0.625,0.7971104644238949,0.625,0.8795419037342072,0.625,0.8471413850784302,0.625,0.0494217723608017,28,0.011746142990887165,0.036697737872600555,28,0.0
seed17_P_O0_resume_step400,17,P_O0_resume,400,hard,86,3001710086,1.2952496781945229,0.25,1.2107881754636765,0.25,1.2143653556704521,0.25,1.2462335601449013,0.25,0.01058095321059227,28,0.002527607372030616,0.009252442046999931,28,0.0
seed17_P_O0_resume_step400,17,P_O0_resume,400,hard,87,3001710087,1.452399119734764,0.0,1.2836412638425827,0.125,1.6419332325458527,0.0,1.3878640681505203,0.25,0.8857133984565735,28,0.0017057956429198384,0.807163417339325,28,5.960464477539063e-08
seed17_P_O0_resume_step400,17,P_O0_resume,400,hard,88,3001710088,1.188991755247116,1.0,1.137524351477623,0.875,1.200030505657196,1.0,1.2004282623529434,1.0,0.0667542964220047,28,0.00014145886234473437,0.02725396491587162,28,0.0
seed17_P_O0_resume_step400,17,P_O0_resume,400,hard,89,3001710089,1.1614612340927124,0.625,1.1798411756753922,0.25,1.1779139339923859,0.75,1.181589037179947,0.75,0.44507092237472534,28,0.0001646131422603503,0.436049222946167,28,0.0
seed17_P_O0_resume_step400,17,P_O0_resume,400,hard,90,3001710090,1.3731363117694855,0.625,1.5090866684913635,0.625,1.1898492276668549,0.625,1.2639952898025513,0.625,0.030982792377471924,28,0.0037916284054517746,0.04564192518591881,28,0.0
seed17_P_O0_resume_step400,17,P_O0_resume,400,hard,91,3001710091,1.419568508863449,0.0,1.1919305920600891,0.5,1.6740751415491104,0.0,1.4483339041471481,0.0,0.7125887274742126,28,0.001232988084666431,0.8452649712562561,28,0.0
seed17_P_O0_resume_step400,17,P_O0_resume,400,hard,92,3001710092,1.4023642465472221,0.5,1.3813377022743225,0.0,1.475273922085762,0.0,1.4044396430253983,0.0,0.1628798097372055,28,0.0014391499571502209,0.13481351733207703,28,1.788139485370266e-07
seed17_P_O0_resume_step400,17,P_O0_resume,400,hard,93,3001710093,1.1015569269657135,0.5,1.0719601437449455,0.375,1.3425833731889725,0.125,1.295075699687004,0.0,0.528749406337738,28,0.005739150568842888,0.7587355375289917,28,0.0
seed17_P_O0_resume_step400,17,P_O0_resume,400,hard,94,3001710094,1.0354348197579384,0.5,1.0450157970190048,0.75,1.0872082337737083,1.0,1.1086306869983673,0.875,0.13184913992881775,28,0.0005465000867843628,0.10228069126605988,28,-1.1920928955078125e-07
seed17_P_O0_resume_step400,17,P_O0_resume,400,hard,95,3001710095,0.9740834049880505,0.5,1.2608619183301926,0.375,1.3878281265497208,0.375,1.3126928508281708,0.375,0.3550989031791687,28,0.0016039737965911627,0.2925700545310974,28,1.1920928955078125e-07
seed17_P_O0_resume_step400,17,P_O0_resume,400,hard,96,3001710096,1.139081932604313,0.5,1.8814451843500137,0.0,2.1877143532037735,0.0,1.850587159395218,0.0,0.08651246130466461,28,0.0022400468587875366,0.13861894607543945,28,0.0
seed17_P_O0_resume_step400,17,P_O0_resume,400,hard,97,3001710097,1.341374784708023,0.125,1.305128663778305,0.125,1.336108535528183,0.5,1.360211193561554,0.5,0.7151712775230408,28,0.0005352625157684088,0.6360671520233154,28,1.1920928955078125e-07
seed17_P_O0_resume_step400,17,P_O0_resume,400,hard,98,3001710098,1.1984383687376976,0.375,1.168913945555687,0.375,1.2081361711025238,0.375,1.2328477501869202,0.375,0.15884292125701904,28,0.002958274446427822,0.1998910754919052,28,0.0
seed17_P_O0_resume_step400,17,P_O0_resume,400,hard,99,3001710099,1.127605862915516,0.5,1.035888910293579,0.5,1.1411477476358414,0.5,1.1614379063248634,0.5,0.13230004906654358,28,9.178902837447822e-05,0.17169040441513062,28,0.0
seed17_P_C2_warm_step400,17,P_C2_warm,400,easy,0,3001700000,1.233514528721571,0.5,1.1966075897216797,0.0,1.4304544366896152,0.5,1.2574124038219452,0.5,0.8804783821105957,28,0.018880823627114296,0.8473562598228455,28,0.0
seed17_P_C2_warm_step400,17,P_C2_warm,400,easy,1,3001700001,1.784817822277546,0.125,0.18882378470152617,0.875,0.9690751619637012,0.75,0.7122982647269964,0.75,0.43473556637763977,28,0.009103458374738693,0.3100511133670807,28,-2.384185791015625e-07
seed17_P_C2_warm_step400,17,P_C2_warm,400,easy,2,3001700002,0.04185224848333746,1.0,0.17061758320778608,1.0,4.912396262399852,0.375,5.2768066031858325,0.375,0.6316408514976501,28,0.006325046997517347,0.5956474542617798,28,1.1920928955078125e-07
seed17_P_C2_warm_step400,17,P_C2_warm,400,easy,3,3001700003,0.02670605678576976,1.0,0.031208628322929144,1.0,6.473943231161684,0.25,6.152312135323882,0.25,0.5579959750175476,28,0.06053382530808449,0.4731925129890442,28,-1.1920928955078125e-07
seed17_P_C2_warm_step400,17,P_C2_warm,400,easy,4,3001700004,0.23051867756294087,0.875,0.03526500950101763,1.0,3.6309164268895984,0.625,0.9516431812662631,0.625,0.842665433883667,28,0.06667908281087875,0.8268393278121948,28,0.0
seed17_P_C2_warm_step400,17,P_C2_warm,400,easy,5,3001700005,1.9101264015771449,0.125,0.816767007112503,0.25,0.3558535445481539,1.0,0.6172252669930458,0.625,0.02109130471944809,28,0.016096293926239014,0.017238721251487732,28,0.0
seed17_P_C2_warm_step400,17,P_C2_warm,400,easy,6,3001700006,1.329314773203805,0.25,0.2420247532427311,1.0,0.30670462478883564,0.875,0.7316052906680852,0.5,0.05213687941431999,28,0.018603164702653885,0.06524260342121124,28,1.1920928955078125e-07
seed17_P_C2_warm_step400,17,P_C2_warm,400,easy,7,3001700007,1.7786815091967583,0.25,0.5642315968871117,0.75,1.2181036993861198,0.75,0.8703646007925272,0.75,0.6820526719093323,28,0.029514845460653305,0.6261504888534546,28,1.1920928955078125e-07
seed17_P_C2_warm_step400,17,P_C2_warm,400,easy,8,3001700008,0.9754924364387989,0.625,0.42763243801891804,0.625,5.5786671712994576,0.25,5.868507489562035,0.25,0.6954026818275452,28,0.05814576521515846,0.6319971084594727,28,5.960464477539063e-08
seed17_P_C2_warm_step400,17,P_C2_warm,400,easy,9,3001700009,1.3459784606202447,0.5,0.7432106398046017,0.625,0.4352708412334323,0.875,0.46691400930285454,0.875,0.6863423585891724,28,0.03870071470737457,0.6955205202102661,28,0.0
seed17_P_C2_warm_step400,17,P_C2_warm,400,easy,10,3001700010,0.01822498778346926,1.0,0.0660370800178498,1.0,1.5788762653246522,0.625,1.6090181665495038,0.625,0.5586477518081665,28,0.006682621780782938,0.5440924167633057,28,0.0
seed17_P_C2_warm_step400,17,P_C2_warm,400,easy,11,3001700011,0.18352469996898435,1.0,0.16054945392534137,1.0,3.1075838655233383,0.0,3.627025067806244,0.0,0.7836964726448059,28,0.02885030210018158,0.7427512407302856,28,0.0
seed17_P_C2_warm_step400,17,P_C2_warm,400,easy,12,3001700012,0.20932599157094955,1.0,0.2748734502820298,1.0,1.5865534767508507,0.5,1.3500699922442436,0.5,0.6791430115699768,28,0.009612349793314934,0.7359058260917664,28,2.384185791015625e-07
seed17_P_C2_warm_step400,17,P_C2_warm,400,easy,13,3001700013,1.6099596532585565,0.5,0.47540423984173685,0.625,0.39800688391551375,0.75,0.37918140459805727,0.875,0.0539659783244133,28,0.0163516066968441,0.04521910473704338,28,1.1920928955078125e-07
seed17_P_C2_warm_step400,17,P_C2_warm,400,easy,14,3001700014,0.6815526653081179,0.875,0.20046526519581676,0.875,2.5194644313305616,0.125,2.3456101082265377,0.125,0.38703837990760803,28,0.010662916116416454,0.40741923451423645,28,-1.1920928955078125e-07
seed17_P_C2_warm_step400,17,P_C2_warm,400,easy,15,3001700015,0.34744078770745546,0.875,0.13403147063218057,1.0,2.0291252583265305,0.125,1.7808272056281567,0.125,0.3476848006248474,28,0.06070370972156525,0.5580532550811768,28,-1.1920928955078125e-07
seed17_P_C2_warm_step400,17,P_C2_warm,400,easy,16,3001700016,1.7418450047262013,0.5,0.2892509996891022,0.875,2.817629880271852,0.5,2.4394446555525064,0.5,0.7732191681861877,28,0.21245981752872467,0.6582549214363098,28,-1.1920928955078125e-07
seed17_P_C2_warm_step400,17,P_C2_warm,400,easy,17,3001700017,2.0097440612735227,0.375,0.17204143293201923,1.0,0.12286619422957301,1.0,0.12439923360943794,1.0,0.035470716655254364,28,0.006627947557717562,0.03574611246585846,28,1.1920928955078125e-07
seed17_P_C2_warm_step400,17,P_C2_warm,400,easy,18,3001700018,1.163915880897548,0.5,0.38242596841882914,0.5,3.776037937030196,0.5,3.9504085890948772,0.5,0.7793440222740173,28,0.059174150228500366,0.770645022392273,28,-1.1920928955078125e-07
seed17_P_C2_warm_step400,17,P_C2_warm,400,easy,19,3001700019,1.6551650022156537,0.375,0.9570893365889788,0.25,4.209977209568024,0.25,3.8626759946346283,0.5,0.6117304563522339,28,0.07369674742221832,0.5776812434196472,28,-1.1920928955078125e-07
seed17_P_C2_warm_step400,17,P_C2_warm,400,easy,20,3001700020,1.2417968567460775,0.625,0.13913807840435766,1.0,3.59050477668643,0.375,1.767663387581706,0.375,0.7904571890830994,28,0.050038065761327744,0.7155963778495789,28,5.960464477539063e-08
seed17_P_C2_warm_step400,17,P_C2_warm,400,easy,21,3001700021,1.2542300365166739,0.375,0.24993884656578302,1.0,1.7497691449243575,0.625,1.780544240027666,0.625,0.722979724407196,28,0.09535416960716248,0.6348555684089661,28,5.960464477539063e-08
seed17_P_C2_warm_step400,17,P_C2_warm,400,easy,22,3001700022,0.007593590344185941,1.0,0.02881143835838884,1.0,2.623058617580682,0.375,2.3125581559725106,0.375,0.6677876710891724,28,0.004677112679928541,0.635529637336731,28,0.0
seed17_P_C2_warm_step400,17,P_C2_warm,400,easy,23,3001700023,0.8234486896544695,0.625,0.21468952123541385,1.0,2.45196894928813,0.25,2.735817324370146,0.25,0.8195992708206177,28,0.029157467186450958,0.8158981204032898,28,0.0
seed17_P_C2_warm_step400,17,P_C2_warm,400,easy,24,3001700024,0.3252703811158426,0.875,0.11972610434168018,1.0,2.1131138429045677,0.5,1.0171762267127633,0.5,0.6819570064544678,28,0.05673736706376076,0.7273517847061157,28,0.0
seed17_P_C2_warm_step400,17,P_C2_warm,400,easy,25,3001700025,0.03228981816209853,1.0,0.04975513438694179,1.0,5.437013155780733,0.25,5.266418970189989,0.25,0.44416728615760803,28,0.03566940128803253,0.3768513798713684,28,5.960464477539063e-08
seed17_P_C2_warm_step400,17,P_C2_warm,400,easy,26,3001700026,0.4634602088481188,0.875,0.05263935076072812,1.0,2.9050315022468567,0.0,2.444774240255356,0.0,0.2591118812561035,28,0.04710287228226662,0.43340957164764404,28,0.0
seed17_P_C2_warm_step400,17,P_C2_warm,400,easy,27,3001700027,0.013445439748466015,1.0,0.0738554259587545,1.0,1.3593698684126139,0.875,0.7747333287261426,0.875,0.35797396302223206,28,0.014189701527357101,0.3526175618171692,28,5.960464477539063e-08
seed17_P_C2_warm_step400,17,P_C2_warm,400,easy,28,3001700028,2.0980994943529367,0.25,0.9410362062044442,0.5,1.7379731759428978,0.5,0.9829929117113352,0.5,0.7290131449699402,28,0.03750965744256973,0.683780312538147,28,1.1920928955078125e-07
seed17_P_C2_warm_step400,17,P_C2_warm,400,easy,29,3001700029,1.7816631283494644,0.5,0.33720873249694705,0.875,0.284328137524426,0.875,0.2818252129945904,0.875,0.03432971611618996,28,0.008694740943610668,0.036747533828020096,28,-2.384185791015625e-07
seed17_P_C2_warm_step400,17,P_C2_warm,400,easy,30,3001700030,1.551469024270773,0.25,0.08401876235438976,1.0,1.4370950683951378,0.625,0.8912189155817032,0.625,0.7923759818077087,28,0.1365060657262802,0.7199670672416687,28,0.0
seed17_P_C2_warm_step400,17,P_C2_warm,400,easy,31,3001700031,0.5201125675812364,0.625,0.3098920341581106,1.0,0.2494932096451521,1.0,0.31794056110084057,1.0,0.07732588052749634,28,0.09313692152500153,0.057104840874671936,28,0.0
seed17_P_C2_warm_step400,17,P_C2_warm,400,easy,32,3001700032,0.33552961028181016,0.875,0.039099359535612166,1.0,3.7143727988004684,0.0,2.443692371249199,0.0,0.20461036264896393,28,0.04892697557806969,0.3275167644023895,28,1.1920928955078125e-07
seed17_P_C2_warm_step400,17,P_C2_warm,400,easy,33,3001700033,0.20608583849389106,0.875,0.03361709008459002,1.0,0.8807681393809617,0.625,0.8191553568467498,0.625,0.7859185338020325,28,0.04819639027118683,0.7648594975471497,28,1.1920928955078125e-07
seed17_P_C2_warm_step400,17,P_C2_warm,400,easy,34,3001700034,0.0028122754229116254,1.0,0.18991551385261118,1.0,0.5411098158219829,0.75,0.4593957414617762,0.75,0.6316190958023071,28,0.0021544035989791155,0.6100123524665833,28,1.1920928955078125e-07
seed17_P_C2_warm_step400,17,P_C2_warm,400,easy,35,3001700035,0.10658633896673564,1.0,0.03094183700159192,1.0,3.737127423286438,0.0,3.6338857114315033,0.0,0.36656421422958374,28,0.025067606940865517,0.440573513507843,28,0.0
seed17_P_C2_warm_step400,17,P_C2_warm,400,easy,36,3001700036,0.7061565887415782,0.75,0.2640110943466425,0.75,0.12776435539126396,1.0,0.13957217056304216,1.0,0.023595014587044716,28,0.003661009017378092,0.02670297957956791,28,0.0
seed17_P_C2_warm_step400,17,P_C2_warm,400,easy,37,3001700037,0.005677335953805596,1.0,0.4359980202279985,0.75,1.0093835657462478,0.5,0.6194289368577302,0.5,0.7231763601303101,28,0.08907543122768402,0.6152815818786621,28,1.1920928955078125e-07
seed17_P_C2_warm_step400,17,P_C2_warm,400,easy,38,3001700038,1.5470911351731047,0.375,0.5610065627843142,0.625,0.3386832680553198,1.0,0.42886872217059135,1.0,0.04082302749156952,28,0.04300558939576149,0.03227973356842995,28,0.0
seed17_P_C2_warm_step400,17,P_C2_warm,400,easy,39,3001700039,1.0262558436370455,0.5,0.12021071696653962,1.0,2.532412089407444,0.375,2.157121241092682,0.375,0.550238311290741,28,0.01928243599832058,0.795311689376831,28,0.0
seed17_P_C2_warm_step400,17,P_C2_warm,400,easy,40,3001700040,0.09882538538658991,1.0,0.050281930482015014,1.0,1.0347329881042242,0.75,1.0310080358758569,0.75,0.443734735250473,28,0.029481315985322,0.5817965269088745,28,0.0
seed17_P_C2_warm_step400,17,P_C2_warm,400,easy,41,3001700041,1.1557867312221788,0.25,0.3466222402639687,1.0,0.8397667715325952,0.625,0.48541847337037325,0.875,0.0669587254524231,28,0.09805811196565628,0.14951859414577484,28,-1.1920928955078125e-07
seed17_P_C2_warm_step400,17,P_C2_warm,400,easy,42,3001700042,1.0716907581081614,0.5,0.3556926567107439,1.0,0.42349256202578545,1.0,0.3629183378070593,1.0,0.03368451073765755,28,0.033710356801748276,0.03147897124290466,28,0.0
seed17_P_C2_warm_step400,17,P_C2_warm,400,easy,43,3001700043,1.3080794322304428,0.5,0.2749696779064834,0.875,3.34967809333466,0.5,3.482327174395323,0.5,0.6350480914115906,28,0.13135725259780884,0.7077688574790955,28,5.960464477539063e-08
seed17_P_C2_warm_step400,17,P_C2_warm,400,easy,44,3001700044,1.2389664188958704,0.5,0.36829548701643944,1.0,0.24505948089063168,1.0,0.2742353789508343,1.0,0.011925981380045414,28,0.005945106036961079,0.014266044832766056,28,1.1920928955078125e-07
seed17_P_C2_warm_step400,17,P_C2_warm,400,easy,45,3001700045,1.1489767152816057,0.375,0.4481669869273901,0.75,0.26251727528870106,1.0,0.28098698146641254,1.0,0.040721066296100616,28,0.027776749804615974,0.030640020966529846,28,0.0
seed17_P_C2_warm_step400,17,P_C2_warm,400,easy,46,3001700046,1.4147691782563925,0.625,0.6075922660529613,0.75,1.482342490926385,0.375,1.3221166543662548,0.375,0.8886883854866028,28,0.03792731836438179,0.8669916391372681,28,1.1920928955078125e-07
seed17_P_C2_warm_step400,17,P_C2_warm,400,easy,47,3001700047,1.5551951545639895,0.5,0.17286663595587015,1.0,0.10653494577854872,1.0,0.1807788626756519,1.0,0.04280698671936989,28,0.020292310044169426,0.04928063973784447,28,0.0
seed17_P_C2_warm_step400,17,P_C2_warm,400,easy,48,3001700048,2.234217654040549,0.375,0.3367067996878177,0.875,0.5352145037613809,0.625,0.389020589645952,1.0,0.05775892734527588,28,0.00809988658875227,0.058115165680646896,28,0.0
seed17_P_C2_warm_step400,17,P_C2_warm,400,easy,49,3001700049,1.676055120813544,0.375,0.08625113515881822,1.0,0.9784906879067421,0.625,1.1374433217570186,0.625,0.5852697491645813,28,0.0449715182185173,0.6036017537117004,28,-1.1920928955078125e-07
seed17_P_C2_warm_step400,17,P_C2_warm,400,easy,50,3001700050,1.599407113622874,0.25,1.0134555017575622,0.25,0.4177771955728531,1.0,0.31006295420229435,1.0,0.03823409974575043,28,0.02440950833261013,0.028668276965618134,28,1.1920928955078125e-07
seed17_P_C2_warm_step400,17,P_C2_warm,400,easy,51,3001700051,1.2437345515936613,0.375,0.12525385653134435,1.0,4.925530388951302,0.375,3.9240183513611555,0.375,0.8681246042251587,28,0.03422845900058746,0.8829072713851929,28,1.1920928955078125e-07
seed17_P_C2_warm_step400,17,P_C2_warm,400,easy,52,3001700052,0.018945622025057673,1.0,0.7884366326034069,0.25,1.193768909201026,0.875,1.3537379875779152,0.875,0.21459192037582397,28,0.01746436208486557,0.20829692482948303,28,0.0
seed17_P_C2_warm_step400,17,P_C2_warm,400,easy,53,3001700053,0.06104773445986211,1.0,0.030532508448231965,1.0,5.596371100284159,0.375,4.100323255173862,0.375,0.8324623703956604,28,0.024607831612229347,0.8384968042373657,28,0.0
seed17_P_C2_warm_step400,17,P_C2_warm,400,easy,54,3001700054,0.5688240565359592,0.625,0.12760486570186913,1.0,4.312900140881538,0.25,3.966576237231493,0.375,0.5372072458267212,28,0.015633059665560722,0.6717220544815063,28,-1.1920928955078125e-07
seed17_P_C2_warm_step400,17,P_C2_warm,400,easy,55,3001700055,0.15143343806266785,1.0,0.020112734055146575,1.0,3.630865976214409,0.0,3.4601810723543167,0.0,0.4489606022834778,28,0.025939499959349632,0.5396201014518738,28,0.0
seed17_P_C2_warm_step400,17,P_C2_warm,400,easy,56,3001700056,1.4819266602862626,0.25,0.39319889433681965,0.875,1.5527025125920773,0.75,1.5657830201089382,0.75,0.5965278744697571,28,0.11661401391029358,0.59610915184021,28,0.0
seed17_P_C2_warm_step400,17,P_C2_warm,400,easy,57,3001700057,1.0456327775027603,0.625,0.2857219409197569,1.0,0.1743027549237013,1.0,0.17931828647851944,1.0,0.02264670841395855,28,0.001088570337742567,0.027487389743328094,28,-2.384185791015625e-07
seed17_P_C2_warm_step400,17,P_C2_warm,400,easy,58,3001700058,0.03406944195739925,1.0,0.2692803113022819,0.875,2.9617348723113537,0.375,2.7212547920644283,0.375,0.7256914377212524,28,0.014169679023325443,0.7074118256568909,28,0.0
seed17_P_C2_warm_step400,17,P_C2_warm,400,easy,59,3001700059,0.05468434444628656,1.0,0.18497151788324118,1.0,4.771497394889593,0.25,4.733939900994301,0.25,0.4855593144893646,28,0.004101370461285114,0.47492745518684387,28,5.960464477539063e-08
seed17_P_C2_warm_step400,17,P_C2_warm,400,easy,60,3001700060,0.0071063785726437345,1.0,0.054354303516447544,1.0,2.743776984512806,0.25,2.8503993484191597,0.25,0.4578038454055786,28,0.01672246679663658,0.4482922852039337,28,0.0
seed17_P_C2_warm_step400,17,P_C2_warm,400,easy,61,3001700061,1.0344003778882325,0.625,0.2851120140403509,1.0,5.48231989890337,0.375,5.322687931358814,0.375,0.6186003684997559,28,0.013864281587302685,0.6694574952125549,28,-1.1920928955078125e-07
seed17_P_C2_warm_step400,17,P_C2_warm,400,easy,62,3001700062,0.30748292221687734,0.875,0.04613384522963315,1.0,2.709804892539978,0.125,2.414925191551447,0.125,0.5683249235153198,28,0.04540238529443741,0.8038393259048462,28,0.0
seed17_P_C2_warm_step400,17,P_C2_warm,400,easy,63,3001700063,0.43449605733621866,0.75,0.05256608675699681,1.0,3.7641196995973587,0.0,3.333261087536812,0.25,0.3403335511684418,28,0.0641736388206482,0.4422655403614044,28,5.960464477539063e-08
seed17_P_C2_warm_step400,17,P_C2_warm,400,easy,64,3001700064,0.804796224925667,0.625,0.32428508065640926,1.0,0.3208983354270458,1.0,0.2710632011294365,1.0,0.020800050348043442,28,0.024166276678442955,0.019984714686870575,28,0.0
seed17_P_C2_warm_step400,17,P_C2_warm,400,easy,65,3001700065,0.35709205246530473,0.75,0.08149140898603946,1.0,4.629983315244317,0.25,4.624138288199902,0.25,0.6329503059387207,28,0.05318572744727135,0.7396958470344543,28,0.0
seed17_P_C2_warm_step400,17,P_C2_warm,400,easy,66,3001700066,1.3683559512719512,0.25,0.4409564337693155,0.875,1.2439597118645906,0.5,0.8459049183875322,0.75,0.7943605184555054,28,0.0850769504904747,0.7873871922492981,28,0.0
seed17_P_C2_warm_step400,17,P_C2_warm,400,easy,67,3001700067,1.43705715239048,0.125,0.7824676260352135,0.375,1.1158741563558578,0.25,0.7482543028891087,0.875,0.40206673741340637,28,0.08571150153875351,0.36826571822166443,28,0.0
seed17_P_C2_warm_step400,17,P_C2_warm,400,easy,68,3001700068,0.72894764598459,0.625,0.1582843631040305,1.0,7.260283507406712,0.375,4.671877196058631,0.375,0.8881471157073975,28,0.08166543394327164,0.8524619936943054,28,1.1920928955078125e-07
seed17_P_C2_warm_step400,17,P_C2_warm,400,easy,69,3001700069,0.3145177905680612,0.75,0.26775923429522663,1.0,1.0475880932062864,0.5,0.9874822217971087,0.5,0.5400296449661255,28,0.020996617153286934,0.5191332101821899,28,-1.1920928955078125e-07
seed17_P_C2_warm_step400,17,P_C2_warm,400,easy,70,3001700070,0.3528121579438448,0.875,0.07214593893149868,1.0,3.8831026069819927,0.125,2.774813435971737,0.0,0.8651909828186035,28,0.08891434967517853,0.7240782380104065,28,5.960464477539063e-08
seed17_P_C2_warm_step400,17,P_C2_warm,400,easy,71,3001700071,0.015647506254026666,1.0,0.05362037991289981,1.0,0.6977327093482018,0.625,0.8526082988828421,0.375,0.634001612663269,28,0.019795842468738556,0.614375114440918,28,0.0
seed17_P_C2_warm_step400,17,P_C2_warm,400,easy,72,3001700072,0.12268242666323204,0.875,0.021468505903612822,1.0,1.791036169975996,0.625,1.6478417702019215,0.625,0.2175586223602295,28,0.012674255296587944,0.22018834948539734,28,0.0
seed17_P_C2_warm_step400,17,P_C2_warm,400,easy,73,3001700073,0.575527487002546,0.5,0.02381254406645894,1.0,2.215280646458268,0.5,1.657196057960391,0.5,0.7000893354415894,28,0.02024034783244133,0.8164811730384827,28,0.0
seed17_P_C2_warm_step400,17,P_C2_warm,400,easy,74,3001700074,0.08999999589286745,1.0,0.010658214974682778,1.0,4.0286925137043,0.0,3.612622708082199,0.125,0.1379866600036621,28,0.015657342970371246,0.21048328280448914,28,1.788139485370266e-07
seed17_P_C2_warm_step400,17,P_C2_warm,400,easy,75,3001700075,0.23032294551376253,0.875,0.3675273736589588,1.0,1.30488296225667,0.625,0.48542576283216476,0.875,0.47038155794143677,28,0.12036989629268646,0.48342305421829224,28,-1.1920928955078125e-07
seed17_P_C2_warm_step400,17,P_C2_warm,400,easy,76,3001700076,0.7797857662662864,0.5,0.2584981471300125,1.0,0.3535108109936118,0.875,0.2982233166694641,1.0,0.06212830916047096,28,0.024649014696478844,0.07295785844326019,28,5.960464477539063e-08
seed17_P_C2_warm_step400,17,P_C2_warm,400,easy,77,3001700077,0.06431915448047221,1.0,0.151304439175874,1.0,4.672975196968764,0.375,4.6726056495681405,0.375,0.6824449896812439,28,0.0037202772218734026,0.6543340086936951,28,5.960464477539063e-08
seed17_P_C2_warm_step400,17,P_C2_warm,400,easy,78,3001700078,0.175707388392766,0.875,0.010276252491166815,1.0,4.260350674390793,0.125,3.6173492008820176,0.125,0.2466290295124054,28,0.026980778202414513,0.3287741541862488,28,-2.384185791015625e-07
seed17_P_C2_warm_step400,17,P_C2_warm,400,easy,79,3001700079,0.3990601091645658,0.75,0.228509541018866,1.0,2.218646664172411,0.5,1.1002285666763783,0.75,0.5189976096153259,28,0.01841287687420845,0.506007969379425,28,2.384185791015625e-07
seed17_P_C2_warm_step400,17,P_C2_warm,400,easy,80,3001700080,0.5391116233950015,0.75,0.03875165747012943,1.0,3.2232817807234824,0.375,3.1453285180032253,0.375,0.6976954936981201,28,0.06733477115631104,0.7070841193199158,28,0.0
seed17_P_C2_warm_step400,17,P_C2_warm,400,easy,81,3001700081,0.5437627332285047,0.75,0.1039742783177644,1.0,2.35764379799366,0.375,2.981403537094593,0.125,0.6077041625976562,28,0.05286704748868942,0.7185381054878235,28,0.0
seed17_P_C2_warm_step400,17,P_C2_warm,400,easy,82,3001700082,1.353730631642975,0.5,0.40959222335368395,0.625,0.27021321281790733,0.875,0.13871217938140035,1.0,0.03742746263742447,28,0.009009510278701782,0.03622131049633026,28,0.0
seed17_P_C2_warm_step400,17,P_C2_warm,400,easy,83,3001700083,1.0848517399281263,0.5,0.3401126089738682,0.875,1.1989242509007454,0.5,1.0187292881309986,0.5,0.9638159871101379,28,0.10911787301301956,0.8938199877738953,28,0.0
seed17_P_C2_warm_step400,17,P_C2_warm,400,easy,84,3001700084,0.013538131373934448,1.0,0.29661939293146133,1.0,0.07583228126168251,1.0,0.09176899213343859,1.0,0.004668093286454678,28,0.0023514139465987682,0.004692616406828165,28,0.0
seed17_P_C2_warm_step400,17,P_C2_warm,400,easy,85,3001700085,1.7454873286187649,0.125,0.24665269628167152,1.0,1.0138325616717339,0.5,0.7082220651209354,0.875,0.47219422459602356,28,0.08591923117637634,0.3242151141166687,28,-2.384185791015625e-07
seed17_P_C2_warm_step400,17,P_C2_warm,400,easy,86,3001700086,0.3181628653546795,0.875,0.07554179057478905,1.0,0.9670538185164332,0.5,0.8207364715635777,0.625,0.6793268918991089,28,0.08849461376667023,0.5763546824455261,28,-1.1920928955078125e-07
seed17_P_C2_warm_step400,17,P_C2_warm,400,easy,87,3001700087,3.0506531298160553,0.0,0.40200233389623463,0.875,0.10499626211822033,1.0,0.11173122003674507,1.0,0.04228775203227997,28,0.0351601205766201,0.05246415361762047,28,1.1920928955078125e-07
seed17_P_C2_warm_step400,17,P_C2_warm,400,easy,88,3001700088,1.3571327775716782,0.25,0.52927584387362,0.75,0.8219875954091549,0.625,0.546796265989542,0.75,0.5434982180595398,28,0.08825279027223587,0.3785623013973236,28,1.1920928955078125e-07
seed17_P_C2_warm_step400,17,P_C2_warm,400,easy,89,3001700089,2.121940132579766,0.25,0.47596699744462967,0.875,0.7800677847117186,0.625,0.642911524977535,0.875,0.01632702723145485,28,0.013076120987534523,0.016211504116654396,28,0.0
seed17_P_C2_warm_step400,17,P_C2_warm,400,easy,90,3001700090,1.5948057469213381,0.5,0.774047632701695,0.5,3.310596326366067,0.5,3.185062287375331,0.375,0.7443919777870178,28,0.10197572410106659,0.6018244028091431,28,0.0
seed17_P_C2_warm_step400,17,P_C2_warm,400,easy,91,3001700091,1.0375128556624986,0.625,0.26559514086693525,1.0,0.10527176037430763,1.0,0.17445822525769472,1.0,0.025021256878972054,28,0.05027027800679207,0.02839777059853077,28,1.1920928955078125e-07
seed17_P_C2_warm_step400,17,P_C2_warm,400,easy,92,3001700092,0.06342807353939861,1.0,0.03353559481911361,1.0,3.6291899448260665,0.375,3.4141281191259623,0.375,0.7416406869888306,28,0.0395737886428833,0.78535395860672,28,5.960464477539063e-08
seed17_P_C2_warm_step400,17,P_C2_warm,400,easy,93,3001700093,0.015763815958052874,1.0,0.05690626136492938,1.0,2.785106814466417,0.625,2.745112323667854,0.625,0.6554507613182068,28,0.02250494807958603,0.6414040327072144,28,5.960464477539063e-08
seed17_P_C2_warm_step400,17,P_C2_warm,400,easy,94,3001700094,1.1064876723103225,0.125,0.3676961362361908,1.0,0.23229086957871914,1.0,0.3879653476178646,0.75,0.09302154183387756,28,0.026415500789880753,0.13607046008110046,28,-1.1920928955078125e-07
seed17_P_C2_warm_step400,17,P_C2_warm,400,easy,95,3001700095,1.8861346818739548,0.375,0.5921386480331421,1.0,2.1298872139304876,0.625,2.024238033220172,0.625,0.7941418290138245,28,0.13404548168182373,0.7506788372993469,28,1.1920928955078125e-07
seed17_P_C2_warm_step400,17,P_C2_warm,400,easy,96,3001700096,0.011424479074776173,1.0,0.05520258052274585,1.0,1.3783941445872188,0.625,1.5026560500264168,0.625,0.5149840116500854,28,0.008258006535470486,0.510206937789917,28,-1.1920928955078125e-07
seed17_P_C2_warm_step400,17,P_C2_warm,400,easy,97,3001700097,1.797525339963613,0.5,0.7772212488343939,0.5,3.938161812722683,0.375,3.469480462372303,0.5,0.8123222589492798,28,0.041749242693185806,0.7000597715377808,28,0.0
seed17_P_C2_warm_step400,17,P_C2_warm,400,easy,98,3001700098,0.16446891566738486,1.0,0.054010518360883,1.0,2.313303630799055,0.25,2.0853183371946216,0.25,0.6744908094406128,28,0.03117324598133564,0.6756401658058167,28,0.0
seed17_P_C2_warm_step400,17,P_C2_warm,400,easy,99,3001700099,0.31814974633743986,0.875,0.03213265462545678,1.0,3.20501732127741,0.5,1.571966389194131,0.5,0.7051928639411926,28,0.08622651547193527,0.8024518489837646,28,-1.1920928955078125e-07
seed17_P_C2_warm_step400,17,P_C2_warm,400,hard,0,3001710000,0.959001749753952,0.75,1.394465982913971,0.125,1.1501225605607033,0.625,1.1702796816825867,0.625,0.28091585636138916,28,0.0034419577568769455,0.15294188261032104,28,1.1920928955078125e-07
seed17_P_C2_warm_step400,17,P_C2_warm,400,hard,1,3001710001,1.2770575508475304,0.125,1.4575457721948624,0.125,1.3114185482263565,0.125,1.2937583178281784,0.125,0.1335572749376297,28,0.00038388799293898046,0.1740773767232895,28,-1.1920928955078125e-07
seed17_P_C2_warm_step400,17,P_C2_warm,400,hard,2,3001710002,1.718967191874981,0.375,1.5663284063339233,0.375,1.6487732008099556,0.375,1.6673264428973198,0.375,0.2437586486339569,28,0.0017908301670104265,0.2082243412733078,28,0.0
seed17_P_C2_warm_step400,17,P_C2_warm,400,hard,3,3001710003,1.475524753332138,0.0,1.3351224660873413,0.125,1.4918303489685059,0.0,1.4510638564825058,0.0,0.45034486055374146,28,0.007045348174870014,0.3950043022632599,28,0.0
seed17_P_C2_warm_step400,17,P_C2_warm,400,hard,4,3001710004,1.1814471259713173,0.375,1.2158889174461365,0.25,1.2056400179862976,0.375,1.2056475579738617,0.375,0.4455426335334778,28,0.000502426759339869,0.43102994561195374,28,-1.1920928955078125e-07
seed17_P_C2_warm_step400,17,P_C2_warm,400,hard,5,3001710005,2.5511716157197952,0.0,2.061416044831276,0.0,1.8999948054552078,0.0,1.9271454960107803,0.0,0.0420214906334877,28,0.0017334010917693377,0.04296227917075157,28,1.1920928955078125e-07
seed17_P_C2_warm_step400,17,P_C2_warm,400,hard,6,3001710006,1.0447730347514153,0.75,1.0166679173707962,0.75,1.121489979326725,0.75,1.1121939942240715,0.75,0.5756095051765442,28,0.0007871389971114695,0.5704392194747925,28,-1.1920928955078125e-07
seed17_P_C2_warm_step400,17,P_C2_warm,400,hard,7,3001710007,0.8438022136688232,0.875,0.9670239761471748,0.625,1.405274547636509,0.375,1.334505870938301,0.375,0.7854660153388977,28,0.0009613058646209538,0.8288772106170654,28,5.960464477539063e-08
seed17_P_C2_warm_step400,17,P_C2_warm,400,hard,8,3001710008,1.0123482048511505,0.375,1.2482397705316544,0.0,1.0950556248426437,0.5,1.094769723713398,0.5,0.11477385461330414,28,0.00113512366078794,0.13719792664051056,28,5.960464477539063e-08
seed17_P_C2_warm_step400,17,P_C2_warm,400,hard,9,3001710009,1.085743598639965,0.25,0.8290205523371696,0.5,1.0350272729992867,0.75,1.0606909394264221,0.5,0.41225945949554443,28,0.001482855062931776,0.44306206703186035,28,0.0
seed17_P_C2_warm_step400,17,P_C2_warm,400,hard,10,3001710010,0.8669516071677208,0.75,0.8533874824643135,0.75,0.9549700021743774,0.75,0.9529069736599922,0.75,0.41482070088386536,28,0.0026536521036177874,0.46130499243736267,28,5.960464477539063e-08
seed17_P_C2_warm_step400,17,P_C2_warm,400,hard,11,3001710011,1.0628330558538437,0.25,1.2196558564901352,0.25,1.1423356011509895,0.25,1.1337972432374954,0.25,0.19101664423942566,28,0.0029757448937743902,0.22935332357883453,28,-1.1920928955078125e-07
seed17_P_C2_warm_step400,17,P_C2_warm,400,hard,12,3001710012,1.102770283818245,0.5,1.0050749108195305,0.875,1.1203121691942215,0.625,1.114957645535469,0.625,0.2282583862543106,28,0.0021882462315261364,0.24873849749565125,28,0.0
seed17_P_C2_warm_step400,17,P_C2_warm,400,hard,13,3001710013,1.103697769343853,0.5,1.1179063469171524,0.375,1.597039856016636,0.25,1.504423439502716,0.25,0.9284341335296631,28,0.0007402279879897833,0.9544742107391357,28,1.1920928955078125e-07
seed17_P_C2_warm_step400,17,P_C2_warm,400,hard,14,3001710014,0.8562342450022697,0.625,0.779850609600544,0.625,0.8154852874577045,0.5,0.8040808886289597,0.625,0.31016939878463745,28,0.0157509483397007,0.2178693562746048,28,0.0
seed17_P_C2_warm_step400,17,P_C2_warm,400,hard,15,3001710015,1.464517455548048,0.375,1.3090913742780685,0.25,1.0744069069623947,0.75,1.1010893881320953,0.75,0.2904139757156372,28,0.0005602709134109318,0.3332919776439667,28,0.0
seed17_P_C2_warm_step400,17,P_C2_warm,400,hard,16,3001710016,1.4177823662757874,0.0,1.3658807128667831,0.25,1.3891755640506744,0.0,1.388013795018196,0.0,0.07002406567335129,28,0.0005705761141143739,0.08830676972866058,28,2.384185791015625e-07
seed17_P_C2_warm_step400,17,P_C2_warm,400,hard,17,3001710017,1.3160389438271523,0.375,1.0793027058243752,0.625,1.2761446982622147,0.5,1.2668336629867554,0.5,0.19262045621871948,28,0.0004906037356704473,0.21046142280101776,28,0.0
seed17_P_C2_warm_step400,17,P_C2_warm,400,hard,18,3001710018,1.246830701828003,0.375,1.2854244261980057,0.625,1.2629917412996292,0.375,1.2601588517427444,0.375,0.07598108053207397,28,0.00035007725819014013,0.14374268054962158,28,-1.1920928955078125e-07
seed17_P_C2_warm_step400,17,P_C2_warm,400,hard,19,3001710019,0.7746898606419563,0.75,0.7985874786973,0.875,0.8998313248157501,0.75,0.9221185371279716,0.75,0.08309879153966904,28,0.0005710785044357181,0.05751462280750275,28,5.960464477539063e-08
seed17_P_C2_warm_step400,17,P_C2_warm,400,hard,20,3001710020,0.8319480046629906,0.75,0.8519971892237663,0.625,0.9243989661335945,0.625,0.9078740552067757,0.625,0.15593941509723663,28,0.010582605376839638,0.15890489518642426,28,-1.1920928955078125e-07
seed17_P_C2_warm_step400,17,P_C2_warm,400,hard,21,3001710021,0.654658354818821,0.75,0.7503865174949169,0.75,0.8312904611229897,0.75,0.8518805503845215,0.625,0.10219467431306839,28,0.00430618692189455,0.16212865710258484,28,0.0
seed17_P_C2_warm_step400,17,P_C2_warm,400,hard,22,3001710022,1.4521338194608688,0.0,1.131758265197277,0.375,1.1775671243667603,0.0,1.1915751248598099,0.0,0.08615116029977798,28,0.0012836350360885262,0.0965399369597435,28,0.0
seed17_P_C2_warm_step400,17,P_C2_warm,400,hard,23,3001710023,1.152020625770092,0.5,1.061980739235878,0.75,1.1826162785291672,0.5,1.1876511722803116,0.5,0.21288269758224487,28,0.0005812070448882878,0.1474180817604065,28,0.0
seed17_P_C2_warm_step400,17,P_C2_warm,400,hard,24,3001710024,1.1047593876719475,0.625,1.152261145412922,0.625,1.12139343470335,0.625,1.1180314645171165,0.625,0.05079818516969681,28,0.00021800186368636787,0.05556074529886246,28,1.1920928955078125e-07
seed17_P_C2_warm_step400,17,P_C2_warm,400,hard,25,3001710025,1.830110028386116,0.0,1.4342099130153656,0.0,1.6250220388174057,0.0,1.6232028603553772,0.0,0.06237480044364929,28,0.00015771176549606025,0.07352934777736664,28,0.0
seed17_P_C2_warm_step400,17,P_C2_warm,400,hard,26,3001710026,0.6140728332102299,0.875,0.661986455321312,0.75,0.7916816100478172,0.75,0.7776894047856331,0.75,0.09387817233800888,28,0.0010745823383331299,0.10675142705440521,28,0.0
seed17_P_C2_warm_step400,17,P_C2_warm,400,hard,27,3001710027,0.9121356457471848,0.625,0.9146158471703529,0.625,0.9422623589634895,0.625,0.9580507948994637,0.625,0.08818027377128601,28,0.0021372055634856224,0.12779980897903442,28,1.1920928955078125e-07
seed17_P_C2_warm_step400,17,P_C2_warm,400,hard,28,3001710028,1.0874121114611626,0.5,1.1753005906939507,0.5,1.2100573107600212,0.5,1.180318646132946,0.5,0.456020712852478,28,0.001191218034364283,0.6294884085655212,28,0.0
seed17_P_C2_warm_step400,17,P_C2_warm,400,hard,29,3001710029,0.6318999081850052,0.75,0.799655731767416,0.625,0.920206218957901,0.625,0.8695321679115295,0.625,0.04389209672808647,28,0.0013618023367598653,0.04968724027276039,28,0.0
seed17_P_C2_warm_step400,17,P_C2_warm,400,hard,30,3001710030,1.0289822146296501,0.625,1.0181271359324455,0.625,1.4601361155509949,0.0,1.3962823301553726,0.0,0.9361593127250671,28,0.0009993932908400893,1.02678382396698,28,1.1920928955078125e-07
seed17_P_C2_warm_step400,17,P_C2_warm,400,hard,31,3001710031,1.1009135991334915,0.75,1.1362998709082603,0.625,1.1579091846942902,0.75,1.1585744246840477,0.75,0.04444717615842819,28,0.001348369987681508,0.06071670725941658,28,0.0
seed17_P_C2_warm_step400,17,P_C2_warm,400,hard,32,3001710032,1.219365045428276,0.5,1.2686195224523544,0.375,1.2225291728973389,0.625,1.2193702906370163,0.625,0.07087305188179016,28,0.00018410172197036445,0.04151047021150589,28,1.1920928955078125e-07
seed17_P_C2_warm_step400,17,P_C2_warm,400,hard,33,3001710033,1.096425000578165,0.375,0.9612800311297178,0.625,1.2996712699532509,0.625,1.2940762490034103,0.25,0.6974851489067078,28,0.0007010464323684573,0.8383029103279114,28,0.0
seed17_P_C2_warm_step400,17,P_C2_warm,400,hard,34,3001710034,0.9675896540284157,0.75,0.9458773136138916,0.75,1.002393290400505,0.75,1.0066517144441605,0.75,0.10575805604457855,28,0.0007357129361480474,0.12107381969690323,28,1.1920928955078125e-07
seed17_P_C2_warm_step400,17,P_C2_warm,400,hard,35,3001710035,1.9702992290258408,0.375,1.930695503950119,0.0,1.8035298213362694,0.375,1.8111467361450195,0.375,0.3508871793746948,28,0.007287492044270039,0.3495381474494934,28,1.1920928955078125e-07
seed17_P_C2_warm_step400,17,P_C2_warm,400,hard,36,3001710036,1.658996656537056,0.0,1.6134476363658905,0.0,1.618827447295189,0.0,1.6167583167552948,0.0,0.11130833625793457,28,0.00030070330831222236,0.09324651211500168,28,0.0
seed17_P_C2_warm_step400,17,P_C2_warm,400,hard,37,3001710037,1.1724248081445694,0.5,1.2792280614376068,0.25,1.3722605556249619,0.0,1.2741037756204605,0.375,0.7605823874473572,28,0.0008816762128844857,0.9858973622322083,28,1.1920928955078125e-07
seed17_P_C2_warm_step400,17,P_C2_warm,400,hard,38,3001710038,1.1377617418766022,0.625,1.2266270741820335,0.625,1.1542292088270187,0.625,1.146906852722168,0.625,0.1547766923904419,28,0.0012938253348693252,0.10072098672389984,28,0.0
seed17_P_C2_warm_step400,17,P_C2_warm,400,hard,39,3001710039,0.6693914607167244,0.75,0.6997864097356796,0.75,0.7388754710555077,0.75,0.7358764410018921,0.75,0.09295787662267685,28,0.004590613767504692,0.17400255799293518,28,1.1920928955078125e-07
seed17_P_C2_warm_step400,17,P_C2_warm,400,hard,40,3001710040,2.0241498351097107,0.0,1.9710923433303833,0.0,2.027309536933899,0.0,1.8815063685178757,0.0,0.14586074650287628,28,0.001041423063725233,0.2346433848142624,28,0.0
seed17_P_C2_warm_step400,17,P_C2_warm,400,hard,41,3001710041,1.9204940646886826,0.0,1.8737602680921555,0.0,1.8715812116861343,0.0,1.8676948994398117,0.0,0.05787774920463562,28,0.00033859696122817695,0.05568138137459755,28,0.0
seed17_P_C2_warm_step400,17,P_C2_warm,400,hard,42,3001710042,1.3935908265411854,0.375,1.089145265519619,0.5,1.4837409853935242,0.25,1.4316158145666122,0.125,0.582757830619812,28,0.003937423229217529,0.6271405220031738,28,1.1920928955078125e-07
seed17_P_C2_warm_step400,17,P_C2_warm,400,hard,43,3001710043,1.394886739552021,0.5,1.326645851135254,0.5,1.3895232751965523,0.5,1.3855703696608543,0.5,0.2944437563419342,28,0.003908717539161444,0.2695010304450989,28,5.960464477539063e-08
seed17_P_C2_warm_step400,17,P_C2_warm,400,hard,44,3001710044,1.2285747937858105,0.375,1.0583309568464756,0.375,1.0959558747708797,0.375,1.081837885081768,0.375,0.039162375032901764,28,0.003469976130872965,0.04230133444070816,28,-1.1920928955078125e-07
seed17_P_C2_warm_step400,17,P_C2_warm,400,hard,45,3001710045,1.4246521294116974,0.125,1.2479300647974014,0.375,1.3804007172584534,0.0,1.3923835009336472,0.125,0.7389768362045288,28,0.010190365836024284,0.7274445295333862,28,-1.1920928955078125e-07
seed17_P_C2_warm_step400,17,P_C2_warm,400,hard,46,3001710046,1.2833317965269089,0.375,1.236841395497322,0.375,1.3183743432164192,0.375,1.3124296590685844,0.375,0.01688503846526146,28,0.0004205192963127047,0.013878444209694862,28,0.0
seed17_P_C2_warm_step400,17,P_C2_warm,400,hard,47,3001710047,1.5667575150728226,0.125,1.6043295562267303,0.0,1.5541783720254898,0.0,1.5655419677495956,0.0,0.13559338450431824,28,0.0025653073098510504,0.12777866423130035,28,1.1920928955078125e-07
seed17_P_C2_warm_step400,17,P_C2_warm,400,hard,48,3001710048,1.5114973559975624,0.25,1.288617841899395,0.5,1.3354827165603638,0.5,1.3619001880288124,0.5,0.0659499540925026,28,0.004469876177608967,0.08363041281700134,28,1.1920928955078125e-07
seed17_P_C2_warm_step400,17,P_C2_warm,400,hard,49,3001710049,1.1038311123847961,0.375,1.0297145545482635,0.625,1.1466375291347504,0.625,1.1327040046453476,0.625,0.04274780675768852,28,0.0012452411465346813,0.06417997181415558,28,0.0
seed17_P_C2_warm_step400,17,P_C2_warm,400,hard,50,3001710050,1.5035727769136429,0.0,1.5608434677124023,0.0,1.4793149530887604,0.0,1.4679495096206665,0.0,0.05427706614136696,28,0.0028873470146209,0.06858515739440918,28,2.384185791015625e-07
seed17_P_C2_warm_step400,17,P_C2_warm,400,hard,51,3001710051,0.8232179209589958,0.875,0.8417701050639153,0.875,0.8591217249631882,0.875,0.8536287620663643,0.875,0.07865864038467407,28,0.002872790675610304,0.03652998432517052,28,-1.1920928955078125e-07
seed17_P_C2_warm_step400,17,P_C2_warm,400,hard,52,3001710052,1.9307029396295547,0.0,1.7180483788251877,0.0,1.7558026611804962,0.0,1.759093850851059,0.0,0.14157746732234955,28,0.0008832770399749279,0.14574845135211945,28,1.1920928955078125e-07
seed17_P_C2_warm_step400,17,P_C2_warm,400,hard,53,3001710053,1.3993397131562233,0.375,1.3068980351090431,0.375,1.4007837623357773,0.375,1.39091145247221,0.375,0.5778908133506775,28,0.001838307362049818,0.41950133442878723,28,-1.1920928955078125e-07
seed17_P_C2_warm_step400,17,P_C2_warm,400,hard,54,3001710054,0.8293328881263733,1.0,0.830904383212328,0.875,1.2505354955792427,0.5,1.2077445462346077,0.625,1.061610221862793,28,0.0008161707082763314,1.0503201484680176,28,-1.1920928955078125e-07
seed17_P_C2_warm_step400,17,P_C2_warm,400,hard,55,3001710055,1.0925790295004845,0.375,1.1849105432629585,0.375,1.1132889539003372,0.375,1.1084952801465988,0.375,0.0242964755743742,28,0.00014650396769866347,0.020398974418640137,28,0.0
seed17_P_C2_warm_step400,17,P_C2_warm,400,hard,56,3001710056,1.1447278037667274,0.75,1.146497830748558,0.75,1.1602727100253105,0.75,1.1599787026643753,0.75,0.06750398874282837,28,0.00017064172425307333,0.11825273185968399,28,0.0
seed17_P_C2_warm_step400,17,P_C2_warm,400,hard,57,3001710057,1.6936546377837658,0.375,1.3849776908755302,0.25,2.134378507733345,0.0,1.9842866212129593,0.0,0.30644771456718445,28,0.0013530616415664554,0.4985481798648834,28,-1.1920928955078125e-07
seed17_P_C2_warm_step400,17,P_C2_warm,400,hard,58,3001710058,1.122869536280632,0.375,1.0765618309378624,0.375,1.1275989562273026,0.375,1.126157522201538,0.375,0.02854337729513645,28,0.002139770658686757,0.014665940776467323,28,5.960464477539063e-08
seed17_P_C2_warm_step400,17,P_C2_warm,400,hard,59,3001710059,1.9069503098726273,0.0,1.7077310234308243,0.0,1.5612118244171143,0.0,1.5242845267057419,0.0,0.11006692796945572,28,0.0004612974007613957,0.20291230082511902,28,0.0
seed17_P_C2_warm_step400,17,P_C2_warm,400,hard,60,3001710060,1.309156708419323,0.5,1.1768372282385826,0.5,1.2867414504289627,0.5,1.3017522692680359,0.5,0.18474386632442474,28,0.007544428575783968,0.2409830391407013,28,-1.1920928955078125e-07
seed17_P_C2_warm_step400,17,P_C2_warm,400,hard,61,3001710061,0.8445697352290154,0.75,0.9450501501560211,0.625,0.9186313673853874,0.625,0.9190545380115509,0.625,0.11743804812431335,28,0.001431648270227015,0.08709822595119476,28,5.960464477539063e-08
seed17_P_C2_warm_step400,17,P_C2_warm,400,hard,62,3001710062,1.13921869546175,0.75,0.9881798177957535,0.875,1.1842643916606903,0.625,1.143098995089531,0.875,0.33939850330352783,28,0.008714173920452595,0.20988355576992035,28,5.960464477539063e-08
seed17_P_C2_warm_step400,17,P_C2_warm,400,hard,63,3001710063,1.0810192078351974,0.375,1.0229613482952118,0.375,1.0914090797305107,0.375,1.0836271867156029,0.375,0.03347645699977875,28,0.0024069335777312517,0.045132026076316833,28,0.0
seed17_P_C2_warm_step400,17,P_C2_warm,400,hard,64,3001710064,1.2607936263084412,0.25,1.341810792684555,0.125,1.6974759995937347,0.0,1.456862524151802,0.0,0.3562699258327484,28,0.00028981908690184355,0.8900673985481262,28,-1.1920928955078125e-07
seed17_P_C2_warm_step400,17,P_C2_warm,400,hard,65,3001710065,1.2209101244807243,0.25,1.2816019281744957,0.25,1.305485188961029,0.375,1.2484230026602745,0.375,0.3964349031448364,28,0.0012822130229324102,0.5748777389526367,28,-1.1920928955078125e-07
seed17_P_C2_warm_step400,17,P_C2_warm,400,hard,66,3001710066,1.0201916620135307,0.375,0.8105009198188782,0.75,1.7720438987016678,0.0,1.4943223148584366,0.0,0.47623881697654724,28,0.0005327016115188599,0.6305381655693054,28,-1.1920928955078125e-07
seed17_P_C2_warm_step400,17,P_C2_warm,400,hard,67,3001710067,0.6478552557528019,0.875,0.5767773538827896,0.875,0.8209183067083359,0.75,0.7659236341714859,0.75,0.17847906053066254,28,0.003589687868952751,0.19537582993507385,28,-1.1920928955078125e-07
seed17_P_C2_warm_step400,17,P_C2_warm,400,hard,68,3001710068,2.253467310220003,0.25,2.05636727809906,0.25,2.056281104683876,0.25,2.102320522069931,0.25,0.09396945685148239,28,0.008828437887132168,0.17262645065784454,28,1.1920928955078125e-07
seed17_P_C2_warm_step400,17,P_C2_warm,400,hard,69,3001710069,1.6339238584041595,0.0,1.4749359488487244,0.0,1.5463924258947372,0.0,1.5466604679822922,0.0,0.10285253077745438,28,0.008291040547192097,0.037755247205495834,28,0.0
seed17_P_C2_warm_step400,17,P_C2_warm,400,hard,70,3001710070,1.5110734403133392,0.0,1.4334045946598053,0.0,1.4621372371912003,0.0,1.460297480225563,0.0,0.05408310145139694,28,0.0005560474819503725,0.07121547311544418,28,-1.1920928955078125e-07
seed17_P_C2_warm_step400,17,P_C2_warm,400,hard,71,3001710071,1.1930616199970245,0.25,1.2516246885061264,0.25,1.3465302139520645,0.25,1.319669283926487,0.25,0.557778000831604,28,0.00046587843098677695,0.6347754597663879,28,0.0
seed17_P_C2_warm_step400,17,P_C2_warm,400,hard,72,3001710072,0.7864566780626774,0.75,0.7706406973302364,0.75,0.9312166273593903,0.75,0.9122932553291321,0.75,0.008524399250745773,28,0.0035885595716536045,0.010735771618783474,28,0.0
seed17_P_C2_warm_step400,17,P_C2_warm,400,hard,73,3001710073,1.412087544798851,0.125,1.2746823951601982,0.125,1.3831642791628838,0.125,1.3826194256544113,0.125,0.016125790774822235,28,0.0008269016398116946,0.013100797310471535,28,-1.1920928955078125e-07
seed17_P_C2_warm_step400,17,P_C2_warm,400,hard,74,3001710074,1.618612065911293,0.0,1.3417307287454605,0.625,1.559814915060997,0.0,1.52688567340374,0.0,0.03928469121456146,28,0.0010669487528502941,0.02880464866757393,28,0.0
seed17_P_C2_warm_step400,17,P_C2_warm,400,hard,75,3001710075,1.5288867801427841,0.0,1.498513713479042,0.25,1.4985414892435074,0.25,1.492046758532524,0.0,0.7108978629112244,28,0.0007111324230208993,0.7031595706939697,28,-1.1920928955078125e-07
seed17_P_C2_warm_step400,17,P_C2_warm,400,hard,76,3001710076,1.1834054067730904,0.375,0.9539006054401398,0.625,1.2280368506908417,0.25,1.192939281463623,0.375,0.5454162955284119,28,0.0010029184632003307,0.5581567287445068,28,0.0
seed17_P_C2_warm_step400,17,P_C2_warm,400,hard,77,3001710077,1.1280204206705093,0.375,1.0268048867583275,0.5,1.8301016092300415,0.0,1.6707869619131088,0.0,0.3201514780521393,28,0.0008938462124206126,0.5274013876914978,28,1.1920928955078125e-07
seed17_P_C2_warm_step400,17,P_C2_warm,400,hard,78,3001710078,1.2813557535409927,0.625,1.1325104013085365,0.625,1.1246948763728142,0.625,1.1610157266259193,0.625,0.022535333409905434,28,0.0027495857793837786,0.022663023322820663,28,5.960464477539063e-08
seed17_P_C2_warm_step400,17,P_C2_warm,400,hard,79,3001710079,1.3825962990522385,0.375,1.0207817777991295,0.375,1.7352107912302017,0.125,1.5702398717403412,0.0,0.9073978066444397,28,0.0009455340914428234,1.002227544784546,28,1.788139485370266e-07
seed17_P_C2_warm_step400,17,P_C2_warm,400,hard,80,3001710080,1.2608577758073807,0.25,1.3458420112729073,0.25,1.2429247871041298,0.25,1.2301715984940529,0.25,0.4398457109928131,28,0.0010650221956893802,0.3775795102119446,28,1.1920928955078125e-07
seed17_P_C2_warm_step400,17,P_C2_warm,400,hard,81,3001710081,1.2780662328004837,0.5,1.2358354181051254,0.5,1.2886559069156647,0.375,1.2856668680906296,0.25,1.0513932704925537,28,0.0027272256556898355,0.9329370260238647,28,5.960464477539063e-08
seed17_P_C2_warm_step400,17,P_C2_warm,400,hard,82,3001710082,1.0965220928192139,0.5,1.159229353070259,0.5,1.1185984835028648,0.625,1.114257588982582,0.625,0.539339005947113,28,0.0034904461354017258,0.5217128992080688,28,-1.1920928955078125e-07
seed17_P_C2_warm_step400,17,P_C2_warm,400,hard,83,3001710083,1.0556464120745659,0.625,0.8529905043542385,0.75,1.1905636191368103,0.0,1.160953514277935,0.25,0.2094041407108307,28,0.011549907736480236,0.18183603882789612,28,0.0
seed17_P_C2_warm_step400,17,P_C2_warm,400,hard,84,3001710084,0.7318450808525085,1.0,0.8722106888890266,1.0,0.8880647569894791,0.875,0.9026579260826111,0.75,0.07636622339487076,28,0.00043668068246915936,0.06092233955860138,28,-1.1920928955078125e-07
seed17_P_C2_warm_step400,17,P_C2_warm,400,hard,85,3001710085,0.7499573454260826,0.625,0.8386009335517883,0.625,0.8361367434263229,0.625,0.8212936297059059,0.625,0.06856700778007507,28,0.008237805217504501,0.06223279610276222,28,0.0
seed17_P_C2_warm_step400,17,P_C2_warm,400,hard,86,3001710086,1.592577412724495,0.25,1.4720461294054985,0.25,1.4815086424350739,0.25,1.5045401826500893,0.25,0.04644360765814781,28,0.004283319693058729,0.03554343059659004,28,5.960464477539063e-08
seed17_P_C2_warm_step400,17,P_C2_warm,400,hard,87,3001710087,1.2862484157085419,0.125,1.4086482971906662,0.0,1.5101836919784546,0.0,1.3863275945186615,0.0,0.41360339522361755,28,0.00032372988061979413,0.7503119111061096,28,-1.1920928955078125e-07
seed17_P_C2_warm_step400,17,P_C2_warm,400,hard,88,3001710088,1.5686974078416824,0.0,1.519224539399147,0.0,1.5225264877080917,0.0,1.5190332978963852,0.0,0.003985899034887552,28,0.00012802013952750713,0.003448137314990163,28,5.960464477539063e-08
seed17_P_C2_warm_step400,17,P_C2_warm,400,hard,89,3001710089,1.0783469676971436,0.625,1.0403247997164726,1.0,1.083821102976799,0.625,1.085619255900383,0.625,0.4067203104496002,28,8.963900472735986e-05,0.3895414471626282,28,0.0
seed17_P_C2_warm_step400,17,P_C2_warm,400,hard,90,3001710090,1.4481379687786102,0.125,1.4415969550609589,0.125,1.3319150507450104,0.125,1.3726713955402374,0.125,0.08379875123500824,28,0.004603794775903225,0.13105252385139465,28,-1.1920928955078125e-07
seed17_P_C2_warm_step400,17,P_C2_warm,400,hard,91,3001710091,1.268478661775589,0.25,1.283925361931324,0.25,1.6825696527957916,0.0,1.532749429345131,0.0,0.23268558084964752,28,0.0006648196140304208,0.5734376907348633,28,0.0
seed17_P_C2_warm_step400,17,P_C2_warm,400,hard,92,3001710092,1.3067014887928963,0.5,1.147758074104786,0.5,1.3092877641320229,0.5,1.302312582731247,0.5,0.448792040348053,28,0.0005290295812301338,0.33942481875419617,28,5.960464477539063e-08
seed17_P_C2_warm_step400,17,P_C2_warm,400,hard,93,3001710093,0.8488879799842834,0.75,0.886085107922554,0.75,1.0483037158846855,0.75,1.059028498828411,0.75,0.8377344012260437,28,0.006074667442589998,0.7577105164527893,28,0.0
seed17_P_C2_warm_step400,17,P_C2_warm,400,hard,94,3001710094,1.0377402231097221,0.625,1.0113613903522491,0.875,1.0584827288985252,0.75,1.0611821934580803,0.625,0.20884446799755096,28,0.0014819056959822774,0.1595701277256012,28,5.960464477539063e-08
seed17_P_C2_warm_step400,17,P_C2_warm,400,hard,95,3001710095,1.0569268614053726,0.75,1.2082035467028618,0.375,1.290033333003521,0.375,1.2751516103744507,0.375,0.6386591196060181,28,0.0005383704556152225,0.7886084318161011,28,0.0
seed17_P_C2_warm_step400,17,P_C2_warm,400,hard,96,3001710096,0.9322787374258041,0.75,1.3904893845319748,0.125,1.60943304002285,0.0,1.4263966232538223,0.125,0.06746213138103485,28,0.0017657792195677757,0.10306795686483383,28,5.960464477539063e-08
seed17_P_C2_warm_step400,17,P_C2_warm,400,hard,97,3001710097,1.1942618042230606,0.625,1.0818976685404778,0.625,1.2082598358392715,0.625,1.2128076329827309,0.625,0.8861634731292725,28,0.0009732949547469616,0.8654069900512695,28,0.0
seed17_P_C2_warm_step400,17,P_C2_warm,400,hard,98,3001710098,1.0629894882440567,0.5,1.1026762574911118,0.375,1.111216001212597,0.5,1.1191737428307533,0.5,0.35172927379608154,28,0.0010146647691726685,0.309599369764328,28,-2.384185791015625e-07
seed17_P_C2_warm_step400,17,P_C2_warm,400,hard,99,3001710099,1.24549999833107,0.5,1.1704538986086845,0.5,1.2522970139980316,0.5,1.2548916786909103,0.5,0.05980446934700012,28,7.896551687736064e-05,0.030795037746429443,28,-1.1920928955078125e-07
seed27_original_P,27,original_P,0,easy,0,3002700000,0.317375716753304,0.875,0.05380789493210614,1.0,5.96380952000618,0.0,2.078503206372261,0.0,0.44389185309410095,28,0.08700822293758392,0.6869493722915649,28,-1.1920928955078125e-07
seed27_original_P,27,original_P,0,easy,1,3002700001,0.15423502260819077,1.0,0.6929961144924164,0.75,5.607946693897247,0.0,4.039944171905518,0.0,0.5152722597122192,28,0.043947264552116394,0.8187840580940247,28,0.0
seed27_original_P,27,original_P,0,easy,2,3002700002,0.4594123410061002,0.875,0.12331745028495789,1.0,7.221762984991074,0.0,4.3318571746349335,0.0,0.9208542704582214,28,0.031495608389377594,0.8907371759414673,28,-1.1920928955078125e-07
seed27_original_P,27,original_P,0,easy,3,3002700003,0.1471179760992527,1.0,0.2746894359588623,1.0,3.6938470900058746,0.0,3.8036312460899353,0.0,0.5204913020133972,28,0.1366606205701828,0.8781043887138367,28,1.1920928955078125e-07
seed27_original_P,27,original_P,0,easy,4,3002700004,0.5879318974912167,0.75,1.2373958742246032,0.375,6.617001175880432,0.0,3.1836611330509186,0.0,1.0121819972991943,28,0.04486585780978203,1.0130890607833862,28,-1.1920928955078125e-07
seed27_original_P,27,original_P,0,easy,5,3002700005,0.9192952886223793,0.625,0.1303675847593695,1.0,5.3519598841667175,0.0,3.507240980863571,0.0,0.7993055582046509,28,0.05843428149819374,0.8328722715377808,28,-1.1920928955078125e-07
seed27_original_P,27,original_P,0,easy,6,3002700006,0.8924918863922358,0.25,0.15276480186730623,1.0,4.682586640119553,0.0,1.6660875901579857,0.25,0.5003849267959595,28,0.08396418392658234,0.7756975889205933,28,5.960464477539063e-08
seed27_original_P,27,original_P,0,easy,7,3002700007,0.03980839904397726,1.0,0.09464187128469348,1.0,1.7990050315856934,0.375,3.928146630525589,0.0,0.694196343421936,28,0.17345835268497467,0.8989826440811157,28,0.0
seed27_original_P,27,original_P,0,easy,8,3002700008,0.056996687315404415,1.0,0.46571287512779236,0.875,10.958158493041992,0.0,5.622621953487396,0.0,0.1711270660161972,28,0.08159513771533966,0.2769436240196228,28,5.960464477539063e-08
seed27_original_P,27,original_P,0,easy,9,3002700009,0.5044051110744476,0.875,0.7253159321844578,0.375,4.415567547082901,0.0,1.9493886232376099,0.0,0.19363966584205627,28,0.011861113831400871,0.23951506614685059,28,-1.1920928955078125e-07
seed27_original_P,27,original_P,0,easy,10,3002700010,0.6518180505372584,0.75,0.5487942174077034,0.875,2.6775198578834534,0.0,2.8661022186279297,0.0,0.6735637187957764,28,0.037102535367012024,0.5205874443054199,28,1.1920928955078125e-07
seed27_original_P,27,original_P,0,easy,11,3002700011,0.28281992342090234,0.875,0.20611518691293895,1.0,7.929712176322937,0.0,3.5307206213474274,0.0,0.26875603199005127,28,0.05535862222313881,0.6321871876716614,28,0.0
seed27_original_P,27,original_P,0,easy,12,3002700012,0.2792257028631866,0.875,0.48630489595234394,0.75,7.748890995979309,0.0,3.3126974403858185,0.0,0.47208744287490845,28,0.14016954600811005,0.7560866475105286,28,1.1920928955078125e-07
seed27_original_P,27,original_P,0,easy,13,3002700013,0.09872021712362766,1.0,0.2901194542646408,0.875,8.209146916866302,0.0,4.218480676412582,0.0,0.2752628028392792,28,0.06280696392059326,0.5736516118049622,28,0.0
seed27_original_P,27,original_P,0,easy,14,3002700014,0.4144067531451583,1.0,0.4598232435528189,1.0,3.8061403781175613,0.0,4.639753609895706,0.0,0.9545258283615112,28,0.05350668355822563,0.9436991810798645,28,-1.1920928955078125e-07
seed27_original_P,27,original_P,0,easy,15,3002700015,0.09125591581687331,1.0,0.19258253602311015,1.0,3.034673884510994,0.0,2.015986829996109,0.0,0.6964861154556274,28,0.13180199265480042,0.9611079692840576,28,-1.1920928955078125e-07
seed27_original_P,27,original_P,0,easy,16,3002700016,0.10613919142633677,1.0,0.42611431889235973,1.0,4.096797704696655,0.0,2.5047162622213364,0.0,0.8866889476776123,28,0.00680607371032238,0.5958009958267212,28,0.0
seed27_original_P,27,original_P,0,easy,17,3002700017,0.6464602779597044,0.75,1.0450414847582579,0.375,2.5138710737228394,0.0,1.714465543627739,0.5,0.3425789773464203,28,0.008963223546743393,0.3532053232192993,28,-1.1920928955078125e-07
seed27_original_P,27,original_P,0,easy,18,3002700018,0.7200233684852719,0.625,1.1133500635623932,0.375,3.142286464571953,0.125,1.5204159915447235,0.0,0.3675437271595001,28,0.06417223811149597,0.777326226234436,28,0.0
seed27_original_P,27,original_P,0,easy,19,3002700019,0.13589382078498602,1.0,0.04100809246301651,1.0,1.7204921767115593,0.25,2.5173420757055283,0.0,0.6445021033287048,28,0.05407284200191498,0.7312649488449097,28,0.0
seed27_original_P,27,original_P,0,easy,20,3002700020,0.13025083718821406,1.0,0.405531894415617,0.875,1.8258391097187996,0.25,4.454873979091644,0.0,0.8355086445808411,28,0.0992891862988472,0.9280291199684143,28,1.1920928955078125e-07
seed27_original_P,27,original_P,0,easy,21,3002700021,0.058363839285448194,1.0,0.19330152042675763,1.0,5.504981979727745,0.0,3.245601400732994,0.0,0.8271182179450989,28,0.03141970559954643,0.5683345198631287,28,0.0
seed27_original_P,27,original_P,0,easy,22,3002700022,1.8915939657017589,0.375,1.5644331984221935,0.375,3.7542069256305695,0.0,2.313534125685692,0.0,0.696399986743927,28,0.039232607930898666,0.8666561841964722,28,0.0
seed27_original_P,27,original_P,0,easy,23,3002700023,0.2673614528030157,1.0,0.31107862386852503,0.75,2.2868318408727646,0.5,1.916463851928711,0.125,0.9067745804786682,28,0.017666589468717575,0.6719210743904114,28,1.788139485370266e-07
seed27_original_P,27,original_P,0,easy,24,3002700024,0.05915038590319455,1.0,0.397054860368371,1.0,5.188133776187897,0.0,3.8152709007263184,0.0,0.3236803412437439,28,0.031636420637369156,0.4083324372768402,28,0.0
seed27_original_P,27,original_P,0,easy,25,3002700025,0.14196518482640386,1.0,0.11049515893682837,1.0,6.1311141438782215,0.375,5.999849572777748,0.0,1.0007799863815308,28,0.06236441433429718,0.976460337638855,28,0.0
seed27_original_P,27,original_P,0,easy,26,3002700026,1.7108028195798397,0.25,1.8391628339886665,0.25,4.85521037876606,0.0,2.84324312210083,0.0,0.6561567783355713,28,0.03995515778660774,0.6366318464279175,28,0.0
seed27_original_P,27,original_P,0,easy,27,3002700027,0.1929110554046929,1.0,0.3073095956351608,1.0,9.508523404598236,0.0,3.007585644721985,0.0,0.24016407132148743,28,0.025575030595064163,0.6773461103439331,28,0.0
seed27_original_P,27,original_P,0,easy,28,3002700028,0.49857840314507484,1.0,0.03167828102596104,1.0,0.8647863008081913,0.75,1.3976381123065948,0.625,0.45244115591049194,28,0.02887175977230072,0.13224999606609344,28,0.0
seed27_original_P,27,original_P,0,easy,29,3002700029,0.549508411437273,0.875,0.516746424138546,0.75,4.6027026772499084,0.0,3.4512951970100403,0.0,0.3434472978115082,28,0.010580332018435001,0.5030633211135864,28,5.960464477539063e-08
seed27_original_P,27,original_P,0,easy,30,3002700030,0.6215937547385693,0.625,1.6623362423852086,0.25,2.556440696120262,0.0,1.958246186375618,0.125,0.20930702984333038,28,0.026468118652701378,0.31039273738861084,28,0.0
seed27_original_P,27,original_P,0,easy,31,3002700031,0.6215577870607376,0.875,0.2912467885762453,1.0,5.116846606135368,0.0,2.719214364886284,0.0,1.0119402408599854,28,0.10549087822437286,1.0280699729919434,28,5.960464477539063e-08
seed27_original_P,27,original_P,0,easy,32,3002700032,0.7924300925806165,0.5,0.5709507577121258,0.5,5.117438077926636,0.0,1.9187070168554783,0.5,0.06873604655265808,28,0.009806531481444836,0.09571091830730438,28,0.0
seed27_original_P,27,original_P,0,easy,33,3002700033,0.19582368852570653,1.0,0.521116215037182,0.75,7.080341428518295,0.0,4.215352088212967,0.0,0.15524128079414368,28,0.09468915313482285,0.3764900863170624,28,0.0
seed27_original_P,27,original_P,0,easy,34,3002700034,0.2189607066102326,1.0,0.2109517715871334,1.0,5.3526168167591095,0.0,3.054007962346077,0.0,0.9149929881095886,28,0.053987354040145874,0.9211371541023254,28,0.0
seed27_original_P,27,original_P,0,easy,35,3002700035,0.0375519935041666,1.0,0.18470061151310802,1.0,3.798942521214485,0.0,4.03057935833931,0.0,0.5703429579734802,28,0.1580399125814438,0.7187173962593079,28,5.960464477539063e-08
seed27_original_P,27,original_P,0,easy,36,3002700036,0.16277985274791718,1.0,0.12755535822361708,1.0,2.9029252529144287,0.0,3.5763466358184814,0.0,0.8600984811782837,28,0.07576833665370941,0.8730483055114746,28,-1.1920928955078125e-07
seed27_original_P,27,original_P,0,easy,37,3002700037,0.22429338842630386,1.0,0.07695778086781502,1.0,2.108887694776058,0.125,3.397513061761856,0.0,0.7920685410499573,28,0.13947921991348267,0.8881427645683289,28,-1.1920928955078125e-07
seed27_original_P,27,original_P,0,easy,38,3002700038,0.2782443333417177,1.0,0.1415591649711132,1.0,2.3568062856793404,0.125,4.141139805316925,0.125,0.41344699263572693,28,0.027452370151877403,0.4113718867301941,28,0.0
seed27_original_P,27,original_P,0,easy,39,3002700039,0.15560142323374748,1.0,0.15700698737055063,1.0,5.278695911169052,0.0,5.738283812999725,0.0,0.3889729678630829,28,0.029887305572628975,0.42128193378448486,28,1.1920928955078125e-07
seed27_original_P,27,original_P,0,easy,40,3002700040,0.12648011976853013,1.0,0.8374204876599833,0.5,5.294131152331829,0.375,4.4118742197752,0.125,0.6205259561538696,28,0.0030300470534712076,0.6256320476531982,28,5.960464477539063e-08
seed27_original_P,27,original_P,0,easy,41,3002700041,0.0685384082607925,1.0,0.39621410181280226,0.875,3.373548462986946,0.0,3.171436086297035,0.0,0.6609729528427124,28,0.10468807071447372,0.8954101800918579,28,-1.1920928955078125e-07
seed27_original_P,27,original_P,0,easy,42,3002700042,0.4234635252505541,0.875,0.40190041344612837,0.875,6.65713313408196,0.125,3.5993916392326355,0.0,0.9386873841285706,28,0.03573103994131088,1.0075734853744507,28,-1.1920928955078125e-07
seed27_original_P,27,original_P,0,easy,43,3002700043,0.30354673229157925,1.0,0.5887509826570749,0.75,5.478702694177628,0.0,1.958012506365776,0.0,0.3729170858860016,28,0.0709742084145546,0.8993077278137207,28,-1.1920928955078125e-07
seed27_original_P,27,original_P,0,easy,44,3002700044,0.5542375622317195,0.5,1.8219757229089737,0.125,2.784042567014694,0.0,2.1657862961292267,0.0,0.7317450642585754,28,0.07261998951435089,0.9771135449409485,28,-1.1920928955078125e-07
seed27_original_P,27,original_P,0,easy,45,3002700045,0.6238273773342371,0.5,0.20032034255564213,1.0,2.774662747979164,0.25,2.4996012672781944,0.375,0.5350269675254822,28,0.006943339016288519,0.12594321370124817,21,5.960464477539063e-08
seed27_original_P,27,original_P,0,easy,46,3002700046,0.18224839540198445,1.0,0.3327571719419211,0.875,6.315050197765231,0.25,2.7750100940465927,0.0,0.31408458948135376,28,0.016706911846995354,0.30769553780555725,28,1.1920928955078125e-07
seed27_original_P,27,original_P,0,easy,47,3002700047,0.36895120423287153,0.875,0.2947859037667513,1.0,3.3839820474386215,0.0,2.4973272308707237,0.0,0.4819006025791168,28,0.031499192118644714,0.6617242693901062,28,-1.1920928955078125e-07
seed27_original_P,27,original_P,0,easy,48,3002700048,0.47610021848231554,0.75,0.391218438744545,0.875,5.21771202608943,0.25,4.035759404301643,0.0,0.9720306992530823,28,0.10293950885534286,0.9626286029815674,28,0.0
seed27_original_P,27,original_P,0,easy,49,3002700049,0.08676670398563147,1.0,0.27553024888038635,1.0,3.1809175834059715,0.0,4.92543762922287,0.0,0.5515780448913574,28,0.11838935315608978,0.8723917603492737,28,-2.384185791015625e-07
seed27_original_P,27,original_P,0,easy,50,3002700050,0.23973227012902498,1.0,0.5746163865551353,0.5,6.109394863247871,0.0,4.201585501432419,0.0,0.33111172914505005,28,0.0028092118445783854,0.4813460409641266,28,0.0
seed27_original_P,27,original_P,0,easy,51,3002700051,0.5961496067466214,0.625,0.31258331472054124,1.0,1.3169594779610634,0.375,1.4331267029047012,0.125,0.6985701322555542,28,0.20738424360752106,0.8799232244491577,28,-1.1920928955078125e-07
seed27_original_P,27,original_P,0,easy,52,3002700052,0.13610407809028402,1.0,0.5033712501171976,0.625,5.111569479107857,0.125,4.8301436603069305,0.0,0.5287343859672546,28,0.012347674928605556,0.6975832581520081,28,5.960464477539063e-08
seed27_original_P,27,original_P,0,easy,53,3002700053,0.4362622760236263,1.0,0.12364241969771683,1.0,4.171122372150421,0.0,4.167759150266647,0.0,0.7709228992462158,28,0.09676434844732285,0.749568521976471,28,5.960464477539063e-08
seed27_original_P,27,original_P,0,easy,54,3002700054,0.39784458512440324,0.875,0.6528535182587802,0.5,5.783088460564613,0.0,3.9571292400360107,0.0,0.9594887495040894,28,0.02068895660340786,0.9556213617324829,28,-1.1920928955078125e-07
seed27_original_P,27,original_P,0,easy,55,3002700055,0.05871198512613773,1.0,1.050964169204235,0.125,2.7955817580223083,0.0,3.50635127723217,0.0,0.772129476070404,28,0.035099346190690994,0.919330894947052,28,5.960464477539063e-08
seed27_original_P,27,original_P,0,easy,56,3002700056,0.4387549962848425,0.875,1.11960538639687,0.125,8.555254399776459,0.125,4.789684295654297,0.0,0.44506919384002686,28,0.03215489163994789,0.4837138056755066,28,1.1920928955078125e-07
seed27_original_P,27,original_P,0,easy,57,3002700057,0.26711098570376635,1.0,0.10341121396049857,1.0,3.239725314080715,0.125,3.616963267326355,0.0,0.8981016874313354,28,0.05748461186885834,0.9898195266723633,28,-1.1920928955078125e-07
seed27_original_P,27,original_P,0,easy,58,3002700058,0.21880249259993434,1.0,0.21473746094852686,1.0,2.6421903893351555,0.125,3.0739071369171143,0.0,0.7006510496139526,28,0.02295503206551075,0.5038007497787476,28,5.960464477539063e-08
seed27_original_P,27,original_P,0,easy,59,3002700059,0.08286917791701853,1.0,0.22047091473359615,1.0,6.88291908800602,0.125,5.860529452562332,0.0,0.9090696573257446,28,0.05728285014629364,0.9333781003952026,28,0.0
seed27_original_P,27,original_P,0,easy,60,3002700060,0.37948517804034054,1.0,0.6136152250692248,0.5,5.713107407093048,0.0,1.969679743051529,0.25,0.2379472702741623,28,0.06423529982566833,0.5778566598892212,28,5.960464477539063e-08
seed27_original_P,27,original_P,0,easy,61,3002700061,0.11714625405147672,1.0,0.1992001198232174,1.0,5.2161577343940735,0.0,4.911445111036301,0.0,0.4288635551929474,28,0.12680940330028534,0.678432047367096,28,0.0
seed27_original_P,27,original_P,0,easy,62,3002700062,0.10248760879039764,1.0,0.3314326376421377,0.875,4.1295179426670074,0.375,6.388470500707626,0.0,0.6363593935966492,28,0.06922368705272675,0.747170627117157,28,0.0
seed27_original_P,27,original_P,0,easy,63,3002700063,0.10339725064113736,1.0,0.25334304105490446,1.0,5.311097472906113,0.0,4.909926280379295,0.0,0.6259145736694336,28,0.00909004919230938,0.6382753252983093,28,-1.1920928955078125e-07
seed27_original_P,27,original_P,0,easy,64,3002700064,0.20348070049658418,1.0,0.31810794468037784,1.0,8.348975658416748,0.0,6.135737709701061,0.125,0.3828922212123871,28,0.011985677294433117,0.4641517400741577,28,0.0
seed27_original_P,27,original_P,0,easy,65,3002700065,0.3148085605353117,1.0,0.4835698325186968,0.75,2.1449597664177418,0.25,2.3694680482149124,0.0,0.8255341649055481,28,0.011720302514731884,0.5809066295623779,28,-1.1920928955078125e-07
seed27_original_P,27,original_P,0,easy,66,3002700066,0.9050374999642372,0.5,0.9439482260495424,0.625,4.0814756117761135,0.375,1.7252206951379776,0.125,1.010735034942627,28,0.059304311871528625,0.9229605793952942,28,1.1920928955078125e-07
seed27_original_P,27,original_P,0,easy,67,3002700067,0.11349455686286092,1.0,0.39866760140284896,1.0,4.0410070568323135,0.375,2.3556837141513824,0.0,0.8603459596633911,28,0.031772542744874954,0.631213903427124,28,-1.1920928955078125e-07
seed27_original_P,27,original_P,0,easy,68,3002700068,0.40850996039807796,0.875,0.17035475326702,1.0,2.797289565205574,0.25,2.2997507750988007,0.125,0.9448591470718384,28,0.04887303337454796,0.974379301071167,21,0.0
seed27_original_P,27,original_P,0,easy,69,3002700069,0.2431735519785434,1.0,0.16093932930380106,1.0,4.284661173820496,0.0,4.07753212749958,0.0,0.6215975880622864,28,0.09266198426485062,0.9093742370605469,28,1.1920928955078125e-07
seed27_original_P,27,original_P,0,easy,70,3002700070,0.44836011715233326,0.875,0.16570930241141468,1.0,3.4419115781784058,0.25,4.210614502429962,0.0,0.7484084963798523,28,0.04396439716219902,0.7569200992584229,28,5.960464477539063e-08
seed27_original_P,27,original_P,0,easy,71,3002700071,0.08221408794634044,1.0,0.2960049584507942,1.0,1.6235389336943626,0.25,2.605381742119789,0.0,0.7096410989761353,28,0.10363214462995529,0.861351490020752,28,1.1920928955078125e-07
seed27_original_P,27,original_P,0,easy,72,3002700072,0.11472163023427129,1.0,0.05620509898290038,1.0,3.490552395582199,0.0,2.1381206959486008,0.0,0.26434415578842163,28,0.08641047775745392,0.5436932444572449,28,1.1920928955078125e-07
seed27_original_P,27,original_P,0,easy,73,3002700073,0.32801670394837856,0.75,0.7258239714428782,0.625,3.6498606503009796,0.0,2.124146670103073,0.0,0.5388364195823669,28,0.09745613485574722,0.890152633190155,28,0.0
seed27_original_P,27,original_P,0,easy,74,3002700074,0.09603277826681733,1.0,0.33400893583893776,1.0,4.280230134725571,0.125,3.273719400167465,0.0,0.5173156261444092,28,0.25288844108581543,0.8609231114387512,28,1.1920928955078125e-07
seed27_original_P,27,original_P,0,easy,75,3002700075,0.1378429583273828,1.0,0.13487749360501766,1.0,6.3062436282634735,0.0,3.8872274458408356,0.0,0.48159629106521606,28,0.0822681412100792,0.8307800889015198,28,-1.1920928955078125e-07
seed27_original_P,27,original_P,0,easy,76,3002700076,0.27139922231435776,1.0,0.5605655908584595,0.625,2.4696661680936813,0.0,2.678846925497055,0.0,0.672494649887085,28,0.029198428615927696,0.8700766563415527,28,5.960464477539063e-08
seed27_original_P,27,original_P,0,easy,77,3002700077,0.25421325024217367,1.0,0.5062709469348192,0.75,2.0802876874804497,0.375,2.3150520026683807,0.0,0.86888587474823,28,0.023962097242474556,0.9593302011489868,28,1.1920928955078125e-07
seed27_original_P,27,original_P,0,easy,78,3002700078,0.6353453816846013,0.625,1.5310008004307747,0.25,5.241178631782532,0.0,2.0909093841910362,0.375,0.3640194833278656,28,0.01612658053636551,0.5021910071372986,28,0.0
seed27_original_P,27,original_P,0,easy,79,3002700079,0.1411874257028103,1.0,0.3955959025770426,0.875,2.215609699487686,0.125,2.0920871794223785,0.0,0.693053126335144,28,0.1426113396883011,0.958088755607605,28,1.1920928955078125e-07
seed27_original_P,27,original_P,0,easy,80,3002700080,0.32413405179977417,1.0,0.21799854189157486,1.0,4.953815191984177,0.0,4.192010819911957,0.0,0.3428099751472473,28,0.008932013995945454,0.4346906244754791,28,0.0
seed27_original_P,27,original_P,0,easy,81,3002700081,0.24092706153169274,1.0,0.34066559188067913,1.0,4.223468650132418,0.375,2.436244174838066,0.0,0.39504557847976685,28,0.003775615943595767,0.3678906559944153,28,0.0
seed27_original_P,27,original_P,0,easy,82,3002700082,0.2658465774729848,1.0,0.10872647585347295,1.0,6.97826736420393,0.375,2.249174401164055,0.0,0.6106736660003662,28,0.003662907751277089,0.7638476490974426,28,-1.1920928955078125e-07
seed27_original_P,27,original_P,0,easy,83,3002700083,0.23548664757981896,0.875,1.2712932750582695,0.25,7.347692511975765,0.0,3.571646749973297,0.0,0.277197927236557,28,0.1078462079167366,0.6214765310287476,28,-1.1920928955078125e-07
seed27_original_P,27,original_P,0,easy,84,3002700084,0.12287416448816657,1.0,1.055961012840271,0.25,9.984633684158325,0.0,5.143687576055527,0.0,0.32584887742996216,28,0.0478697344660759,0.5198507308959961,28,0.0
seed27_original_P,27,original_P,0,easy,85,3002700085,0.09789537882898003,1.0,0.06305876793339849,1.0,8.051713958382607,0.0,3.8217707127332687,0.0,0.9872339963912964,28,0.11969290673732758,0.9507699608802795,28,0.0
seed27_original_P,27,original_P,0,easy,86,3002700086,0.3595817512832582,0.875,0.15625726617872715,1.0,6.573649272322655,0.0,5.858638986945152,0.0,0.9994805455207825,28,0.10072933882474899,0.976021409034729,28,5.960464477539063e-08
seed27_original_P,27,original_P,0,easy,87,3002700087,0.2367471605539322,1.0,1.4976980853825808,0.25,3.7436376810073853,0.0,2.724754258990288,0.0,0.44075798988342285,28,0.0385742112994194,0.6645850539207458,28,0.0
seed27_original_P,27,original_P,0,easy,88,3002700088,0.04806593293324113,1.0,1.6710380618460476,0.375,3.295132204890251,0.0,5.590323776006699,0.0,0.7176872491836548,28,0.07501363754272461,0.7543709874153137,28,0.0
seed27_original_P,27,original_P,0,easy,89,3002700089,0.5605616285465658,0.75,0.166531122289598,1.0,6.967759653925896,0.0,2.262398138642311,0.0,0.48414018750190735,28,0.06863321363925934,0.9990436434745789,28,0.0
seed27_original_P,27,original_P,0,easy,90,3002700090,0.49758809129707515,0.75,0.2507378179579973,1.0,2.7169619984924793,0.5,2.583741717040539,0.5,0.4527580142021179,28,0.01728825271129608,0.24227358400821686,28,-1.1920928955078125e-07
seed27_original_P,27,original_P,0,easy,91,3002700091,0.13065559789538383,1.0,0.39210884645581245,1.0,4.3599531054496765,0.0,4.035666957497597,0.0,0.4053100645542145,28,0.02849036455154419,0.6272516250610352,28,-1.1920928955078125e-07
seed27_original_P,27,original_P,0,easy,92,3002700092,0.20915792556479573,1.0,0.3036858048290014,1.0,3.2292836010456085,0.0,2.5079253762960434,0.0,0.756226658821106,28,0.09050264209508896,0.662788987159729,28,-1.1920928955078125e-07
seed27_original_P,27,original_P,0,easy,93,3002700093,0.14330757316201925,1.0,0.24303809739649296,1.0,4.617132365703583,0.25,2.8728797286748886,0.0,0.8666135668754578,28,0.03993808105587959,0.6961119771003723,28,0.0
seed27_original_P,27,original_P,0,easy,94,3002700094,1.1254610042087734,0.625,0.7935510650277138,0.625,5.825396418571472,0.0,2.6454546451568604,0.0,0.6457371711730957,28,0.04937904328107834,0.8446851372718811,28,-1.1920928955078125e-07
seed27_original_P,27,original_P,0,easy,95,3002700095,0.27443887130357325,0.75,0.16566997347399592,1.0,6.352699965238571,0.0,2.8502786457538605,0.0,0.3295925259590149,28,0.04014555737376213,0.7280727028846741,28,-1.1920928955078125e-07
seed27_original_P,27,original_P,0,easy,96,3002700096,0.18203886970877647,1.0,0.14239478937815875,1.0,7.878731966018677,0.0,3.8523789644241333,0.0,0.5116661190986633,28,0.009481477551162243,0.5549605488777161,28,1.788139485370266e-07
seed27_original_P,27,original_P,0,easy,97,3002700097,0.08861327031627297,1.0,0.26930159924086183,1.0,8.678811371326447,0.0,4.443246781826019,0.0,0.5593178868293762,28,0.029356183484196663,0.6669953465461731,28,0.0
seed27_original_P,27,original_P,0,easy,98,3002700098,0.21803658921271563,1.0,0.5259808681439608,0.625,7.829480275511742,0.0,3.258334130048752,0.0,1.0669090747833252,28,0.07050769776105881,1.045100212097168,28,0.0
seed27_original_P,27,original_P,0,easy,99,3002700099,0.7084538629278541,0.75,0.6403215937316418,0.75,2.847328431904316,0.0,1.7606753706932068,0.125,0.7830289602279663,28,0.052666325122117996,0.8455767035484314,28,-1.1920928955078125e-07
seed27_original_P,27,original_P,0,hard,0,3002710000,1.9682292640209198,0.0,1.4451359063386917,0.0,1.374402031302452,0.125,1.4347844868898392,0.0,0.012381351552903652,28,0.0008374155149795115,0.020868690684437752,28,0.0
seed27_original_P,27,original_P,0,hard,1,3002710001,1.1175313964486122,0.5,1.0241818353533745,0.5,1.5675559788942337,0.0,1.3503523766994476,0.5,0.028403865173459053,28,0.009973651729524136,0.10293599218130112,28,5.960464477539063e-08
seed27_original_P,27,original_P,0,hard,2,3002710002,1.238799661397934,0.5,1.1108234748244286,0.5,1.0811684429645538,0.875,1.0909084677696228,0.875,0.016675729304552078,28,0.0012801524717360735,0.016369592398405075,28,0.0
seed27_original_P,27,original_P,0,hard,3,3002710003,1.2375391200184822,0.75,0.8512628078460693,0.75,1.1731146574020386,0.875,1.2783337086439133,0.375,0.12447330355644226,28,0.0005091237253509462,0.18705777823925018,28,0.0
seed27_original_P,27,original_P,0,hard,4,3002710004,1.2586314603686333,0.375,1.0260865688323975,0.75,1.3736201226711273,0.0,1.365463063120842,0.0,0.10561005026102066,28,0.0005475878715515137,0.08589421212673187,28,0.0
seed27_original_P,27,original_P,0,hard,5,3002710005,1.3992408588528633,0.25,1.2909083515405655,0.25,1.30380030721426,0.75,1.3549148738384247,0.5,0.3027075529098511,28,0.001944691059179604,0.4635632038116455,28,-1.1920928955078125e-07
seed27_original_P,27,original_P,0,hard,6,3002710006,1.1681531816720963,0.375,1.2208405286073685,0.25,1.301854431629181,0.0,1.348654419183731,0.0,0.18415458500385284,28,0.0007092335727065802,0.16592001914978027,28,1.788139485370266e-07
seed27_original_P,27,original_P,0,hard,7,3002710007,1.3208380937576294,0.5,1.2056601494550705,0.5,1.4399404525756836,0.125,1.364946037530899,0.25,0.15061934292316437,28,0.0009567759116180241,0.1155112162232399,28,1.1920928955078125e-07
seed27_original_P,27,original_P,0,hard,8,3002710008,1.5973743125796318,0.5,1.642351672053337,0.0,1.8047241866588593,0.0,2.2856785655021667,0.0,0.13247239589691162,28,0.006772392895072699,0.10025081038475037,28,0.0
seed27_original_P,27,original_P,0,hard,9,3002710009,1.3621071092784405,0.5,1.5203221887350082,0.0,1.988015428185463,0.125,1.8448722511529922,0.125,0.16513364017009735,28,0.0006423699087463319,0.15440280735492706,28,0.0
seed27_original_P,27,original_P,0,hard,10,3002710010,0.4200157504528761,0.875,0.7044065222144127,0.875,2.8846716582775116,0.0,2.710957795381546,0.0,0.04060612991452217,28,0.0029974367935210466,0.04259727895259857,28,-2.384185791015625e-07
seed27_original_P,27,original_P,0,hard,11,3002710011,0.8729456961154938,0.875,1.3612027689814568,0.25,2.317297726869583,0.0,1.9290795773267746,0.0,0.11735199391841888,28,0.008899512700736523,0.3159346580505371,28,0.0
seed27_original_P,27,original_P,0,hard,12,3002710012,1.6820583790540695,0.125,1.7509345710277557,0.25,1.6571718901395798,0.0,1.7593772932887077,0.25,0.06448262184858322,28,0.0021383934654295444,0.1732514649629593,28,0.0
seed27_original_P,27,original_P,0,hard,13,3002710013,1.2177499681711197,0.25,0.6194919347763062,0.75,0.9215462878346443,0.75,0.8972567245364189,0.75,0.10161729156970978,28,0.00023291580146178603,0.11338058859109879,28,0.0
seed27_original_P,27,original_P,0,hard,14,3002710014,1.6945780366659164,0.0,0.8634705916047096,0.875,1.3928943127393723,0.0,1.2694856822490692,0.0,0.0981733500957489,28,0.0001291803055210039,0.07445573806762695,28,0.0
seed27_original_P,27,original_P,0,hard,15,3002710015,1.8777552247047424,0.0,1.2099857330322266,0.125,1.5665579363703728,0.375,1.2486933767795563,0.25,0.1846800595521927,28,0.003053835593163967,0.22441746294498444,28,0.0
seed27_original_P,27,original_P,0,hard,16,3002710016,1.4344388097524643,0.0,1.7333718091249466,0.0,1.2348002567887306,0.5,1.5647631883621216,0.0,0.02779068984091282,28,0.012717979960143566,0.19399985671043396,28,0.0
seed27_original_P,27,original_P,0,hard,17,3002710017,1.72540745139122,0.0,1.948338359594345,0.0,1.5268714502453804,0.25,1.196010246872902,0.625,0.05571373552083969,28,0.0024833553470671177,0.06161809340119362,28,1.1920928955078125e-07
seed27_original_P,27,original_P,0,hard,18,3002710018,0.7448196858167648,0.875,0.7542114108800888,0.875,1.0454162582755089,0.5,1.0969493761658669,0.375,0.11521486937999725,28,0.0022212204057723284,0.09718351066112518,28,1.1920928955078125e-07
seed27_original_P,27,original_P,0,hard,19,3002710019,1.16978869587183,0.625,1.1608722060918808,0.375,1.493509367108345,0.125,1.4871374815702438,0.125,0.8049958348274231,28,0.010752793401479721,0.6396411061286926,28,0.0
seed27_original_P,27,original_P,0,hard,20,3002710020,0.8275613710284233,0.75,1.1193987801671028,0.625,0.9840741828083992,0.625,0.9487342983484268,0.625,0.2375895380973816,28,0.004490448161959648,0.17966336011886597,28,5.960464477539063e-08
seed27_original_P,27,original_P,0,hard,21,3002710021,1.0485310927033424,0.375,1.3100530505180359,0.125,2.487553685903549,0.0,1.6421911269426346,0.0,0.05215003713965416,28,0.020605826750397682,0.1472800374031067,28,1.1920928955078125e-07
seed27_original_P,27,original_P,0,hard,22,3002710022,2.262224942445755,0.0,1.4920871406793594,0.125,1.1184769459068775,0.375,1.2046524435281754,0.375,0.11145559698343277,28,0.008082181215286255,0.1788148581981659,28,0.0
seed27_original_P,27,original_P,0,hard,23,3002710023,1.0672726333141327,0.5,1.1253751069307327,0.625,1.4187254905700684,0.25,1.4852414727210999,0.0,0.9226029515266418,28,0.0007907578255981207,0.7764914631843567,28,-1.1920928955078125e-07
seed27_original_P,27,original_P,0,hard,24,3002710024,1.2051415294408798,0.375,1.3000014647841454,0.25,1.1381863877177238,0.625,1.5678679049015045,0.0,0.1555638164281845,28,0.0011847701389342546,0.09199389815330505,28,0.0
seed27_original_P,27,original_P,0,hard,25,3002710025,1.8450173437595367,0.0,1.814008966088295,0.0,1.8844398707151413,0.0,1.6476691216230392,0.0,0.3188796937465668,28,0.0005265453364700079,0.308610200881958,28,1.1920928955078125e-07
seed27_original_P,27,original_P,0,hard,26,3002710026,1.7921771556138992,0.0,1.4543283134698868,0.0,1.7018379718065262,0.0,1.5494259893894196,0.0,0.17258229851722717,28,0.0007899127085693181,0.01733396388590336,28,-1.1920928955078125e-07
seed27_original_P,27,original_P,0,hard,27,3002710027,0.8043344989418983,0.875,1.2937456369400024,0.25,1.299947902560234,0.5,1.6084527969360352,0.0,0.0835917517542839,28,0.0012466737534850836,0.041174668818712234,28,-1.1920928955078125e-07
seed27_original_P,27,original_P,0,hard,28,3002710028,1.8660756200551987,0.0,1.0307342857122421,0.625,1.2608808428049088,0.625,1.3555666357278824,0.0,0.03444395214319229,28,0.0005746547831222415,0.06292108446359634,28,0.0
seed27_original_P,27,original_P,0,hard,29,3002710029,0.8330569490790367,0.75,1.3145033419132233,0.5,1.3832210451364517,0.0,1.3234853893518448,0.125,0.009176848456263542,28,0.0007320813019759953,0.00929685216397047,28,1.1920928955078125e-07
seed27_original_P,27,original_P,0,hard,30,3002710030,0.5828694496303797,0.75,1.243657074868679,0.25,1.1047716289758682,0.25,1.0587978214025497,0.375,0.025234611704945564,28,0.0020830058492720127,0.02463960461318493,28,5.960464477539063e-08
seed27_original_P,27,original_P,0,hard,31,3002710031,0.8755216039717197,0.875,0.908193115144968,0.75,1.2774947881698608,0.625,1.2408289313316345,0.5,0.9800326824188232,28,0.004121480509638786,1.000757098197937,28,1.788139485370266e-07
seed27_original_P,27,original_P,0,hard,32,3002710032,0.9750714525580406,0.75,1.2576148360967636,0.5,1.6316871643066406,0.125,1.6019749492406845,0.0,0.37251168489456177,28,0.0043247537687420845,0.39554932713508606,28,0.0
seed27_original_P,27,original_P,0,hard,33,3002710033,1.6447125002741814,0.125,1.166089378297329,0.375,1.1586009711027145,0.75,1.0787419527769089,0.75,0.11307343095541,28,0.0010972811141982675,0.09782932698726654,28,5.960464477539063e-08
seed27_original_P,27,original_P,0,hard,34,3002710034,1.0743188336491585,0.625,0.9844715222716331,0.75,1.1511734277009964,0.75,1.1783165037631989,0.75,0.2711848318576813,28,0.0002933485375251621,0.29306066036224365,28,0.0
seed27_original_P,27,original_P,0,hard,35,3002710035,1.5427076667547226,0.25,1.0880515426397324,0.5,1.0817012786865234,0.625,1.1231033504009247,0.75,0.18724630773067474,28,0.004416404291987419,0.1980401575565338,28,0.0
seed27_original_P,27,original_P,0,hard,36,3002710036,1.3566759824752808,0.25,1.1832097917795181,0.375,1.3150882422924042,0.5,1.3316941559314728,0.5,0.11748775839805603,28,0.0012153664138168097,0.13336101174354553,28,5.960464477539063e-08
seed27_original_P,27,original_P,0,hard,37,3002710037,1.351138450205326,0.375,1.1255780458450317,0.625,1.1801843419671059,0.375,1.3224882930517197,0.125,0.15690211951732635,28,0.00046651705633848906,0.09195353835821152,28,1.1920928955078125e-07
seed27_original_P,27,original_P,0,hard,38,3002710038,1.214403860270977,0.625,1.1149159595370293,0.625,1.6325474381446838,0.0,1.3382115736603737,0.625,0.05571191757917404,28,0.011026072315871716,0.4431455135345459,28,0.0
seed27_original_P,27,original_P,0,hard,39,3002710039,1.0060549676418304,0.875,0.925346203148365,0.625,1.1714900806546211,0.625,1.2122004479169846,0.625,0.1473875790834427,28,0.0009809392504394054,0.21598105132579803,28,5.960464477539063e-08
seed27_original_P,27,original_P,0,hard,40,3002710040,0.9014314413070679,1.0,1.8027832061052322,0.0,1.9542904794216156,0.0,1.8952638357877731,0.0,0.14907044172286987,28,0.00015162145427893847,0.19594509899616241,28,1.1920928955078125e-07
seed27_original_P,27,original_P,0,hard,41,3002710041,0.9775549247860909,0.75,1.146778903901577,0.625,1.81125108897686,0.625,1.7644997984170914,0.625,0.3334061801433563,28,0.0014223606558516622,0.39112168550491333,28,0.0
seed27_original_P,27,original_P,0,hard,42,3002710042,0.8904889300465584,0.5,0.9181251153349876,1.0,1.4230985045433044,0.25,1.8050109595060349,0.0,0.3428702652454376,28,0.00398751487955451,0.28164419531822205,28,0.0
seed27_original_P,27,original_P,0,hard,43,3002710043,1.379583165049553,0.0,1.4831551760435104,0.0,1.4277124404907227,0.0,1.4108631014823914,0.0,0.8899393677711487,28,0.0028867381624877453,0.05547519400715828,28,1.1920928955078125e-07
seed27_original_P,27,original_P,0,hard,44,3002710044,1.658370092511177,0.0,1.7326578348875046,0.0,1.388363540172577,0.0,1.596290647983551,0.0,0.1583685278892517,28,0.006032111588865519,0.09329457581043243,28,5.960464477539063e-08
seed27_original_P,27,original_P,0,hard,45,3002710045,1.1711452901363373,0.5,1.157536044716835,0.5,1.5611789673566818,0.375,1.5955133885145187,0.375,0.07095589488744736,28,0.003924842458218336,0.09095921367406845,28,-1.1920928955078125e-07
seed27_original_P,27,original_P,0,hard,46,3002710046,1.4169671162962914,0.125,0.9488543123006821,0.875,0.8417321741580963,0.75,0.9673904329538345,0.75,0.062386829406023026,28,0.0005856667412444949,0.10624837130308151,28,-2.384185791015625e-07
seed27_original_P,27,original_P,0,hard,47,3002710047,2.3152852058410645,0.0,1.2242919132113457,0.375,1.602417767047882,0.0,1.4805128127336502,0.0,0.07284288853406906,28,0.002470008097589016,0.07627159357070923,28,0.0
seed27_original_P,27,original_P,0,hard,48,3002710048,1.0988142490386963,0.375,1.6447255611419678,0.0,1.598772183060646,0.0,1.5118811428546906,0.0,0.06739763915538788,28,0.0029668190982192755,0.09359519928693771,28,0.0
seed27_original_P,27,original_P,0,hard,49,3002710049,1.4609344527125359,0.5,1.0022783763706684,0.5,1.685174897313118,0.0,1.6311359852552414,0.0,0.38417521119117737,28,0.00035766619839705527,0.3854251205921173,28,-2.384185791015625e-07
seed27_original_P,27,original_P,0,hard,50,3002710050,1.5787286832928658,0.25,1.274197444319725,0.25,1.563689798116684,0.25,1.5484419763088226,0.25,0.4586647152900696,28,0.0011014215415343642,0.4908994138240814,28,1.1920928955078125e-07
seed27_original_P,27,original_P,0,hard,51,3002710051,1.0547772943973541,0.75,0.9978335052728653,0.5,1.3989090472459793,0.5,1.4029905498027802,0.25,0.16375002264976501,28,0.0012483809841796756,0.17734675109386444,28,0.0
seed27_original_P,27,original_P,0,hard,52,3002710052,2.168930798768997,0.0,1.080275982618332,0.625,1.348331555724144,0.0,1.3012787699699402,0.375,0.026021860539913177,28,0.002670509507879615,0.02189318649470806,28,5.960464477539063e-08
seed27_original_P,27,original_P,0,hard,53,3002710053,1.4443464875221252,0.125,0.8754179328680038,0.625,1.2813888490200043,0.625,1.3011960536241531,0.625,0.12544676661491394,28,0.00029675025143660605,0.1943819671869278,28,0.0
seed27_original_P,27,original_P,0,hard,54,3002710054,1.2541982382535934,0.25,1.4245111271739006,0.25,1.3920215666294098,0.125,1.4386174082756042,0.0,0.5295876860618591,28,0.002624946180731058,0.5148676633834839,28,5.960464477539063e-08
seed27_original_P,27,original_P,0,hard,55,3002710055,0.9494878053665161,0.875,0.8722817376255989,0.75,1.1693028211593628,0.25,1.0956992954015732,0.625,0.37622198462486267,28,0.0038664620369672775,0.33935949206352234,28,1.1920928955078125e-07
seed27_original_P,27,original_P,0,hard,56,3002710056,1.089587241411209,0.5,1.1900287196040154,0.5,1.2011710554361343,0.5,1.240322396159172,0.5,0.018184471875429153,28,0.0007338715950027108,0.010936724953353405,28,1.1920928955078125e-07
seed27_original_P,27,original_P,0,hard,57,3002710057,1.5743194669485092,0.0,1.1621862202882767,0.5,1.3028191924095154,0.75,1.3977967947721481,0.125,0.10948061943054199,28,0.0022109386045485735,0.19912880659103394,28,0.0
seed27_original_P,27,original_P,0,hard,58,3002710058,0.7163946889340878,1.0,1.1437338218092918,0.375,1.4158009886741638,0.5,1.5804475992918015,0.0,1.010204553604126,28,0.0006677487399429083,0.7586320042610168,28,1.788139485370266e-07
seed27_original_P,27,original_P,0,hard,59,3002710059,1.137803453952074,0.375,1.0351165011525154,0.625,1.689779281616211,0.25,1.6096881181001663,0.25,0.627792239189148,28,0.0011089785257354379,0.6901472210884094,28,5.960464477539063e-08
seed27_original_P,27,original_P,0,hard,60,3002710060,1.5852636992931366,0.0,1.1267179101705551,0.5,1.5571855455636978,0.0,1.548288255929947,0.125,0.45301902294158936,28,0.0013232253259047866,0.43681392073631287,28,1.1920928955078125e-07
seed27_original_P,27,original_P,0,hard,61,3002710061,1.428397998213768,0.0,1.3459810689091682,0.125,1.6363074630498886,0.25,1.4861330166459084,0.375,0.3446149230003357,28,0.001354643376544118,0.21185368299484253,28,1.1920928955078125e-07
seed27_original_P,27,original_P,0,hard,62,3002710062,1.8230131715536118,0.0,2.15518119931221,0.0,1.5001105517148972,0.0,1.7773189693689346,0.0,0.09009070694446564,28,0.002410897286608815,0.04227792099118233,28,0.0
seed27_original_P,27,original_P,0,hard,63,3002710063,2.117219492793083,0.0,0.6103422418236732,0.875,0.8099184855818748,0.375,0.8009278401732445,0.75,0.023890333250164986,28,0.004177600145339966,0.03989769145846367,28,-2.384185791015625e-07
seed27_original_P,27,original_P,0,hard,64,3002710064,2.01007904112339,0.375,1.204298511147499,0.625,1.2688182815909386,0.25,1.3587048947811127,0.25,0.026026824489235878,28,0.00038750472594983876,0.025494659319519997,28,-1.1920928955078125e-07
seed27_original_P,27,original_P,0,hard,65,3002710065,1.763920396566391,0.375,1.2840067520737648,0.5,1.3729037940502167,0.25,1.6524546593427658,0.0,0.5370437502861023,28,0.0035527541767805815,0.5504689812660217,28,0.0
seed27_original_P,27,original_P,0,hard,66,3002710066,1.463133230805397,0.0,1.4194336161017418,0.125,1.663009449839592,0.0,1.5815274119377136,0.0,0.24398770928382874,28,0.00047078944044187665,0.22340376675128937,28,0.0
seed27_original_P,27,original_P,0,hard,67,3002710067,0.8963959738612175,0.375,1.5409079976379871,0.375,1.5415772050619125,0.125,1.6961094439029694,0.0,0.19681355357170105,28,0.020839113742113113,0.3210808336734772,28,-1.1920928955078125e-07
seed27_original_P,27,original_P,0,hard,68,3002710068,0.8160292282700539,0.625,1.48399056494236,0.125,1.3434031903743744,0.375,1.2843657732009888,0.25,0.04486166685819626,28,0.0011307725217193365,0.053185705095529556,28,-2.384185791015625e-07
seed27_original_P,27,original_P,0,hard,69,3002710069,1.1854614317417145,0.625,1.0645392686128616,0.375,1.8897978886961937,0.375,1.6580818071961403,0.375,0.03921906277537346,28,0.004571005702018738,0.0635836124420166,28,0.0
seed27_original_P,27,original_P,0,hard,70,3002710070,1.0789281949400902,0.375,0.9716081619262695,0.75,1.72886261343956,0.0,1.3342339247465134,0.0,0.5619916319847107,28,0.010261408053338528,0.5957993268966675,28,0.0
seed27_original_P,27,original_P,0,hard,71,3002710071,2.123249739408493,0.0,1.5256098359823227,0.0,1.5830406546592712,0.125,1.4654851257801056,0.0,0.3956323564052582,28,0.002083559287711978,0.30131396651268005,28,1.1920928955078125e-07
seed27_original_P,27,original_P,0,hard,72,3002710072,1.3055956438183784,0.5,1.390434369444847,0.125,1.6893789917230606,0.0,1.6173673570156097,0.0,0.06267815083265305,28,0.00029872357845306396,0.08741401135921478,28,0.0
seed27_original_P,27,original_P,0,hard,73,3002710073,1.3905250206589699,0.625,1.6875343918800354,0.0,1.4675424471497536,0.25,1.5058650970458984,0.0,0.5553745031356812,28,0.001390604069456458,0.4017002284526825,28,0.0
seed27_original_P,27,original_P,0,hard,74,3002710074,1.7322551012039185,0.5,1.1761573925614357,0.375,1.3217760026454926,0.375,1.4167932569980621,0.0,0.21958798170089722,28,0.010631340555846691,0.1496400237083435,28,0.0
seed27_original_P,27,original_P,0,hard,75,3002710075,0.9430720061063766,0.75,0.893815204501152,0.75,1.3987181931734085,0.25,1.4225258231163025,0.0,0.8556143045425415,28,0.000464894954347983,0.8148623704910278,28,0.0
seed27_original_P,27,original_P,0,hard,76,3002710076,1.39529088139534,0.0,1.2273046672344208,0.375,1.357756331562996,0.0,1.3375768512487411,0.375,0.027991771697998047,28,6.58865537843667e-05,0.16756126284599304,28,-1.1920928955078125e-07
seed27_original_P,27,original_P,0,hard,77,3002710077,1.110152080655098,0.625,1.1287878081202507,0.625,1.462504580616951,0.0,1.4296111315488815,0.0,0.9000694155693054,28,0.0017303761560469866,0.8134941458702087,28,5.960464477539063e-08
seed27_original_P,27,original_P,0,hard,78,3002710078,0.9762781634926796,0.625,0.9939275607466698,0.875,1.2441830486059189,0.25,1.3136640340089798,0.125,0.3546578586101532,28,0.0012368304887786508,0.273375928401947,28,5.960464477539063e-08
seed27_original_P,27,original_P,0,hard,79,3002710079,1.978443406522274,0.5,1.9107095301151276,0.0,1.3274471834301949,0.5,1.46746064722538,0.125,0.14070232212543488,28,0.004986088257282972,0.14497795701026917,28,0.0
seed27_original_P,27,original_P,0,hard,80,3002710080,1.4330869056284428,0.5,1.384617954492569,0.5,1.5742877423763275,0.0,1.5277976989746094,0.25,0.06830471009016037,28,0.0006839335546828806,0.05577399209141731,28,5.960464477539063e-08
seed27_original_P,27,original_P,0,hard,81,3002710081,1.2258997112512589,0.125,1.4065712690353394,0.0,1.191705361008644,0.25,1.3706150352954865,0.0,0.15992990136146545,28,0.0030688198748975992,0.17968803644180298,28,0.0
seed27_original_P,27,original_P,0,hard,82,3002710082,2.218988075852394,0.125,1.5523952394723892,0.25,2.0010808259248734,0.0,1.8010327368974686,0.125,0.14634625613689423,28,0.0018664939561858773,0.1327131688594818,28,0.0
seed27_original_P,27,original_P,0,hard,83,3002710083,1.6064056158065796,0.0,1.21822127699852,0.25,1.35928313434124,0.0,1.3224172592163086,0.0,0.07955745607614517,28,0.0018369577592238784,0.054543353617191315,28,0.0
seed27_original_P,27,original_P,0,hard,84,3002710084,1.411623552441597,0.0,1.5652617812156677,0.0,1.4520994871854782,0.0,1.4485162794589996,0.0,0.4919796884059906,28,0.0025059091858565807,0.15522296726703644,28,5.960464477539063e-08
seed27_original_P,27,original_P,0,hard,85,3002710085,1.0746977627277374,0.375,0.8117927685379982,0.75,1.947645828127861,0.0,1.5154852867126465,0.125,0.15430566668510437,28,0.009694293141365051,0.19865109026432037,28,0.0
seed27_original_P,27,original_P,0,hard,86,3002710086,1.071249008178711,0.625,1.2236761003732681,0.25,1.4103470295667648,0.25,1.4488527178764343,0.0,0.3075193762779236,28,5.5832526413723826e-05,0.18209482729434967,28,0.0
seed27_original_P,27,original_P,0,hard,87,3002710087,1.1272228807210922,0.5,1.5214087665081024,0.0,1.6599172204732895,0.125,1.514313519001007,0.25,0.7950536012649536,28,0.0034932091366499662,0.9771892428398132,28,5.960464477539063e-08
seed27_original_P,27,original_P,0,hard,88,3002710088,0.988349661231041,0.625,0.9298882037401199,0.625,1.2296348810195923,0.625,1.265056997537613,0.0,0.22502021491527557,28,0.00012007782061118633,0.255683958530426,28,0.0
seed27_original_P,27,original_P,0,hard,89,3002710089,2.3082191720604897,0.125,1.3953823000192642,0.0,1.1998608857393265,0.375,1.3164515048265457,0.0,0.031294431537389755,28,0.00028153404127806425,0.04275694116950035,28,0.0
seed27_original_P,27,original_P,0,hard,90,3002710090,1.3681188076734543,0.25,1.3115374594926834,0.0,1.4018595814704895,0.0,1.4653761237859726,0.0,0.0479680672287941,28,0.0004302795568946749,0.059913136065006256,28,-2.384185791015625e-07
seed27_original_P,27,original_P,0,hard,91,3002710091,2.0339262783527374,0.25,1.2816134914755821,0.375,1.338536523282528,0.25,1.5951656252145767,0.0,0.295377254486084,28,0.0030345385894179344,0.2946825921535492,28,-1.1920928955078125e-07
seed27_original_P,27,original_P,0,hard,92,3002710092,0.8279795572161674,0.625,0.7617268487811089,0.75,1.453552633523941,0.25,1.285019502043724,0.25,0.07993417233228683,28,0.002611773554235697,0.0808793306350708,28,0.0
seed27_original_P,27,original_P,0,hard,93,3002710093,1.9322703927755356,0.0,1.7364534139633179,0.125,1.5647609382867813,0.125,1.4875550419092178,0.125,0.07355427742004395,28,0.0031338080298155546,0.04747679457068443,28,0.0
seed27_original_P,27,original_P,0,hard,94,3002710094,1.0146142542362213,0.5,1.039121352136135,0.5,1.1916544139385223,0.375,1.1125889122486115,0.5,0.26751118898391724,28,0.015917714685201645,0.19204291701316833,28,1.788139485370266e-07
seed27_original_P,27,original_P,0,hard,95,3002710095,0.9647853150963783,0.5,1.7197703570127487,0.0,1.339684158563614,0.25,1.4211875945329666,0.25,0.01920895278453827,28,0.0010439966572448611,0.018452007323503494,28,0.0
seed27_original_P,27,original_P,0,hard,96,3002710096,0.7148267403244972,0.875,2.222508028149605,0.0,2.0546020716428757,0.25,1.9754137843847275,0.0,0.11210716515779495,28,0.0003262183745391667,0.1446532905101776,28,1.1920928955078125e-07
seed27_original_P,27,original_P,0,hard,97,3002710097,1.276302419602871,0.625,1.4587021321058273,0.0,1.1549962013959885,0.75,1.3482344150543213,0.375,0.045889779925346375,28,0.0013012078125029802,0.03885860741138458,28,1.1920928955078125e-07
seed27_original_P,27,original_P,0,hard,98,3002710098,1.1599857658147812,0.875,1.486291840672493,0.125,1.547058030962944,0.0,1.4350183755159378,0.5,0.08595574647188187,28,0.00031666457653045654,0.2304776906967163,28,1.1920928955078125e-07
seed27_original_P,27,original_P,0,hard,99,3002710099,1.3203293681144714,0.125,1.4157976061105728,0.0,1.3236784487962723,0.375,1.4060225784778595,0.0,0.27671197056770325,28,0.006136100273579359,0.4379909336566925,28,-1.1920928955078125e-07
seed27_P_O0_resume_step400,27,P_O0_resume,400,easy,0,3002700000,0.26893466524779797,0.875,0.02870978959253989,1.0,5.120761662721634,0.0,2.123000681400299,0.0,0.39218342304229736,28,0.16579437255859375,0.695087194442749,28,5.960464477539063e-08
seed27_P_O0_resume_step400,27,P_O0_resume,400,easy,1,3002700001,0.19412522856146097,1.0,1.374800130724907,0.25,6.502678692340851,0.0,3.4740211963653564,0.0,0.45918992161750793,28,0.1130758672952652,0.7765195369720459,28,1.1920928955078125e-07
seed27_P_O0_resume_step400,27,P_O0_resume,400,easy,2,3002700002,0.5618865008000284,0.625,0.10289031686261296,1.0,2.8121707402169704,0.125,2.918918278068304,0.125,0.9768021106719971,21,0.041049957275390625,0.9322963953018188,21,0.0
seed27_P_O0_resume_step400,27,P_O0_resume,400,easy,3,3002700003,0.037752368254587054,1.0,0.15342749329283834,1.0,2.5442179292440414,0.375,4.78995543718338,0.0,0.541425347328186,28,0.31197962164878845,0.8826451897621155,28,-1.1920928955078125e-07
seed27_P_O0_resume_step400,27,P_O0_resume,400,easy,4,3002700004,1.1011773573700339,0.375,1.517863720713649,0.375,4.273359104990959,0.0,2.7883221358060837,0.0,0.8756815195083618,28,0.0916752889752388,0.850863516330719,28,5.960464477539063e-08
seed27_P_O0_resume_step400,27,P_O0_resume,400,easy,5,3002700005,1.0910410592332482,0.625,0.08793987915851176,1.0,3.247351497411728,0.0,3.2337343990802765,0.0,0.9868040084838867,28,0.1415308117866516,1.0069407224655151,28,1.1920928955078125e-07
seed27_P_O0_resume_step400,27,P_O0_resume,400,easy,6,3002700006,1.1526431841775775,0.375,0.0715719994623214,1.0,3.88805790245533,0.0,2.9741690158843994,0.0,0.5386718511581421,28,0.1719808131456375,0.8241675496101379,28,0.0
seed27_P_O0_resume_step400,27,P_O0_resume,400,easy,7,3002700007,0.009968887607101351,1.0,0.09739931230433285,1.0,1.6024153623729944,0.625,5.886110186576843,0.0,0.6268017888069153,28,0.26534411311149597,0.8660076260566711,28,5.960464477539063e-08
seed27_P_O0_resume_step400,27,P_O0_resume,400,easy,8,3002700008,0.09897190681658685,1.0,0.5416657533496618,0.875,10.077669203281403,0.0,6.842491567134857,0.0,0.14856819808483124,28,0.10661905258893967,0.24112525582313538,28,5.960464477539063e-08
seed27_P_O0_resume_step400,27,P_O0_resume,400,easy,9,3002700009,0.42515514325350523,0.75,0.14272751519456506,1.0,5.713113754987717,0.0,3.1747114807367325,0.0,0.43966853618621826,28,0.01902046427130699,0.3635057508945465,28,5.960464477539063e-08
seed27_P_O0_resume_step400,27,P_O0_resume,400,easy,10,3002700010,0.5721363723278046,0.75,0.19218324543908238,1.0,2.163767620921135,0.0,4.054416805505753,0.0,0.6674229502677917,28,0.028874486684799194,0.547271192073822,28,1.1920928955078125e-07
seed27_P_O0_resume_step400,27,P_O0_resume,400,easy,11,3002700011,0.4299730749480659,0.75,0.032872423995286226,1.0,4.343467406928539,0.125,2.022279493510723,0.25,0.28471633791923523,28,0.08368857949972153,0.5457289814949036,28,-1.1920928955078125e-07
seed27_P_O0_resume_step400,27,P_O0_resume,400,easy,12,3002700012,0.37633721996098757,0.75,0.2990818410180509,0.875,7.879080593585968,0.0,3.999420791864395,0.0,0.44038814306259155,28,0.23620936274528503,0.8016209006309509,28,0.0
seed27_P_O0_resume_step400,27,P_O0_resume,400,easy,13,3002700013,0.14624696038663387,0.875,0.8143932223320007,0.5,5.258726537227631,0.0,3.7914659082889557,0.0,0.23096176981925964,28,0.21260330080986023,0.5817245841026306,28,1.1920928955078125e-07
seed27_P_O0_resume_step400,27,P_O0_resume,400,easy,14,3002700014,0.3173926332965493,0.875,0.274027525447309,1.0,2.562606558203697,0.125,4.240164659917355,0.125,0.9067635536193848,28,0.21818473935127258,0.897635281085968,28,5.960464477539063e-08
seed27_P_O0_resume_step400,27,P_O0_resume,400,easy,15,3002700015,0.03211514017311856,1.0,0.10742567951092497,1.0,1.913190059363842,0.0,2.8303276896476746,0.0,0.6411705017089844,28,0.3152410686016083,0.9468008279800415,28,0.0
seed27_P_O0_resume_step400,27,P_O0_resume,400,easy,16,3002700016,0.05112149519845843,1.0,0.44464624364627525,0.875,2.2056499049067497,0.125,2.6133006662130356,0.0,0.944961428642273,28,0.002496883273124695,0.6932097673416138,28,0.0
seed27_P_O0_resume_step400,27,P_O0_resume,400,easy,17,3002700017,0.8455976331315469,0.625,0.16612177109345794,1.0,1.4735540971159935,0.25,3.738762691617012,0.375,0.7931519150733948,28,0.023025987669825554,0.7933638691902161,28,1.1920928955078125e-07
seed27_P_O0_resume_step400,27,P_O0_resume,400,easy,18,3002700018,0.8241522290045395,0.5,0.34389352740254253,1.0,2.2145147304981947,0.25,2.4515005201101303,0.125,0.5771911144256592,28,0.11137620359659195,0.9085636734962463,28,-1.1920928955078125e-07
seed27_P_O0_resume_step400,27,P_O0_resume,400,easy,19,3002700019,0.021685714309569448,1.0,0.010304535913746804,1.0,1.7861519530415535,0.375,5.751261293888092,0.0,0.4885055422782898,28,0.24884171783924103,0.6529123187065125,28,0.0
seed27_P_O0_resume_step400,27,P_O0_resume,400,easy,20,3002700020,0.05319868058722932,1.0,0.15712688164785504,1.0,1.3917837999761105,0.375,4.2990716099739075,0.0,0.7098211646080017,28,0.20655541121959686,0.8911316990852356,28,0.0
seed27_P_O0_resume_step400,27,P_O0_resume,400,easy,21,3002700021,0.031193566974252462,1.0,0.573531573812943,0.625,3.2025471925735474,0.0,3.596139580011368,0.0,0.8762357831001282,28,0.01120455376803875,0.6493998765945435,28,5.960464477539063e-08
seed27_P_O0_resume_step400,27,P_O0_resume,400,easy,22,3002700022,1.6220551119185984,0.375,1.2773046754300594,0.375,2.927930921316147,0.0,2.49334579706192,0.0,0.6400344967842102,28,0.06259109079837799,0.8318880200386047,28,0.0
seed27_P_O0_resume_step400,27,P_O0_resume,400,easy,23,3002700023,0.042636483907699585,1.0,0.1363065236946568,1.0,2.004103608429432,0.5,3.038647934794426,0.0,0.709594190120697,28,0.005239338148385286,0.5911200642585754,28,5.960464477539063e-08
seed27_P_O0_resume_step400,27,P_O0_resume,400,easy,24,3002700024,0.013012479990720749,1.0,0.11655034683644772,1.0,3.2924169450998306,0.0,6.002882391214371,0.0,0.2924988269805908,28,0.097152940928936,0.41839858889579773,28,5.960464477539063e-08
seed27_P_O0_resume_step400,27,P_O0_resume,400,easy,25,3002700025,0.1555945451837033,1.0,0.10374903678894043,1.0,4.897997122257948,0.5,6.180930495262146,0.0,0.9959757924079895,28,0.24641132354736328,1.0246161222457886,28,5.960464477539063e-08
seed27_P_O0_resume_step400,27,P_O0_resume,400,easy,26,3002700026,2.3028026572428644,0.25,0.6596903214231133,0.5,3.4830828979611397,0.25,2.7108784317970276,0.0,0.5643888115882874,28,0.06864269822835922,0.6164207458496094,28,0.0
seed27_P_O0_resume_step400,27,P_O0_resume,400,easy,27,3002700027,0.3704897263087332,0.875,0.08363974583335221,1.0,6.4016417264938354,0.0,2.4475529938936234,0.0,0.34413591027259827,28,0.09828522056341171,0.7957723140716553,28,5.960464477539063e-08
seed27_P_O0_resume_step400,27,P_O0_resume,400,easy,28,3002700028,0.11282622814178467,1.0,0.011356815346516669,1.0,1.61581152677536,0.0,2.349266469478607,0.0,0.012237719260156155,28,0.007021378725767136,0.009815412573516369,28,-1.1920928955078125e-07
seed27_P_O0_resume_step400,27,P_O0_resume,400,easy,29,3002700029,1.2258947399677709,0.5,0.25195390032604337,1.0,3.3931866213679314,0.125,3.363925948739052,0.0,0.743991494178772,28,0.010297056287527084,0.7054043412208557,28,0.0
seed27_P_O0_resume_step400,27,P_O0_resume,400,easy,30,3002700030,1.316648715059273,0.375,0.37824311573058367,0.875,1.5388933159410954,0.25,1.6655517220497131,0.375,0.5412517786026001,28,0.008152423426508904,0.35108643770217896,28,1.1920928955078125e-07
seed27_P_O0_resume_step400,27,P_O0_resume,400,easy,31,3002700031,0.6340405056253076,0.75,0.20805283705703914,1.0,5.436373203992844,0.125,3.874871015548706,0.0,1.0221197605133057,28,0.1431519240140915,1.0046900510787964,28,0.0
seed27_P_O0_resume_step400,27,P_O0_resume,400,easy,32,3002700032,0.7076431058812886,0.625,0.2583632105961442,1.0,2.946204751729965,0.125,2.643573485314846,0.375,0.18772535026073456,28,0.08173242211341858,0.4970507025718689,28,1.1920928955078125e-07
seed27_P_O0_resume_step400,27,P_O0_resume,400,easy,33,3002700033,0.4205024285474792,0.875,0.5488512236624956,0.625,5.982465781271458,0.125,4.372644603252411,0.0,0.29745644330978394,28,0.16233091056346893,0.4374914765357971,28,0.0
seed27_P_O0_resume_step400,27,P_O0_resume,400,easy,34,3002700034,0.19779968191869557,0.875,0.3627439606934786,0.875,3.8111894503235817,0.125,4.347075313329697,0.0,0.9283806681632996,28,0.10188595205545425,0.9355155825614929,28,1.1920928955078125e-07
seed27_P_O0_resume_step400,27,P_O0_resume,400,easy,35,3002700035,0.013964158686576411,1.0,0.29384688090067357,1.0,2.7887939792126417,0.25,5.338739365339279,0.0,0.5116420388221741,28,0.2881949543952942,0.670798122882843,28,-1.1920928955078125e-07
seed27_P_O0_resume_step400,27,P_O0_resume,400,easy,36,3002700036,0.042275851243175566,1.0,0.07043620152398944,1.0,3.3720884285867214,0.5,5.865440726280212,0.0,0.7406887412071228,28,0.3398173451423645,0.791217565536499,28,-2.384185791015625e-07
seed27_P_O0_resume_step400,27,P_O0_resume,400,easy,37,3002700037,0.03953131369780749,1.0,0.015587781963404268,1.0,1.2352194301784039,0.375,5.677408188581467,0.0,0.614801287651062,28,0.3352685272693634,0.717725932598114,28,0.0
seed27_P_O0_resume_step400,27,P_O0_resume,400,easy,38,3002700038,0.03026005590800196,1.0,0.10138884617481381,1.0,3.371566742658615,0.0,5.5282590836286545,0.0,0.38375869393348694,28,0.0762510672211647,0.38322532176971436,28,1.1920928955078125e-07
seed27_P_O0_resume_step400,27,P_O0_resume,400,easy,39,3002700039,0.02412417170125991,1.0,0.11140725028235465,1.0,1.424679547548294,0.0,7.624409317970276,0.0,0.3137866258621216,28,0.13131563365459442,0.36466142535209656,28,1.788139485370266e-07
seed27_P_O0_resume_step400,27,P_O0_resume,400,easy,40,3002700040,0.06835663481615484,1.0,0.6187356902519241,0.5,2.643340542912483,0.25,2.536851093173027,0.0,0.7409059405326843,28,0.0011089423205703497,0.667373538017273,28,5.960464477539063e-08
seed27_P_O0_resume_step400,27,P_O0_resume,400,easy,41,3002700041,0.0481571733544115,1.0,0.6395823754282901,0.75,2.4234511256217957,0.0,3.3382124304771423,0.0,0.6257706880569458,28,0.24122823774814606,0.8997175097465515,28,5.960464477539063e-08
seed27_P_O0_resume_step400,27,P_O0_resume,400,easy,42,3002700042,0.9398607760667801,0.375,0.06978230620734394,1.0,4.090999756939709,0.125,3.300138682126999,0.0,0.875465989112854,28,0.13905423879623413,0.9471847414970398,28,0.0
seed27_P_O0_resume_step400,27,P_O0_resume,400,easy,43,3002700043,0.5800114786252379,0.75,0.38099515438079834,0.75,3.4044073075056076,0.0,2.0161776170134544,0.0,0.5189765691757202,28,0.11626657843589783,0.9262773990631104,28,-1.1920928955078125e-07
seed27_P_O0_resume_step400,27,P_O0_resume,400,easy,44,3002700044,0.602706188801676,0.625,2.468436360359192,0.125,2.8433790057897568,0.0,2.787866234779358,0.0,0.6442699432373047,28,0.07283405214548111,0.9192190766334534,28,0.0
seed27_P_O0_resume_step400,27,P_O0_resume,400,easy,45,3002700045,0.6935699262830894,0.625,0.08427056577056646,1.0,1.7958935517817736,0.5,3.060789830982685,0.25,0.918007493019104,28,0.00679474463686347,0.713545560836792,28,0.0
seed27_P_O0_resume_step400,27,P_O0_resume,400,easy,46,3002700046,0.05055815551895648,1.0,0.10344344947952777,1.0,3.311441145837307,0.25,4.934620261192322,0.0,0.7078936696052551,28,0.017252907156944275,0.47696641087532043,28,0.0
seed27_P_O0_resume_step400,27,P_O0_resume,400,easy,47,3002700047,0.45874473499134183,0.875,0.25200202129781246,1.0,4.910448968410492,0.0,2.9950736463069916,0.0,0.18616575002670288,28,0.038154032081365585,0.3348773717880249,28,0.0
seed27_P_O0_resume_step400,27,P_O0_resume,400,easy,48,3002700048,0.2529847831465304,0.875,0.1219461876899004,1.0,4.142720103263855,0.0,6.236971735954285,0.0,0.8767098188400269,28,0.2065301537513733,0.8973665833473206,28,0.0
seed27_P_O0_resume_step400,27,P_O0_resume,400,easy,49,3002700049,0.06494532755459659,1.0,0.7126658745110035,0.5,2.7694792598485947,0.375,6.668481647968292,0.0,0.4888984262943268,28,0.30099448561668396,0.8180533051490784,28,5.960464477539063e-08
seed27_P_O0_resume_step400,27,P_O0_resume,400,easy,50,3002700050,0.26014324952848256,0.875,0.09692738484591246,1.0,4.8807709366083145,0.25,5.066299706697464,0.0,0.5270068645477295,28,0.0013075683964416385,0.5840737223625183,28,1.1920928955078125e-07
seed27_P_O0_resume_step400,27,P_O0_resume,400,easy,51,3002700051,0.9292538956506178,0.625,0.026172204175963998,1.0,0.8165156319737434,0.5,1.8164807707071304,0.0,0.6821169257164001,28,0.22158224880695343,0.8484157919883728,28,0.0
seed27_P_O0_resume_step400,27,P_O0_resume,400,easy,52,3002700052,0.031718517711851746,1.0,0.11827308841748163,0.875,5.7871774807572365,0.125,6.325321048498154,0.0,0.690841555595398,28,0.005509721580892801,0.8063954710960388,28,5.960464477539063e-08
seed27_P_O0_resume_step400,27,P_O0_resume,400,easy,53,3002700053,0.026282485341653228,1.0,0.03873651596950367,1.0,3.605064630508423,0.125,6.39979062974453,0.0,0.6140071749687195,28,0.12303216755390167,0.6010711789131165,28,5.960464477539063e-08
seed27_P_O0_resume_step400,27,P_O0_resume,400,easy,54,3002700054,0.6607666079653427,0.75,0.3779057800711598,0.875,2.6821942068636417,0.25,2.9702050425112247,0.125,1.0392310619354248,21,0.14551687240600586,1.0360236167907715,21,1.1920928955078125e-07
seed27_P_O0_resume_step400,27,P_O0_resume,400,easy,55,3002700055,0.01554342865711078,1.0,0.07013060618191957,1.0,3.8904942870140076,0.0,4.657782703638077,0.0,0.7154795527458191,28,0.1405097395181656,0.8729960322380066,28,1.1920928955078125e-07
seed27_P_O0_resume_step400,27,P_O0_resume,400,easy,56,3002700056,1.0030492150690407,0.125,1.2045554185751826,0.125,4.031248476356268,0.125,6.070882141590118,0.0,0.4300746023654938,28,0.10878849774599075,0.4530104994773865,28,0.0
seed27_P_O0_resume_step400,27,P_O0_resume,400,easy,57,3002700057,0.13288658391684294,1.0,0.0834360663429834,1.0,2.620053008198738,0.0,4.221367120742798,0.0,0.8326751589775085,28,0.20618826150894165,0.9425984025001526,28,0.0
seed27_P_O0_resume_step400,27,P_O0_resume,400,easy,58,3002700058,0.1325922531541437,1.0,0.5354591384530067,0.875,2.8566257059574127,0.0,3.9146772772073746,0.0,0.8045092821121216,28,0.012733081355690956,0.6356576085090637,28,-1.1920928955078125e-07
seed27_P_O0_resume_step400,27,P_O0_resume,400,easy,59,3002700059,0.2412018136237748,0.875,0.6745163968880661,0.5,3.6734395157545805,0.375,7.140828609466553,0.0,0.8733481168746948,28,0.27596360445022583,0.9826542735099792,28,5.960464477539063e-08
seed27_P_O0_resume_step400,27,P_O0_resume,400,easy,60,3002700060,0.5684582858812064,0.75,0.3835507051553577,0.875,4.753522604703903,0.0,2.1542032808065414,0.125,0.41348397731781006,28,0.08128610253334045,0.8023648858070374,28,0.0
seed27_P_O0_resume_step400,27,P_O0_resume,400,easy,61,3002700061,0.2835888786939904,0.75,0.18843042477965355,1.0,3.180668532848358,0.0,3.5769925862550735,0.0,0.4608045816421509,28,0.2307993620634079,0.696313738822937,28,0.0
seed27_P_O0_resume_step400,27,P_O0_resume,400,easy,62,3002700062,0.03676271522999741,1.0,0.07790071965428069,1.0,2.459871578961611,0.375,5.129299372434616,0.0,0.6246408820152283,28,0.2055056244134903,0.7454888224601746,28,0.0
seed27_P_O0_resume_step400,27,P_O0_resume,400,easy,63,3002700063,0.0699475696310401,1.0,0.060688698664307594,1.0,4.186784639954567,0.25,6.058518290519714,0.0,0.8206440210342407,28,0.008203764446079731,0.7139245271682739,28,5.960464477539063e-08
seed27_P_O0_resume_step400,27,P_O0_resume,400,easy,64,3002700064,0.06527245015604421,1.0,0.778679207112873,0.625,6.748773634433746,0.0,5.008053168654442,0.0,0.593215823173523,28,0.027558527886867523,0.63658207654953,28,0.0
seed27_P_O0_resume_step400,27,P_O0_resume,400,easy,65,3002700065,0.21687806583940983,1.0,0.7163378181867301,0.75,1.685556624084711,0.5,2.3151794373989105,0.0,0.7283164858818054,28,0.00649390509352088,0.46871504187583923,28,0.0
seed27_P_O0_resume_step400,27,P_O0_resume,400,easy,66,3002700066,0.5013570417650044,0.875,0.24463734682649374,1.0,3.058429774828255,0.375,3.448440730571747,0.0,1.0489990711212158,28,0.028541838750243187,1.0016489028930664,28,1.1920928955078125e-07
seed27_P_O0_resume_step400,27,P_O0_resume,400,easy,67,3002700067,0.06937920651398599,1.0,0.4460839678067714,0.75,3.415198527276516,0.0,4.134096264839172,0.0,0.9019387364387512,28,0.02106718346476555,0.6523956656455994,28,-2.384185791015625e-07
seed27_P_O0_resume_step400,27,P_O0_resume,400,easy,68,3002700068,0.34703641197120305,0.875,0.022026195540092885,1.0,4.156897094100714,0.125,4.803470999002457,0.0,0.9345860481262207,28,0.06443026661872864,0.9773781895637512,28,0.0
seed27_P_O0_resume_step400,27,P_O0_resume,400,easy,69,3002700069,0.022355531807988882,1.0,0.35254327789880335,0.75,2.345786675810814,0.125,5.047149151563644,0.0,0.6753990054130554,28,0.2319955825805664,0.886605978012085,28,0.0
seed27_P_O0_resume_step400,27,P_O0_resume,400,easy,70,3002700070,0.035772361792624,1.0,0.014029465848580003,1.0,1.0649052038788795,0.5,6.179765164852142,0.0,0.612930417060852,28,0.20724910497665405,0.6816627383232117,28,0.0
seed27_P_O0_resume_step400,27,P_O0_resume,400,easy,71,3002700071,0.033034561754902825,1.0,0.04829658643575385,1.0,1.3028363026678562,0.375,3.804287910461426,0.0,0.6454927325248718,28,0.2238161712884903,0.8554289937019348,28,-1.1920928955078125e-07
seed27_P_O0_resume_step400,27,P_O0_resume,400,easy,72,3002700072,0.2807254856452346,0.875,0.05879872397053987,1.0,3.4130295738577843,0.125,1.6835788041353226,0.0,0.16427429020404816,21,0.1501198261976242,0.35888156294822693,28,-1.1920928955078125e-07
seed27_P_O0_resume_step400,27,P_O0_resume,400,easy,73,3002700073,0.36371322465129197,0.625,0.11890580458566546,1.0,2.329484136775136,0.25,3.2784570455551147,0.0,0.6450130343437195,28,0.20362608134746552,0.8596043586730957,28,1.1920928955078125e-07
seed27_P_O0_resume_step400,27,P_O0_resume,400,easy,74,3002700074,0.033029378595529124,1.0,0.05595969851128757,1.0,3.264946259558201,0.375,3.4141751527786255,0.0,0.5032175183296204,28,0.3779388964176178,0.8526256084442139,28,0.0
seed27_P_O0_resume_step400,27,P_O0_resume,400,easy,75,3002700075,0.03573302389122546,1.0,0.11803191434592009,1.0,3.784901611506939,0.125,4.29886594414711,0.0,0.5417525172233582,28,0.19536253809928894,0.8578832149505615,28,5.960464477539063e-08
seed27_P_O0_resume_step400,27,P_O0_resume,400,easy,76,3002700076,0.13892673107329756,1.0,0.9251258261501789,0.5,2.378051310777664,0.0,2.3379635959863663,0.0,0.8087719678878784,28,0.05604070797562599,0.9020640850067139,28,0.0
seed27_P_O0_resume_step400,27,P_O0_resume,400,easy,77,3002700077,0.21184092503972352,1.0,0.44173803366720676,0.75,3.2033936828374863,0.0,2.7162390649318695,0.0,0.5555204749107361,28,0.11012601852416992,0.8505798578262329,28,0.0
seed27_P_O0_resume_step400,27,P_O0_resume,400,easy,78,3002700078,1.2426471365615726,0.375,0.8342251242138445,0.5,2.536300405859947,0.125,1.3894210159778595,0.625,0.39657995104789734,28,0.005820063874125481,0.37205153703689575,28,5.960464477539063e-08
seed27_P_O0_resume_step400,27,P_O0_resume,400,easy,79,3002700079,0.06485628837253898,1.0,0.7040351003524847,0.5,3.380729153752327,0.125,3.0683370232582092,0.0,0.6741423010826111,28,0.2658073902130127,0.9423626661300659,28,-1.1920928955078125e-07
seed27_P_O0_resume_step400,27,P_O0_resume,400,easy,80,3002700080,0.08589378726901487,1.0,0.07334281457588077,1.0,3.9321443662047386,0.25,7.15817853808403,0.0,0.6232388615608215,28,0.003467506729066372,0.5999678373336792,28,0.0
seed27_P_O0_resume_step400,27,P_O0_resume,400,easy,81,3002700081,0.13256352208554745,1.0,0.6675551141379401,0.625,2.2856920957565308,0.375,2.7027217000722885,0.0,0.8390230536460876,28,0.0019079617923125625,0.6381786465644836,28,-1.1920928955078125e-07
seed27_P_O0_resume_step400,27,P_O0_resume,400,easy,82,3002700082,0.15952373621985316,1.0,0.027948082191869617,1.0,7.1477928794920444,0.25,3.7735510766506195,0.0,0.6575796604156494,28,0.004616571590304375,0.7815186977386475,28,1.1920928955078125e-07
seed27_P_O0_resume_step400,27,P_O0_resume,400,easy,83,3002700083,0.03393375687301159,1.0,0.26973107166122645,1.0,5.302882291376591,0.25,5.459112077951431,0.0,0.4352286756038666,28,0.21202929317951202,0.6453074812889099,28,1.1920928955078125e-07
seed27_P_O0_resume_step400,27,P_O0_resume,400,easy,84,3002700084,0.31477173906750977,1.0,1.19704581447877,0.25,8.387743212282658,0.25,3.5782072842121124,0.0,0.4151303172111511,28,0.008254160173237324,0.5186454653739929,28,1.1920928955078125e-07
seed27_P_O0_resume_step400,27,P_O0_resume,400,easy,85,3002700085,0.13469019817421213,1.0,0.19090036480338313,1.0,5.673884127289057,0.25,4.034057587385178,0.0,0.9940857887268066,28,0.10415370017290115,0.8849354386329651,28,5.960464477539063e-08
seed27_P_O0_resume_step400,27,P_O0_resume,400,easy,86,3002700086,0.47089367685839534,0.75,0.045758331660181284,1.0,3.940867617726326,0.0,4.079594776034355,0.0,1.0462349653244019,28,0.2057538628578186,1.0155487060546875,28,0.0
seed27_P_O0_resume_step400,27,P_O0_resume,400,easy,87,3002700087,0.27111679734662175,0.875,0.7301791396457702,0.625,3.504131317138672,0.0,2.8150360584259033,0.0,0.34494516253471375,28,0.04018381983041763,0.5796469449996948,28,0.0
seed27_P_O0_resume_step400,27,P_O0_resume,400,easy,88,3002700088,0.010801939613884315,1.0,0.10526386910350993,1.0,2.547622125595808,0.125,5.631352335214615,0.0,0.6238267421722412,28,0.1959511935710907,0.6908277869224548,28,0.0
seed27_P_O0_resume_step400,27,P_O0_resume,400,easy,89,3002700089,0.3353149008471519,0.875,0.017892740375827998,1.0,4.335610702633858,0.125,1.8425698578357697,0.125,0.28010639548301697,28,0.1422160565853119,0.7430822253227234,28,-1.1920928955078125e-07
seed27_P_O0_resume_step400,27,P_O0_resume,400,easy,90,3002700090,0.3278112761909142,0.75,0.0869140507420525,1.0,2.867490991950035,0.5,3.2743738293647766,0.25,0.7736570239067078,28,0.013375536538660526,0.758184552192688,28,1.1920928955078125e-07
seed27_P_O0_resume_step400,27,P_O0_resume,400,easy,91,3002700091,0.12774597760289907,1.0,0.2683382355608046,1.0,5.928479909896851,0.0,3.7624678015708923,0.0,0.33261770009994507,28,0.12727807462215424,0.5236047506332397,28,0.0
seed27_P_O0_resume_step400,27,P_O0_resume,400,easy,92,3002700092,0.05704439710825682,1.0,0.8602182976901531,0.5,5.5517242550849915,0.0,2.8348498344421387,0.0,0.784957230091095,28,0.10938508808612823,0.648858904838562,28,1.1920928955078125e-07
seed27_P_O0_resume_step400,27,P_O0_resume,400,easy,93,3002700093,0.030535092810168862,1.0,0.698340464849025,0.625,3.7746626883745193,0.0,4.107114985585213,0.0,0.8766268491744995,28,0.01927335187792778,0.7101377844810486,28,1.788139485370266e-07
seed27_P_O0_resume_step400,27,P_O0_resume,400,easy,94,3002700094,1.4057054570876062,0.625,0.9888089690357447,0.625,4.669009029865265,0.0,3.769959509372711,0.0,0.6414475440979004,28,0.10938209295272827,0.8455803990364075,28,-1.1920928955078125e-07
seed27_P_O0_resume_step400,27,P_O0_resume,400,easy,95,3002700095,0.4706371705979109,0.75,0.09155374625697732,1.0,4.908122926950455,0.0,3.635887786746025,0.125,0.3564256429672241,28,0.12138793617486954,0.6944893002510071,28,0.0
seed27_P_O0_resume_step400,27,P_O0_resume,400,easy,96,3002700096,0.13879572869336698,1.0,0.3409219669410959,0.75,8.324202179908752,0.0,5.043599054217339,0.0,0.6199262738227844,28,0.007932399399578571,0.6361316442489624,28,-1.1920928955078125e-07
seed27_P_O0_resume_step400,27,P_O0_resume,400,easy,97,3002700097,0.09597319463500753,1.0,0.10040785698220134,1.0,6.465917333960533,0.0,5.131903529167175,0.0,0.7147477269172668,28,0.015052596107125282,0.7245331406593323,28,0.0
seed27_P_O0_resume_step400,27,P_O0_resume,400,easy,98,3002700098,0.34164076298475266,0.875,0.06387073500081897,1.0,5.371721535921097,0.0,3.0646788477897644,0.0,1.0610634088516235,28,0.12991830706596375,1.0274630784988403,28,0.0
seed27_P_O0_resume_step400,27,P_O0_resume,400,easy,99,3002700099,0.7652169414795935,0.75,0.707791154505685,0.375,2.689455419778824,0.0,1.3207861706614494,0.125,0.7836410999298096,28,0.018399694934487343,0.8439030051231384,28,0.0
seed27_P_O0_resume_step400,27,P_O0_resume,400,hard,0,3002710000,1.6809104084968567,0.0,1.4033806547522545,0.375,1.396005541086197,0.5,1.4107372760772705,0.25,0.07133850455284119,28,0.00022343653836287558,0.09578977525234222,28,-1.1920928955078125e-07
seed27_P_O0_resume_step400,27,P_O0_resume,400,hard,1,3002710001,1.114324651658535,0.5,1.0416294112801552,0.5,1.2701842784881592,0.375,1.2181411460042,0.5,0.03351249173283577,28,0.009590862318873405,0.3384020924568176,28,1.1920928955078125e-07
seed27_P_O0_resume_step400,27,P_O0_resume,400,hard,2,3002710002,1.1973995603621006,0.5,1.0846688523888588,0.5,1.1109792292118073,0.5,1.114035204052925,0.5,0.011278900317847729,28,0.000961910467594862,0.01144291739910841,28,5.960464477539063e-08
seed27_P_O0_resume_step400,27,P_O0_resume,400,hard,3,3002710003,0.8446047678589821,0.75,0.7452923879027367,1.0,1.070492573082447,0.75,1.1239173859357834,0.75,0.48135995864868164,28,0.0006575776496902108,0.5320596694946289,28,0.0
seed27_P_O0_resume_step400,27,P_O0_resume,400,hard,4,3002710004,1.2044694870710373,0.375,1.0973324999213219,0.625,1.2483948469161987,0.375,1.2330603450536728,0.375,0.03285498172044754,28,0.0005634682602249086,0.029498951509594917,28,1.1920928955078125e-07
seed27_P_O0_resume_step400,27,P_O0_resume,400,hard,5,3002710005,0.9142659604549408,0.625,1.000148005783558,0.625,1.6484454721212387,0.0,1.7743929028511047,0.0,0.7687333226203918,28,0.004651389084756374,0.7579184174537659,28,0.0
seed27_P_O0_resume_step400,27,P_O0_resume,400,hard,6,3002710006,1.1949335895478725,0.375,1.1161535903811455,0.375,1.1383688896894455,0.375,1.154481515288353,0.375,0.01669682189822197,28,0.00040779158007353544,0.019545910879969597,28,5.960464477539063e-08
seed27_P_O0_resume_step400,27,P_O0_resume,400,hard,7,3002710007,1.2161216586828232,0.5,1.348295271396637,0.125,1.4232046455144882,0.125,1.346837505698204,0.25,0.11940541118383408,28,0.0006340870168060064,0.10583527386188507,28,0.0
seed27_P_O0_resume_step400,27,P_O0_resume,400,hard,8,3002710008,1.2958994805812836,0.25,1.6551983058452606,0.0,1.516437366604805,0.0,1.7340980768203735,0.0,0.1577797383069992,28,0.007700381800532341,0.11696140468120575,28,0.0
seed27_P_O0_resume_step400,27,P_O0_resume,400,hard,9,3002710009,1.206907194107771,0.5,1.253732442855835,0.375,1.4062393307685852,0.25,1.3273746520280838,0.25,0.03743971511721611,28,0.0008529957267455757,0.04199150949716568,28,0.0
seed27_P_O0_resume_step400,27,P_O0_resume,400,hard,10,3002710010,0.39399000257253647,0.875,0.4496637638658285,0.875,1.488175705075264,0.25,1.4628219306468964,0.25,0.06481686979532242,28,0.0030011748895049095,0.07044891268014908,28,0.0
seed27_P_O0_resume_step400,27,P_O0_resume,400,hard,11,3002710011,0.7084847837686539,1.0,1.2292958311736584,0.25,1.8087701946496964,0.125,1.7946162223815918,0.0,0.2697007358074188,28,0.005458484869450331,0.45725491642951965,28,0.0
seed27_P_O0_resume_step400,27,P_O0_resume,400,hard,12,3002710012,1.5071668401360512,0.25,1.532118298113346,0.25,1.5329866409301758,0.0,1.5747168064117432,0.25,0.04245326668024063,28,0.003735025180503726,0.34011542797088623,28,-1.1920928955078125e-07
seed27_P_O0_resume_step400,27,P_O0_resume,400,hard,13,3002710013,1.1403029263019562,0.625,0.9675022065639496,0.75,1.1711120307445526,0.75,1.1231224834918976,0.75,0.11122981458902359,28,0.00023825254174880683,0.12864437699317932,28,0.0
seed27_P_O0_resume_step400,27,P_O0_resume,400,hard,14,3002710014,1.2993038669228554,0.25,0.9902293458580971,0.75,1.6324162483215332,0.0,1.5042364299297333,0.0,0.33685681223869324,28,9.837108518695459e-05,0.4546549916267395,28,1.788139485370266e-07
seed27_P_O0_resume_step400,27,P_O0_resume,400,hard,15,3002710015,1.682078242301941,0.0,1.831403486430645,0.0,1.40328960865736,0.25,1.2040976583957672,0.375,0.37724772095680237,28,0.0035758253652602434,0.4312661290168762,28,0.0
seed27_P_O0_resume_step400,27,P_O0_resume,400,hard,16,3002710016,1.3163522779941559,0.125,1.6868941485881805,0.0,1.2313055992126465,0.625,1.4006076902151108,0.0,0.04342081770300865,28,0.015546177513897419,0.4084669351577759,28,1.1920928955078125e-07
seed27_P_O0_resume_step400,27,P_O0_resume,400,hard,17,3002710017,1.3620462119579315,0.375,1.4838352426886559,0.25,1.6258355751633644,0.125,1.468905970454216,0.25,0.2441900670528412,28,0.0037971630226820707,0.352975457906723,28,0.0
seed27_P_O0_resume_step400,27,P_O0_resume,400,hard,18,3002710018,0.8255619332194328,0.75,0.8100511804223061,0.875,0.9128799885511398,0.875,0.9268583282828331,0.875,0.09114917367696762,28,0.0014610205544158816,0.08117365092039108,28,0.0
seed27_P_O0_resume_step400,27,P_O0_resume,400,hard,19,3002710019,1.0246241763234138,0.625,0.9993193969130516,0.5,1.0860136598348618,0.625,1.1016325280070305,0.625,0.5652193427085876,28,0.011785111390054226,0.5453861355781555,28,-1.1920928955078125e-07
seed27_P_O0_resume_step400,27,P_O0_resume,400,hard,20,3002710020,1.022228829562664,0.625,1.1363707557320595,0.625,1.0902098789811134,0.625,1.0616229623556137,0.625,0.36958029866218567,28,0.006947185844182968,0.22002413868904114,28,0.0
seed27_P_O0_resume_step400,27,P_O0_resume,400,hard,21,3002710021,1.467903047800064,0.0,1.7383328080177307,0.0,1.836163878440857,0.0,1.5007044821977615,0.0,0.052703265100717545,28,0.011768330819904804,0.07416776567697525,28,1.1920928955078125e-07
seed27_P_O0_resume_step400,27,P_O0_resume,400,hard,22,3002710022,1.9488814771175385,0.0,2.1012483090162277,0.0,1.1862884610891342,0.5,1.2805440947413445,0.375,0.284486323595047,28,0.004803990013897419,0.33758047223091125,28,-1.1920928955078125e-07
seed27_P_O0_resume_step400,27,P_O0_resume,400,hard,23,3002710023,0.9959426149725914,0.5,1.035554975271225,0.625,1.1700492352247238,0.625,1.2041426971554756,0.5,0.14043594896793365,28,0.001580617274157703,0.2410098910331726,28,-1.1920928955078125e-07
seed27_P_O0_resume_step400,27,P_O0_resume,400,hard,24,3002710024,0.8930501341819763,1.0,1.3167256638407707,0.125,1.3703953474760056,0.375,1.6303319334983826,0.125,0.6373153924942017,28,0.003376522334292531,0.3812676668167114,28,1.788139485370266e-07
seed27_P_O0_resume_step400,27,P_O0_resume,400,hard,25,3002710025,1.1644120812416077,0.25,1.217441402375698,0.375,1.7789197862148285,0.0,1.5704594403505325,0.0,0.06049967184662819,28,0.0001736836857162416,0.08916948735713959,28,-2.384185791015625e-07
seed27_P_O0_resume_step400,27,P_O0_resume,400,hard,26,3002710026,1.4716405868530273,0.125,1.3265668600797653,0.625,1.7444597780704498,0.0,1.558544084429741,0.0,0.40238049626350403,28,0.00020245143969077617,0.39179691672325134,28,0.0
seed27_P_O0_resume_step400,27,P_O0_resume,400,hard,27,3002710027,0.840751901268959,0.875,1.110070839524269,1.0,1.0951878651976585,0.875,1.2299456745386124,0.75,0.18156972527503967,28,0.0007091548177413642,0.08215987682342529,28,0.0
seed27_P_O0_resume_step400,27,P_O0_resume,400,hard,28,3002710028,1.165459044277668,0.5,0.9275098145008087,1.0,1.2594553232192993,0.0,1.3283245861530304,0.0,0.28734931349754333,28,0.0001459100458305329,0.38788729906082153,28,1.1920928955078125e-07
seed27_P_O0_resume_step400,27,P_O0_resume,400,hard,29,3002710029,0.840041309595108,0.75,0.9657627418637276,0.75,1.0373353585600853,0.75,1.0213842764496803,0.75,0.017524540424346924,28,0.0003590286069083959,0.020391136407852173,28,5.960464477539063e-08
seed27_P_O0_resume_step400,27,P_O0_resume,400,hard,30,3002710030,0.6367549560964108,0.75,0.8316607922315598,0.75,0.9890066981315613,0.75,0.9592183530330658,0.75,0.021276017650961876,28,0.0002092335926136002,0.02356540970504284,28,1.1920928955078125e-07
seed27_P_O0_resume_step400,27,P_O0_resume,400,hard,31,3002710031,1.0133428797125816,0.375,1.0145198553800583,0.375,1.0906003937125206,0.375,1.0789247080683708,0.375,0.3510132133960724,28,0.00610415218397975,0.5170086026191711,28,5.960464477539063e-08
seed27_P_O0_resume_step400,27,P_O0_resume,400,hard,32,3002710032,1.2044989988207817,0.5,1.203173391520977,0.5,1.448435366153717,0.125,1.3775753527879715,0.25,0.7522265911102295,28,0.0016821750905364752,0.7997405529022217,28,-2.384185791015625e-07
seed27_P_O0_resume_step400,27,P_O0_resume,400,hard,33,3002710033,1.5198010504245758,0.125,1.3007893413305283,0.25,1.318940058350563,0.5,1.2887935489416122,0.625,0.10185433179140091,28,0.0015776328509673476,0.11847402155399323,28,1.1920928955078125e-07
seed27_P_O0_resume_step400,27,P_O0_resume,400,hard,34,3002710034,1.2078153118491173,0.5,1.104636326432228,0.625,1.1584662795066833,0.5,1.1757386773824692,0.5,0.08117810636758804,28,0.0006753674824722111,0.08605454117059708,28,0.0
seed27_P_O0_resume_step400,27,P_O0_resume,400,hard,35,3002710035,1.6378544121980667,0.0,1.356022596359253,0.25,1.4034803360700607,0.25,1.4266882836818695,0.25,0.09493859857320786,28,0.004601793829351664,0.15895387530326843,28,-1.1920928955078125e-07
seed27_P_O0_resume_step400,27,P_O0_resume,400,hard,36,3002710036,1.107067234814167,0.5,1.111275129020214,0.5,1.2826160937547684,0.375,1.2673211246728897,0.375,0.9080780744552612,28,0.00048690609401091933,0.7930675745010376,28,-1.1920928955078125e-07
seed27_P_O0_resume_step400,27,P_O0_resume,400,hard,37,3002710037,1.2747866287827492,0.375,1.334716796875,0.25,1.1628282219171524,0.375,1.2504362165927887,0.375,0.29767146706581116,28,0.00023624727327842265,0.405878484249115,28,0.0
seed27_P_O0_resume_step400,27,P_O0_resume,400,hard,38,3002710038,1.1072885245084763,0.625,0.9903416782617569,0.625,1.2793262749910355,0.375,1.1973138749599457,0.625,0.058639656752347946,28,0.019299354404211044,1.051572561264038,28,0.0
seed27_P_O0_resume_step400,27,P_O0_resume,400,hard,39,3002710039,0.6404340341687202,0.875,0.7045061066746712,0.875,0.9792416617274284,0.875,1.0003105625510216,0.875,0.48570460081100464,28,0.0007643572171218693,0.408080130815506,28,5.960464477539063e-08
seed27_P_O0_resume_step400,27,P_O0_resume,400,hard,40,3002710040,0.7665180191397667,1.0,1.1399518251419067,0.5,1.363091766834259,0.5,1.3146911263465881,0.5,0.1277891844511032,28,0.00012991046241950244,0.15946386754512787,28,1.1920928955078125e-07
seed27_P_O0_resume_step400,27,P_O0_resume,400,hard,41,3002710041,0.8109176307916641,1.0,0.8610264360904694,0.75,1.339118853211403,0.625,1.3065415620803833,0.625,0.1535210907459259,28,0.0009077830472961068,0.3123054504394531,28,-1.1920928955078125e-07
seed27_P_O0_resume_step400,27,P_O0_resume,400,hard,42,3002710042,1.0890397354960442,0.375,0.8306082487106323,0.875,1.2525370046496391,0.625,1.5149325877428055,0.0,0.4973415732383728,28,0.003311828011646867,0.46026185154914856,28,-1.1920928955078125e-07
seed27_P_O0_resume_step400,27,P_O0_resume,400,hard,43,3002710043,1.4353865385055542,0.0,1.4767069518566132,0.0,1.4500447064638138,0.0,1.4353667497634888,0.0,0.6740168333053589,28,0.0021036374382674694,0.08873086422681808,28,1.1920928955078125e-07
seed27_P_O0_resume_step400,27,P_O0_resume,400,hard,44,3002710044,1.530451312661171,0.0,1.5451218634843826,0.0,1.4213075935840607,0.0,1.537417232990265,0.0,0.12200326472520828,28,0.004490039311349392,0.48261892795562744,28,5.960464477539063e-08
seed27_P_O0_resume_step400,27,P_O0_resume,400,hard,45,3002710045,1.2126524895429611,0.0,1.0457721650600433,0.375,1.443490743637085,0.0,1.454316034913063,0.0,0.589253842830658,28,0.000357889715814963,0.5416876673698425,28,0.0
seed27_P_O0_resume_step400,27,P_O0_resume,400,hard,46,3002710046,1.5575110241770744,0.375,1.1321267262101173,0.375,1.0460116118192673,0.75,1.1973380520939827,0.375,0.1862158179283142,28,0.00027342356042936444,0.24875380098819733,28,1.1920928955078125e-07
seed27_P_O0_resume_step400,27,P_O0_resume,400,hard,47,3002710047,1.7693955302238464,0.25,1.4953801184892654,0.375,1.5197117030620575,0.25,1.4607940167188644,0.125,0.1077486127614975,28,0.0010451057460159063,0.09522895514965057,28,1.1920928955078125e-07
seed27_P_O0_resume_step400,27,P_O0_resume,400,hard,48,3002710048,1.5869007110595703,0.375,1.6808172315359116,0.0,1.5817933529615402,0.0,1.442696362733841,0.0,0.03827967122197151,28,0.0007519956561736763,0.04455721005797386,28,1.1920928955078125e-07
seed27_P_O0_resume_step400,27,P_O0_resume,400,hard,49,3002710049,1.45435032248497,0.5,1.2589597925543785,0.5,1.4820581078529358,0.125,1.4474070966243744,0.125,0.37896403670310974,28,0.0004732523811981082,0.4176054894924164,28,1.1920928955078125e-07
seed27_P_O0_resume_step400,27,P_O0_resume,400,hard,50,3002710050,1.1512789651751518,0.25,0.8757297396659851,0.875,1.2200018167495728,0.25,1.234905630350113,0.25,0.31011444330215454,28,0.0001319114671787247,0.5377294421195984,28,0.0
seed27_P_O0_resume_step400,27,P_O0_resume,400,hard,51,3002710051,0.9874550178647041,0.5,0.9668741673231125,0.5,1.1134764701128006,0.5,1.1200045198202133,0.5,0.03625800833106041,28,0.0012380927801132202,0.04079563543200493,28,1.1920928955078125e-07
seed27_P_O0_resume_step400,27,P_O0_resume,400,hard,52,3002710052,1.8649744242429733,0.0,1.3637702018022537,0.375,1.606029286980629,0.0,1.4663228690624237,0.0,0.06405302882194519,28,0.0007142616668716073,0.061866361647844315,28,0.0
seed27_P_O0_resume_step400,27,P_O0_resume,400,hard,53,3002710053,1.4129748493432999,0.0,0.9937570318579674,0.625,1.3341767638921738,0.0,1.353979080915451,0.0,0.3089209198951721,28,7.402258779620752e-05,0.3580775856971741,28,-2.384185791015625e-07
seed27_P_O0_resume_step400,27,P_O0_resume,400,hard,54,3002710054,1.4623721987009048,0.25,1.4373044297099113,0.25,1.4060188978910446,0.25,1.4206022918224335,0.25,0.05703161656856537,28,0.005858913529664278,0.03906171768903732,28,-1.1920928955078125e-07
seed27_P_O0_resume_step400,27,P_O0_resume,400,hard,55,3002710055,0.9954121187329292,0.875,0.9025441631674767,1.0,1.0769821777939796,0.875,1.0584771782159805,0.875,0.5797338485717773,28,0.003463947447016835,0.5818236470222473,28,5.960464477539063e-08
seed27_P_O0_resume_step400,27,P_O0_resume,400,hard,56,3002710056,1.0904009491205215,0.5,1.09050253033638,0.5,1.118926279246807,0.5,1.1304413080215454,0.5,0.013071460649371147,28,0.0008145762840285897,0.010069428011775017,28,0.0
seed27_P_O0_resume_step400,27,P_O0_resume,400,hard,57,3002710057,1.6143935769796371,0.125,1.4472982361912727,0.25,1.526042878627777,0.0,1.4949379712343216,0.0,0.12497548758983612,28,0.0007060404750518501,0.13374198973178864,28,0.0
seed27_P_O0_resume_step400,27,P_O0_resume,400,hard,58,3002710058,1.0233927890658379,0.375,0.8386918902397156,1.0,0.85377287119627,0.875,1.0283747538924217,0.875,0.062265023589134216,28,0.00044296044507063925,0.07678113877773285,28,-1.1920928955078125e-07
seed27_P_O0_resume_step400,27,P_O0_resume,400,hard,59,3002710059,1.3891916275024414,0.0,1.2007753998041153,0.375,1.4081019461154938,0.375,1.4053464829921722,0.375,0.07748200744390488,28,0.0018338647205382586,0.12192961573600769,28,5.960464477539063e-08
seed27_P_O0_resume_step400,27,P_O0_resume,400,hard,60,3002710060,1.3330778628587723,0.25,1.0864886343479156,0.625,1.420890897512436,0.125,1.443946748971939,0.125,0.6092970371246338,28,0.0006609836127609015,0.7123829126358032,28,0.0
seed27_P_O0_resume_step400,27,P_O0_resume,400,hard,61,3002710061,1.3961238861083984,0.0,1.4678358733654022,0.375,1.4574699401855469,0.0,1.404938131570816,0.0,0.32189685106277466,28,0.0006715442868880928,0.2487880140542984,28,1.1920928955078125e-07
seed27_P_O0_resume_step400,27,P_O0_resume,400,hard,62,3002710062,1.7223416417837143,0.0,1.9740505814552307,0.0,1.6292003989219666,0.0,1.7577791661024094,0.0,0.21435493230819702,28,0.0025456505827605724,0.09139435738325119,28,1.1920928955078125e-07
seed27_P_O0_resume_step400,27,P_O0_resume,400,hard,63,3002710063,1.3660474717617035,0.125,0.39695906080305576,1.0,0.960315652191639,0.75,0.9643663913011551,0.75,0.2298527956008911,28,0.00861554965376854,0.44137364625930786,28,1.1920928955078125e-07
seed27_P_O0_resume_step400,27,P_O0_resume,400,hard,64,3002710064,1.5746028274297714,0.375,1.2081624194979668,0.5,1.1839165166020393,0.5,1.2592517957091331,0.375,0.10455957800149918,28,0.0006673911120742559,0.12606465816497803,28,1.788139485370266e-07
seed27_P_O0_resume_step400,27,P_O0_resume,400,hard,65,3002710065,1.3526614308357239,0.125,1.0658035054802895,0.625,1.0762645229697227,0.5,1.254256933927536,0.375,0.16643404960632324,28,0.0020526074804365635,0.26345932483673096,28,0.0
seed27_P_O0_resume_step400,27,P_O0_resume,400,hard,66,3002710066,1.2141967862844467,0.5,1.2943985387682915,0.375,1.3658255636692047,0.0,1.3399421870708466,0.25,0.2717741131782532,28,0.0009365316363982856,0.25704777240753174,28,2.384185791015625e-07
seed27_P_O0_resume_step400,27,P_O0_resume,400,hard,67,3002710067,0.7962036281824112,0.625,1.6039657071232796,0.375,1.2473532781004906,0.5,1.3555895760655403,0.5,0.5029968023300171,28,0.024929555132985115,0.649139404296875,28,5.960464477539063e-08
seed27_P_O0_resume_step400,27,P_O0_resume,400,hard,68,3002710068,0.8667733818292618,0.875,1.0839133709669113,0.625,1.1447186768054962,0.875,1.1202659532427788,0.875,0.2507370710372925,28,0.0007548460271209478,0.27540403604507446,28,5.960464477539063e-08
seed27_P_O0_resume_step400,27,P_O0_resume,400,hard,69,3002710069,0.8058763928711414,0.75,0.6921710483729839,0.875,1.4866944700479507,0.25,1.3322879001498222,0.25,0.24124689400196075,28,0.0061995177529752254,0.35942646861076355,28,1.1920928955078125e-07
seed27_P_O0_resume_step400,27,P_O0_resume,400,hard,70,3002710070,1.0080769136548042,0.625,0.9418004229664803,0.75,1.2608294039964676,0.0,1.1279140412807465,0.625,0.7925385236740112,28,0.009121629409492016,0.8112167119979858,28,0.0
seed27_P_O0_resume_step400,27,P_O0_resume,400,hard,71,3002710071,1.8461709916591644,0.0,1.8274951130151749,0.0,1.672886461019516,0.0,1.5908992290496826,0.0,0.030607188120484352,28,0.001918143592774868,0.022597314789891243,28,0.0
seed27_P_O0_resume_step400,27,P_O0_resume,400,hard,72,3002710072,1.0556403622031212,0.625,1.1382163166999817,0.625,1.4290501475334167,0.5,1.3898307383060455,0.5,0.1085907444357872,28,5.490013791131787e-05,0.1406322568655014,28,0.0
seed27_P_O0_resume_step400,27,P_O0_resume,400,hard,73,3002710073,1.1649716943502426,0.625,1.0784741267561913,0.625,1.2361362725496292,0.625,1.4245712906122208,0.125,0.8113287687301636,28,0.0006235497421585023,0.9915242195129395,28,-1.1920928955078125e-07
seed27_P_O0_resume_step400,27,P_O0_resume,400,hard,74,3002710074,1.3277060091495514,0.5,1.3363121896982193,0.5,1.2365929782390594,0.75,1.2007214277982712,0.625,0.5254180431365967,28,0.003735817037522793,0.5023657083511353,28,-1.1920928955078125e-07
seed27_P_O0_resume_step400,27,P_O0_resume,400,hard,75,3002710075,0.7335724756121635,1.0,0.7722006291151047,1.0,1.180856317281723,0.625,1.2007414400577545,0.625,0.8190805315971375,28,0.00021287373965606093,0.8391194939613342,28,5.960464477539063e-08
seed27_P_O0_resume_step400,27,P_O0_resume,400,hard,76,3002710076,1.3922001123428345,0.0,1.2223372608423233,0.375,1.3899348974227905,0.0,1.3750014752149582,0.5,0.6855312585830688,28,4.223415089654736e-05,0.7043003439903259,28,1.788139485370266e-07
seed27_P_O0_resume_step400,27,P_O0_resume,400,hard,77,3002710077,1.1789627522230148,0.25,1.2328576296567917,0.5,1.2904863208532333,0.125,1.275094211101532,0.125,0.7475313544273376,28,0.0012257759226486087,0.6191202402114868,28,0.0
seed27_P_O0_resume_step400,27,P_O0_resume,400,hard,78,3002710078,0.7959833443164825,0.875,0.8971298784017563,0.625,1.0828513652086258,0.625,1.117955356836319,0.625,0.8171098828315735,28,0.0008423967519775033,0.5289232730865479,28,0.0
seed27_P_O0_resume_step400,27,P_O0_resume,400,hard,79,3002710079,2.063717857003212,0.0,2.5245511531829834,0.0,1.2148018330335617,0.5,1.2205263525247574,0.5,0.14262238144874573,28,0.002812632592394948,0.13241413235664368,28,-1.1920928955078125e-07
seed27_P_O0_resume_step400,27,P_O0_resume,400,hard,80,3002710080,1.1239389516413212,0.5,1.067601591348648,0.5,1.1500292271375656,0.5,1.1129072234034538,0.5,0.09053759276866913,28,0.0002655067655723542,0.05363931134343147,28,0.0
seed27_P_O0_resume_step400,27,P_O0_resume,400,hard,81,3002710081,1.2416010946035385,0.5,1.3200028836727142,0.0,1.199873298406601,0.5,1.2941611409187317,0.125,0.10161142796278,28,0.0030089106876403093,0.05754344165325165,28,0.0
seed27_P_O0_resume_step400,27,P_O0_resume,400,hard,82,3002710082,1.5283305943012238,0.25,1.5214991718530655,0.125,1.6577662080526352,0.0,1.5708815157413483,0.25,0.21935755014419556,28,0.0007600741810165346,0.2876769006252289,28,0.0
seed27_P_O0_resume_step400,27,P_O0_resume,400,hard,83,3002710083,1.2608230039477348,0.375,1.3902912214398384,0.125,1.2788129597902298,0.125,1.2751467823982239,0.125,0.08000840991735458,28,0.0022084906231611967,0.052229929715394974,28,0.0
seed27_P_O0_resume_step400,27,P_O0_resume,400,hard,84,3002710084,1.4697835594415665,0.0,1.5212452560663223,0.0,1.4746085852384567,0.0,1.4643183499574661,0.0,0.5004908442497253,28,0.0022606425918638706,0.11872846633195877,28,0.0
seed27_P_O0_resume_step400,27,P_O0_resume,400,hard,85,3002710085,0.7294932156801224,0.875,0.6750794388353825,0.75,1.7060899883508682,0.0,1.6030484437942505,0.125,0.4248444139957428,28,0.006592980585992336,0.5053941011428833,28,0.0
seed27_P_O0_resume_step400,27,P_O0_resume,400,hard,86,3002710086,0.9716032296419144,0.875,1.008054032921791,1.0,1.3564691469073296,0.625,1.3720902651548386,0.625,0.7494831681251526,28,3.4519605833338574e-05,0.6787421107292175,28,1.1920928955078125e-07
seed27_P_O0_resume_step400,27,P_O0_resume,400,hard,87,3002710087,1.1692308485507965,0.25,1.4661402851343155,0.125,1.346232146024704,0.125,1.2747277915477753,0.25,0.870938777923584,28,0.0035438837949186563,0.7849448323249817,28,0.0
seed27_P_O0_resume_step400,27,P_O0_resume,400,hard,88,3002710088,0.814183235168457,0.75,0.8591524064540863,0.625,1.0500380843877792,0.625,1.054589070379734,0.625,0.1985403150320053,28,2.6507037546252832e-05,0.17647519707679749,28,1.1920928955078125e-07
seed27_P_O0_resume_step400,27,P_O0_resume,400,hard,89,3002710089,1.6906424909830093,0.125,1.0229533091187477,0.75,1.1527950167655945,0.75,1.243046149611473,0.625,0.08095966279506683,28,0.00013952596054878086,0.12109465152025223,28,0.0
seed27_P_O0_resume_step400,27,P_O0_resume,400,hard,90,3002710090,1.0329186767339706,0.75,0.9699842855334282,0.75,1.1654903590679169,0.625,1.1943158060312271,0.625,0.06749963015317917,28,4.7036581236170605e-05,0.07520367950201035,28,0.0
seed27_P_O0_resume_step400,27,P_O0_resume,400,hard,91,3002710091,1.7317562252283096,0.0,1.329248458147049,0.25,1.2849950939416885,0.25,1.4355451613664627,0.25,0.212911456823349,28,0.0016788585344329476,0.3628007769584656,28,1.1920928955078125e-07
seed27_P_O0_resume_step400,27,P_O0_resume,400,hard,92,3002710092,0.6951298676431179,0.625,0.6347661167383194,1.0,1.0395631194114685,0.625,0.9582239836454391,0.75,0.21301083266735077,28,0.0025911012198776007,0.18705132603645325,28,-1.1920928955078125e-07
seed27_P_O0_resume_step400,27,P_O0_resume,400,hard,93,3002710093,1.650673732161522,0.0,1.8047820031642914,0.0,1.57041497528553,0.0,1.558543935418129,0.0,0.0926351398229599,28,0.003053528955206275,0.10072334110736847,28,-1.1920928955078125e-07
seed27_P_O0_resume_step400,27,P_O0_resume,400,hard,94,3002710094,0.9741221442818642,0.875,0.9783102348446846,0.5,1.0537952929735184,0.75,1.0260770246386528,0.5,0.3555782437324524,28,0.015426021069288254,0.26416459679603577,28,5.960464477539063e-08
seed27_P_O0_resume_step400,27,P_O0_resume,400,hard,95,3002710095,1.027722641825676,0.5,1.1433781906962395,0.5,1.0959268286824226,0.5,1.1395018100738525,0.5,0.02200382761657238,28,0.0010287591721862555,0.02101193554699421,28,0.0
seed27_P_O0_resume_step400,27,P_O0_resume,400,hard,96,3002710096,0.7779853194952011,1.0,1.5163515880703926,0.375,1.6619030311703682,0.375,1.579136773943901,0.375,0.085203155875206,28,0.0005252531846053898,0.1488620638847351,28,0.0
seed27_P_O0_resume_step400,27,P_O0_resume,400,hard,97,3002710097,1.037523202598095,0.75,1.0701062679290771,0.875,1.0835417956113815,0.75,1.2057275772094727,0.625,0.4300244450569153,28,0.0007706285105086863,0.29625192284584045,28,0.0
seed27_P_O0_resume_step400,27,P_O0_resume,400,hard,98,3002710098,1.408290073275566,0.125,1.2488239631056786,0.5,1.5176862925291061,0.375,1.4168008863925934,0.375,0.587352454662323,28,0.0001326054334640503,0.6596836447715759,28,-1.1920928955078125e-07
seed27_P_O0_resume_step400,27,P_O0_resume,400,hard,99,3002710099,1.2851998135447502,0.375,1.3559273779392242,0.0,1.263116106390953,0.5,1.3178273290395737,0.125,0.20096664130687714,28,0.006105201784521341,0.22727862000465393,28,0.0
seed27_P_C2_warm_step400,27,P_C2_warm,400,easy,0,3002700000,0.3119167583063245,0.875,0.07493688771501184,1.0,3.3746772706508636,0.0,2.035739928483963,0.0,0.3591415584087372,28,0.07975473254919052,0.6750600337982178,28,1.1920928955078125e-07
seed27_P_C2_warm_step400,27,P_C2_warm,400,easy,1,3002700001,0.11038007261231542,1.0,0.4085778668522835,1.0,4.4191092401742935,0.0,3.2282043248414993,0.0,0.46322885155677795,28,0.044727690517902374,0.694227397441864,28,0.0
seed27_P_C2_warm_step400,27,P_C2_warm,400,easy,2,3002700002,0.5858153968583792,0.75,0.0580525987315923,1.0,3.047086523845792,0.375,1.853726726025343,0.375,0.9704476594924927,28,0.04386346414685249,0.9651488065719604,28,1.1920928955078125e-07
seed27_P_C2_warm_step400,27,P_C2_warm,400,easy,3,3002700003,0.10904377279803157,1.0,0.09385554352775216,1.0,1.9562111645936966,0.0,2.336791530251503,0.0,0.4988613426685333,28,0.19285032153129578,0.8585957288742065,28,-1.1920928955078125e-07
seed27_P_C2_warm_step400,27,P_C2_warm,400,easy,4,3002700004,0.5403641080483794,0.75,1.835980653646402,0.375,6.616484344005585,0.0,3.7254368662834167,0.0,0.9927006363868713,28,0.06545785814523697,0.9975202083587646,28,0.0
seed27_P_C2_warm_step400,27,P_C2_warm,400,easy,5,3002700005,0.9213946163654327,0.5,0.38942235708236694,0.75,4.238162249326706,0.125,2.3211305141448975,0.0,0.9064109921455383,28,0.10577318072319031,0.9857288002967834,28,5.960464477539063e-08
seed27_P_C2_warm_step400,27,P_C2_warm,400,easy,6,3002700006,0.9908280242234468,0.375,0.1458900412544608,1.0,3.6936377584934235,0.0,1.8148681670427322,0.0,0.4671405255794525,28,0.09446864575147629,0.8107009530067444,28,5.960464477539063e-08
seed27_P_C2_warm_step400,27,P_C2_warm,400,easy,7,3002700007,0.025210816878825426,1.0,0.03956748603377491,1.0,0.6962903048843145,0.75,2.9332935735583305,0.125,0.6592274904251099,28,0.19300168752670288,0.8729715347290039,28,-1.1920928955078125e-07
seed27_P_C2_warm_step400,27,P_C2_warm,400,easy,8,3002700008,0.06553829065524042,1.0,0.2347042253240943,1.0,7.274406760931015,0.0,5.806199699640274,0.0,0.14727255702018738,28,0.0654962956905365,0.23496156930923462,28,0.0
seed27_P_C2_warm_step400,27,P_C2_warm,400,easy,9,3002700009,0.3253424819558859,1.0,0.38293588161468506,1.0,5.108779817819595,0.0,2.7255527675151825,0.0,0.39846670627593994,28,0.019785670563578606,0.4856109023094177,28,5.960464477539063e-08
seed27_P_C2_warm_step400,27,P_C2_warm,400,easy,10,3002700010,0.48774224147200584,0.75,0.34826615219935775,0.875,2.2868971303105354,0.0,2.07469130307436,0.0,0.7225558757781982,28,0.050702325999736786,0.5845044255256653,28,0.0
seed27_P_C2_warm_step400,27,P_C2_warm,400,easy,11,3002700011,0.5917873792932369,0.75,0.11912838090211153,1.0,2.9783407375216484,0.375,1.0243830550462008,0.625,0.20538850128650665,28,0.044030673801898956,0.371571809053421,28,5.960464477539063e-08
seed27_P_C2_warm_step400,27,P_C2_warm,400,easy,12,3002700012,0.39322018646635115,0.875,0.36364411376416683,0.875,5.747917264699936,0.0,1.7810948342084885,0.125,0.36054837703704834,28,0.17033275961875916,0.7369213700294495,28,-1.1920928955078125e-07
seed27_P_C2_warm_step400,27,P_C2_warm,400,easy,13,3002700013,0.06169870705343783,1.0,0.1293801087886095,1.0,3.4139360934495926,0.25,2.216264620423317,0.375,0.26295745372772217,28,0.08911265432834625,0.486469030380249,28,-1.1920928955078125e-07
seed27_P_C2_warm_step400,27,P_C2_warm,400,easy,14,3002700014,0.24714408721774817,1.0,0.27359093399718404,1.0,3.380762241780758,0.125,2.195523679256439,0.0,0.8912470936775208,28,0.074765145778656,0.8760477304458618,28,0.0
seed27_P_C2_warm_step400,27,P_C2_warm,400,easy,15,3002700015,0.0629024407826364,1.0,0.26664408296346664,1.0,1.1698343977332115,0.125,1.7514843791723251,0.0,0.6576917767524719,28,0.18365956842899323,0.9396476745605469,28,0.0
seed27_P_C2_warm_step400,27,P_C2_warm,400,easy,16,3002700016,0.05305756279267371,1.0,0.3353078245418146,1.0,1.1119177341461182,0.5,1.0209757089614868,0.25,0.9075327515602112,28,0.005980983842164278,0.6444151997566223,28,5.960464477539063e-08
seed27_P_C2_warm_step400,27,P_C2_warm,400,easy,17,3002700017,0.5409491555765271,0.75,0.5947016186546534,0.625,2.7650314569473267,0.0,1.6756006255745888,0.25,0.7446202039718628,28,0.00794993620365858,0.9742105007171631,28,5.960464477539063e-08
seed27_P_C2_warm_step400,27,P_C2_warm,400,easy,18,3002700018,0.6090587396174669,0.625,0.5177454033400863,0.625,3.9901452362537384,0.125,2.124181032180786,0.0,0.710112988948822,28,0.06378817558288574,0.9826874732971191,28,0.0
seed27_P_C2_warm_step400,27,P_C2_warm,400,easy,19,3002700019,0.050104214111343026,1.0,0.022905097575858235,1.0,0.8068011105060577,0.75,1.5013200379908085,0.75,0.5662704706192017,28,0.10874518752098083,0.6807881593704224,28,5.960464477539063e-08
seed27_P_C2_warm_step400,27,P_C2_warm,400,easy,20,3002700020,0.052811495028436184,1.0,0.4430458266288042,0.5,1.3937387987971306,0.25,2.748478040099144,0.0,0.7395333647727966,28,0.19416531920433044,0.8885433077812195,28,1.1920928955078125e-07
seed27_P_C2_warm_step400,27,P_C2_warm,400,easy,21,3002700021,0.019554392201825976,1.0,0.2559812591644004,1.0,1.017246425151825,0.5,1.2044277377426624,0.375,0.7876664996147156,28,0.024618973955512047,0.5565697550773621,28,0.0
seed27_P_C2_warm_step400,27,P_C2_warm,400,easy,22,3002700022,1.4514982495456934,0.375,1.253190005198121,0.375,2.579377204179764,0.0,1.6702837720513344,0.125,0.6694056987762451,28,0.024931317195296288,0.8585028648376465,28,-1.1920928955078125e-07
seed27_P_C2_warm_step400,27,P_C2_warm,400,easy,23,3002700023,0.08414002554491162,1.0,0.12360802968032658,1.0,1.2413533180952072,0.625,2.5861567556858063,0.0,0.6952652335166931,28,0.015143456868827343,0.5760488510131836,28,5.960464477539063e-08
seed27_P_C2_warm_step400,27,P_C2_warm,400,easy,24,3002700024,0.06107177771627903,1.0,0.1424185330979526,1.0,2.479471780359745,0.125,2.2296315878629684,0.0,0.3161698579788208,28,0.02944839745759964,0.40646126866340637,28,-1.1920928955078125e-07
seed27_P_C2_warm_step400,27,P_C2_warm,400,easy,25,3002700025,0.10008077253587544,1.0,0.23123516933992505,1.0,3.715155001729727,0.5,3.5433410108089447,0.0,0.9655145406723022,28,0.14235758781433105,0.9605507850646973,28,0.0
seed27_P_C2_warm_step400,27,P_C2_warm,400,easy,26,3002700026,1.4971343041397631,0.375,1.5792583501897752,0.25,5.108992923051119,0.25,2.414460986852646,0.25,0.8075048923492432,28,0.06406550854444504,0.772214949131012,28,5.960464477539063e-08
seed27_P_C2_warm_step400,27,P_C2_warm,400,easy,27,3002700027,0.26442179596051574,1.0,0.11398045811802149,1.0,7.508734911680222,0.0,2.3608922213315964,0.125,0.2479974329471588,28,0.04789890721440315,0.6403717398643494,28,0.0
seed27_P_C2_warm_step400,27,P_C2_warm,400,easy,28,3002700028,0.29246772080659866,1.0,0.025236357003450394,1.0,1.2469862177968025,0.125,2.0219110399484634,0.125,0.12396411597728729,28,0.026905830949544907,0.03557407483458519,28,0.0
seed27_P_C2_warm_step400,27,P_C2_warm,400,easy,29,3002700029,0.9067469136789441,0.625,0.44941066205501556,0.875,5.851960986852646,0.0,2.8355371952056885,0.0,0.5822972655296326,28,0.012302156537771225,0.7116870284080505,28,0.0
seed27_P_C2_warm_step400,27,P_C2_warm,400,easy,30,3002700030,0.5208296040073037,0.75,0.7953435694798827,0.375,3.681383676826954,0.25,2.5155573785305023,0.125,0.4079912006855011,28,0.010425729677081108,0.4810273051261902,28,0.0
seed27_P_C2_warm_step400,27,P_C2_warm,400,easy,31,3002700031,0.6781074511818588,0.5,0.17557969666086137,1.0,4.973184436559677,0.375,2.3999700993299484,0.25,0.9428544640541077,28,0.13050948083400726,0.8951618075370789,28,1.1920928955078125e-07
seed27_P_C2_warm_step400,27,P_C2_warm,400,easy,32,3002700032,0.6101047685369849,0.75,0.26629624608904123,1.0,3.2306720316410065,0.0,2.3024229928851128,0.25,0.31363409757614136,28,0.016300391405820847,0.863666832447052,28,0.0
seed27_P_C2_warm_step400,27,P_C2_warm,400,easy,33,3002700033,0.1575378831475973,1.0,0.2916096686385572,1.0,7.607440114021301,0.0,4.68751285970211,0.0,0.15217438340187073,28,0.1016005128622055,0.3468535542488098,28,1.1920928955078125e-07
seed27_P_C2_warm_step400,27,P_C2_warm,400,easy,34,3002700034,0.1530954863410443,1.0,0.17390167759731412,1.0,2.859179250895977,0.375,1.7558846920728683,0.25,0.9177839756011963,28,0.06736651062965393,0.9307307004928589,28,0.0
seed27_P_C2_warm_step400,27,P_C2_warm,400,easy,35,3002700035,0.018969173659570515,1.0,0.16458056238479912,1.0,1.0602473020553589,0.375,1.9024795070290565,0.25,0.5353928208351135,28,0.20546844601631165,0.6926047801971436,28,-1.1920928955078125e-07
seed27_P_C2_warm_step400,27,P_C2_warm,400,easy,36,3002700036,0.07745010266080499,1.0,0.11701761372387409,1.0,1.5573642328381538,0.25,2.565871089696884,0.0,0.8191182613372803,28,0.14120253920555115,0.8293224573135376,28,0.0
seed27_P_C2_warm_step400,27,P_C2_warm,400,easy,37,3002700037,0.1313010836020112,1.0,0.04169421037659049,1.0,1.9083289951086044,0.25,3.657482385635376,0.0,0.7318153977394104,28,0.20880499482154846,0.8583394885063171,28,0.0
seed27_P_C2_warm_step400,27,P_C2_warm,400,easy,38,3002700038,0.11100515816360712,1.0,0.0971684604883194,1.0,2.839447543025017,0.0,4.160113304853439,0.0,0.3987978398799896,28,0.032981567084789276,0.3898710608482361,28,0.0
seed27_P_C2_warm_step400,27,P_C2_warm,400,easy,39,3002700039,0.10373635217547417,1.0,0.09711151430383325,1.0,1.9715179949998856,0.125,3.7977153286337852,0.125,0.33733266592025757,28,0.06915569305419922,0.37443721294403076,28,-1.1920928955078125e-07
seed27_P_C2_warm_step400,27,P_C2_warm,400,easy,40,3002700040,0.07258106686640531,1.0,1.3183112703845836,0.375,1.0736517701297998,0.5,0.8955370746552944,0.625,0.6542978286743164,28,0.001922490424476564,0.6016652584075928,28,5.960464477539063e-08
seed27_P_C2_warm_step400,27,P_C2_warm,400,easy,41,3002700041,0.03257787344045937,1.0,0.23946348001481965,0.875,1.713168740272522,0.25,2.973607286810875,0.0,0.6568576693534851,28,0.1604578197002411,0.8907434344291687,28,1.1920928955078125e-07
seed27_P_C2_warm_step400,27,P_C2_warm,400,easy,42,3002700042,0.6684520235285163,0.5,0.2717076721601188,0.875,4.569080621004105,0.25,2.9722463339567184,0.0,0.965958833694458,28,0.06581085920333862,0.9626331925392151,28,0.0
seed27_P_C2_warm_step400,27,P_C2_warm,400,easy,43,3002700043,0.33527949592098594,0.875,0.4870811905711889,0.75,3.085976220667362,0.125,1.3896971754729748,0.25,0.22003671526908875,28,0.10253269970417023,0.5811259746551514,28,0.0
seed27_P_C2_warm_step400,27,P_C2_warm,400,easy,44,3002700044,0.24777133530005813,1.0,1.0937222838401794,0.5,4.593223303556442,0.0,3.232364386320114,0.0,0.4964139759540558,28,0.071110300719738,0.7256313562393188,28,0.0
seed27_P_C2_warm_step400,27,P_C2_warm,400,easy,45,3002700045,0.6342047238722444,0.5,0.20919379126280546,1.0,3.0079430285841227,0.5,1.963043361902237,0.125,0.847420334815979,28,0.0019194548949599266,0.6181789636611938,28,0.0
seed27_P_C2_warm_step400,27,P_C2_warm,400,easy,46,3002700046,0.047677112044766545,1.0,0.13680540397763252,1.0,1.3714291900396347,0.375,1.8356979936361313,0.0,0.6690228581428528,28,0.01585148274898529,0.45533379912376404,28,-1.1920928955078125e-07
seed27_P_C2_warm_step400,27,P_C2_warm,400,easy,47,3002700047,0.33936790097504854,0.875,0.2511883284896612,1.0,4.0486800372600555,0.0,2.8703499734401703,0.0,0.15837424993515015,28,0.03500455245375633,0.2823721766471863,28,-1.1920928955078125e-07
seed27_P_C2_warm_step400,27,P_C2_warm,400,easy,48,3002700048,0.22688817232847214,1.0,0.12584428628906608,1.0,5.166283950209618,0.0,4.315902650356293,0.0,0.8914554119110107,28,0.1470859795808792,0.9216501116752625,28,0.0
seed27_P_C2_warm_step400,27,P_C2_warm,400,easy,49,3002700049,0.07414915459230542,1.0,0.34530065348371863,0.875,2.1324638202786446,0.125,3.936758279800415,0.0,0.5577294230461121,28,0.17333488166332245,0.8244016766548157,28,-1.1920928955078125e-07
seed27_P_C2_warm_step400,27,P_C2_warm,400,easy,50,3002700050,0.1876196525990963,1.0,0.38735195994377136,0.75,4.339396141469479,0.125,3.687675066292286,0.0,0.4591197967529297,28,0.0015653989976271987,0.5812423229217529,28,5.960464477539063e-08
seed27_P_C2_warm_step400,27,P_C2_warm,400,easy,51,3002700051,0.41628439468331635,0.625,0.09872555546462536,1.0,1.4477457227185369,0.125,1.188447754830122,0.25,0.5889794230461121,28,0.23032283782958984,0.9219723343849182,28,1.1920928955078125e-07
seed27_P_C2_warm_step400,27,P_C2_warm,400,easy,52,3002700052,0.04644627281231806,1.0,0.11470886645838618,1.0,4.271726094186306,0.125,4.5757357478141785,0.0,0.6282162666320801,28,0.010557117871940136,0.7228842377662659,28,5.960464477539063e-08
seed27_P_C2_warm_step400,27,P_C2_warm,400,easy,53,3002700053,0.14400752587243915,1.0,0.045215180376544595,1.0,4.077017791569233,0.125,4.530883625149727,0.125,0.6653473973274231,28,0.11700256913900375,0.6593233346939087,28,5.960464477539063e-08
seed27_P_C2_warm_step400,27,P_C2_warm,400,easy,54,3002700054,0.3648769841529429,0.875,0.8823209050460719,0.375,5.203800829127431,0.375,2.836913324892521,0.375,0.9293009042739868,28,0.03426848724484444,0.9382920265197754,28,1.1920928955078125e-07
seed27_P_C2_warm_step400,27,P_C2_warm,400,easy,55,3002700055,0.021676135947927833,1.0,0.08089494053274393,1.0,1.8697707504034042,0.0,2.621335491538048,0.0,0.7842637300491333,28,0.030647996813058853,0.8855486512184143,28,0.0
seed27_P_C2_warm_step400,27,P_C2_warm,400,easy,56,3002700056,0.2707855876069516,1.0,1.3555934253381565,0.125,8.198232114315033,0.125,6.24413338303566,0.0,0.45274436473846436,28,0.05104299262166023,0.47902750968933105,28,0.0
seed27_P_C2_warm_step400,27,P_C2_warm,400,easy,57,3002700057,0.14906083000823855,1.0,0.06100800959393382,1.0,2.518420487642288,0.25,2.6532682478427887,0.25,0.8554252982139587,28,0.09866512566804886,0.9592022895812988,28,1.1920928955078125e-07
seed27_P_C2_warm_step400,27,P_C2_warm,400,easy,58,3002700058,0.16008499590680003,1.0,0.282188955694437,1.0,1.6011892929673195,0.25,1.3791150450706482,0.0,0.6886308193206787,28,0.06194457411766052,0.5241782069206238,28,1.1920928955078125e-07
seed27_P_C2_warm_step400,27,P_C2_warm,400,easy,59,3002700059,0.08227520395303145,1.0,0.11083056725328788,1.0,4.472646895796061,0.5,3.9094814602285624,0.5,0.8778768181800842,28,0.07158807665109634,0.9018846154212952,28,5.960464477539063e-08
seed27_P_C2_warm_step400,27,P_C2_warm,400,easy,60,3002700060,0.5568699022987857,0.625,1.0179103203117847,0.375,4.705499827861786,0.125,1.4419842809438705,0.125,0.18162189424037933,28,0.07666762918233871,0.2858354151248932,28,0.0
seed27_P_C2_warm_step400,27,P_C2_warm,400,easy,61,3002700061,0.07820913218893111,1.0,0.2744623851031065,1.0,2.6103649623692036,0.5,1.7107629850506783,0.5,0.37420302629470825,28,0.19916848838329315,0.6163652539253235,28,5.960464477539063e-08
seed27_P_C2_warm_step400,27,P_C2_warm,400,easy,62,3002700062,0.03430137678515166,1.0,0.11576327891089022,1.0,1.8316264692693949,0.375,2.5422662049531937,0.25,0.6884728670120239,28,0.08302690833806992,0.7619066834449768,28,-1.1920928955078125e-07
seed27_P_C2_warm_step400,27,P_C2_warm,400,easy,63,3002700063,0.08965186285786331,1.0,0.09457726264372468,1.0,4.333891332149506,0.0,4.0089596807956696,0.0,0.6374468207359314,28,0.008037785068154335,0.6039502024650574,28,5.960464477539063e-08
seed27_P_C2_warm_step400,27,P_C2_warm,400,easy,64,3002700064,0.15601133066229522,1.0,0.059714908828027546,1.0,4.695875406265259,0.0,2.9256113916635513,0.125,0.4715307950973511,28,0.011328804306685925,0.604327380657196,28,0.0
seed27_P_C2_warm_step400,27,P_C2_warm,400,easy,65,3002700065,0.12220715917646885,1.0,0.35319125559180975,0.75,1.1446359232068062,0.5,1.4710968732833862,0.25,0.7004798054695129,28,0.01999678462743759,0.48655229806900024,28,0.0
seed27_P_C2_warm_step400,27,P_C2_warm,400,easy,66,3002700066,0.5629118382930756,0.875,0.691549388691783,0.625,4.3285376615822315,0.25,2.6611180528998375,0.125,1.016469955444336,28,0.06730636954307556,1.0058382749557495,28,0.0
seed27_P_C2_warm_step400,27,P_C2_warm,400,easy,67,3002700067,0.040002418449148536,1.0,0.24579517054371536,1.0,1.3131583109498024,0.5,1.4909939765930176,0.25,0.846989095211029,28,0.03137681260704994,0.6209125518798828,28,1.1920928955078125e-07
seed27_P_C2_warm_step400,27,P_C2_warm,400,easy,68,3002700068,0.738769558724016,0.625,0.1353234809357673,1.0,3.1102881729602814,0.125,2.8541570901870728,0.125,1.0425788164138794,28,0.031135588884353638,1.0309876203536987,28,0.0
seed27_P_C2_warm_step400,27,P_C2_warm,400,easy,69,3002700069,0.10538914694916457,1.0,0.06785951065830886,1.0,1.716683216392994,0.25,2.3540153056383133,0.125,0.6405893564224243,28,0.1449025720357895,0.8873475193977356,28,0.0
seed27_P_C2_warm_step400,27,P_C2_warm,400,easy,70,3002700070,0.12118262494914234,1.0,0.07091675163246691,1.0,1.8050213726237416,0.25,4.643991611897945,0.25,0.6806443333625793,28,0.06771090626716614,0.7089012861251831,28,-1.1920928955078125e-07
seed27_P_C2_warm_step400,27,P_C2_warm,400,easy,71,3002700071,0.017736647510901093,1.0,0.24213505489751697,1.0,0.943240337073803,0.5,2.6454342752695084,0.0,0.6606347560882568,28,0.18234795331954956,0.8502432703971863,28,0.0
seed27_P_C2_warm_step400,27,P_C2_warm,400,easy,72,3002700072,0.29966420866549015,0.875,0.09025801077950746,1.0,2.794687405228615,0.0,1.5272322446107864,0.375,0.14866819977760315,28,0.1137310042977333,0.29524490237236023,28,5.960464477539063e-08
seed27_P_C2_warm_step400,27,P_C2_warm,400,easy,73,3002700073,0.25517712789587677,0.75,0.392900669015944,0.625,2.578745201230049,0.5,1.7468425258994102,0.5,0.521634578704834,28,0.17964425683021545,0.8731251358985901,28,-1.1920928955078125e-07
seed27_P_C2_warm_step400,27,P_C2_warm,400,easy,74,3002700074,0.03014189039822668,1.0,0.14128369081299752,1.0,1.2791074141860008,0.5,2.2300094813108444,0.0,0.5290901064872742,28,0.2886427044868469,0.8451650738716125,28,-1.1920928955078125e-07
seed27_P_C2_warm_step400,27,P_C2_warm,400,easy,75,3002700075,0.05240568483714014,1.0,0.21341742132790387,1.0,1.981926068663597,0.125,2.6443377435207367,0.0,0.5545327663421631,28,0.0993233174085617,0.8439238667488098,28,-1.1920928955078125e-07
seed27_P_C2_warm_step400,27,P_C2_warm,400,easy,76,3002700076,0.10202201083302498,1.0,0.9425996848149225,0.5,2.245819926261902,0.0,2.824697047472,0.0,0.7809640169143677,28,0.04354075342416763,0.8916494846343994,28,5.960464477539063e-08
seed27_P_C2_warm_step400,27,P_C2_warm,400,easy,77,3002700077,0.2717035498935729,0.875,0.6635107100009918,0.5,1.977779395878315,0.5,1.6235116869211197,0.0,0.411053866147995,28,0.043950531631708145,0.45286011695861816,28,0.0
seed27_P_C2_warm_step400,27,P_C2_warm,400,easy,78,3002700078,0.4768806006759405,0.75,0.5430749906226993,0.625,4.677832469344139,0.125,2.4676893427968025,0.125,0.4007778763771057,28,0.008604971691966057,0.6033504605293274,28,0.0
seed27_P_C2_warm_step400,27,P_C2_warm,400,easy,79,3002700079,0.10730762500315905,1.0,1.1427779670339078,0.375,1.5710683315992355,0.375,2.1766995638608932,0.0,0.6377464532852173,28,0.16427169740200043,0.9379602670669556,28,0.0
seed27_P_C2_warm_step400,27,P_C2_warm,400,easy,80,3002700080,0.1750631183385849,1.0,0.10206740372814238,1.0,3.2460453808307648,0.125,5.549882292747498,0.0,0.5385522842407227,28,0.0066627501510083675,0.585247278213501,28,5.960464477539063e-08
seed27_P_C2_warm_step400,27,P_C2_warm,400,easy,81,3002700081,0.148849593475461,1.0,0.44431584794074297,1.0,1.2969923466444016,0.25,1.5055877268314362,0.25,0.7137399911880493,28,0.005676935892552137,0.5202075839042664,28,1.1920928955078125e-07
seed27_P_C2_warm_step400,27,P_C2_warm,400,easy,82,3002700082,0.394727470818907,0.875,0.07754186470992863,1.0,6.615897551178932,0.125,2.418587386608124,0.0,0.7485656142234802,28,0.002660459838807583,0.9065723419189453,28,0.0
seed27_P_C2_warm_step400,27,P_C2_warm,400,easy,83,3002700083,0.07604456634726375,1.0,1.7678172830492258,0.25,2.902519404888153,0.0,2.8433181643486023,0.0,0.38028889894485474,28,0.14342829585075378,0.6455875635147095,28,0.0
seed27_P_C2_warm_step400,27,P_C2_warm,400,easy,84,3002700084,0.1378862103447318,1.0,0.2970277543645352,1.0,7.831932455301285,0.0,4.825220972299576,0.0,0.3602845370769501,28,0.024052010849118233,0.5339332222938538,28,1.1920928955078125e-07
seed27_P_C2_warm_step400,27,P_C2_warm,400,easy,85,3002700085,0.15949975146213546,0.875,0.07148385548498482,1.0,4.455599592998624,0.625,1.4076074892655015,0.625,0.9678685069084167,28,0.15277187526226044,0.8975392580032349,28,-1.1920928955078125e-07
seed27_P_C2_warm_step400,27,P_C2_warm,400,easy,86,3002700086,0.3698422007728368,0.875,0.18413063185289502,1.0,3.6436357963830233,0.5,1.7041697688400745,0.375,0.9755046367645264,28,0.13058243691921234,1.0141199827194214,28,0.0
seed27_P_C2_warm_step400,27,P_C2_warm,400,easy,87,3002700087,0.22697734320536256,1.0,1.1367827840149403,0.25,3.7746101021766663,0.0,3.0700847506523132,0.0,0.3167151212692261,28,0.03340503200888634,0.4701918363571167,28,0.0
seed27_P_C2_warm_step400,27,P_C2_warm,400,easy,88,3002700088,0.02176799124572426,1.0,0.11018297116970643,1.0,1.899266004562378,0.375,2.2958923056721687,0.375,0.6432883143424988,28,0.08513455092906952,0.6843681931495667,28,0.0
seed27_P_C2_warm_step400,27,P_C2_warm,400,easy,89,3002700089,0.5812314520590007,0.625,0.10710493777878582,1.0,3.2220740020275116,0.0,0.7961906157433987,0.625,0.2432113140821457,28,0.09781244397163391,0.5098088383674622,28,0.0
seed27_P_C2_warm_step400,27,P_C2_warm,400,easy,90,3002700090,0.28961868467740715,0.875,0.14814560860395432,1.0,4.540914855897427,0.5,2.2241371273994446,0.125,0.7843355536460876,28,0.005985828582197428,0.8839906454086304,28,5.960464477539063e-08
seed27_P_C2_warm_step400,27,P_C2_warm,400,easy,91,3002700091,0.1708797561004758,1.0,0.2493732594884932,1.0,3.368411600589752,0.0,1.5556531995534897,0.0,0.38064372539520264,28,0.059253912419080734,0.5635568499565125,28,1.788139485370266e-07
seed27_P_C2_warm_step400,27,P_C2_warm,400,easy,92,3002700092,0.09164935222361237,1.0,0.19939354434609413,1.0,3.191341057419777,0.0,2.937967449426651,0.0,0.7293209433555603,28,0.09485679119825363,0.5971119999885559,28,0.0
seed27_P_C2_warm_step400,27,P_C2_warm,400,easy,93,3002700093,0.05840480560436845,1.0,0.35526981111615896,1.0,1.8388093262910843,0.0,2.2627957314252853,0.0,0.8063093423843384,28,0.03714343532919884,0.6535481214523315,28,0.0
seed27_P_C2_warm_step400,27,P_C2_warm,400,easy,94,3002700094,0.9121762488503009,0.625,0.8495541056618094,0.625,2.361785516142845,0.0,1.758205384016037,0.0,0.6381360292434692,28,0.0669146329164505,0.8530228734016418,28,0.0
seed27_P_C2_warm_step400,27,P_C2_warm,400,easy,95,3002700095,0.27508496679365635,1.0,0.2920479103922844,1.0,3.457401931285858,0.0,1.8271878808736801,0.0,0.13630279898643494,28,0.059429146349430084,0.33972981572151184,28,-1.1920928955078125e-07
seed27_P_C2_warm_step400,27,P_C2_warm,400,easy,96,3002700096,0.24229061417281628,1.0,0.16862746741389856,1.0,6.2485727071762085,0.0,3.541593998670578,0.0,0.5191795825958252,28,0.005305194761604071,0.5906147360801697,28,0.0
seed27_P_C2_warm_step400,27,P_C2_warm,400,easy,97,3002700097,0.10833894577808678,1.0,0.38907113345339894,0.75,5.23504301905632,0.0,3.840684026479721,0.0,0.5536115765571594,28,0.02093040570616722,0.6472151875495911,28,1.1920928955078125e-07
seed27_P_C2_warm_step400,27,P_C2_warm,400,easy,98,3002700098,0.22476976085454226,1.0,0.4020478592719883,0.875,7.077976435422897,0.0,3.8784856498241425,0.0,1.041090726852417,28,0.08467601984739304,1.0373609066009521,28,-1.1920928955078125e-07
seed27_P_C2_warm_step400,27,P_C2_warm,400,easy,99,3002700099,0.6638173260726035,0.75,1.1518924180418253,0.125,2.8361834809184074,0.0,1.5113428831100464,0.0,0.7515915632247925,28,0.040327008813619614,0.8321734666824341,28,-1.1920928955078125e-07
seed27_P_C2_warm_step400,27,P_C2_warm,400,hard,0,3002710000,1.8591435849666595,0.0,1.6555748581886292,0.0,1.6973679065704346,0.0,1.7206645756959915,0.0,0.049510408192873,28,0.0004910550196655095,0.07074761390686035,28,5.960464477539063e-08
seed27_P_C2_warm_step400,27,P_C2_warm,400,hard,1,3002710001,1.096917264163494,0.875,1.0016206353902817,0.5,1.148619994521141,0.75,1.1257726401090622,0.5,0.4391014873981476,28,0.0076097166165709496,0.15182895958423615,28,-1.1920928955078125e-07
seed27_P_C2_warm_step400,27,P_C2_warm,400,hard,2,3002710002,1.2747973129153252,0.5,1.1536468863487244,0.5,1.1851927265524864,0.5,1.1869015358388424,0.5,0.0157842468470335,28,0.0005669530364684761,0.015517699532210827,28,0.0
seed27_P_C2_warm_step400,27,P_C2_warm,400,hard,3,3002710003,1.1051850765943527,0.75,0.9891230389475822,0.75,1.1005301997065544,0.75,1.126452200114727,0.75,0.15837882459163666,28,0.0004682753933593631,0.17603081464767456,28,1.788139485370266e-07
seed27_P_C2_warm_step400,27,P_C2_warm,400,hard,4,3002710004,1.229986160993576,0.375,1.1456784829497337,0.375,1.2119416072964668,0.375,1.2058552578091621,0.375,0.04793887585401535,28,0.0006030010408721864,0.03699041157960892,28,5.960464477539063e-08
seed27_P_C2_warm_step400,27,P_C2_warm,400,hard,5,3002710005,1.1927492022514343,0.375,1.4175464063882828,0.125,1.1174612939357758,1.0,1.2766420394182205,0.125,0.7968226671218872,28,0.0020562559366226196,0.7445989847183228,28,0.0
seed27_P_C2_warm_step400,27,P_C2_warm,400,hard,6,3002710006,1.1123260483145714,0.375,1.1024698317050934,0.375,1.1247822269797325,0.375,1.1302537769079208,0.375,0.10877646505832672,28,0.001116516417823732,0.11692236363887787,28,0.0
seed27_P_C2_warm_step400,27,P_C2_warm,400,hard,7,3002710007,1.2820961251854897,0.5,1.2260233983397484,0.5,1.286560982465744,0.5,1.2702941745519638,0.5,0.09165975451469421,28,0.0004873488796874881,0.06735019385814667,28,1.1920928955078125e-07
seed27_P_C2_warm_step400,27,P_C2_warm,400,hard,8,3002710008,1.572128713130951,0.5,1.4861377328634262,0.375,1.3478210642933846,0.5,1.4880930930376053,0.375,0.14815255999565125,28,0.0032058211509138346,0.11035051196813583,28,1.788139485370266e-07
seed27_P_C2_warm_step400,27,P_C2_warm,400,hard,9,3002710009,1.429025061428547,0.5,1.2796668820083141,0.5,1.3205461390316486,0.5,1.3054852224886417,0.5,0.03337511047720909,28,0.0007967714918777347,0.03168575465679169,28,5.960464477539063e-08
seed27_P_C2_warm_step400,27,P_C2_warm,400,hard,10,3002710010,0.4513227380812168,0.875,0.4181193392723799,0.875,0.860258162021637,0.75,0.8050685971975327,0.75,0.03314107656478882,28,0.0023136287927627563,0.03654203936457634,28,5.960464477539063e-08
seed27_P_C2_warm_step400,27,P_C2_warm,400,hard,11,3002710011,0.7391607984900475,1.0,0.8652455285191536,1.0,1.035206399857998,0.75,1.0484972149133682,0.625,0.14256393909454346,28,0.006620483938604593,0.3193973898887634,28,0.0
seed27_P_C2_warm_step400,27,P_C2_warm,400,hard,12,3002710012,1.5665886104106903,0.0,1.6348035484552383,0.25,1.5813179910182953,0.0,1.5920684039592743,0.125,0.4764559864997864,28,0.002990333130583167,0.04805535450577736,28,-1.1920928955078125e-07
seed27_P_C2_warm_step400,27,P_C2_warm,400,hard,13,3002710013,1.396264411509037,0.125,1.1571812480688095,0.25,1.3007842972874641,0.125,1.2886011004447937,0.125,0.04911439120769501,28,0.0005595088005065918,0.05323541536927223,28,0.0
seed27_P_C2_warm_step400,27,P_C2_warm,400,hard,14,3002710014,1.7613102793693542,0.0,1.5083318203687668,0.0,1.7058928906917572,0.0,1.6486962139606476,0.0,0.22725774347782135,28,7.850144902477041e-05,0.2122671902179718,28,2.384185791015625e-07
seed27_P_C2_warm_step400,27,P_C2_warm,400,hard,15,3002710015,1.7609002441167831,0.0,1.531526118516922,0.0,1.6117209792137146,0.125,1.461371749639511,0.0,0.3645039498806,28,0.003756721271201968,0.3881224989891052,28,-1.1920928955078125e-07
seed27_P_C2_warm_step400,27,P_C2_warm,400,hard,16,3002710016,1.30939182639122,0.125,1.5171564370393753,0.0,1.3030235469341278,0.375,1.380607545375824,0.0,0.44116348028182983,28,0.014711318537592888,0.15741334855556488,28,-1.1920928955078125e-07
seed27_P_C2_warm_step400,27,P_C2_warm,400,hard,17,3002710017,1.5996626168489456,0.0,1.7242577821016312,0.0,1.1439583450555801,0.625,1.168008215725422,0.625,0.08587982505559921,28,0.003628990612924099,0.12178574502468109,28,5.960464477539063e-08
seed27_P_C2_warm_step400,27,P_C2_warm,400,hard,18,3002710018,0.7591459006071091,0.75,0.7571524083614349,0.75,0.8100809380412102,0.75,0.8138808831572533,0.75,0.10570061951875687,28,0.0029293193947523832,0.09156585484743118,28,-2.384185791015625e-07
seed27_P_C2_warm_step400,27,P_C2_warm,400,hard,19,3002710019,1.1574545875191689,0.625,1.1798385381698608,0.5,1.1547287479043007,0.625,1.1681345105171204,0.625,0.46203774213790894,28,0.007928827777504921,0.4491393566131592,28,-2.384185791015625e-07
seed27_P_C2_warm_step400,27,P_C2_warm,400,hard,20,3002710020,0.9713497534394264,0.625,1.0466452836990356,0.625,1.014369934797287,0.625,1.0013068690896034,0.625,0.3956388831138611,28,0.005507092457264662,0.32967445254325867,28,0.0
seed27_P_C2_warm_step400,27,P_C2_warm,400,hard,21,3002710021,1.0363731905817986,0.375,1.1414166763424873,0.125,1.212220922112465,0.25,1.1158418655395508,0.25,0.047240082174539566,28,0.021679995581507683,0.15047724545001984,28,-1.1920928955078125e-07
seed27_P_C2_warm_step400,27,P_C2_warm,400,hard,22,3002710022,2.2212111949920654,0.0,1.8613309860229492,0.0,1.5110901147127151,0.125,1.670538917183876,0.0,0.13285571336746216,28,0.006400278769433498,0.1959053874015808,28,-1.1920928955078125e-07
seed27_P_C2_warm_step400,27,P_C2_warm,400,hard,23,3002710023,1.0187097564339638,0.75,1.0413447096943855,0.75,1.0704958364367485,0.75,1.0796425864100456,0.625,0.5277970433235168,28,0.0012453177478164434,0.37996581196784973,28,0.0
seed27_P_C2_warm_step400,27,P_C2_warm,400,hard,24,3002710024,1.0341859608888626,0.75,1.155882090330124,0.75,1.1524704843759537,0.875,1.242754489183426,0.625,0.23233725130558014,28,0.0019217687658965588,0.1056329756975174,28,0.0
seed27_P_C2_warm_step400,27,P_C2_warm,400,hard,25,3002710025,1.6954666376113892,0.25,1.710197240114212,0.0,1.7436015233397484,0.0,1.6757752820849419,0.25,0.024171385914087296,28,0.0002922479761764407,0.03835944086313248,28,1.1920928955078125e-07
seed27_P_C2_warm_step400,27,P_C2_warm,400,hard,26,3002710026,1.7071703970432281,0.0,1.594448208808899,0.0,1.7224532514810562,0.0,1.653041958808899,0.0,1.0878338813781738,28,0.0002589566574897617,0.34849902987480164,28,0.0
seed27_P_C2_warm_step400,27,P_C2_warm,400,hard,27,3002710027,0.7652431130409241,0.875,0.9594406634569168,1.0,0.8773599937558174,0.875,0.9044744595885277,0.875,0.02978091686964035,28,0.0008027745643630624,0.02130945213139057,28,0.0
seed27_P_C2_warm_step400,27,P_C2_warm,400,hard,28,3002710028,1.555281937122345,0.0,1.2803022265434265,0.5,1.4419027119874954,0.125,1.4794962406158447,0.0,0.1025635227560997,28,0.00044653884833678603,0.22430169582366943,28,0.0
seed27_P_C2_warm_step400,27,P_C2_warm,400,hard,29,3002710029,0.8138159550726414,0.75,0.8721118867397308,0.75,0.854745402932167,0.75,0.8532792180776596,0.75,0.011264277622103691,28,0.0007417245069518685,0.01181702595204115,28,0.0
seed27_P_C2_warm_step400,27,P_C2_warm,400,hard,30,3002710030,0.6300158128142357,0.75,0.6709757186472416,0.75,0.6628162302076817,0.75,0.6598178185522556,0.75,0.01703401654958725,28,0.0023362275678664446,0.016365593299269676,28,0.0
seed27_P_C2_warm_step400,27,P_C2_warm,400,hard,31,3002710031,1.0279866345226765,0.375,1.0336541570723057,0.375,1.0532985031604767,0.375,1.046426385641098,0.375,0.5758386850357056,28,0.006656191311776638,0.609052836894989,28,1.1920928955078125e-07
seed27_P_C2_warm_step400,27,P_C2_warm,400,hard,32,3002710032,1.0630367025732994,0.875,1.0324394330382347,0.875,1.2175779938697815,0.875,1.2184019908308983,0.5,0.3954823613166809,28,0.003467721864581108,0.732140839099884,28,1.1920928955078125e-07
seed27_P_C2_warm_step400,27,P_C2_warm,400,hard,33,3002710033,1.7380518689751625,0.125,1.548661433160305,0.125,1.5765512809157372,0.125,1.5606007501482964,0.125,0.06494419276714325,28,0.0010689455084502697,0.06663915514945984,28,0.0
seed27_P_C2_warm_step400,27,P_C2_warm,400,hard,34,3002710034,1.101734958589077,0.5,1.0794933140277863,0.5,1.0882198959589005,0.5,1.0999969691038132,0.5,0.0991360992193222,28,0.0006458397838287055,0.08216951787471771,28,1.1920928955078125e-07
seed27_P_C2_warm_step400,27,P_C2_warm,400,hard,35,3002710035,1.6236455291509628,0.125,1.4265327751636505,0.125,1.4858504459261894,0.125,1.5028679817914963,0.125,0.10714453458786011,28,0.005882691126316786,0.09554953873157501,28,0.0
seed27_P_C2_warm_step400,27,P_C2_warm,400,hard,36,3002710036,1.0902978330850601,0.875,1.1278286576271057,0.25,1.153751403093338,0.875,1.1534862220287323,0.875,0.5474923849105835,28,0.0007194834179244936,0.5613271594047546,28,0.0
seed27_P_C2_warm_step400,27,P_C2_warm,400,hard,37,3002710037,1.2508912682533264,0.25,1.1287385374307632,0.375,1.1726191639900208,0.25,1.2158172577619553,0.25,0.07138845324516296,28,0.0003979653411079198,0.11268497258424759,28,-1.1920928955078125e-07
seed27_P_C2_warm_step400,27,P_C2_warm,400,hard,38,3002710038,1.2735590487718582,0.625,1.157613843679428,0.625,1.3075516819953918,0.375,1.277509093284607,0.625,0.10636813193559647,28,0.01787058264017105,0.3275167644023895,28,1.1920928955078125e-07
seed27_P_C2_warm_step400,27,P_C2_warm,400,hard,39,3002710039,0.6690484397113323,0.875,0.6990110762417316,0.75,0.7817820161581039,0.875,0.7891025468707085,0.875,0.34962424635887146,28,0.0005488140741363168,0.31489142775535583,28,5.960464477539063e-08
seed27_P_C2_warm_step400,27,P_C2_warm,400,hard,40,3002710040,0.9417691603302956,0.5,1.0817100033164024,0.75,1.0681761354207993,0.625,1.0552500411868095,0.625,0.03550137206912041,28,7.190874748630449e-05,0.04060111567378044,28,5.960464477539063e-08
seed27_P_C2_warm_step400,27,P_C2_warm,400,hard,41,3002710041,0.9815199300646782,0.375,0.9349664449691772,1.0,1.049136258661747,1.0,1.045219048857689,1.0,0.03429324924945831,28,0.0009957872098311782,0.04291726276278496,28,-1.1920928955078125e-07
seed27_P_C2_warm_step400,27,P_C2_warm,400,hard,42,3002710042,1.066206894814968,0.25,1.0973186939954758,0.375,1.0938799008727074,0.375,1.155670166015625,0.125,0.2950579524040222,28,0.0032740088645368814,0.24645385146141052,28,-1.1920928955078125e-07
seed27_P_C2_warm_step400,27,P_C2_warm,400,hard,43,3002710043,1.3245036900043488,0.0,1.3422206491231918,0.0,1.3396403938531876,0.0,1.3296802341938019,0.0,0.904194712638855,28,0.0024434351362288,0.13518069684505463,28,5.960464477539063e-08
seed27_P_C2_warm_step400,27,P_C2_warm,400,hard,44,3002710044,1.437098354101181,0.0,1.5491843968629837,0.0,1.4240480810403824,0.0,1.4708986431360245,0.0,0.5439862608909607,28,0.004921623971313238,0.1634950041770935,28,-1.1920928955078125e-07
seed27_P_C2_warm_step400,27,P_C2_warm,400,hard,45,3002710045,1.152723103761673,0.375,1.123388022184372,0.375,1.2462468966841698,0.375,1.2549192160367966,0.375,0.9057469367980957,28,0.0016242415877059102,0.8592343330383301,28,1.1920928955078125e-07
seed27_P_C2_warm_step400,27,P_C2_warm,400,hard,46,3002710046,1.6390039399266243,0.25,1.3526231497526169,0.25,1.2941331341862679,0.25,1.362653948366642,0.25,0.05394896864891052,28,0.0006598234758712351,0.08505074679851532,28,0.0
seed27_P_C2_warm_step400,27,P_C2_warm,400,hard,47,3002710047,2.4665281772613525,0.0,2.1601253151893616,0.0,2.2537091970443726,0.0,2.233608305454254,0.0,0.033269621431827545,28,0.0025085234083235264,0.03218861296772957,28,0.0
seed27_P_C2_warm_step400,27,P_C2_warm,400,hard,48,3002710048,1.418922945857048,0.375,1.402106299996376,0.125,1.3680859506130219,0.375,1.3236896768212318,0.375,0.01853133551776409,28,0.0019135220209136605,0.017259830608963966,28,-1.1920928955078125e-07
seed27_P_C2_warm_step400,27,P_C2_warm,400,hard,49,3002710049,1.5635111257433891,0.5,1.4212926775217056,0.5,1.5243703126907349,0.5,1.5138993933796883,0.5,0.37215349078178406,28,0.0006044039037078619,0.381138414144516,28,-1.1920928955078125e-07
seed27_P_C2_warm_step400,27,P_C2_warm,400,hard,50,3002710050,1.7352566048502922,0.25,1.417520597577095,0.25,1.530121847987175,0.25,1.5502596646547318,0.25,0.08725114166736603,28,0.0005813284078612924,0.13829003274440765,28,0.0
seed27_P_C2_warm_step400,27,P_C2_warm,400,hard,51,3002710051,1.0145442187786102,0.5,1.0004324093461037,0.5,1.0944294109940529,0.5,1.0909418389201164,0.5,0.029087001457810402,28,0.0007044652011245489,0.041716672480106354,28,0.0
seed27_P_C2_warm_step400,27,P_C2_warm,400,hard,52,3002710052,2.366503357887268,0.0,1.9706925004720688,0.0,2.072346329689026,0.0,2.0565468966960907,0.0,0.025363551452755928,28,0.002571308286860585,0.023570725694298744,28,1.1920928955078125e-07
seed27_P_C2_warm_step400,27,P_C2_warm,400,hard,53,3002710053,1.3858994394540787,0.125,1.090258702635765,0.625,1.2763750106096268,0.5,1.289728045463562,0.25,0.10809828341007233,28,0.00015933174290694296,0.11507604271173477,28,0.0
seed27_P_C2_warm_step400,27,P_C2_warm,400,hard,54,3002710054,1.2755936607718468,0.25,1.2499230280518532,0.375,1.243330918252468,0.375,1.2568821609020233,0.375,0.12942443788051605,28,0.0033081623259931803,0.10513759404420853,28,1.1920928955078125e-07
seed27_P_C2_warm_step400,27,P_C2_warm,400,hard,55,3002710055,1.1818139255046844,0.25,1.0827800408005714,0.625,1.183865949511528,0.25,1.1681609451770782,0.375,0.40807241201400757,28,0.0026277368888258934,0.24200816452503204,28,0.0
seed27_P_C2_warm_step400,27,P_C2_warm,400,hard,56,3002710056,1.1409808844327927,0.5,1.1327220425009727,0.5,1.1619337648153305,0.5,1.1690563932061195,0.5,0.13758763670921326,28,0.0007688893238082528,0.051871977746486664,28,0.0
seed27_P_C2_warm_step400,27,P_C2_warm,400,hard,57,3002710057,1.399413600564003,0.0,1.3436308652162552,0.125,1.419363647699356,0.0,1.4155352711677551,0.0,0.31700611114501953,28,0.001326620695181191,0.31302496790885925,28,5.960464477539063e-08
seed27_P_C2_warm_step400,27,P_C2_warm,400,hard,58,3002710058,0.8565254881978035,0.75,0.9293029047548771,0.75,0.8731467798352242,0.875,0.9373791441321373,0.625,0.16669924557209015,28,0.0004969218280166388,0.30516737699508667,28,5.960464477539063e-08
seed27_P_C2_warm_step400,27,P_C2_warm,400,hard,59,3002710059,1.2806349843740463,0.25,1.2049254179000854,0.25,1.2805921211838722,0.375,1.2870415821671486,0.375,0.12460882216691971,28,0.0017078348901122808,0.20806019008159637,28,-1.1920928955078125e-07
seed27_P_C2_warm_step400,27,P_C2_warm,400,hard,60,3002710060,1.4415797889232635,0.0,1.2554922625422478,0.5,1.4288331717252731,0.0,1.4311354756355286,0.0,0.23929038643836975,28,0.0024252578150480986,0.22330836951732635,28,0.0
seed27_P_C2_warm_step400,27,P_C2_warm,400,hard,61,3002710061,1.3317542225122452,0.0,1.2631048411130905,0.125,1.3802843987941742,0.0,1.3378416150808334,0.0,0.44516313076019287,28,0.0005498209502547979,0.30094167590141296,28,5.960464477539063e-08
seed27_P_C2_warm_step400,27,P_C2_warm,400,hard,62,3002710062,1.5756187736988068,0.0,1.8756109178066254,0.0,1.5672042518854141,0.0,1.6168134957551956,0.0,0.4637397527694702,28,0.0029214387759566307,0.06058456376194954,28,0.0
seed27_P_C2_warm_step400,27,P_C2_warm,400,hard,63,3002710063,2.1064224392175674,0.0,1.0929201915860176,0.75,0.9506808966398239,0.875,1.0169951394200325,0.75,0.028754519298672676,28,0.0043158382177352905,0.04766198620200157,28,0.0
seed27_P_C2_warm_step400,27,P_C2_warm,400,hard,64,3002710064,2.04098554328084,0.375,1.762500800192356,0.375,1.7887456715106964,0.375,1.8133374750614166,0.375,0.01775871030986309,28,0.00014773650036659092,0.01806221343576908,28,-1.1920928955078125e-07
seed27_P_C2_warm_step400,27,P_C2_warm,400,hard,65,3002710065,1.3932389840483665,0.375,1.2803678959608078,0.375,1.3040561154484749,0.375,1.3593938276171684,0.375,0.28707918524742126,28,0.0032874667085707188,0.36569511890411377,28,-1.1920928955078125e-07
seed27_P_C2_warm_step400,27,P_C2_warm,400,hard,66,3002710066,1.1610992029309273,0.375,1.1864774003624916,0.375,1.2640233635902405,0.25,1.2419011443853378,0.25,0.2320219874382019,28,0.0004883706569671631,0.3619254231452942,28,1.1920928955078125e-07
seed27_P_C2_warm_step400,27,P_C2_warm,400,hard,67,3002710067,0.7509930580854416,0.625,1.0372614711523056,0.375,0.9615612328052521,0.375,1.0259559825062752,0.375,0.2539551258087158,28,0.021982138976454735,0.4162043333053589,28,-1.1920928955078125e-07
seed27_P_C2_warm_step400,27,P_C2_warm,400,hard,68,3002710068,0.763642929494381,1.0,0.9023435562849045,0.875,0.8923441991209984,1.0,0.8855409249663353,1.0,0.10908634960651398,28,0.0007365260971710086,0.12267041951417923,28,0.0
seed27_P_C2_warm_step400,27,P_C2_warm,400,hard,69,3002710069,1.088233396410942,0.625,0.7513117045164108,1.0,0.8012413531541824,1.0,0.7380055785179138,1.0,0.0484200157225132,28,0.0041321623139083385,0.07928833365440369,28,-1.1920928955078125e-07
seed27_P_C2_warm_step400,27,P_C2_warm,400,hard,70,3002710070,1.1468929201364517,0.375,1.0242140963673592,0.75,1.2524590194225311,0.125,1.1764921844005585,0.25,0.7647295594215393,28,0.011501089669764042,0.623747706413269,28,-1.1920928955078125e-07
seed27_P_C2_warm_step400,27,P_C2_warm,400,hard,71,3002710071,2.0895826369524,0.0,1.8871740102767944,0.0,1.9045697748661041,0.0,1.8852429240942001,0.0,0.09875334054231644,28,0.0018085497431457043,0.0943714901804924,28,1.1920928955078125e-07
seed27_P_C2_warm_step400,27,P_C2_warm,400,hard,72,3002710072,1.4484915435314178,0.375,1.3537941128015518,0.375,1.4330804944038391,0.375,1.4148336425423622,0.5,0.2927605211734772,28,5.056602822151035e-05,0.2898818850517273,28,0.0
seed27_P_C2_warm_step400,27,P_C2_warm,400,hard,73,3002710073,1.387608714401722,0.625,1.406193271279335,0.375,1.3647038340568542,0.625,1.3915456905961037,0.625,0.37726256251335144,28,0.0012013295199722052,0.3270546495914459,28,0.0
seed27_P_C2_warm_step400,27,P_C2_warm,400,hard,74,3002710074,1.6475853323936462,0.5,1.485625371336937,0.5,1.4913991168141365,0.5,1.4732807949185371,0.5,0.23115092515945435,28,0.006066218484193087,0.21088643372058868,28,1.1920928955078125e-07
seed27_P_C2_warm_step400,27,P_C2_warm,400,hard,75,3002710075,0.7275906205177307,1.0,0.7394723072648048,0.875,0.8840752691030502,1.0,0.8815992325544357,1.0,0.843459963798523,28,0.0005570842185989022,0.660292387008667,28,1.1920928955078125e-07
seed27_P_C2_warm_step400,27,P_C2_warm,400,hard,76,3002710076,1.2627391964197159,0.125,1.2670312523841858,0.25,1.2930183559656143,0.25,1.2864935845136642,0.375,0.8961833119392395,28,4.5333592424867675e-05,0.5825183391571045,28,5.960464477539063e-08
seed27_P_C2_warm_step400,27,P_C2_warm,400,hard,77,3002710077,1.1417759209871292,0.625,1.1585901230573654,0.625,1.2005969434976578,0.625,1.1921629756689072,0.625,0.8599659204483032,28,0.0009284807601943612,0.7118098735809326,28,0.0
seed27_P_C2_warm_step400,27,P_C2_warm,400,hard,78,3002710078,0.9729375392198563,0.875,0.9993475675582886,0.75,1.0287778601050377,0.875,1.046447992324829,0.875,0.7644588947296143,28,0.0006985089858062565,0.5118098855018616,28,1.1920928955078125e-07
seed27_P_C2_warm_step400,27,P_C2_warm,400,hard,79,3002710079,1.9704430550336838,0.5,1.921558104455471,0.5,1.692244365811348,0.5,1.7274763360619545,0.5,0.11964485049247742,28,0.0031406497582793236,0.11392494291067123,28,0.0
seed27_P_C2_warm_step400,27,P_C2_warm,400,hard,80,3002710080,1.4127380512654781,0.5,1.3742564916610718,0.5,1.391984712332487,0.5,1.3853201791644096,0.5,0.06438380479812622,28,0.000882604334037751,0.062169089913368225,28,0.0
seed27_P_C2_warm_step400,27,P_C2_warm,400,hard,81,3002710081,1.1313396841287613,0.5,1.253445215523243,0.375,1.162230595946312,0.5,1.1884153187274933,0.5,0.07339750975370407,28,0.0022133910097181797,0.06044450402259827,28,0.0
seed27_P_C2_warm_step400,27,P_C2_warm,400,hard,82,3002710082,2.0612811595201492,0.125,1.9292520880699158,0.125,1.995383769273758,0.125,1.970523789525032,0.125,0.0733589455485344,28,0.0016840995522215962,0.0550103485584259,28,0.0
seed27_P_C2_warm_step400,27,P_C2_warm,400,hard,83,3002710083,1.1604697555303574,0.5,1.173743486404419,0.5,1.2043524160981178,0.375,1.2052029222249985,0.375,0.19802136719226837,28,0.001578520517796278,0.2130747139453888,28,-1.1920928955078125e-07
seed27_P_C2_warm_step400,27,P_C2_warm,400,hard,84,3002710084,1.3532796055078506,0.0,1.3800580948591232,0.0,1.3619475364685059,0.0,1.3561428487300873,0.0,0.5931933522224426,28,0.0020746716763824224,0.16106955707073212,28,0.0
seed27_P_C2_warm_step400,27,P_C2_warm,400,hard,85,3002710085,1.0169821828603745,0.625,0.8307387977838516,1.0,1.1158350482583046,0.5,1.0655097514390945,0.375,0.16773170232772827,28,0.009525937959551811,0.27953141927719116,28,5.960464477539063e-08
seed27_P_C2_warm_step400,27,P_C2_warm,400,hard,86,3002710086,1.266429714858532,0.625,1.1949495077133179,0.625,1.2685635387897491,0.625,1.2731510996818542,0.625,0.44999173283576965,28,2.760120878519956e-05,0.2155550718307495,28,0.0
seed27_P_C2_warm_step400,27,P_C2_warm,400,hard,87,3002710087,1.0720060765743256,0.625,1.1593602448701859,0.375,1.2916399240493774,0.125,1.1962434202432632,0.375,0.34397760033607483,28,0.0014829827705398202,0.8740793466567993,28,1.1920928955078125e-07
seed27_P_C2_warm_step400,27,P_C2_warm,400,hard,88,3002710088,0.7748591676354408,1.0,0.7743430808186531,0.75,0.8606801480054855,0.875,0.8647666350007057,0.875,0.16429844498634338,28,6.873905658721924e-05,0.15713821351528168,28,-1.1920928955078125e-07
seed27_P_C2_warm_step400,27,P_C2_warm,400,hard,89,3002710089,2.1957438811659813,0.125,1.7473285347223282,0.0,1.7532147616147995,0.0,1.8305331617593765,0.125,0.021603021770715714,28,0.00013943869271315634,0.030259110033512115,28,1.788139485370266e-07
seed27_P_C2_warm_step400,27,P_C2_warm,400,hard,90,3002710090,1.2172015234827995,0.625,1.108230598270893,0.75,1.1898198574781418,0.75,1.2045897245407104,0.75,0.03866131231188774,28,0.00012812871136702597,0.041110116988420486,28,0.0
seed27_P_C2_warm_step400,27,P_C2_warm,400,hard,91,3002710091,1.684036910533905,0.125,1.4937566667795181,0.125,1.557757556438446,0.125,1.6141802221536636,0.125,0.2346242070198059,28,0.0035043912939727306,0.4459210932254791,28,-1.1920928955078125e-07
seed27_P_C2_warm_step400,27,P_C2_warm,400,hard,92,3002710092,0.7863262705504894,0.625,0.7373639047145844,0.625,0.9160885885357857,0.625,0.8544921353459358,0.625,0.11588461697101593,28,0.0023815908934921026,0.10791605710983276,28,1.1920928955078125e-07
seed27_P_C2_warm_step400,27,P_C2_warm,400,hard,93,3002710093,1.5190865695476532,0.0,1.5482579916715622,0.0,1.5059453248977661,0.0,1.4976166486740112,0.0,0.24258236587047577,28,0.0022288518957793713,0.3269971013069153,28,1.1920928955078125e-07
seed27_P_C2_warm_step400,27,P_C2_warm,400,hard,94,3002710094,1.0576208382844925,1.0,1.0241534262895584,0.5,1.0869827419519424,1.0,1.0731211751699448,0.875,0.2123977690935135,28,0.012049512006342411,0.11406306177377701,28,0.0
seed27_P_C2_warm_step400,27,P_C2_warm,400,hard,95,3002710095,1.0344890654087067,0.5,1.0764397010207176,0.5,1.04048278555274,0.5,1.0450873337686062,0.5,0.022579509764909744,28,0.0012402087450027466,0.02147393487393856,28,-1.1920928955078125e-07
seed27_P_C2_warm_step400,27,P_C2_warm,400,hard,96,3002710096,0.8222857341170311,0.625,1.1536676660180092,0.375,1.0620758682489395,0.75,1.0488774180412292,1.0,0.027277689427137375,28,0.0002611215750221163,0.04334614798426628,28,0.0
seed27_P_C2_warm_step400,27,P_C2_warm,400,hard,97,3002710097,1.0615371018648148,0.625,1.101303830742836,0.625,1.072231411933899,0.625,1.1006780415773392,0.625,0.022714901715517044,28,0.0010936090257018805,0.042534567415714264,28,5.960464477539063e-08
seed27_P_C2_warm_step400,27,P_C2_warm,400,hard,98,3002710098,1.377485103905201,0.125,1.3900823146104813,0.125,1.395474150776863,0.125,1.3551968559622765,0.125,0.988053560256958,28,9.848390618572012e-05,0.8433932065963745,28,-1.1920928955078125e-07
seed27_P_C2_warm_step400,27,P_C2_warm,400,hard,99,3002710099,1.1407820209860802,0.875,1.2464913129806519,0.125,1.1747336685657501,0.875,1.1922376900911331,0.75,0.3509865999221802,28,0.004231146536767483,0.17018787562847137,28,0.0
