branch_seed,step,loss,accuracy,inner_loss_before,inner_loss_after,inner_gradient_norm,update_norm,selected_etas,backtracking_trials,eta_zero_fraction,armijo_violations,finite
seed7_P_O0_resume,1,0.6908464431762695,0.65625,0.7900731563568115,0.3796054720878601,3.2124617099761963,0.16062307357788086,"[0.05, 0.05, 0.05, 0.05]","[0, 0, 0, 0]",0.0,0,True
seed7_P_O0_resume,2,0.5584331154823303,0.84375,0.8507808446884155,0.4310009777545929,3.2251105308532715,0.16125552356243134,"[0.05, 0.05, 0.05, 0.05]","[0, 0, 0, 0]",0.0,0,True
seed7_P_O0_resume,3,0.5812665820121765,0.90625,0.831645131111145,0.3592756688594818,3.4874308109283447,0.17437154054641724,"[0.05, 0.05, 0.05, 0.05]","[0, 0, 0, 0]",0.0,0,True
seed7_P_O0_resume,4,0.6707916855812073,0.65625,0.7917598485946655,0.3489595651626587,3.3672306537628174,0.16836154460906982,"[0.05, 0.05, 0.05, 0.05]","[0, 0, 0, 0]",0.0,0,True
seed7_P_O0_resume,5,0.6442680954933167,0.8125,0.8033890724182129,0.3949669599533081,3.2328052520751953,0.1616402566432953,"[0.05, 0.05, 0.05, 0.05]","[0, 0, 0, 0]",0.0,0,True
seed7_P_O0_resume,6,0.6038572192192078,0.75,0.8527331352233887,0.4049779772758484,3.3581559658050537,0.16790780425071716,"[0.05, 0.05, 0.05, 0.05]","[0, 0, 0, 0]",0.0,0,True
seed7_P_O0_resume,7,0.678810715675354,0.6875,0.9573639035224915,0.47971463203430176,3.362459421157837,0.16812297701835632,"[0.05, 0.05, 0.05, 0.05]","[0, 0, 0, 0]",0.0,0,True
seed7_P_O0_resume,8,0.5619339942932129,0.96875,0.7643882036209106,0.36341023445129395,3.189582586288452,0.15947912633419037,"[0.05, 0.05, 0.05, 0.05]","[0, 0, 0, 0]",0.0,0,True
seed7_P_O0_resume,9,0.5870231986045837,0.71875,0.9372091293334961,0.5248267650604248,3.087923288345337,0.1543961763381958,"[0.05, 0.05, 0.05, 0.05]","[0, 0, 0, 0]",0.0,0,True
seed7_P_O0_resume,10,0.5519288182258606,0.84375,0.8976870775222778,0.48905444145202637,3.1180126667022705,0.15590062737464905,"[0.05, 0.05, 0.05, 0.05]","[0, 0, 0, 0]",0.0,0,True
seed7_P_O0_resume,11,0.5871487259864807,0.96875,0.8832895755767822,0.38971689343452454,3.5215466022491455,0.17607733607292175,"[0.05, 0.05, 0.05, 0.05]","[0, 0, 0, 0]",0.0,0,True
seed7_P_O0_resume,12,0.6831271052360535,0.53125,0.8902620077133179,0.4093906283378601,3.4800918102264404,0.17400458455085754,"[0.05, 0.05, 0.05, 0.05]","[0, 0, 0, 0]",0.0,0,True
seed7_P_O0_resume,13,0.5393000245094299,0.9375,0.9698916077613831,0.5606008768081665,3.04422664642334,0.15221133828163147,"[0.05, 0.05, 0.05, 0.05]","[0, 0, 0, 0]",0.0,0,True
seed7_P_O0_resume,14,0.6376891136169434,0.75,0.7632150053977966,0.3429868221282959,3.3015177249908447,0.16507588326931,"[0.05, 0.05, 0.05, 0.05]","[0, 0, 0, 0]",0.0,0,True
seed7_P_O0_resume,15,0.556167483329773,0.96875,0.8509680032730103,0.47386589646339417,2.975740432739258,0.1487870216369629,"[0.05, 0.05, 0.05, 0.05]","[0, 0, 0, 0]",0.0,0,True
seed7_P_O0_resume,16,0.6226239800453186,0.8125,0.7549035549163818,0.3526213765144348,3.1891016960144043,0.1594550907611847,"[0.05, 0.05, 0.05, 0.05]","[0, 0, 0, 0]",0.0,0,True
seed7_P_O0_resume,17,0.7221918702125549,0.5,0.8833510875701904,0.5241619348526001,2.8508553504943848,0.1425427794456482,"[0.05, 0.05, 0.05, 0.05]","[0, 0, 0, 0]",0.0,0,True
seed7_P_O0_resume,18,0.6598919034004211,0.65625,0.9864331483840942,0.5713818073272705,3.0712103843688965,0.15356051921844482,"[0.05, 0.05, 0.05, 0.05]","[0, 0, 0, 0]",0.0,0,True
seed7_P_O0_resume,19,0.7264874577522278,0.625,0.8663469552993774,0.46631526947021484,3.0649752616882324,0.15324878692626953,"[0.05, 0.05, 0.05, 0.05]","[0, 0, 0, 0]",0.0,0,True
seed7_P_O0_resume,20,0.5083289742469788,0.8125,0.8595705032348633,0.48321521282196045,2.99641752243042,0.14982087910175323,"[0.05, 0.05, 0.05, 0.05]","[0, 0, 0, 0]",0.0,0,True
seed7_P_O0_resume,21,0.5541276931762695,0.84375,0.8240392208099365,0.34883785247802734,3.4945924282073975,0.1747296154499054,"[0.05, 0.05, 0.05, 0.05]","[0, 0, 0, 0]",0.0,0,True
seed7_P_O0_resume,22,0.6055424213409424,0.59375,0.8538823127746582,0.4373198449611664,3.2091970443725586,0.16045986115932465,"[0.05, 0.05, 0.05, 0.05]","[0, 0, 0, 0]",0.0,0,True
seed7_P_O0_resume,23,0.6405522227287292,0.625,0.8581058979034424,0.46867507696151733,3.0550217628479004,0.1527511030435562,"[0.05, 0.05, 0.05, 0.05]","[0, 0, 0, 0]",0.0,0,True
seed7_P_O0_resume,24,0.615308940410614,0.90625,0.847470223903656,0.3966406583786011,3.3568716049194336,0.16784358024597168,"[0.05, 0.05, 0.05, 0.05]","[0, 0, 0, 0]",0.0,0,True
seed7_P_O0_resume,25,0.5427708029747009,0.78125,0.887566089630127,0.5074347257614136,2.9608521461486816,0.14804261922836304,"[0.05, 0.05, 0.05, 0.05]","[0, 0, 0, 0]",0.0,0,True
seed7_P_O0_resume,26,0.6314734816551208,0.6875,0.8778897523880005,0.49345719814300537,3.0012283325195312,0.15006141364574432,"[0.05, 0.05, 0.05, 0.05]","[0, 0, 0, 0]",0.0,0,True
seed7_P_O0_resume,27,0.617058277130127,0.6875,0.8524885773658752,0.427978515625,3.1735424995422363,0.1586771309375763,"[0.05, 0.05, 0.05, 0.05]","[0, 0, 0, 0]",0.0,0,True
seed7_P_O0_resume,28,0.6045289039611816,0.84375,0.8762533664703369,0.42580559849739075,3.30694580078125,0.16534727811813354,"[0.05, 0.05, 0.05, 0.05]","[0, 0, 0, 0]",0.0,0,True
seed7_P_O0_resume,29,0.5899214744567871,0.71875,0.857109010219574,0.44066160917282104,3.1775426864624023,0.15887713432312012,"[0.05, 0.05, 0.05, 0.05]","[0, 0, 0, 0]",0.0,0,True
seed7_P_O0_resume,30,0.6135149598121643,0.875,0.9347351789474487,0.5410411953926086,3.0210914611816406,0.15105459094047546,"[0.05, 0.05, 0.05, 0.05]","[0, 0, 0, 0]",0.0,0,True
seed7_P_O0_resume,31,0.6234958171844482,0.71875,0.7388143539428711,0.32603245973587036,3.2867794036865234,0.16433897614479065,"[0.05, 0.05, 0.05, 0.05]","[0, 0, 0, 0]",0.0,0,True
seed7_P_O0_resume,32,0.6108136773109436,0.875,0.786162793636322,0.3778002858161926,3.2020130157470703,0.16010065376758575,"[0.05, 0.05, 0.05, 0.05]","[0, 0, 0, 0]",0.0,0,True
seed7_P_O0_resume,33,0.6296165585517883,0.71875,0.7441756725311279,0.3477727472782135,3.1906676292419434,0.15953338146209717,"[0.05, 0.05, 0.05, 0.05]","[0, 0, 0, 0]",0.0,0,True
seed7_P_O0_resume,34,0.5085384845733643,0.90625,0.8685275316238403,0.49906018376350403,2.9434399604797363,0.1471720039844513,"[0.05, 0.05, 0.05, 0.05]","[0, 0, 0, 0]",0.0,0,True
seed7_P_O0_resume,35,0.5521712303161621,0.75,0.8951650261878967,0.49392029643058777,3.1014833450317383,0.15507417917251587,"[0.05, 0.05, 0.05, 0.05]","[0, 0, 0, 0]",0.0,0,True
seed7_P_O0_resume,36,0.5989829897880554,0.71875,0.8495415449142456,0.44710177183151245,3.1118428707122803,0.155592143535614,"[0.05, 0.05, 0.05, 0.05]","[0, 0, 0, 0]",0.0,0,True
seed7_P_O0_resume,37,0.5385422706604004,0.90625,0.8032135367393494,0.41917097568511963,3.0754504203796387,0.1537725180387497,"[0.05, 0.05, 0.05, 0.05]","[0, 0, 0, 0]",0.0,0,True
seed7_P_O0_resume,38,0.6501302719116211,0.71875,0.9201053977012634,0.4947222173213959,3.122802495956421,0.15614011883735657,"[0.05, 0.05, 0.05, 0.05]","[0, 0, 0, 0]",0.0,0,True
seed7_P_O0_resume,39,0.46674296259880066,0.9375,0.8121262788772583,0.4476907253265381,2.964824676513672,0.14824123680591583,"[0.05, 0.05, 0.05, 0.05]","[0, 0, 0, 0]",0.0,0,True
seed7_P_O0_resume,40,0.46989983320236206,0.90625,0.9434906244277954,0.49184995889663696,3.270258665084839,0.1635129302740097,"[0.05, 0.05, 0.05, 0.05]","[0, 0, 0, 0]",0.0,0,True
seed7_P_O0_resume,41,0.6310316324234009,0.8125,0.869490385055542,0.43002989888191223,3.2609992027282715,0.16304996609687805,"[0.05, 0.05, 0.05, 0.05]","[0, 0, 0, 0]",0.0,0,True
seed7_P_O0_resume,42,0.7937140464782715,0.5,0.8877934813499451,0.48722749948501587,3.0313923358917236,0.15156961977481842,"[0.05, 0.05, 0.05, 0.05]","[0, 0, 0, 0]",0.0,0,True
seed7_P_O0_resume,43,0.6308130025863647,0.9375,0.7925868034362793,0.39472585916519165,3.1552305221557617,0.15776154398918152,"[0.05, 0.05, 0.05, 0.05]","[0, 0, 0, 0]",0.0,0,True
seed7_P_O0_resume,44,0.5549461841583252,0.96875,0.8491438627243042,0.4802789092063904,2.9420015811920166,0.14710009098052979,"[0.05, 0.05, 0.05, 0.05]","[0, 0, 0, 0]",0.0,0,True
seed7_P_O0_resume,45,0.5429697036743164,0.875,0.9310324788093567,0.5664159059524536,2.8400349617004395,0.14200174808502197,"[0.05, 0.05, 0.05, 0.05]","[0, 0, 0, 0]",0.0,0,True
seed7_P_O0_resume,46,0.6623417139053345,0.75,0.8454111218452454,0.43868082761764526,3.139502763748169,0.1569751352071762,"[0.05, 0.05, 0.05, 0.05]","[0, 0, 0, 0]",0.0,0,True
seed7_P_O0_resume,47,0.714375913143158,0.59375,0.7814292311668396,0.40657687187194824,2.977060079574585,0.14885300397872925,"[0.05, 0.05, 0.05, 0.05]","[0, 0, 0, 0]",0.0,0,True
seed7_P_O0_resume,48,0.622331440448761,0.8125,0.8578392267227173,0.4428674578666687,3.1607236862182617,0.15803620219230652,"[0.05, 0.05, 0.05, 0.05]","[0, 0, 0, 0]",0.0,0,True
seed7_P_O0_resume,49,0.5196979641914368,0.9375,0.9064362645149231,0.5208074450492859,2.9867353439331055,0.1493367850780487,"[0.05, 0.05, 0.05, 0.05]","[0, 0, 0, 0]",0.0,0,True
seed7_P_O0_resume,50,0.6169025301933289,0.8125,0.8122068643569946,0.41612327098846436,3.111656665802002,0.15558281540870667,"[0.05, 0.05, 0.05, 0.05]","[0, 0, 0, 0]",0.0,0,True
seed7_P_O0_resume,51,0.6110352873802185,0.8125,0.848164439201355,0.44452008605003357,3.114664077758789,0.15573319792747498,"[0.05, 0.05, 0.05, 0.05]","[0, 0, 0, 0]",0.0,0,True
seed7_P_O0_resume,52,0.5915005207061768,0.84375,0.9125372171401978,0.5365222692489624,2.9045920372009277,0.14522960782051086,"[0.05, 0.05, 0.05, 0.05]","[0, 0, 0, 0]",0.0,0,True
seed7_P_O0_resume,53,0.5760287046432495,0.75,0.7562118768692017,0.3888036012649536,3.025639057159424,0.1512819528579712,"[0.05, 0.05, 0.05, 0.05]","[0, 0, 0, 0]",0.0,0,True
seed7_P_O0_resume,54,0.5607344508171082,0.75,0.8210598230361938,0.40199750661849976,3.246890068054199,0.16234451532363892,"[0.05, 0.05, 0.05, 0.05]","[0, 0, 0, 0]",0.0,0,True
seed7_P_O0_resume,55,0.6270478367805481,0.65625,0.721251368522644,0.31707844138145447,3.224733829498291,0.1612366884946823,"[0.05, 0.05, 0.05, 0.05]","[0, 0, 0, 0]",0.0,0,True
seed7_P_O0_resume,56,0.6177365779876709,0.8125,0.9653341770172119,0.5780901908874512,2.9481377601623535,0.1474069058895111,"[0.05, 0.05, 0.05, 0.05]","[0, 0, 0, 0]",0.0,0,True
seed7_P_O0_resume,57,0.5946470499038696,0.8125,0.9241639375686646,0.5403039455413818,2.9396395683288574,0.14698198437690735,"[0.05, 0.05, 0.05, 0.05]","[0, 0, 0, 0]",0.0,0,True
seed7_P_O0_resume,58,0.6360106468200684,0.75,0.8816232681274414,0.4772096574306488,3.097412109375,0.15487059950828552,"[0.05, 0.05, 0.05, 0.05]","[0, 0, 0, 0]",0.0,0,True
seed7_P_O0_resume,59,0.5584295392036438,0.84375,0.7389278411865234,0.3484725058078766,3.154294729232788,0.15771475434303284,"[0.05, 0.05, 0.05, 0.05]","[0, 0, 0, 0]",0.0,0,True
seed7_P_O0_resume,60,0.6125221848487854,0.8125,0.7935563325881958,0.3731383681297302,3.242823362350464,0.16214117407798767,"[0.05, 0.05, 0.05, 0.05]","[0, 0, 0, 0]",0.0,0,True
seed7_P_O0_resume,61,0.5622086524963379,0.84375,0.6966001987457275,0.33847707509994507,3.0327324867248535,0.15163663029670715,"[0.05, 0.05, 0.05, 0.05]","[0, 0, 0, 0]",0.0,0,True
seed7_P_O0_resume,62,0.6078217029571533,0.6875,0.8880164623260498,0.47786933183670044,3.141904354095459,0.15709523856639862,"[0.05, 0.05, 0.05, 0.05]","[0, 0, 0, 0]",0.0,0,True
seed7_P_O0_resume,63,0.6050624847412109,0.71875,0.778749942779541,0.38561496138572693,3.128126382827759,0.15640631318092346,"[0.05, 0.05, 0.05, 0.05]","[0, 0, 0, 0]",0.0,0,True
seed7_P_O0_resume,64,0.5829039812088013,0.78125,0.8907831907272339,0.4900570511817932,3.0726029872894287,0.15363015234470367,"[0.05, 0.05, 0.05, 0.05]","[0, 0, 0, 0]",0.0,0,True
seed7_P_O0_resume,65,0.6320229768753052,0.78125,0.9288922548294067,0.5440211296081543,2.9696922302246094,0.14848461747169495,"[0.05, 0.05, 0.05, 0.05]","[0, 0, 0, 0]",0.0,0,True
seed7_P_O0_resume,66,0.64219069480896,0.65625,0.8158085346221924,0.41683194041252136,3.110621690750122,0.15553107857704163,"[0.05, 0.05, 0.05, 0.05]","[0, 0, 0, 0]",0.0,0,True
seed7_P_O0_resume,67,0.5586424469947815,0.875,0.7178692817687988,0.34756046533584595,3.0623764991760254,0.1531188189983368,"[0.05, 0.05, 0.05, 0.05]","[0, 0, 0, 0]",0.0,0,True
seed7_P_O0_resume,68,0.5610165596008301,0.84375,0.7936676144599915,0.39977532625198364,3.142515182495117,0.15712577104568481,"[0.05, 0.05, 0.05, 0.05]","[0, 0, 0, 0]",0.0,0,True
seed7_P_O0_resume,69,0.5923957228660583,0.84375,0.819912314414978,0.4402015507221222,3.0422635078430176,0.1521131843328476,"[0.05, 0.05, 0.05, 0.05]","[0, 0, 0, 0]",0.0,0,True
seed7_P_O0_resume,70,0.6598332524299622,0.625,0.9882439374923706,0.573502779006958,3.0572009086608887,0.15286004543304443,"[0.05, 0.05, 0.05, 0.05]","[0, 0, 0, 0]",0.0,0,True
seed7_P_O0_resume,71,0.513431966304779,0.9375,0.814852774143219,0.3936108648777008,3.249295711517334,0.16246479749679565,"[0.05, 0.05, 0.05, 0.05]","[0, 0, 0, 0]",0.0,0,True
seed7_P_O0_resume,72,0.6508102416992188,0.8125,0.803382158279419,0.4605324864387512,2.8495233058929443,0.1424761712551117,"[0.05, 0.05, 0.05, 0.05]","[0, 0, 0, 0]",0.0,0,True
seed7_P_O0_resume,73,0.6743699312210083,0.5625,0.7402641773223877,0.3348957300186157,3.2337889671325684,0.16168944537639618,"[0.05, 0.05, 0.05, 0.05]","[0, 0, 0, 0]",0.0,0,True
seed7_P_O0_resume,74,0.5986798405647278,0.78125,0.6450772285461426,0.31123602390289307,2.950385808944702,0.1475192904472351,"[0.05, 0.05, 0.05, 0.05]","[0, 0, 0, 0]",0.0,0,True
seed7_P_O0_resume,75,0.548281192779541,0.75,0.8877906799316406,0.4733191728591919,3.131340265274048,0.15656700730323792,"[0.05, 0.05, 0.05, 0.05]","[0, 0, 0, 0]",0.0,0,True
seed7_P_O0_resume,76,0.5820493102073669,0.78125,0.9539775848388672,0.5507420897483826,3.046431541442871,0.15232157707214355,"[0.05, 0.05, 0.05, 0.05]","[0, 0, 0, 0]",0.0,0,True
seed7_P_O0_resume,77,0.605501651763916,0.875,0.6583621501922607,0.3380647897720337,2.8489928245544434,0.14244964718818665,"[0.05, 0.05, 0.05, 0.05]","[0, 0, 0, 0]",0.0,0,True
seed7_P_O0_resume,78,0.6563553810119629,0.53125,0.9890843629837036,0.6205272674560547,2.842109203338623,0.14210546016693115,"[0.05, 0.05, 0.05, 0.05]","[0, 0, 0, 0]",0.0,0,True
seed7_P_O0_resume,79,0.6185377240180969,0.75,0.907645046710968,0.5271295309066772,2.9696638584136963,0.14848320186138153,"[0.05, 0.05, 0.05, 0.05]","[0, 0, 0, 0]",0.0,0,True
seed7_P_O0_resume,80,0.6253437399864197,0.78125,0.9312798976898193,0.5313621759414673,3.0283257961273193,0.15141630172729492,"[0.05, 0.05, 0.05, 0.05]","[0, 0, 0, 0]",0.0,0,True
seed7_P_O0_resume,81,0.563596248626709,0.96875,0.6840367317199707,0.32493215799331665,3.0204031467437744,0.15102015435695648,"[0.05, 0.05, 0.05, 0.05]","[0, 0, 0, 0]",0.0,0,True
seed7_P_O0_resume,82,0.6288096904754639,0.6875,0.9107401967048645,0.5204489827156067,3.0220348834991455,0.1511017382144928,"[0.05, 0.05, 0.05, 0.05]","[0, 0, 0, 0]",0.0,0,True
seed7_P_O0_resume,83,0.5000048875808716,1.0,0.8265862464904785,0.4454827904701233,3.0228734016418457,0.15114368498325348,"[0.05, 0.05, 0.05, 0.05]","[0, 0, 0, 0]",0.0,0,True
seed7_P_O0_resume,84,0.6107773780822754,0.75,0.7929561734199524,0.42476803064346313,3.008390426635742,0.15041953325271606,"[0.05, 0.05, 0.05, 0.05]","[0, 0, 0, 0]",0.0,0,True
seed7_P_O0_resume,85,0.6809998154640198,0.625,0.6778323650360107,0.3697323203086853,2.7824511528015137,0.13912254571914673,"[0.05, 0.05, 0.05, 0.05]","[0, 0, 0, 0]",0.0,0,True
seed7_P_O0_resume,86,0.5726849436759949,0.90625,0.8661255836486816,0.46793481707572937,3.0744359493255615,0.15372179448604584,"[0.05, 0.05, 0.05, 0.05]","[0, 0, 0, 0]",0.0,0,True
seed7_P_O0_resume,87,0.44487836956977844,1.0,0.844757616519928,0.4461512565612793,3.110685348510742,0.1555342674255371,"[0.05, 0.05, 0.05, 0.05]","[0, 0, 0, 0]",0.0,0,True
seed7_P_O0_resume,88,0.5499619245529175,0.875,0.8028246164321899,0.41796940565109253,3.067272663116455,0.1533636450767517,"[0.05, 0.05, 0.05, 0.05]","[0, 0, 0, 0]",0.0,0,True
seed7_P_O0_resume,89,0.671487033367157,0.65625,0.8473485708236694,0.49738210439682007,2.8706295490264893,0.14353147149085999,"[0.05, 0.05, 0.05, 0.05]","[0, 0, 0, 0]",0.0,0,True
seed7_P_O0_resume,90,0.578645646572113,0.84375,0.8885277509689331,0.5289983749389648,2.8707275390625,0.14353637397289276,"[0.05, 0.05, 0.05, 0.05]","[0, 0, 0, 0]",0.0,0,True
seed7_P_O0_resume,91,0.7014353275299072,0.65625,0.7280382513999939,0.3967611491680145,2.8575026988983154,0.14287513494491577,"[0.05, 0.05, 0.05, 0.05]","[0, 0, 0, 0]",0.0,0,True
seed7_P_O0_resume,92,0.6970751881599426,0.59375,0.8565286993980408,0.5098251700401306,2.8295845985412598,0.1414792239665985,"[0.05, 0.05, 0.05, 0.05]","[0, 0, 0, 0]",0.0,0,True
seed7_P_O0_resume,93,0.5742849707603455,0.84375,0.9231578707695007,0.5263786315917969,3.0438125133514404,0.15219062566757202,"[0.05, 0.05, 0.05, 0.05]","[0, 0, 0, 0]",0.0,0,True
seed7_P_O0_resume,94,0.5926797389984131,0.78125,0.9275507926940918,0.5493251085281372,2.883657932281494,0.14418289065361023,"[0.05, 0.05, 0.05, 0.05]","[0, 0, 0, 0]",0.0,0,True
seed7_P_O0_resume,95,0.5232425332069397,0.8125,0.8808507323265076,0.5097752809524536,2.963024139404297,0.1481512039899826,"[0.05, 0.05, 0.05, 0.05]","[0, 0, 0, 0]",0.0,0,True
seed7_P_O0_resume,96,0.5374167561531067,0.9375,0.7061750888824463,0.369586706161499,2.8736352920532227,0.14368176460266113,"[0.05, 0.05, 0.05, 0.05]","[0, 0, 0, 0]",0.0,0,True
seed7_P_O0_resume,97,0.6782735586166382,0.53125,0.8149293661117554,0.4541245996952057,2.924689769744873,0.14623449742794037,"[0.05, 0.05, 0.05, 0.05]","[0, 0, 0, 0]",0.0,0,True
seed7_P_O0_resume,98,0.5091558694839478,0.875,0.8364216685295105,0.5090899467468262,2.7206482887268066,0.13603240251541138,"[0.05, 0.05, 0.05, 0.05]","[0, 0, 0, 0]",0.0,0,True
seed7_P_O0_resume,99,0.5526880621910095,0.78125,0.9424475431442261,0.5812849998474121,2.8630096912384033,0.1431504786014557,"[0.05, 0.05, 0.05, 0.05]","[0, 0, 0, 0]",0.0,0,True
seed7_P_O0_resume,100,0.5923791527748108,0.6875,0.7675971984863281,0.39680272340774536,3.013035774230957,0.15065178275108337,"[0.05, 0.05, 0.05, 0.05]","[0, 0, 0, 0]",0.0,0,True
seed7_P_O0_resume,101,0.6128007173538208,0.875,0.8645458221435547,0.5217403769493103,2.7885923385620117,0.13942961394786835,"[0.05, 0.05, 0.05, 0.05]","[0, 0, 0, 0]",0.0,0,True
seed7_P_O0_resume,102,0.6129634976387024,0.8125,0.6860008239746094,0.3530808985233307,2.8625285625457764,0.14312642812728882,"[0.05, 0.05, 0.05, 0.05]","[0, 0, 0, 0]",0.0,0,True
seed7_P_O0_resume,103,0.5717149972915649,0.78125,0.784999668598175,0.46538734436035156,2.7468385696411133,0.1373419463634491,"[0.05, 0.05, 0.05, 0.05]","[0, 0, 0, 0]",0.0,0,True
seed7_P_O0_resume,104,0.6214338541030884,0.71875,0.7832216024398804,0.42853808403015137,2.921647787094116,0.14608238637447357,"[0.05, 0.05, 0.05, 0.05]","[0, 0, 0, 0]",0.0,0,True
seed7_P_O0_resume,105,0.6094264388084412,0.6875,0.7680596709251404,0.42183732986450195,2.9327492713928223,0.1466374695301056,"[0.05, 0.05, 0.05, 0.05]","[0, 0, 0, 0]",0.0,0,True
seed7_P_O0_resume,106,0.630317211151123,0.71875,0.8455688953399658,0.4882851243019104,2.885953903198242,0.14429768919944763,"[0.05, 0.05, 0.05, 0.05]","[0, 0, 0, 0]",0.0,0,True
seed7_P_O0_resume,107,0.5674530863761902,0.90625,0.7844606041908264,0.46275418996810913,2.72773814201355,0.1363869160413742,"[0.05, 0.05, 0.05, 0.05]","[0, 0, 0, 0]",0.0,0,True
seed7_P_O0_resume,108,0.5386744141578674,0.875,0.8093811273574829,0.4644588530063629,2.8311164379119873,0.1415558159351349,"[0.05, 0.05, 0.05, 0.05]","[0, 0, 0, 0]",0.0,0,True
seed7_P_O0_resume,109,0.5351105332374573,0.96875,1.0427602529525757,0.7333129644393921,2.4908270835876465,0.12454135715961456,"[0.05, 0.05, 0.05, 0.05]","[0, 0, 0, 0]",0.0,0,True
seed7_P_O0_resume,110,0.49665337800979614,0.9375,0.7724925875663757,0.41583502292633057,2.9024245738983154,0.1451212465763092,"[0.05, 0.05, 0.05, 0.05]","[0, 0, 0, 0]",0.0,0,True
seed7_P_O0_resume,111,0.5355120301246643,0.8125,0.8159700036048889,0.4705328941345215,2.8768789768218994,0.14384394884109497,"[0.05, 0.05, 0.05, 0.05]","[0, 0, 0, 0]",0.0,0,True
seed7_P_O0_resume,112,0.5934856534004211,0.84375,0.7946727275848389,0.4831686317920685,2.6977028846740723,0.13488514721393585,"[0.05, 0.05, 0.05, 0.05]","[0, 0, 0, 0]",0.0,0,True
seed7_P_O0_resume,113,0.5203494429588318,0.96875,0.8352600932121277,0.5518211126327515,2.49130916595459,0.12456545233726501,"[0.05, 0.05, 0.05, 0.05]","[0, 0, 0, 0]",0.0,0,True
seed7_P_O0_resume,114,0.6458485722541809,0.75,0.8655017614364624,0.4786950945854187,3.0110087394714355,0.1505504548549652,"[0.05, 0.05, 0.05, 0.05]","[0, 0, 0, 0]",0.0,0,True
seed7_P_O0_resume,115,0.6215052008628845,0.625,0.9025205373764038,0.583085834980011,2.636802911758423,0.13184013962745667,"[0.05, 0.05, 0.05, 0.05]","[0, 0, 0, 0]",0.0,0,True
seed7_P_O0_resume,116,0.5989145636558533,0.8125,0.8196371793746948,0.47746768593788147,2.8452179431915283,0.14226090908050537,"[0.05, 0.05, 0.05, 0.05]","[0, 0, 0, 0]",0.0,0,True
seed7_P_O0_resume,117,0.6179915070533752,0.78125,0.8262689113616943,0.5113174319267273,2.684133529663086,0.13420668244361877,"[0.05, 0.05, 0.05, 0.05]","[0, 0, 0, 0]",0.0,0,True
seed7_P_O0_resume,118,0.5374364852905273,0.96875,0.9472140669822693,0.5980557203292847,2.776416540145874,0.1388208270072937,"[0.05, 0.05, 0.05, 0.05]","[0, 0, 0, 0]",0.0,0,True
seed7_P_O0_resume,119,0.5386656522750854,0.9375,0.7323074340820312,0.42480236291885376,2.6918468475341797,0.13459235429763794,"[0.05, 0.05, 0.05, 0.05]","[0, 0, 0, 0]",0.0,0,True
seed7_P_O0_resume,120,0.5013973116874695,0.78125,0.6760506629943848,0.387021541595459,2.632096529006958,0.13160482048988342,"[0.05, 0.05, 0.05, 0.05]","[0, 0, 0, 0]",0.0,0,True
seed7_P_O0_resume,121,0.5790606737136841,0.875,0.8354029655456543,0.4900544285774231,2.8512439727783203,0.14256218075752258,"[0.05, 0.05, 0.05, 0.05]","[0, 0, 0, 0]",0.0,0,True
seed7_P_O0_resume,122,0.578159511089325,0.71875,0.6989423036575317,0.40314656496047974,2.6787819862365723,0.13393911719322205,"[0.05, 0.05, 0.05, 0.05]","[0, 0, 0, 0]",0.0,0,True
seed7_P_O0_resume,123,0.5729349851608276,0.8125,0.7198769450187683,0.4261753261089325,2.655994415283203,0.13279971480369568,"[0.05, 0.05, 0.05, 0.05]","[0, 0, 0, 0]",0.0,0,True
seed7_P_O0_resume,124,0.6913659572601318,0.5625,0.8733239769935608,0.5275787115097046,2.777928352355957,0.13889643549919128,"[0.05, 0.05, 0.05, 0.05]","[0, 0, 0, 0]",0.0,0,True
seed7_P_O0_resume,125,0.6355400681495667,0.84375,0.8475387692451477,0.5004320740699768,2.837425708770752,0.14187128841876984,"[0.05, 0.05, 0.05, 0.05]","[0, 0, 0, 0]",0.0,0,True
seed7_P_O0_resume,126,0.5909578800201416,0.8125,0.858482837677002,0.6045901775360107,2.3601081371307373,0.1180054098367691,"[0.05, 0.05, 0.05, 0.05]","[0, 0, 0, 0]",0.0,0,True
seed7_P_O0_resume,127,0.5666387677192688,0.90625,0.7601684331893921,0.47614753246307373,2.568819522857666,0.1284409761428833,"[0.05, 0.05, 0.05, 0.05]","[0, 0, 0, 0]",0.0,0,True
seed7_P_O0_resume,128,0.6274524927139282,0.71875,0.7864792943000793,0.44008129835128784,2.875765562057495,0.14378827810287476,"[0.05, 0.05, 0.05, 0.05]","[0, 0, 0, 0]",0.0,0,True
seed7_P_O0_resume,129,0.6913866996765137,0.6875,0.7437389492988586,0.42889028787612915,2.711574077606201,0.1355787068605423,"[0.05, 0.05, 0.05, 0.05]","[0, 0, 0, 0]",0.0,0,True
seed7_P_O0_resume,130,0.523347795009613,0.84375,0.9181687831878662,0.5928249359130859,2.6467766761779785,0.13233882188796997,"[0.05, 0.05, 0.05, 0.05]","[0, 0, 0, 0]",0.0,0,True
seed7_P_O0_resume,131,0.6269527673721313,0.75,0.8714112639427185,0.5409467220306396,2.709096670150757,0.13545483350753784,"[0.05, 0.05, 0.05, 0.05]","[0, 0, 0, 0]",0.0,0,True
seed7_P_O0_resume,132,0.6017895340919495,0.625,0.8416535258293152,0.5546809434890747,2.4906651973724365,0.1245332658290863,"[0.05, 0.05, 0.05, 0.05]","[0, 0, 0, 0]",0.0,0,True
seed7_P_O0_resume,133,0.6962223052978516,0.53125,0.922785758972168,0.596815288066864,2.681044578552246,0.13405223190784454,"[0.05, 0.05, 0.05, 0.05]","[0, 0, 0, 0]",0.0,0,True
seed7_P_O0_resume,134,0.5526096224784851,0.78125,0.7552797198295593,0.4205463230609894,2.8330516815185547,0.14165258407592773,"[0.05, 0.05, 0.05, 0.05]","[0, 0, 0, 0]",0.0,0,True
seed7_P_O0_resume,135,0.5597708225250244,0.78125,0.7339276075363159,0.40741533041000366,2.8295083045959473,0.14147540926933289,"[0.05, 0.05, 0.05, 0.05]","[0, 0, 0, 0]",0.0,0,True
seed7_P_O0_resume,136,0.543822169303894,0.875,0.9025121927261353,0.602759838104248,2.5787057876586914,0.12893527746200562,"[0.05, 0.05, 0.05, 0.05]","[0, 0, 0, 0]",0.0,0,True
seed7_P_O0_resume,137,0.5045339465141296,0.90625,0.8852169513702393,0.5517803430557251,2.7242274284362793,0.1362113654613495,"[0.05, 0.05, 0.05, 0.05]","[0, 0, 0, 0]",0.0,0,True
seed7_P_O0_resume,138,0.518592894077301,0.96875,0.8565652370452881,0.5406790971755981,2.688375949859619,0.1344188004732132,"[0.05, 0.05, 0.05, 0.05]","[0, 0, 0, 0]",0.0,0,True
seed7_P_O0_resume,139,0.45823338627815247,0.875,0.8194513320922852,0.507879376411438,2.649749279022217,0.1324874758720398,"[0.05, 0.05, 0.05, 0.05]","[0, 0, 0, 0]",0.0,0,True
seed7_P_O0_resume,140,0.41932013630867004,0.875,0.7993245124816895,0.5168545842170715,2.526085376739502,0.1263042688369751,"[0.05, 0.05, 0.05, 0.05]","[0, 0, 0, 0]",0.0,0,True
seed7_P_O0_resume,141,0.5846332311630249,0.71875,0.7384493350982666,0.4172747731208801,2.7525291442871094,0.13762643933296204,"[0.05, 0.05, 0.05, 0.05]","[0, 0, 0, 0]",0.0,0,True
seed7_P_O0_resume,142,0.5918998718261719,0.875,0.7207751274108887,0.40264737606048584,2.7836525440216064,0.13918262720108032,"[0.05, 0.05, 0.05, 0.05]","[0, 0, 0, 0]",0.0,0,True
seed7_P_O0_resume,143,0.63322514295578,0.8125,0.7243956327438354,0.4218713343143463,2.644604206085205,0.13223019242286682,"[0.05, 0.05, 0.05, 0.05]","[0, 0, 0, 0]",0.0,0,True
seed7_P_O0_resume,144,0.5440375804901123,0.90625,0.774885892868042,0.4403795599937439,2.792938232421875,0.13964691758155823,"[0.05, 0.05, 0.05, 0.05]","[0, 0, 0, 0]",0.0,0,True
seed7_P_O0_resume,145,0.6031500697135925,0.8125,0.7279923558235168,0.42512577772140503,2.6824774742126465,0.13412387669086456,"[0.05, 0.05, 0.05, 0.05]","[0, 0, 0, 0]",0.0,0,True
seed7_P_O0_resume,146,0.5655361413955688,0.90625,0.8622860312461853,0.5230276584625244,2.7448368072509766,0.13724184036254883,"[0.05, 0.05, 0.05, 0.05]","[0, 0, 0, 0]",0.0,0,True
seed7_P_O0_resume,147,0.6679694056510925,0.6875,0.6129133701324463,0.34933173656463623,2.5389342308044434,0.12694671750068665,"[0.05, 0.05, 0.05, 0.05]","[0, 0, 0, 0]",0.0,0,True
seed7_P_O0_resume,148,0.6197189688682556,0.71875,0.8925625085830688,0.566869854927063,2.736804485321045,0.13684022426605225,"[0.05, 0.05, 0.05, 0.05]","[0, 0, 0, 0]",0.0,0,True
seed7_P_O0_resume,149,0.5328999161720276,0.84375,0.8873608112335205,0.5649495124816895,2.727212429046631,0.13636061549186707,"[0.05, 0.05, 0.05, 0.05]","[0, 0, 0, 0]",0.0,0,True
seed7_P_O0_resume,150,0.5389118194580078,0.96875,0.7246723771095276,0.4295104742050171,2.6388020515441895,0.131940096616745,"[0.05, 0.05, 0.05, 0.05]","[0, 0, 0, 0]",0.0,0,True
seed7_P_O0_resume,151,0.5521863698959351,0.96875,0.9100768566131592,0.6132608652114868,2.5267772674560547,0.12633885443210602,"[0.05, 0.05, 0.05, 0.05]","[0, 0, 0, 0]",0.0,0,True
seed7_P_O0_resume,152,0.5426167845726013,0.875,0.7868807911872864,0.46070826053619385,2.7646751403808594,0.13823376595973969,"[0.05, 0.05, 0.05, 0.05]","[0, 0, 0, 0]",0.0,0,True
seed7_P_O0_resume,153,0.598509669303894,0.78125,0.8539758920669556,0.5540726184844971,2.610495090484619,0.13052475452423096,"[0.05, 0.05, 0.05, 0.05]","[0, 0, 0, 0]",0.0,0,True
seed7_P_O0_resume,154,0.5681448578834534,0.90625,0.7321565747261047,0.4620778560638428,2.511080265045166,0.12555402517318726,"[0.05, 0.05, 0.05, 0.05]","[0, 0, 0, 0]",0.0,0,True
seed7_P_O0_resume,155,0.49200835824012756,0.875,0.7164897322654724,0.4428805708885193,2.5161356925964355,0.1258067786693573,"[0.05, 0.05, 0.05, 0.05]","[0, 0, 0, 0]",0.0,0,True
seed7_P_O0_resume,156,0.5311200022697449,0.9375,0.7246018052101135,0.40670740604400635,2.8023505210876465,0.14011754095554352,"[0.05, 0.05, 0.05, 0.05]","[0, 0, 0, 0]",0.0,0,True
seed7_P_O0_resume,157,0.5302919745445251,0.96875,0.7899811267852783,0.4936627149581909,2.6158196926116943,0.13079099357128143,"[0.05, 0.05, 0.05, 0.05]","[0, 0, 0, 0]",0.0,0,True
seed7_P_O0_resume,158,0.5476384162902832,0.96875,0.8795201182365417,0.5852946639060974,2.495128870010376,0.12475644052028656,"[0.05, 0.05, 0.05, 0.05]","[0, 0, 0, 0]",0.0,0,True
seed7_P_O0_resume,159,0.5497323274612427,0.8125,0.7300003170967102,0.44155049324035645,2.583646535873413,0.1291823387145996,"[0.05, 0.05, 0.05, 0.05]","[0, 0, 0, 0]",0.0,0,True
seed7_P_O0_resume,160,0.5198343992233276,0.9375,0.7976619601249695,0.5103206634521484,2.532600164413452,0.1266300082206726,"[0.05, 0.05, 0.05, 0.05]","[0, 0, 0, 0]",0.0,0,True
seed7_P_O0_resume,161,0.5093967318534851,0.9375,0.7850949764251709,0.4421984851360321,2.866016149520874,0.14330080151557922,"[0.05, 0.05, 0.05, 0.05]","[0, 0, 0, 0]",0.0,0,True
seed7_P_O0_resume,162,0.6341346502304077,0.71875,0.9381722211837769,0.6423298120498657,2.5560250282287598,0.12780123949050903,"[0.05, 0.05, 0.05, 0.05]","[0, 0, 0, 0]",0.0,0,True
seed7_P_O0_resume,163,0.645823061466217,0.65625,0.6738633513450623,0.41475459933280945,2.4849209785461426,0.12424605339765549,"[0.05, 0.05, 0.05, 0.05]","[0, 0, 0, 0]",0.0,0,True
seed7_P_O0_resume,164,0.5564022064208984,0.8125,0.7522608041763306,0.4771699607372284,2.5141921043395996,0.12570959329605103,"[0.05, 0.05, 0.05, 0.05]","[0, 0, 0, 0]",0.0,0,True
seed7_P_O0_resume,165,0.5907931923866272,0.8125,0.7061660289764404,0.42644691467285156,2.581451177597046,0.12907256186008453,"[0.05, 0.05, 0.05, 0.05]","[0, 0, 0, 0]",0.0,0,True
seed7_P_O0_resume,166,0.5539405345916748,0.875,0.7754852175712585,0.49161192774772644,2.5510787963867188,0.12755395472049713,"[0.05, 0.05, 0.05, 0.05]","[0, 0, 0, 0]",0.0,0,True
seed7_P_O0_resume,167,0.6578599810600281,0.59375,0.7688107490539551,0.5331763029098511,2.316776752471924,0.11583884805440903,"[0.05, 0.05, 0.05, 0.05]","[0, 0, 0, 0]",0.0,0,True
seed7_P_O0_resume,168,0.6027738451957703,0.84375,0.8707695007324219,0.5749664306640625,2.537980079650879,0.12689900398254395,"[0.05, 0.05, 0.05, 0.05]","[0, 0, 0, 0]",0.0,0,True
seed7_P_O0_resume,169,0.6278299689292908,0.71875,0.8862303495407104,0.6302481293678284,2.363497257232666,0.11817485094070435,"[0.05, 0.05, 0.05, 0.05]","[0, 0, 0, 0]",0.0,0,True
seed7_P_O0_resume,170,0.5106815695762634,0.8125,0.7044124007225037,0.42320236563682556,2.5640299320220947,0.12820149958133698,"[0.05, 0.05, 0.05, 0.05]","[0, 0, 0, 0]",0.0,0,True
seed7_P_O0_resume,171,0.472709059715271,0.9375,1.0030312538146973,0.7273989319801331,2.4106664657592773,0.12053331732749939,"[0.05, 0.05, 0.05, 0.05]","[0, 0, 0, 0]",0.0,0,True
seed7_P_O0_resume,172,0.6759376525878906,0.65625,0.9151099324226379,0.6485027074813843,2.3582215309143066,0.11791107058525085,"[0.05, 0.05, 0.05, 0.05]","[0, 0, 0, 0]",0.0,0,True
seed7_P_O0_resume,173,0.5713657736778259,0.84375,0.7113380432128906,0.44465166330337524,2.5044503211975098,0.12522250413894653,"[0.05, 0.05, 0.05, 0.05]","[0, 0, 0, 0]",0.0,0,True
seed7_P_O0_resume,174,0.6360032558441162,0.625,0.8791254162788391,0.6373863220214844,2.277038335800171,0.11385191977024078,"[0.05, 0.05, 0.05, 0.05]","[0, 0, 0, 0]",0.0,0,True
seed7_P_O0_resume,175,0.5815166234970093,0.8125,0.9830511808395386,0.7161492109298706,2.357668876647949,0.11788344383239746,"[0.05, 0.05, 0.05, 0.05]","[0, 0, 0, 0]",0.0,0,True
seed7_P_O0_resume,176,0.6418009400367737,0.6875,0.7436274290084839,0.48471367359161377,2.420975685119629,0.12104877829551697,"[0.05, 0.05, 0.05, 0.05]","[0, 0, 0, 0]",0.0,0,True
seed7_P_O0_resume,177,0.571532666683197,0.8125,0.7973977327346802,0.5173180103302002,2.5116772651672363,0.12558385729789734,"[0.05, 0.05, 0.05, 0.05]","[0, 0, 0, 0]",0.0,0,True
seed7_P_O0_resume,178,0.548829197883606,0.75,0.7604149580001831,0.4915355443954468,2.45119571685791,0.12255978584289551,"[0.05, 0.05, 0.05, 0.05]","[0, 0, 0, 0]",0.0,0,True
seed7_P_O0_resume,179,0.6359958648681641,0.78125,0.7716799378395081,0.48125985264778137,2.588989734649658,0.1294494867324829,"[0.05, 0.05, 0.05, 0.05]","[0, 0, 0, 0]",0.0,0,True
seed7_P_O0_resume,180,0.6063516736030579,0.9375,0.8143959641456604,0.5146562457084656,2.5685644149780273,0.12842822074890137,"[0.05, 0.05, 0.05, 0.05]","[0, 0, 0, 0]",0.0,0,True
seed7_P_O0_resume,181,0.5941334366798401,0.8125,0.7774550914764404,0.5140674710273743,2.4424030780792236,0.12212015688419342,"[0.05, 0.05, 0.05, 0.05]","[0, 0, 0, 0]",0.0,0,True
seed7_P_O0_resume,182,0.5351346135139465,0.84375,0.739219069480896,0.464820921421051,2.5098819732666016,0.1254940927028656,"[0.05, 0.05, 0.05, 0.05]","[0, 0, 0, 0]",0.0,0,True
seed7_P_O0_resume,183,0.5103800296783447,0.875,0.7784241437911987,0.532103419303894,2.341195583343506,0.11705977469682693,"[0.05, 0.05, 0.05, 0.05]","[0, 0, 0, 0]",0.0,0,True
seed7_P_O0_resume,184,0.6119607090950012,0.8125,0.9419223070144653,0.6868737936019897,2.31925106048584,0.11596255004405975,"[0.05, 0.05, 0.05, 0.05]","[0, 0, 0, 0]",0.0,0,True
seed7_P_O0_resume,185,0.5803459882736206,0.875,0.8769108057022095,0.6199284791946411,2.3803579807281494,0.11901789158582687,"[0.05, 0.05, 0.05, 0.05]","[0, 0, 0, 0]",0.0,0,True
seed7_P_O0_resume,186,0.6119893193244934,0.78125,0.8023551106452942,0.5085946321487427,2.5772361755371094,0.12886181473731995,"[0.05, 0.05, 0.05, 0.05]","[0, 0, 0, 0]",0.0,0,True
seed7_P_O0_resume,187,0.5112820267677307,0.875,0.7752176523208618,0.48093071579933167,2.605647087097168,0.13028235733509064,"[0.05, 0.05, 0.05, 0.05]","[0, 0, 0, 0]",0.0,0,True
seed7_P_O0_resume,188,0.5104014277458191,0.8125,0.844427764415741,0.5952788591384888,2.3326752185821533,0.11663375794887543,"[0.05, 0.05, 0.05, 0.05]","[0, 0, 0, 0]",0.0,0,True
seed7_P_O0_resume,189,0.5371794104576111,0.8125,0.7983660697937012,0.51363605260849,2.5614287853240967,0.12807145714759827,"[0.05, 0.05, 0.05, 0.05]","[0, 0, 0, 0]",0.0,0,True
seed7_P_O0_resume,190,0.5757035613059998,0.8125,0.8458700180053711,0.5818221569061279,2.400261163711548,0.12001307308673859,"[0.05, 0.05, 0.05, 0.05]","[0, 0, 0, 0]",0.0,0,True
seed7_P_O0_resume,191,0.5663412809371948,0.8125,0.8315709829330444,0.5618388056755066,2.4292383193969727,0.1214619129896164,"[0.05, 0.05, 0.05, 0.05]","[0, 0, 0, 0]",0.0,0,True
seed7_P_O0_resume,192,0.4868031442165375,0.84375,0.8698770999908447,0.6324575543403625,2.2181782722473145,0.11090891063213348,"[0.05, 0.05, 0.05, 0.05]","[0, 0, 0, 0]",0.0,0,True
seed7_P_O0_resume,193,0.6598644256591797,0.71875,0.7754764556884766,0.5164781808853149,2.399199962615967,0.1199599951505661,"[0.05, 0.05, 0.05, 0.05]","[0, 0, 0, 0]",0.0,0,True
seed7_P_O0_resume,194,0.6016768217086792,0.875,0.8656297922134399,0.5917335748672485,2.4314966201782227,0.12157483398914337,"[0.05, 0.05, 0.05, 0.05]","[0, 0, 0, 0]",0.0,0,True
seed7_P_O0_resume,195,0.5173300504684448,0.78125,0.9945588111877441,0.7145363092422485,2.4498391151428223,0.12249196320772171,"[0.05, 0.05, 0.05, 0.05]","[0, 0, 0, 0]",0.0,0,True
seed7_P_O0_resume,196,0.4773273169994354,0.9375,0.7258385419845581,0.5047881603240967,2.213756561279297,0.11068782210350037,"[0.05, 0.05, 0.05, 0.05]","[0, 0, 0, 0]",0.0,0,True
seed7_P_O0_resume,197,0.52224200963974,0.96875,0.864250123500824,0.6196209788322449,2.2836556434631348,0.11418277025222778,"[0.05, 0.05, 0.05, 0.05]","[0, 0, 0, 0]",0.0,0,True
seed7_P_O0_resume,198,0.5949335098266602,0.84375,0.8798718452453613,0.6284795999526978,2.2931549549102783,0.11465775966644287,"[0.05, 0.05, 0.05, 0.05]","[0, 0, 0, 0]",0.0,0,True
seed7_P_O0_resume,199,0.5612317323684692,0.78125,0.7559638619422913,0.5383333563804626,2.1941919326782227,0.10970959067344666,"[0.05, 0.05, 0.05, 0.05]","[0, 0, 0, 0]",0.0,0,True
seed7_P_O0_resume,200,0.6082806587219238,0.71875,0.8964076042175293,0.676068902015686,2.136286973953247,0.10681435465812683,"[0.05, 0.05, 0.05, 0.05]","[0, 0, 0, 0]",0.0,0,True
seed7_P_O0_resume,201,0.571989119052887,0.6875,0.7956650853157043,0.5377680063247681,2.416402816772461,0.12082013487815857,"[0.05, 0.05, 0.05, 0.05]","[0, 0, 0, 0]",0.0,0,True
seed7_P_O0_resume,202,0.540782630443573,0.84375,0.7367473840713501,0.4480050206184387,2.584522247314453,0.12922611832618713,"[0.05, 0.05, 0.05, 0.05]","[0, 0, 0, 0]",0.0,0,True
seed7_P_O0_resume,203,0.6211634874343872,0.71875,0.8467566967010498,0.6189022064208984,2.205836296081543,0.11029181629419327,"[0.05, 0.05, 0.05, 0.05]","[0, 0, 0, 0]",0.0,0,True
seed7_P_O0_resume,204,0.586504340171814,0.8125,0.8891198635101318,0.6448751091957092,2.27939772605896,0.11396988481283188,"[0.05, 0.05, 0.05, 0.05]","[0, 0, 0, 0]",0.0,0,True
seed7_P_O0_resume,205,0.5536109209060669,0.84375,0.7407647371292114,0.4910200238227844,2.3750357627868652,0.11875179409980774,"[0.05, 0.05, 0.05, 0.05]","[0, 0, 0, 0]",0.0,0,True
seed7_P_O0_resume,206,0.6045089960098267,0.625,0.8016741871833801,0.5634781122207642,2.2622151374816895,0.11311075836420059,"[0.05, 0.05, 0.05, 0.05]","[0, 0, 0, 0]",0.0,0,True
seed7_P_O0_resume,207,0.4523228704929352,0.9375,0.8789286017417908,0.6294211149215698,2.3117012977600098,0.1155850738286972,"[0.05, 0.05, 0.05, 0.05]","[0, 0, 0, 0]",0.0,0,True
seed7_P_O0_resume,208,0.5453788638114929,0.875,0.8463004231452942,0.5835355520248413,2.406646728515625,0.12033233791589737,"[0.05, 0.05, 0.05, 0.05]","[0, 0, 0, 0]",0.0,0,True
seed7_P_O0_resume,209,0.5095095038414001,0.84375,0.6878100633621216,0.4290884733200073,2.4734065532684326,0.12367033958435059,"[0.05, 0.05, 0.05, 0.05]","[0, 0, 0, 0]",0.0,0,True
seed7_P_O0_resume,210,0.5456703901290894,0.78125,0.7046304941177368,0.45183655619621277,2.418363332748413,0.1209181696176529,"[0.05, 0.05, 0.05, 0.05]","[0, 0, 0, 0]",0.0,0,True
seed7_P_O0_resume,211,0.5545608997344971,0.84375,0.8759115934371948,0.6152935028076172,2.347898483276367,0.11739493906497955,"[0.05, 0.05, 0.05, 0.05]","[0, 0, 0, 0]",0.0,0,True
seed7_P_O0_resume,212,0.6354821920394897,0.6875,0.8435186147689819,0.5990023612976074,2.3069424629211426,0.11534713208675385,"[0.05, 0.05, 0.05, 0.05]","[0, 0, 0, 0]",0.0,0,True
seed7_P_O0_resume,213,0.5891945958137512,0.8125,0.9501574039459229,0.7266131043434143,2.1500186920166016,0.10750094056129456,"[0.05, 0.05, 0.05, 0.05]","[0, 0, 0, 0]",0.0,0,True
seed7_P_O0_resume,214,0.512035608291626,0.90625,0.887514054775238,0.6496863961219788,2.255587100982666,0.11277936398983002,"[0.05, 0.05, 0.05, 0.05]","[0, 0, 0, 0]",0.0,0,True
seed7_P_O0_resume,215,0.6127718091011047,0.75,0.8209348917007446,0.5714807510375977,2.346656322479248,0.1173328161239624,"[0.05, 0.05, 0.05, 0.05]","[0, 0, 0, 0]",0.0,0,True
seed7_P_O0_resume,216,0.6043320298194885,0.8125,0.7412640452384949,0.5117568373680115,2.2245965003967285,0.11122982203960419,"[0.05, 0.05, 0.05, 0.05]","[0, 0, 0, 0]",0.0,0,True
seed7_P_O0_resume,217,0.5692434906959534,0.78125,0.854159414768219,0.6204264163970947,2.230725049972534,0.11153624951839447,"[0.05, 0.05, 0.05, 0.05]","[0, 0, 0, 0]",0.0,0,True
seed7_P_O0_resume,218,0.5310436487197876,0.71875,0.8759219646453857,0.6532248258590698,2.1750619411468506,0.10875310748815536,"[0.05, 0.05, 0.05, 0.05]","[0, 0, 0, 0]",0.0,0,True
seed7_P_O0_resume,219,0.5389105677604675,0.875,0.7361646890640259,0.4932897388935089,2.33156681060791,0.11657833307981491,"[0.05, 0.05, 0.05, 0.05]","[0, 0, 0, 0]",0.0,0,True
seed7_P_O0_resume,220,0.5581992268562317,0.84375,0.9702474474906921,0.726146399974823,2.244481086730957,0.11222405731678009,"[0.05, 0.05, 0.05, 0.05]","[0, 0, 0, 0]",0.0,0,True
seed7_P_O0_resume,221,0.5411293506622314,0.84375,0.736305832862854,0.5050826072692871,2.273625373840332,0.11368127167224884,"[0.05, 0.05, 0.05, 0.05]","[0, 0, 0, 0]",0.0,0,True
seed7_P_O0_resume,222,0.644821047782898,0.6875,0.8134201765060425,0.5551191568374634,2.3910610675811768,0.11955305933952332,"[0.05, 0.05, 0.05, 0.05]","[0, 0, 0, 0]",0.0,0,True
seed7_P_O0_resume,223,0.5785173177719116,0.8125,0.701438844203949,0.4662236273288727,2.2938055992126465,0.11469027400016785,"[0.05, 0.05, 0.05, 0.05]","[0, 0, 0, 0]",0.0,0,True
seed7_P_O0_resume,224,0.6638470888137817,0.71875,0.7819454669952393,0.5644599199295044,2.185731887817383,0.1092865914106369,"[0.05, 0.05, 0.05, 0.05]","[0, 0, 0, 0]",0.0,0,True
seed7_P_O0_resume,225,0.5378037095069885,0.875,0.8095179200172424,0.5505216717720032,2.407015085220337,0.12035075575113297,"[0.05, 0.05, 0.05, 0.05]","[0, 0, 0, 0]",0.0,0,True
seed7_P_O0_resume,226,0.4508478343486786,1.0,0.9804296493530273,0.7580441236495972,2.0935401916503906,0.10467701405286789,"[0.05, 0.05, 0.05, 0.05]","[0, 0, 0, 0]",0.0,0,True
seed7_P_O0_resume,227,0.5321269035339355,0.84375,0.8461180925369263,0.6137658953666687,2.2398416996002197,0.11199209094047546,"[0.05, 0.05, 0.05, 0.05]","[0, 0, 0, 0]",0.0,0,True
seed7_P_O0_resume,228,0.6595748662948608,0.71875,0.8842828869819641,0.6622121930122375,2.1616716384887695,0.108083575963974,"[0.05, 0.05, 0.05, 0.05]","[0, 0, 0, 0]",0.0,0,True
seed7_P_O0_resume,229,0.5560481548309326,0.78125,0.8987699151039124,0.673972487449646,2.1592864990234375,0.10796432197093964,"[0.05, 0.05, 0.05, 0.05]","[0, 0, 0, 0]",0.0,0,True
seed7_P_O0_resume,230,0.6332119703292847,0.8125,0.7914069890975952,0.5797269344329834,2.1514198780059814,0.10757100582122803,"[0.05, 0.05, 0.05, 0.05]","[0, 0, 0, 0]",0.0,0,True
seed7_P_O0_resume,231,0.4740080237388611,0.90625,0.8358706831932068,0.5706117153167725,2.4155631065368652,0.1207781508564949,"[0.05, 0.05, 0.05, 0.05]","[0, 0, 0, 0]",0.0,0,True
seed7_P_O0_resume,232,0.4843885600566864,0.9375,0.6989457607269287,0.46526509523391724,2.304403066635132,0.11522015184164047,"[0.05, 0.05, 0.05, 0.05]","[0, 0, 0, 0]",0.0,0,True
seed7_P_O0_resume,233,0.4937889873981476,0.71875,0.8838106393814087,0.6483509540557861,2.24283766746521,0.11214188486337662,"[0.05, 0.05, 0.05, 0.05]","[0, 0, 0, 0]",0.0,0,True
seed7_P_O0_resume,234,0.43427377939224243,0.9375,0.8000035285949707,0.552513837814331,2.3382019996643066,0.11691010743379593,"[0.05, 0.05, 0.05, 0.05]","[0, 0, 0, 0]",0.0,0,True
seed7_P_O0_resume,235,0.5475963950157166,0.84375,0.8070243000984192,0.5682519674301147,2.2625598907470703,0.11312799155712128,"[0.05, 0.05, 0.05, 0.05]","[0, 0, 0, 0]",0.0,0,True
seed7_P_O0_resume,236,0.4975984990596771,0.84375,0.8529961109161377,0.6232095956802368,2.2288014888763428,0.11144007742404938,"[0.05, 0.05, 0.05, 0.05]","[0, 0, 0, 0]",0.0,0,True
seed7_P_O0_resume,237,0.5290204286575317,0.84375,1.039351224899292,0.8080859184265137,2.1714298725128174,0.10857149958610535,"[0.05, 0.05, 0.05, 0.05]","[0, 0, 0, 0]",0.0,0,True
seed7_P_O0_resume,238,0.5517046451568604,0.75,0.74818354845047,0.4959961473941803,2.384049415588379,0.11920247226953506,"[0.05, 0.05, 0.05, 0.05]","[0, 0, 0, 0]",0.0,0,True
seed7_P_O0_resume,239,0.49783098697662354,0.8125,0.8203916549682617,0.5742261409759521,2.3307044506073,0.11653522402048111,"[0.05, 0.05, 0.05, 0.05]","[0, 0, 0, 0]",0.0,0,True
seed7_P_O0_resume,240,0.5501077175140381,0.84375,0.8285388946533203,0.5798370838165283,2.318138837814331,0.11590694636106491,"[0.05, 0.05, 0.05, 0.05]","[0, 0, 0, 0]",0.0,0,True
seed7_P_O0_resume,241,0.6160356998443604,0.8125,0.7750062346458435,0.544222354888916,2.2562215328216553,0.11281108856201172,"[0.05, 0.05, 0.05, 0.05]","[0, 0, 0, 0]",0.0,0,True
seed7_P_O0_resume,242,0.5684388279914856,0.9375,0.8951213955879211,0.6796760559082031,2.15177583694458,0.10758879780769348,"[0.05, 0.05, 0.05, 0.05]","[0, 0, 0, 0]",0.0,0,True
seed7_P_O0_resume,243,0.5164244771003723,0.84375,0.8828251957893372,0.6562668681144714,2.1778836250305176,0.10889418423175812,"[0.05, 0.05, 0.05, 0.05]","[0, 0, 0, 0]",0.0,0,True
seed7_P_O0_resume,244,0.559044361114502,0.78125,0.8437284231185913,0.6087051630020142,2.236720561981201,0.1118360310792923,"[0.05, 0.05, 0.05, 0.05]","[0, 0, 0, 0]",0.0,0,True
seed7_P_O0_resume,245,0.5623413920402527,0.8125,0.7695002555847168,0.538298487663269,2.2589340209960938,0.11294670403003693,"[0.05, 0.05, 0.05, 0.05]","[0, 0, 0, 0]",0.0,0,True
seed7_P_O0_resume,246,0.4723009765148163,0.8125,0.8474913239479065,0.6322599053382874,2.135448932647705,0.10677244514226913,"[0.05, 0.05, 0.05, 0.05]","[0, 0, 0, 0]",0.0,0,True
seed7_P_O0_resume,247,0.536023736000061,0.84375,0.9847826957702637,0.7730809450149536,2.063366413116455,0.10316833108663559,"[0.05, 0.05, 0.05, 0.05]","[0, 0, 0, 0]",0.0,0,True
seed7_P_O0_resume,248,0.5291951894760132,0.875,0.7202801704406738,0.5230250358581543,2.0674803256988525,0.10337401181459427,"[0.05, 0.05, 0.05, 0.05]","[0, 0, 0, 0]",0.0,0,True
seed7_P_O0_resume,249,0.4984676241874695,0.75,1.0141785144805908,0.7689433097839355,2.261477470397949,0.11307388544082642,"[0.05, 0.05, 0.05, 0.05]","[0, 0, 0, 0]",0.0,0,True
seed7_P_O0_resume,250,0.5595945715904236,0.875,0.8237202763557434,0.613019585609436,2.1292927265167236,0.10646463930606842,"[0.05, 0.05, 0.05, 0.05]","[0, 0, 0, 0]",0.0,0,True
seed7_P_O0_resume,251,0.4960889518260956,0.8125,0.9479085206985474,0.6991114020347595,2.2858355045318604,0.11429177224636078,"[0.05, 0.05, 0.05, 0.05]","[0, 0, 0, 0]",0.0,0,True
seed7_P_O0_resume,252,0.5695241093635559,0.78125,0.8028204441070557,0.6020008325576782,2.078355312347412,0.10391777753829956,"[0.05, 0.05, 0.05, 0.05]","[0, 0, 0, 0]",0.0,0,True
seed7_P_O0_resume,253,0.6165741682052612,0.65625,0.6059209704399109,0.43489354848861694,1.9881799221038818,0.09940899908542633,"[0.05, 0.05, 0.05, 0.05]","[0, 0, 0, 0]",0.0,0,True
seed7_P_O0_resume,254,0.5556450486183167,0.84375,0.7814310789108276,0.6017665863037109,1.9728732109069824,0.09864366799592972,"[0.05, 0.05, 0.05, 0.05]","[0, 0, 0, 0]",0.0,0,True
seed7_P_O0_resume,255,0.5375920534133911,0.84375,0.8396309614181519,0.6270401477813721,2.114269256591797,0.10571347922086716,"[0.05, 0.05, 0.05, 0.05]","[0, 0, 0, 0]",0.0,0,True
seed7_P_O0_resume,256,0.46161898970603943,1.0,0.8265747427940369,0.6227312088012695,2.0733489990234375,0.10366745293140411,"[0.05, 0.05, 0.05, 0.05]","[0, 0, 0, 0]",0.0,0,True
seed7_P_O0_resume,257,0.6529760360717773,0.65625,0.9238483309745789,0.6944607496261597,2.179856777191162,0.10899282991886139,"[0.05, 0.05, 0.05, 0.05]","[0, 0, 0, 0]",0.0,0,True
seed7_P_O0_resume,258,0.5032214522361755,0.90625,0.6585614681243896,0.49357491731643677,1.9133656024932861,0.09566827118396759,"[0.05, 0.05, 0.05, 0.05]","[0, 0, 0, 0]",0.0,0,True
seed7_P_O0_resume,259,0.6493332982063293,0.625,0.7459160089492798,0.5357286334037781,2.1539313793182373,0.10769656300544739,"[0.05, 0.05, 0.05, 0.05]","[0, 0, 0, 0]",0.0,0,True
seed7_P_O0_resume,260,0.6227089166641235,0.71875,0.9000116586685181,0.6825509667396545,2.137592315673828,0.10687962174415588,"[0.05, 0.05, 0.05, 0.05]","[0, 0, 0, 0]",0.0,0,True
seed7_P_O0_resume,261,0.578655481338501,0.75,0.9474775791168213,0.7261413335800171,2.159337043762207,0.107966847717762,"[0.05, 0.05, 0.05, 0.05]","[0, 0, 0, 0]",0.0,0,True
seed7_P_O0_resume,262,0.6528438329696655,0.625,0.8652598857879639,0.6311067342758179,2.2231733798980713,0.11115866899490356,"[0.05, 0.05, 0.05, 0.05]","[0, 0, 0, 0]",0.0,0,True
seed7_P_O0_resume,263,0.5658999681472778,0.875,0.6820070743560791,0.45571842789649963,2.2569286823272705,0.11284644156694412,"[0.05, 0.05, 0.05, 0.05]","[0, 0, 0, 0]",0.0,0,True
seed7_P_O0_resume,264,0.5118512511253357,0.84375,0.8292750716209412,0.6390798091888428,2.0140514373779297,0.10070256888866425,"[0.05, 0.05, 0.05, 0.05]","[0, 0, 0, 0]",0.0,0,True
seed7_P_O0_resume,265,0.507007360458374,0.875,1.032231092453003,0.8360455632209778,1.9583629369735718,0.09791814535856247,"[0.05, 0.05, 0.05, 0.05]","[0, 0, 0, 0]",0.0,0,True
seed7_P_O0_resume,266,0.42728209495544434,0.90625,0.791854739189148,0.5986759662628174,2.0325469970703125,0.10162735730409622,"[0.05, 0.05, 0.05, 0.05]","[0, 0, 0, 0]",0.0,0,True
seed7_P_O0_resume,267,0.47691699862480164,0.9375,0.8374806642532349,0.5930889844894409,2.3076419830322266,0.1153821051120758,"[0.05, 0.05, 0.05, 0.05]","[0, 0, 0, 0]",0.0,0,True
seed7_P_O0_resume,268,0.48492154479026794,0.875,0.9579764604568481,0.7439140677452087,2.112089157104492,0.10560446977615356,"[0.05, 0.05, 0.05, 0.05]","[0, 0, 0, 0]",0.0,0,True
seed7_P_O0_resume,269,0.6147342920303345,0.78125,0.6985569000244141,0.49815046787261963,2.123629093170166,0.10618145763874054,"[0.05, 0.05, 0.05, 0.05]","[0, 0, 0, 0]",0.0,0,True
seed7_P_O0_resume,270,0.5520229935646057,0.8125,0.6936094164848328,0.5213233828544617,1.937047004699707,0.09685235470533371,"[0.05, 0.05, 0.05, 0.05]","[0, 0, 0, 0]",0.0,0,True
seed7_P_O0_resume,271,0.49295878410339355,0.96875,0.8639589548110962,0.6522688269615173,2.112849235534668,0.10564245283603668,"[0.05, 0.05, 0.05, 0.05]","[0, 0, 0, 0]",0.0,0,True
seed7_P_O0_resume,272,0.5887497663497925,0.8125,0.9491599798202515,0.7335242629051208,2.117447853088379,0.10587240010499954,"[0.05, 0.05, 0.05, 0.05]","[0, 0, 0, 0]",0.0,0,True
seed7_P_O0_resume,273,0.5562006235122681,0.875,0.6853415966033936,0.46457257866859436,2.221564769744873,0.11107824742794037,"[0.05, 0.05, 0.05, 0.05]","[0, 0, 0, 0]",0.0,0,True
seed7_P_O0_resume,274,0.4442630410194397,0.9375,0.8419692516326904,0.6570963859558105,1.9809921979904175,0.09904961287975311,"[0.05, 0.05, 0.05, 0.05]","[0, 0, 0, 0]",0.0,0,True
seed7_P_O0_resume,275,0.5994189977645874,0.8125,0.6863406896591187,0.48672884702682495,2.090977668762207,0.104548878967762,"[0.05, 0.05, 0.05, 0.05]","[0, 0, 0, 0]",0.0,0,True
seed7_P_O0_resume,276,0.4625815451145172,0.96875,0.9651191234588623,0.7633101940155029,2.0218119621276855,0.10109059512615204,"[0.05, 0.05, 0.05, 0.05]","[0, 0, 0, 0]",0.0,0,True
seed7_P_O0_resume,277,0.5478225946426392,0.78125,0.905388593673706,0.6939818859100342,2.112083911895752,0.10560419410467148,"[0.05, 0.05, 0.05, 0.05]","[0, 0, 0, 0]",0.0,0,True
seed7_P_O0_resume,278,0.4574960470199585,0.9375,0.7201234102249146,0.49757975339889526,2.21787691116333,0.1108938530087471,"[0.05, 0.05, 0.05, 0.05]","[0, 0, 0, 0]",0.0,0,True
seed7_P_O0_resume,279,0.5614607930183411,0.84375,0.8205986022949219,0.6412806510925293,1.9154646396636963,0.09577323496341705,"[0.05, 0.05, 0.05, 0.05]","[0, 0, 0, 0]",0.0,0,True
seed7_P_O0_resume,280,0.48631149530410767,0.9375,0.8997491002082825,0.6740884780883789,2.1559975147247314,0.10779987275600433,"[0.05, 0.05, 0.05, 0.05]","[0, 0, 0, 0]",0.0,0,True
seed7_P_O0_resume,281,0.5148313641548157,0.90625,0.7555392384529114,0.5682673454284668,1.985854148864746,0.09929271042346954,"[0.05, 0.05, 0.05, 0.05]","[0, 0, 0, 0]",0.0,0,True
seed7_P_O0_resume,282,0.5307559967041016,0.78125,0.9513464570045471,0.7313680648803711,2.1275370121002197,0.10637684911489487,"[0.05, 0.05, 0.05, 0.05]","[0, 0, 0, 0]",0.0,0,True
seed7_P_O0_resume,283,0.452764093875885,0.90625,1.0012929439544678,0.8016541004180908,2.004150152206421,0.10020752251148224,"[0.05, 0.05, 0.05, 0.05]","[0, 0, 0, 0]",0.0,0,True
seed7_P_O0_resume,284,0.6322765946388245,0.71875,0.8817265033721924,0.6704679727554321,2.113781452178955,0.10568907856941223,"[0.05, 0.05, 0.05, 0.05]","[0, 0, 0, 0]",0.0,0,True
seed7_P_O0_resume,285,0.5624669194221497,0.84375,0.7585659027099609,0.6024047136306763,1.8267091512680054,0.09133546054363251,"[0.05, 0.05, 0.05, 0.05]","[0, 0, 0, 0]",0.0,0,True
seed7_P_O0_resume,286,0.5349385738372803,0.84375,0.849285364151001,0.6172088980674744,2.2467141151428223,0.11233571171760559,"[0.05, 0.05, 0.05, 0.05]","[0, 0, 0, 0]",0.0,0,True
seed7_P_O0_resume,287,0.6106078624725342,0.78125,0.7690865993499756,0.5465357303619385,2.196382999420166,0.10981915146112442,"[0.05, 0.05, 0.05, 0.05]","[0, 0, 0, 0]",0.0,0,True
seed7_P_O0_resume,288,0.47890037298202515,0.9375,0.9341639280319214,0.736997127532959,2.006074905395508,0.1003037542104721,"[0.05, 0.05, 0.05, 0.05]","[0, 0, 0, 0]",0.0,0,True
seed7_P_O0_resume,289,0.3752644956111908,0.96875,0.7482807636260986,0.536432147026062,2.118063449859619,0.10590316355228424,"[0.05, 0.05, 0.05, 0.05]","[0, 0, 0, 0]",0.0,0,True
seed7_P_O0_resume,290,0.5552501678466797,0.875,1.013526439666748,0.8004090189933777,2.0835537910461426,0.10417769849300385,"[0.05, 0.05, 0.05, 0.05]","[0, 0, 0, 0]",0.0,0,True
seed7_P_O0_resume,291,0.4462888836860657,0.96875,0.8720529675483704,0.6776652932167053,2.023409366607666,0.10117046535015106,"[0.05, 0.05, 0.05, 0.05]","[0, 0, 0, 0]",0.0,0,True
seed7_P_O0_resume,292,0.41095852851867676,0.9375,0.8174471855163574,0.6160969734191895,2.0458407402038574,0.10229204595088959,"[0.05, 0.05, 0.05, 0.05]","[0, 0, 0, 0]",0.0,0,True
seed7_P_O0_resume,293,0.44852393865585327,0.875,0.8718764781951904,0.6705822944641113,2.051833152770996,0.10259165614843369,"[0.05, 0.05, 0.05, 0.05]","[0, 0, 0, 0]",0.0,0,True
seed7_P_O0_resume,294,0.5004543662071228,0.9375,0.771734356880188,0.6265956163406372,1.760833501815796,0.08804167807102203,"[0.05, 0.05, 0.05, 0.05]","[0, 0, 0, 0]",0.0,0,True
seed7_P_O0_resume,295,0.53666090965271,0.71875,0.9812383651733398,0.7981677055358887,1.9323664903640747,0.09661832451820374,"[0.05, 0.05, 0.05, 0.05]","[0, 0, 0, 0]",0.0,0,True
seed7_P_O0_resume,296,0.43696460127830505,0.90625,0.9390643835067749,0.7374694347381592,2.0259387493133545,0.10129693895578384,"[0.05, 0.05, 0.05, 0.05]","[0, 0, 0, 0]",0.0,0,True
seed7_P_O0_resume,297,0.5418960452079773,0.78125,0.8277469873428345,0.6302053928375244,2.0521700382232666,0.10260850191116333,"[0.05, 0.05, 0.05, 0.05]","[0, 0, 0, 0]",0.0,0,True
seed7_P_O0_resume,298,0.5044361352920532,0.9375,0.7908244132995605,0.5841211080551147,2.1176466941833496,0.10588233172893524,"[0.05, 0.05, 0.05, 0.05]","[0, 0, 0, 0]",0.0,0,True
seed7_P_O0_resume,299,0.5456618070602417,0.8125,0.9875199794769287,0.779327392578125,2.0358529090881348,0.10179263353347778,"[0.05, 0.05, 0.05, 0.05]","[0, 0, 0, 0]",0.0,0,True
seed7_P_O0_resume,300,0.4969558119773865,0.875,0.8474025726318359,0.6119329929351807,2.2538297176361084,0.1126914918422699,"[0.05, 0.05, 0.05, 0.05]","[0, 0, 0, 0]",0.0,0,True
seed7_P_O0_resume,301,0.5346939563751221,0.71875,0.8780797719955444,0.6934288740158081,1.953519582748413,0.09767597913742065,"[0.05, 0.05, 0.05, 0.05]","[0, 0, 0, 0]",0.0,0,True
seed7_P_O0_resume,302,0.4410938024520874,0.875,0.7766829133033752,0.5986443161964417,1.9158732891082764,0.09579367190599442,"[0.05, 0.05, 0.05, 0.05]","[0, 0, 0, 0]",0.0,0,True
seed7_P_O0_resume,303,0.3672248423099518,0.96875,0.9167860746383667,0.684978187084198,2.2059528827667236,0.11029764264822006,"[0.05, 0.05, 0.05, 0.05]","[0, 0, 0, 0]",0.0,0,True
seed7_P_O0_resume,304,0.5542983412742615,0.875,0.726652204990387,0.5031670928001404,2.200059652328491,0.11000297963619232,"[0.05, 0.05, 0.05, 0.05]","[0, 0, 0, 0]",0.0,0,True
seed7_P_O0_resume,305,0.5642898082733154,0.78125,0.9080823659896851,0.7004333734512329,2.0722460746765137,0.10361230373382568,"[0.05, 0.05, 0.05, 0.05]","[0, 0, 0, 0]",0.0,0,True
seed7_P_O0_resume,306,0.5223631858825684,0.78125,0.9230496287345886,0.7250621914863586,2.006343364715576,0.10031716525554657,"[0.05, 0.05, 0.05, 0.05]","[0, 0, 0, 0]",0.0,0,True
seed7_P_O0_resume,307,0.6631609797477722,0.75,0.6384158134460449,0.4712129831314087,1.9154833555221558,0.09577417373657227,"[0.05, 0.05, 0.05, 0.05]","[0, 0, 0, 0]",0.0,0,True
seed7_P_O0_resume,308,0.514568567276001,0.875,0.8022674918174744,0.6024497747421265,2.0802993774414062,0.10401497781276703,"[0.05, 0.05, 0.05, 0.05]","[0, 0, 0, 0]",0.0,0,True
seed7_P_O0_resume,309,0.5857150554656982,0.8125,0.7594678401947021,0.5905764698982239,1.8837389945983887,0.0941869467496872,"[0.05, 0.05, 0.05, 0.05]","[0, 0, 0, 0]",0.0,0,True
seed7_P_O0_resume,310,0.599097490310669,0.6875,0.999876856803894,0.825626015663147,1.8722889423370361,0.09361445158720016,"[0.05, 0.05, 0.05, 0.05]","[0, 0, 0, 0]",0.0,0,True
seed7_P_O0_resume,311,0.5751600861549377,0.90625,0.8023396730422974,0.6133447885513306,2.0114779472351074,0.10057388991117477,"[0.05, 0.05, 0.05, 0.05]","[0, 0, 0, 0]",0.0,0,True
seed7_P_O0_resume,312,0.38410988450050354,0.96875,0.9018452763557434,0.7099020481109619,1.9787112474441528,0.098935566842556,"[0.05, 0.05, 0.05, 0.05]","[0, 0, 0, 0]",0.0,0,True
seed7_P_O0_resume,313,0.46959447860717773,0.78125,0.8362345695495605,0.6581243872642517,1.9344203472137451,0.09672102332115173,"[0.05, 0.05, 0.05, 0.05]","[0, 0, 0, 0]",0.0,0,True
seed7_P_O0_resume,314,0.5643834471702576,0.75,0.7040178775787354,0.5359163284301758,1.9130698442459106,0.09565349668264389,"[0.05, 0.05, 0.05, 0.05]","[0, 0, 0, 0]",0.0,0,True
seed7_P_O0_resume,315,0.5496200919151306,0.90625,0.8344434499740601,0.643591046333313,2.00590181350708,0.10029509663581848,"[0.05, 0.05, 0.05, 0.05]","[0, 0, 0, 0]",0.0,0,True
seed7_P_O0_resume,316,0.506172776222229,0.90625,0.7810190916061401,0.6016157269477844,1.9488486051559448,0.09744243323802948,"[0.05, 0.05, 0.05, 0.05]","[0, 0, 0, 0]",0.0,0,True
seed7_P_O0_resume,317,0.534821093082428,0.875,0.9182199239730835,0.7455090880393982,1.8785287141799927,0.09392644464969635,"[0.05, 0.05, 0.05, 0.05]","[0, 0, 0, 0]",0.0,0,True
seed7_P_O0_resume,318,0.47476726770401,0.71875,0.7301554083824158,0.5687594413757324,1.8510470390319824,0.09255235642194748,"[0.05, 0.05, 0.05, 0.05]","[0, 0, 0, 0]",0.0,0,True
seed7_P_O0_resume,319,0.5397638082504272,0.84375,0.7678020000457764,0.5853091478347778,1.9596161842346191,0.09798081964254379,"[0.05, 0.05, 0.05, 0.05]","[0, 0, 0, 0]",0.0,0,True
seed7_P_O0_resume,320,0.5169382095336914,0.875,0.8060690760612488,0.6534386277198792,1.792928695678711,0.08964642882347107,"[0.05, 0.05, 0.05, 0.05]","[0, 0, 0, 0]",0.0,0,True
seed7_P_O0_resume,321,0.6435226798057556,0.625,0.7844350337982178,0.6357631087303162,1.7809333801269531,0.0890466719865799,"[0.05, 0.05, 0.05, 0.05]","[0, 0, 0, 0]",0.0,0,True
seed7_P_O0_resume,322,0.5281088352203369,0.96875,0.8025751113891602,0.6149993538856506,1.9818652868270874,0.09909326583147049,"[0.05, 0.05, 0.05, 0.05]","[0, 0, 0, 0]",0.0,0,True
seed7_P_O0_resume,323,0.6070086359977722,0.625,0.7445952892303467,0.5851832628250122,1.8412741422653198,0.09206371009349823,"[0.05, 0.05, 0.05, 0.05]","[0, 0, 0, 0]",0.0,0,True
seed7_P_O0_resume,324,0.5866038203239441,0.875,0.8337453603744507,0.6305727362632751,2.0733587741851807,0.10366794466972351,"[0.05, 0.05, 0.05, 0.05]","[0, 0, 0, 0]",0.0,0,True
seed7_P_O0_resume,325,0.5665973424911499,0.90625,0.7405352592468262,0.5799371004104614,1.8507981300354004,0.09253990650177002,"[0.05, 0.05, 0.05, 0.05]","[0, 0, 0, 0]",0.0,0,True
seed7_P_O0_resume,326,0.5257587432861328,0.8125,0.8315701484680176,0.659204363822937,1.9000465869903564,0.09500233083963394,"[0.05, 0.05, 0.05, 0.05]","[0, 0, 0, 0]",0.0,0,True
seed7_P_O0_resume,327,0.5379555821418762,0.78125,0.8201128244400024,0.6172690391540527,2.0844874382019043,0.10422437638044357,"[0.05, 0.05, 0.05, 0.05]","[0, 0, 0, 0]",0.0,0,True
seed7_P_O0_resume,328,0.6331295967102051,0.6875,0.7196288108825684,0.5794583559036255,1.7357337474822998,0.0867866799235344,"[0.05, 0.05, 0.05, 0.05]","[0, 0, 0, 0]",0.0,0,True
seed7_P_O0_resume,329,0.5719038844108582,0.8125,0.8010988235473633,0.6415380835533142,1.8464679718017578,0.09232339262962341,"[0.05, 0.05, 0.05, 0.05]","[0, 0, 0, 0]",0.0,0,True
seed7_P_O0_resume,330,0.5120862126350403,0.84375,0.8692836761474609,0.6875419616699219,1.9414219856262207,0.0970710963010788,"[0.05, 0.05, 0.05, 0.05]","[0, 0, 0, 0]",0.0,0,True
seed7_P_O0_resume,331,0.5206412672996521,0.84375,0.8316220045089722,0.6607793569564819,1.8669806718826294,0.09334902465343475,"[0.05, 0.05, 0.05, 0.05]","[0, 0, 0, 0]",0.0,0,True
seed7_P_O0_resume,332,0.41091546416282654,0.9375,0.7737442851066589,0.5935677289962769,1.9641895294189453,0.09820947051048279,"[0.05, 0.05, 0.05, 0.05]","[0, 0, 0, 0]",0.0,0,True
seed7_P_O0_resume,333,0.3964971601963043,0.96875,0.9207793474197388,0.7240039110183716,2.0183095932006836,0.10091548413038254,"[0.05, 0.05, 0.05, 0.05]","[0, 0, 0, 0]",0.0,0,True
seed7_P_O0_resume,334,0.4662621319293976,0.9375,0.8987424373626709,0.724772572517395,1.9007253646850586,0.09503626823425293,"[0.05, 0.05, 0.05, 0.05]","[0, 0, 0, 0]",0.0,0,True
seed7_P_O0_resume,335,0.5200203657150269,0.90625,0.857550859451294,0.675419807434082,1.9550617933273315,0.09775309264659882,"[0.05, 0.05, 0.05, 0.05]","[0, 0, 0, 0]",0.0,0,True
seed7_P_O0_resume,336,0.5388187766075134,0.90625,0.8920023441314697,0.7183595895767212,1.8736344575881958,0.09368172287940979,"[0.05, 0.05, 0.05, 0.05]","[0, 0, 0, 0]",0.0,0,True
seed7_P_O0_resume,337,0.5030455589294434,0.84375,0.7742753624916077,0.6300122737884521,1.742804765701294,0.08714024722576141,"[0.05, 0.05, 0.05, 0.05]","[0, 0, 0, 0]",0.0,0,True
seed7_P_O0_resume,338,0.5891730785369873,0.8125,0.8769786953926086,0.6981892585754395,1.9191817045211792,0.09595908969640732,"[0.05, 0.05, 0.05, 0.05]","[0, 0, 0, 0]",0.0,0,True
seed7_P_O0_resume,339,0.5874477624893188,0.78125,0.8185057640075684,0.6046314239501953,2.15864896774292,0.107932448387146,"[0.05, 0.05, 0.05, 0.05]","[0, 0, 0, 0]",0.0,0,True
seed7_P_O0_resume,340,0.5406460762023926,0.96875,0.7601673603057861,0.5826338529586792,1.9481760263442993,0.09740880131721497,"[0.05, 0.05, 0.05, 0.05]","[0, 0, 0, 0]",0.0,0,True
seed7_P_O0_resume,341,0.4264577627182007,0.90625,0.8484195470809937,0.6694048047065735,1.9585670232772827,0.09792834520339966,"[0.05, 0.05, 0.05, 0.05]","[0, 0, 0, 0]",0.0,0,True
seed7_P_O0_resume,342,0.6088163256645203,0.6875,0.8665462136268616,0.6845889687538147,1.9566867351531982,0.09783434122800827,"[0.05, 0.05, 0.05, 0.05]","[0, 0, 0, 0]",0.0,0,True
seed7_P_O0_resume,343,0.47493061423301697,0.9375,0.8744445443153381,0.7076551914215088,1.866326093673706,0.09331630915403366,"[0.05, 0.05, 0.05, 0.05]","[0, 0, 0, 0]",0.0,0,True
seed7_P_O0_resume,344,0.5978838205337524,0.75,0.9662467837333679,0.803826093673706,1.8063080310821533,0.09031540155410767,"[0.05, 0.05, 0.05, 0.05]","[0, 0, 0, 0]",0.0,0,True
seed7_P_O0_resume,345,0.5202917456626892,0.78125,0.8590357303619385,0.6767877340316772,1.9472805261611938,0.09736403077840805,"[0.05, 0.05, 0.05, 0.05]","[0, 0, 0, 0]",0.0,0,True
seed7_P_O0_resume,346,0.50331050157547,0.78125,0.7948111295700073,0.586489200592041,2.1354875564575195,0.10677438229322433,"[0.05, 0.05, 0.05, 0.05]","[0, 0, 0, 0]",0.0,0,True
seed7_P_O0_resume,347,0.48636677861213684,0.84375,0.8448647856712341,0.6487747430801392,2.0497448444366455,0.1024872437119484,"[0.05, 0.05, 0.05, 0.05]","[0, 0, 0, 0]",0.0,0,True
seed7_P_O0_resume,348,0.6094814538955688,0.8125,0.8239803314208984,0.6602247953414917,1.827606439590454,0.09138032048940659,"[0.05, 0.05, 0.05, 0.05]","[0, 0, 0, 0]",0.0,0,True
seed7_P_O0_resume,349,0.5284662842750549,0.875,0.8729922771453857,0.7126927375793457,1.8179677724838257,0.09089838713407516,"[0.05, 0.05, 0.05, 0.05]","[0, 0, 0, 0]",0.0,0,True
seed7_P_O0_resume,350,0.498725026845932,0.96875,0.9409633874893188,0.7595992088317871,1.9319924116134644,0.09659961611032486,"[0.05, 0.05, 0.05, 0.05]","[0, 0, 0, 0]",0.0,0,True
seed7_P_O0_resume,351,0.5163207650184631,0.875,0.7544483542442322,0.6061949729919434,1.7875633239746094,0.08937816321849823,"[0.05, 0.05, 0.05, 0.05]","[0, 0, 0, 0]",0.0,0,True
seed7_P_O0_resume,352,0.5488483905792236,0.875,0.8396134376525879,0.6639111042022705,1.9174137115478516,0.09587068855762482,"[0.05, 0.05, 0.05, 0.05]","[0, 0, 0, 0]",0.0,0,True
seed7_P_O0_resume,353,0.5663551688194275,0.6875,0.8611888885498047,0.6694797277450562,2.004831314086914,0.10024157166481018,"[0.05, 0.05, 0.05, 0.05]","[0, 0, 0, 0]",0.0,0,True
seed7_P_O0_resume,354,0.5363065004348755,0.75,0.9157162308692932,0.7215936183929443,2.0157337188720703,0.10078668594360352,"[0.05, 0.05, 0.05, 0.05]","[0, 0, 0, 0]",0.0,0,True
seed7_P_O0_resume,355,0.4846707880496979,0.78125,0.8873845338821411,0.7224867343902588,1.8481520414352417,0.09240759909152985,"[0.05, 0.05, 0.05, 0.05]","[0, 0, 0, 0]",0.0,0,True
seed7_P_O0_resume,356,0.5120307207107544,0.90625,0.7908623218536377,0.6033716201782227,2.0192923545837402,0.10096462070941925,"[0.05, 0.05, 0.05, 0.05]","[0, 0, 0, 0]",0.0,0,True
seed7_P_O0_resume,357,0.46598219871520996,1.0,0.875392496585846,0.7019190192222595,1.876328468322754,0.09381642937660217,"[0.05, 0.05, 0.05, 0.05]","[0, 0, 0, 0]",0.0,0,True
seed7_P_O0_resume,358,0.6444560885429382,0.78125,0.77033531665802,0.6017211079597473,1.9174244403839111,0.09587123245000839,"[0.05, 0.05, 0.05, 0.05]","[0, 0, 0, 0]",0.0,0,True
seed7_P_O0_resume,359,0.41791439056396484,1.0,0.8954780101776123,0.7172693014144897,1.9218933582305908,0.09609467536211014,"[0.05, 0.05, 0.05, 0.05]","[0, 0, 0, 0]",0.0,0,True
seed7_P_O0_resume,360,0.5810006856918335,0.78125,0.8797067403793335,0.7123622894287109,1.8652756214141846,0.09326378256082535,"[0.05, 0.05, 0.05, 0.05]","[0, 0, 0, 0]",0.0,0,True
seed7_P_O0_resume,361,0.4326286315917969,1.0,0.866499662399292,0.6823756694793701,1.953873634338379,0.09769368171691895,"[0.05, 0.05, 0.05, 0.05]","[0, 0, 0, 0]",0.0,0,True
seed7_P_O0_resume,362,0.4902285039424896,0.8125,0.9363991022109985,0.7596099376678467,1.8763372898101807,0.0938168615102768,"[0.05, 0.05, 0.05, 0.05]","[0, 0, 0, 0]",0.0,0,True
seed7_P_O0_resume,363,0.6446499824523926,0.75,0.6560889482498169,0.49991604685783386,1.8517266511917114,0.09258633106946945,"[0.05, 0.05, 0.05, 0.05]","[0, 0, 0, 0]",0.0,0,True
seed7_P_O0_resume,364,0.6128935813903809,0.90625,0.9504057168960571,0.7623884677886963,1.9620015621185303,0.09810008108615875,"[0.05, 0.05, 0.05, 0.05]","[0, 0, 0, 0]",0.0,0,True
seed7_P_O0_resume,365,0.49357858300209045,0.90625,0.9061833620071411,0.7416372895240784,1.835296869277954,0.09176485240459442,"[0.05, 0.05, 0.05, 0.05]","[0, 0, 0, 0]",0.0,0,True
seed7_P_O0_resume,366,0.5413464307785034,0.71875,0.9485358595848083,0.77435302734375,1.8764104843139648,0.09382052719593048,"[0.05, 0.05, 0.05, 0.05]","[0, 0, 0, 0]",0.0,0,True
seed7_P_O0_resume,367,0.4567212164402008,1.0,0.9433841705322266,0.7805162072181702,1.8087823390960693,0.09043911844491959,"[0.05, 0.05, 0.05, 0.05]","[0, 0, 0, 0]",0.0,0,True
seed7_P_O0_resume,368,0.49212944507598877,0.78125,0.8133009672164917,0.6753934621810913,1.6970224380493164,0.08485113084316254,"[0.05, 0.05, 0.05, 0.05]","[0, 0, 0, 0]",0.0,0,True
seed7_P_O0_resume,369,0.4845539927482605,0.8125,0.8555382490158081,0.6958185434341431,1.8071613311767578,0.09035807847976685,"[0.05, 0.05, 0.05, 0.05]","[0, 0, 0, 0]",0.0,0,True
seed7_P_O0_resume,370,0.5396496057510376,0.875,0.8140302896499634,0.6438779830932617,1.8671766519546509,0.0933588370680809,"[0.05, 0.05, 0.05, 0.05]","[0, 0, 0, 0]",0.0,0,True
seed7_P_O0_resume,371,0.4687778353691101,0.96875,0.8984384536743164,0.7218936681747437,1.888220191001892,0.09441101551055908,"[0.05, 0.05, 0.05, 0.05]","[0, 0, 0, 0]",0.0,0,True
seed7_P_O0_resume,372,0.5176130533218384,0.875,0.8697028756141663,0.7152643203735352,1.7924449443817139,0.08962224423885345,"[0.05, 0.05, 0.05, 0.05]","[0, 0, 0, 0]",0.0,0,True
seed7_P_O0_resume,373,0.5974590182304382,0.71875,0.7885143160820007,0.6466411352157593,1.7194318771362305,0.08597159385681152,"[0.05, 0.05, 0.05, 0.05]","[0, 0, 0, 0]",0.0,0,True
seed7_P_O0_resume,374,0.5880544185638428,0.8125,0.847891092300415,0.6772443652153015,1.8795199394226074,0.09397600591182709,"[0.05, 0.05, 0.05, 0.05]","[0, 0, 0, 0]",0.0,0,True
seed7_P_O0_resume,375,0.5706602334976196,0.8125,0.7741008400917053,0.6461942791938782,1.6435496807098389,0.08217748254537582,"[0.05, 0.05, 0.05, 0.05]","[0, 0, 0, 0]",0.0,0,True
seed7_P_O0_resume,376,0.5895442962646484,0.6875,0.7857893705368042,0.6417626738548279,1.731868028640747,0.08659340441226959,"[0.05, 0.05, 0.05, 0.05]","[0, 0, 0, 0]",0.0,0,True
seed7_P_O0_resume,377,0.63997483253479,0.625,1.0010080337524414,0.8172797560691833,1.9305052757263184,0.09652525931596756,"[0.05, 0.05, 0.05, 0.05]","[0, 0, 0, 0]",0.0,0,True
seed7_P_O0_resume,378,0.4966895878314972,0.8125,0.8338592052459717,0.6668254137039185,1.8644838333129883,0.0932241827249527,"[0.05, 0.05, 0.05, 0.05]","[0, 0, 0, 0]",0.0,0,True
seed7_P_O0_resume,379,0.5930501818656921,0.84375,1.0143942832946777,0.8618256449699402,1.7198251485824585,0.0859912633895874,"[0.05, 0.05, 0.05, 0.05]","[0, 0, 0, 0]",0.0,0,True
seed7_P_O0_resume,380,0.5291041135787964,0.75,0.7949808835983276,0.6368262767791748,1.801984190940857,0.09009921550750732,"[0.05, 0.05, 0.05, 0.05]","[0, 0, 0, 0]",0.0,0,True
seed7_P_O0_resume,381,0.6318811178207397,0.6875,0.7945846915245056,0.6363944411277771,1.7881731986999512,0.08940866589546204,"[0.05, 0.05, 0.05, 0.05]","[0, 0, 0, 0]",0.0,0,True
seed7_P_O0_resume,382,0.5211169719696045,0.9375,0.8352343440055847,0.645378589630127,2.0132346153259277,0.10066172480583191,"[0.05, 0.05, 0.05, 0.05]","[0, 0, 0, 0]",0.0,0,True
seed7_P_O0_resume,383,0.3825877904891968,0.9375,0.8202909231185913,0.6570061445236206,1.8334144353866577,0.09167072176933289,"[0.05, 0.05, 0.05, 0.05]","[0, 0, 0, 0]",0.0,0,True
seed7_P_O0_resume,384,0.5893319249153137,0.625,0.9391700029373169,0.7856295108795166,1.7459053993225098,0.08729526400566101,"[0.05, 0.05, 0.05, 0.05]","[0, 0, 0, 0]",0.0,0,True
seed7_P_O0_resume,385,0.6498575210571289,0.75,0.9024866223335266,0.7475559711456299,1.7801036834716797,0.08900518715381622,"[0.05, 0.05, 0.05, 0.05]","[0, 0, 0, 0]",0.0,0,True
seed7_P_O0_resume,386,0.6353611946105957,0.6875,0.9061580896377563,0.7814024090766907,1.5958502292633057,0.07979251444339752,"[0.05, 0.05, 0.05, 0.05]","[0, 0, 0, 0]",0.0,0,True
seed7_P_O0_resume,387,0.552097737789154,0.8125,0.9276382923126221,0.7748773097991943,1.7528417110443115,0.08764208853244781,"[0.05, 0.05, 0.05, 0.05]","[0, 0, 0, 0]",0.0,0,True
seed7_P_O0_resume,388,0.5293469429016113,0.9375,0.8403974771499634,0.7182683348655701,1.5901614427566528,0.07950806617736816,"[0.05, 0.05, 0.05, 0.05]","[0, 0, 0, 0]",0.0,0,True
seed7_P_O0_resume,389,0.666120707988739,0.75,0.8416656255722046,0.6790030002593994,1.830601453781128,0.09153006970882416,"[0.05, 0.05, 0.05, 0.05]","[0, 0, 0, 0]",0.0,0,True
seed7_P_O0_resume,390,0.49653005599975586,0.90625,0.9442870020866394,0.7876826524734497,1.7817856073379517,0.0890892893075943,"[0.05, 0.05, 0.05, 0.05]","[0, 0, 0, 0]",0.0,0,True
seed7_P_O0_resume,391,0.592348575592041,0.78125,0.8451412320137024,0.6909883618354797,1.7630555629730225,0.08815278112888336,"[0.05, 0.05, 0.05, 0.05]","[0, 0, 0, 0]",0.0,0,True
seed7_P_O0_resume,392,0.467618852853775,0.9375,0.8738311529159546,0.6962368488311768,1.9149773120880127,0.09574887156486511,"[0.05, 0.05, 0.05, 0.05]","[0, 0, 0, 0]",0.0,0,True
seed7_P_O0_resume,393,0.4996388554573059,0.8125,0.7713281512260437,0.5931883454322815,1.9449944496154785,0.09724971652030945,"[0.05, 0.05, 0.05, 0.05]","[0, 0, 0, 0]",0.0,0,True
seed7_P_O0_resume,394,0.565474271774292,0.90625,0.790227472782135,0.6576998233795166,1.651649832725525,0.082582488656044,"[0.05, 0.05, 0.05, 0.05]","[0, 0, 0, 0]",0.0,0,True
seed7_P_O0_resume,395,0.5023686289787292,0.90625,0.9472448825836182,0.8101781606674194,1.6572335958480835,0.08286167681217194,"[0.05, 0.05, 0.05, 0.05]","[0, 0, 0, 0]",0.0,0,True
seed7_P_O0_resume,396,0.3639637231826782,0.96875,1.051733136177063,0.8951089382171631,1.7252469062805176,0.08626233786344528,"[0.05, 0.05, 0.05, 0.05]","[0, 0, 0, 0]",0.0,0,True
seed7_P_O0_resume,397,0.45970070362091064,0.875,0.863693118095398,0.6966038942337036,1.855241298675537,0.0927620679140091,"[0.05, 0.05, 0.05, 0.05]","[0, 0, 0, 0]",0.0,0,True
seed7_P_O0_resume,398,0.5548732280731201,0.78125,0.8338985443115234,0.7011514902114868,1.6501431465148926,0.08250714838504791,"[0.05, 0.05, 0.05, 0.05]","[0, 0, 0, 0]",0.0,0,True
seed7_P_O0_resume,399,0.51808100938797,0.78125,0.9085372686386108,0.7648658752441406,1.7089567184448242,0.08544783294200897,"[0.05, 0.05, 0.05, 0.05]","[0, 0, 0, 0]",0.0,0,True
seed7_P_O0_resume,400,0.4241463243961334,0.96875,0.7851766347885132,0.625188946723938,1.828050136566162,0.09140250831842422,"[0.05, 0.05, 0.05, 0.05]","[0, 0, 0, 0]",0.0,0,True
seed7_P_C2_warm,1,0.6454179883003235,0.65625,2.1887738704681396,1.7644741535186768,9.406135559082031,0.11745058745145798,"[0.0062500000931322575, 0.05000000074505806, 0.0062500000931322575, 0.05000000074505806]","[4.0, 1.0, 4.0, 1.0]",0.0,0,True
seed7_P_C2_warm,2,0.5570603609085083,0.78125,2.3393478393554688,1.9672409296035767,12.658206939697266,0.11616118997335434,"[0.012500000186264515, 0.05000000074505806, 0.0031250000465661287, 0.05000000074505806]","[3.0, 1.0, 5.0, 1.0]",0.0,0,True
seed7_P_C2_warm,3,0.9277948141098022,0.5625,2.3164687156677246,2.144773006439209,8.166969299316406,0.22447431087493896,"[0.02500000037252903, 0.05000000074505806, 0.012500000186264515, 0.05000000074505806]","[2.0, 1.0, 3.0, 1.0]",0.0,0,True
seed7_P_C2_warm,4,0.8403705358505249,0.59375,1.8217966556549072,1.6059612035751343,9.547907829284668,0.11106540262699127,"[0.0062500000931322575, 0.02500000037252903, 0.0062500000931322575, 0.05000000074505806]","[4.0, 2.0, 4.0, 1.0]",0.0,0,True
seed7_P_C2_warm,5,0.9924390316009521,0.4375,2.277036666870117,2.166548728942871,6.952556610107422,0.20300456881523132,"[0.02500000037252903, 0.05000000074505806, 0.02500000037252903, 0.05000000074505806]","[2.0, 1.0, 2.0, 1.0]",0.0,0,True
seed7_P_C2_warm,6,0.5557603240013123,0.75,2.103929042816162,1.6987910270690918,11.300762176513672,0.1322990357875824,"[0.0062500000931322575, 0.05000000074505806, 0.0062500000931322575, 0.05000000074505806]","[4.0, 1.0, 4.0, 1.0]",0.0,0,True
seed7_P_C2_warm,7,0.9455098509788513,0.5,2.462888717651367,2.227889060974121,7.995383262634277,0.31894391775131226,"[0.05000000074505806, 0.05000000074505806, 0.02500000037252903, 0.05000000074505806]","[1.0, 1.0, 2.0, 1.0]",0.0,0,True
seed7_P_C2_warm,8,0.5271245837211609,0.90625,1.8210251331329346,1.7543922662734985,5.001500129699707,0.08855804800987244,"[0.012500000186264515, 0.05000000074505806, 0.012500000186264515, 0.05000000074505806]","[3.0, 1.0, 3.0, 1.0]",0.0,0,True
seed7_P_C2_warm,9,0.8018588423728943,0.59375,2.6149179935455322,2.30271053314209,8.433221817016602,0.25188732147216797,"[0.02500000037252903, 0.05000000074505806, 0.02500000037252903, 0.05000000074505806]","[2.0, 1.0, 2.0, 1.0]",0.0,0,True
seed7_P_C2_warm,10,0.4801054298877716,0.8125,2.4101245403289795,2.135829210281372,10.598251342773438,0.23931026458740234,"[0.02500000037252903, 0.05000000074505806, 0.012500000186264515, 0.05000000074505806]","[2.0, 1.0, 3.0, 1.0]",0.0,0,True
seed7_P_C2_warm,11,1.3343124389648438,0.375,2.216561794281006,2.032301425933838,9.082619667053223,0.18378916382789612,"[0.0062500000931322575, 0.05000000074505806, 0.012500000186264515, 0.05000000074505806]","[4.0, 1.0, 3.0, 1.0]",0.0,0,True
seed7_P_C2_warm,12,1.1504559516906738,0.5625,2.2104437351226807,1.9078075885772705,8.728545188903809,0.21094709634780884,"[0.012500000186264515, 0.05000000074505806, 0.012500000186264515, 0.05000000074505806]","[3.0, 1.0, 3.0, 1.0]",0.0,0,True
seed7_P_C2_warm,13,0.49470415711402893,0.8125,2.2961678504943848,2.0262513160705566,7.5391740798950195,0.15695825219154358,"[0.012500000186264515, 0.05000000074505806, 0.012500000186264515, 0.05000000074505806]","[3.0, 1.0, 3.0, 1.0]",0.0,0,True
seed7_P_C2_warm,14,0.4909926652908325,0.84375,1.9919418096542358,1.768887996673584,4.992653846740723,0.1538349986076355,"[0.012500000186264515, 0.05000000074505806, 0.05000000074505806, 0.05000000074505806]","[3.0, 1.0, 1.0, 1.0]",0.0,0,True
seed7_P_C2_warm,15,0.55946284532547,0.75,1.9801790714263916,1.7664191722869873,6.564383506774902,0.13360430300235748,"[0.012500000186264515, 0.05000000074505806, 0.012500000186264515, 0.05000000074505806]","[3.0, 1.0, 3.0, 1.0]",0.0,0,True
seed7_P_C2_warm,16,0.8529902100563049,0.5,2.300467014312744,1.9711589813232422,8.917146682739258,0.21073035895824432,"[0.02500000037252903, 0.05000000074505806, 0.0062500000931322575, 0.05000000074505806]","[2.0, 1.0, 4.0, 1.0]",0.0,0,True
seed7_P_C2_warm,17,0.6323526501655579,0.6875,2.0270116329193115,1.8476905822753906,5.643610000610352,0.08390829712152481,"[0.0062500000931322575, 0.05000000074505806, 0.012500000186264515, 0.05000000074505806]","[4.0, 1.0, 3.0, 1.0]",0.0,0,True
seed7_P_C2_warm,18,0.523054838180542,0.9375,2.316260814666748,1.9175915718078613,9.219372749328613,0.17002518475055695,"[0.0062500000931322575, 0.05000000074505806, 0.012500000186264515, 0.05000000074505806]","[4.0, 1.0, 3.0, 1.0]",0.0,0,True
seed7_P_C2_warm,19,0.7110660672187805,0.65625,1.755543828010559,1.5814893245697021,5.8767290115356445,0.11356183886528015,"[0.012500000186264515, 0.05000000074505806, 0.012500000186264515, 0.05000000074505806]","[3.0, 1.0, 3.0, 1.0]",0.0,0,True
seed7_P_C2_warm,20,0.8434450030326843,0.4375,2.354400396347046,2.1167593002319336,8.119379043579102,0.19442495703697205,"[0.02500000037252903, 0.05000000074505806, 0.012500000186264515, 0.05000000074505806]","[2.0, 1.0, 3.0, 1.0]",0.0,0,True
seed7_P_C2_warm,21,0.5845666527748108,0.90625,1.920563817024231,1.8191030025482178,6.295514106750488,0.12914375960826874,"[0.012500000186264515, 0.05000000074505806, 0.02500000037252903, 0.05000000074505806]","[3.0, 1.0, 2.0, 1.0]",0.0,0,True
seed7_P_C2_warm,22,0.8027908205986023,0.5625,2.276177406311035,1.995888352394104,6.533412933349609,0.188643217086792,"[0.05000000074505806, 0.05000000074505806, 0.012500000186264515, 0.05000000074505806]","[1.0, 1.0, 3.0, 1.0]",0.0,0,True
seed7_P_C2_warm,23,0.8787890076637268,0.65625,2.1440858840942383,1.8944213390350342,7.289283752441406,0.18723516166210175,"[0.02500000037252903, 0.05000000074505806, 0.012500000186264515, 0.05000000074505806]","[2.0, 1.0, 3.0, 1.0]",0.0,0,True
seed7_P_C2_warm,24,0.8750367164611816,0.5,2.182262420654297,2.113821029663086,6.076672554016113,0.25608229637145996,"[0.0062500000931322575, 0.05000000074505806, 0.05000000074505806, 0.05000000074505806]","[4.0, 1.0, 1.0, 1.0]",0.0,0,True
seed7_P_C2_warm,25,0.4994248151779175,0.75,1.969709873199463,1.8651307821273804,5.723483562469482,0.16881532967090607,"[0.02500000037252903, 0.05000000074505806, 0.02500000037252903, 0.05000000074505806]","[2.0, 1.0, 2.0, 1.0]",0.0,0,True
seed7_P_C2_warm,26,0.5899178385734558,0.78125,2.141681671142578,1.8332574367523193,7.753966808319092,0.13178542256355286,"[0.012500000186264515, 0.05000000074505806, 0.012500000186264515, 0.05000000074505806]","[3.0, 1.0, 3.0, 1.0]",0.0,0,True
seed7_P_C2_warm,27,0.7632202506065369,0.65625,2.1233749389648438,1.780320167541504,6.847805023193359,0.1667916625738144,"[0.012500000186264515, 0.05000000074505806, 0.02500000037252903, 0.05000000074505806]","[3.0, 1.0, 2.0, 1.0]",0.0,0,True
seed7_P_C2_warm,28,0.6451921463012695,0.875,1.9721031188964844,1.6789846420288086,8.082392692565918,0.17507097125053406,"[0.012500000186264515, 0.05000000074505806, 0.012500000186264515, 0.05000000074505806]","[3.0, 1.0, 3.0, 1.0]",0.0,0,True
seed7_P_C2_warm,29,0.7061765789985657,0.625,2.052288770675659,1.6642377376556396,6.653326034545898,0.1598042994737625,"[0.012500000186264515, 0.05000000074505806, 0.02500000037252903, 0.05000000074505806]","[3.0, 1.0, 2.0, 1.0]",0.0,0,True
seed7_P_C2_warm,30,0.6354632377624512,0.65625,2.337466239929199,2.126232147216797,7.83576774597168,0.19320102035999298,"[0.012500000186264515, 0.05000000074505806, 0.02500000037252903, 0.05000000074505806]","[3.0, 1.0, 2.0, 1.0]",0.0,0,True
seed7_P_C2_warm,31,0.6667807698249817,0.6875,1.718216896057129,1.6334712505340576,3.094780921936035,0.10443115234375,"[0.02500000037252903, 0.05000000074505806, 0.02500000037252903, 0.05000000074505806]","[2.0, 1.0, 2.0, 1.0]",0.0,0,True
seed7_P_C2_warm,32,0.6666373610496521,0.6875,2.3577985763549805,1.9166653156280518,7.140920162200928,0.17670989036560059,"[0.02500000037252903, 0.05000000074505806, 0.012500000186264515, 0.05000000074505806]","[2.0, 1.0, 3.0, 1.0]",0.0,0,True
seed7_P_C2_warm,33,0.6076754331588745,0.71875,1.910916805267334,1.7972095012664795,5.583831787109375,0.12432634085416794,"[0.012500000186264515, 0.05000000074505806, 0.02500000037252903, 0.05000000074505806]","[3.0, 1.0, 2.0, 1.0]",0.0,0,True
seed7_P_C2_warm,34,0.5996657609939575,0.75,2.1244609355926514,1.8819890022277832,6.432994842529297,0.15589755773544312,"[0.012500000186264515, 0.05000000074505806, 0.02500000037252903, 0.05000000074505806]","[3.0, 1.0, 2.0, 1.0]",0.0,0,True
seed7_P_C2_warm,35,1.1631591320037842,0.6875,2.246393918991089,2.09194016456604,5.608620643615723,0.22826221585273743,"[0.012500000186264515, 0.05000000074505806, 0.05000000074505806, 0.05000000074505806]","[3.0, 1.0, 1.0, 1.0]",0.0,0,True
seed7_P_C2_warm,36,0.6016559600830078,0.78125,2.31592059135437,1.9379860162734985,7.019824028015137,0.17345857620239258,"[0.02500000037252903, 0.05000000074505806, 0.012500000186264515, 0.05000000074505806]","[2.0, 1.0, 3.0, 1.0]",0.0,0,True
seed7_P_C2_warm,37,0.6055033206939697,0.875,2.0603480339050293,1.8012288808822632,6.448408603668213,0.1473502665758133,"[0.02500000037252903, 0.05000000074505806, 0.012500000186264515, 0.05000000074505806]","[2.0, 1.0, 3.0, 1.0]",0.0,0,True
seed7_P_C2_warm,38,0.6813531517982483,0.5625,2.091256856918335,1.7133387327194214,6.968999862670898,0.15872271358966827,"[0.0062500000931322575, 0.05000000074505806, 0.02500000037252903, 0.05000000074505806]","[4.0, 1.0, 2.0, 1.0]",0.0,0,True
seed7_P_C2_warm,39,0.6018749475479126,0.84375,1.9493426084518433,1.768357276916504,6.41843318939209,0.13296502828598022,"[0.012500000186264515, 0.05000000074505806, 0.012500000186264515, 0.05000000074505806]","[3.0, 1.0, 3.0, 1.0]",0.0,0,True
seed7_P_C2_warm,40,0.8258515000343323,0.6875,2.3019771575927734,2.065059185028076,7.349724769592285,0.3182962238788605,"[0.05000000074505806, 0.05000000074505806, 0.02500000037252903, 0.05000000074505806]","[1.0, 1.0, 2.0, 1.0]",0.0,0,True
seed7_P_C2_warm,41,0.8441965579986572,0.53125,1.964651107788086,1.806012749671936,5.521309852600098,0.14928419888019562,"[0.02500000037252903, 0.05000000074505806, 0.012500000186264515, 0.05000000074505806]","[2.0, 1.0, 3.0, 1.0]",0.0,0,True
seed7_P_C2_warm,42,0.8117601871490479,0.53125,2.355945110321045,2.0541491508483887,7.157948017120361,0.2173757553100586,"[0.02500000037252903, 0.05000000074505806, 0.02500000037252903, 0.05000000074505806]","[2.0, 1.0, 2.0, 1.0]",0.0,0,True
seed7_P_C2_warm,43,0.6901460886001587,0.71875,2.2629613876342773,1.9628455638885498,4.8621416091918945,0.24310708045959473,"[0.05000000074505806, 0.05000000074505806, 0.05000000074505806, 0.05000000074505806]","[1.0, 1.0, 1.0, 1.0]",0.0,0,True
seed7_P_C2_warm,44,0.8710883855819702,0.65625,2.356468677520752,1.989709496498108,7.858673095703125,0.2330731749534607,"[0.02500000037252903, 0.05000000074505806, 0.02500000037252903, 0.05000000074505806]","[2.0, 1.0, 2.0, 1.0]",0.0,0,True
seed7_P_C2_warm,45,0.511384904384613,0.90625,2.1619396209716797,1.8310015201568604,6.703996658325195,0.24570435285568237,"[0.012500000186264515, 0.05000000074505806, 0.05000000074505806, 0.05000000074505806]","[3.0, 1.0, 1.0, 1.0]",0.0,0,True
seed7_P_C2_warm,46,0.6906364560127258,0.78125,1.7884775400161743,1.6391409635543823,4.480882167816162,0.10222017765045166,"[0.012500000186264515, 0.05000000074505806, 0.05000000074505806, 0.05000000074505806]","[3.0, 1.0, 1.0, 1.0]",0.0,0,True
seed7_P_C2_warm,47,0.6541197299957275,0.625,2.054993152618408,1.6890318393707275,5.494715690612793,0.1462186872959137,"[0.02500000037252903, 0.05000000074505806, 0.012500000186264515, 0.05000000074505806]","[2.0, 1.0, 3.0, 1.0]",0.0,0,True
seed7_P_C2_warm,48,0.9435938596725464,0.5625,2.1608047485351562,1.9628673791885376,5.381832599639893,0.23061206936836243,"[0.05000000074505806, 0.05000000074505806, 0.02500000037252903, 0.05000000074505806]","[1.0, 1.0, 2.0, 1.0]",0.0,0,True
seed7_P_C2_warm,49,0.49881690740585327,0.90625,1.9503891468048096,1.8070478439331055,4.219254493713379,0.17236027121543884,"[0.02500000037252903, 0.05000000074505806, 0.05000000074505806, 0.05000000074505806]","[2.0, 1.0, 1.0, 1.0]",0.0,0,True
seed7_P_C2_warm,50,0.7988761067390442,0.5,2.2942745685577393,1.898321270942688,7.635988235473633,0.20663781464099884,"[0.012500000186264515, 0.05000000074505806, 0.02500000037252903, 0.05000000074505806]","[3.0, 1.0, 2.0, 1.0]",0.0,0,True
seed7_P_C2_warm,51,0.6474593281745911,0.71875,2.0943527221679688,1.8758091926574707,4.863994121551514,0.17778751254081726,"[0.05000000074505806, 0.05000000074505806, 0.012500000186264515, 0.05000000074505806]","[1.0, 1.0, 3.0, 1.0]",0.0,0,True
seed7_P_C2_warm,52,0.66357421875,0.71875,2.0682895183563232,1.7230770587921143,4.517413139343262,0.13944290578365326,"[0.02500000037252903, 0.05000000074505806, 0.02500000037252903, 0.05000000074505806]","[2.0, 1.0, 2.0, 1.0]",0.0,0,True
seed7_P_C2_warm,53,0.4805338382720947,0.84375,1.9465855360031128,1.722865104675293,5.647215843200684,0.10624068975448608,"[0.012500000186264515, 0.05000000074505806, 0.012500000186264515, 0.05000000074505806]","[3.0, 1.0, 3.0, 1.0]",0.0,0,True
seed7_P_C2_warm,54,0.6143117547035217,0.75,2.1654624938964844,1.9172139167785645,6.025021553039551,0.15905004739761353,"[0.02500000037252903, 0.05000000074505806, 0.012500000186264515, 0.05000000074505806]","[2.0, 1.0, 3.0, 1.0]",0.0,0,True
seed7_P_C2_warm,55,0.6161643266677856,0.71875,1.7637784481048584,1.5718457698822021,4.586587429046631,0.1251753270626068,"[0.012500000186264515, 0.05000000074505806, 0.02500000037252903, 0.05000000074505806]","[3.0, 1.0, 2.0, 1.0]",0.0,0,True
seed7_P_C2_warm,56,0.6540635824203491,0.5625,2.1280155181884766,1.8454211950302124,5.480319023132324,0.23216819763183594,"[0.02500000037252903, 0.05000000074505806, 0.05000000074505806, 0.05000000074505806]","[2.0, 1.0, 1.0, 1.0]",0.0,0,True
seed7_P_C2_warm,57,0.5769379138946533,0.8125,2.2625701427459717,1.8283367156982422,6.320770740509033,0.22236718237400055,"[0.012500000186264515, 0.05000000074505806, 0.05000000074505806, 0.05000000074505806]","[3.0, 1.0, 1.0, 1.0]",0.0,0,True
seed7_P_C2_warm,58,0.8589001297950745,0.5625,2.216615915298462,1.842423677444458,5.351019382476807,0.16231033205986023,"[0.02500000037252903, 0.05000000074505806, 0.02500000037252903, 0.05000000074505806]","[2.0, 1.0, 2.0, 1.0]",0.0,0,True
seed7_P_C2_warm,59,0.60801762342453,0.84375,2.2642064094543457,1.8718619346618652,4.902643203735352,0.24513216316699982,"[0.05000000074505806, 0.05000000074505806, 0.05000000074505806, 0.05000000074505806]","[1.0, 1.0, 1.0, 1.0]",0.0,0,True
seed7_P_C2_warm,60,0.6940556168556213,0.53125,2.082099676132202,1.9015567302703857,7.4260663986206055,0.17672106623649597,"[0.02500000037252903, 0.05000000074505806, 0.012500000186264515, 0.05000000074505806]","[2.0, 1.0, 3.0, 1.0]",0.0,0,True
seed7_P_C2_warm,61,0.6611899733543396,0.625,2.0824716091156006,1.7086143493652344,3.671638011932373,0.1610049456357956,"[0.05000000074505806, 0.05000000074505806, 0.02500000037252903, 0.05000000074505806]","[1.0, 1.0, 2.0, 1.0]",0.0,0,True
seed7_P_C2_warm,62,0.6624355912208557,0.6875,2.1279714107513428,1.8181571960449219,5.565683364868164,0.2782841920852661,"[0.05000000074505806, 0.05000000074505806, 0.05000000074505806, 0.05000000074505806]","[1.0, 1.0, 1.0, 1.0]",0.0,0,True
seed7_P_C2_warm,63,0.5650489926338196,0.84375,1.9965577125549316,1.7497215270996094,6.376777648925781,0.14232096076011658,"[0.012500000186264515, 0.05000000074505806, 0.02500000037252903, 0.05000000074505806]","[3.0, 1.0, 2.0, 1.0]",0.0,0,True
seed7_P_C2_warm,64,0.5573893785476685,0.78125,1.8906546831130981,1.749253749847412,3.912443161010742,0.11940940469503403,"[0.02500000037252903, 0.05000000074505806, 0.02500000037252903, 0.05000000074505806]","[2.0, 1.0, 2.0, 1.0]",0.0,0,True
seed7_P_C2_warm,65,0.6353997588157654,0.71875,2.357393741607666,2.115915060043335,6.420005798339844,0.18837063014507294,"[0.02500000037252903, 0.05000000074505806, 0.02500000037252903, 0.05000000074505806]","[2.0, 1.0, 2.0, 1.0]",0.0,0,True
seed7_P_C2_warm,66,0.7086195945739746,0.65625,1.9997206926345825,1.8269243240356445,4.197216987609863,0.12615329027175903,"[0.02500000037252903, 0.05000000074505806, 0.02500000037252903, 0.05000000074505806]","[2.0, 1.0, 2.0, 1.0]",0.0,0,True
seed7_P_C2_warm,67,0.5324206352233887,0.8125,2.140532970428467,1.710252046585083,5.37022590637207,0.16785497963428497,"[0.02500000037252903, 0.05000000074505806, 0.02500000037252903, 0.05000000074505806]","[2.0, 1.0, 2.0, 1.0]",0.0,0,True
seed7_P_C2_warm,68,0.7985780835151672,0.53125,2.2827181816101074,2.1119980812072754,6.242831230163574,0.3121415972709656,"[0.05000000074505806, 0.05000000074505806, 0.05000000074505806, 0.05000000074505806]","[1.0, 1.0, 1.0, 1.0]",0.0,0,True
seed7_P_C2_warm,69,0.5816121697425842,0.8125,1.8854868412017822,1.6271796226501465,4.498231887817383,0.13498836755752563,"[0.012500000186264515, 0.05000000074505806, 0.05000000074505806, 0.05000000074505806]","[3.0, 1.0, 1.0, 1.0]",0.0,0,True
seed7_P_C2_warm,70,0.6943972110748291,0.625,2.216517925262451,2.0233356952667236,6.405494689941406,0.2471177577972412,"[0.02500000037252903, 0.05000000074505806, 0.05000000074505806, 0.05000000074505806]","[2.0, 1.0, 1.0, 1.0]",0.0,0,True
seed7_P_C2_warm,71,0.6210693717002869,0.75,2.1941628456115723,1.9534332752227783,5.352203845977783,0.16427434980869293,"[0.02500000037252903, 0.05000000074505806, 0.02500000037252903, 0.05000000074505806]","[2.0, 1.0, 2.0, 1.0]",0.0,0,True
seed7_P_C2_warm,72,0.7942821979522705,0.75,2.3720285892486572,1.8338372707366943,5.047220230102539,0.19533511996269226,"[0.02500000037252903, 0.05000000074505806, 0.05000000074505806, 0.05000000074505806]","[2.0, 1.0, 1.0, 1.0]",0.0,0,True
seed7_P_C2_warm,73,0.7546561360359192,0.5625,2.009629011154175,1.8222322463989258,4.623419284820557,0.1273590475320816,"[0.02500000037252903, 0.05000000074505806, 0.02500000037252903, 0.05000000074505806]","[2.0, 1.0, 2.0, 1.0]",0.0,0,True
seed7_P_C2_warm,74,0.6344407796859741,0.75,2.230919361114502,1.8366669416427612,4.519803047180176,0.16778764128684998,"[0.012500000186264515, 0.05000000074505806, 0.05000000074505806, 0.05000000074505806]","[3.0, 1.0, 1.0, 1.0]",0.0,0,True
seed7_P_C2_warm,75,0.5143032073974609,0.78125,1.9820711612701416,1.8358309268951416,4.8036346435546875,0.1412859857082367,"[0.02500000037252903, 0.05000000074505806, 0.02500000037252903, 0.05000000074505806]","[2.0, 1.0, 2.0, 1.0]",0.0,0,True
seed7_P_C2_warm,76,0.6451987624168396,0.71875,1.8182718753814697,1.7070218324661255,3.0490036010742188,0.12494757771492004,"[0.05000000074505806, 0.05000000074505806, 0.02500000037252903, 0.05000000074505806]","[1.0, 1.0, 2.0, 1.0]",0.0,0,True
seed7_P_C2_warm,77,0.6402103900909424,0.84375,1.8588321208953857,1.5960099697113037,5.002571105957031,0.11313740909099579,"[0.012500000186264515, 0.05000000074505806, 0.012500000186264515, 0.05000000074505806]","[3.0, 1.0, 3.0, 1.0]",0.0,0,True
seed7_P_C2_warm,78,0.7179242372512817,0.5625,2.0574228763580322,1.6613354682922363,5.381010055541992,0.13663560152053833,"[0.02500000037252903, 0.05000000074505806, 0.012500000186264515, 0.05000000074505806]","[2.0, 1.0, 3.0, 1.0]",0.0,0,True
seed7_P_C2_warm,79,0.613261342048645,0.71875,2.250701904296875,1.990743637084961,7.429858684539795,0.21310828626155853,"[0.02500000037252903, 0.05000000074505806, 0.02500000037252903, 0.05000000074505806]","[2.0, 1.0, 2.0, 1.0]",0.0,0,True
seed7_P_C2_warm,80,0.8695998191833496,0.46875,2.5002853870391846,1.9882709980010986,6.678366661071777,0.2572091519832611,"[0.05000000074505806, 0.05000000074505806, 0.02500000037252903, 0.05000000074505806]","[1.0, 1.0, 2.0, 1.0]",0.0,0,True
seed7_P_C2_warm,81,0.5733352303504944,0.84375,2.028712034225464,1.8533447980880737,3.9781551361083984,0.16600541770458221,"[0.02500000037252903, 0.05000000074505806, 0.05000000074505806, 0.05000000074505806]","[2.0, 1.0, 1.0, 1.0]",0.0,0,True
seed7_P_C2_warm,82,0.572364866733551,0.78125,1.9301669597625732,1.815997838973999,4.335604667663574,0.11707645654678345,"[0.012500000186264515, 0.05000000074505806, 0.02500000037252903, 0.05000000074505806]","[3.0, 1.0, 2.0, 1.0]",0.0,0,True
seed7_P_C2_warm,83,0.4838377833366394,0.90625,2.2317824363708496,1.67017662525177,5.44317626953125,0.16734272241592407,"[0.05000000074505806, 0.05000000074505806, 0.012500000186264515, 0.05000000074505806]","[1.0, 1.0, 3.0, 1.0]",0.0,0,True
seed7_P_C2_warm,84,0.606931209564209,0.71875,1.8944567441940308,1.6905348300933838,3.9196982383728027,0.1366322636604309,"[0.012500000186264515, 0.05000000074505806, 0.05000000074505806, 0.05000000074505806]","[3.0, 1.0, 1.0, 1.0]",0.0,0,True
seed7_P_C2_warm,85,0.7354936599731445,0.6875,1.9718730449676514,1.7942368984222412,4.592605113983154,0.14678001403808594,"[0.02500000037252903, 0.05000000074505806, 0.02500000037252903, 0.05000000074505806]","[2.0, 1.0, 2.0, 1.0]",0.0,0,True
seed7_P_C2_warm,86,0.5504294037818909,0.78125,2.0622665882110596,1.8512428998947144,4.288397789001465,0.16655988991260529,"[0.012500000186264515, 0.05000000074505806, 0.05000000074505806, 0.05000000074505806]","[3.0, 1.0, 1.0, 1.0]",0.0,0,True
seed7_P_C2_warm,87,0.4704231023788452,0.9375,2.3211326599121094,1.8188104629516602,5.4800615310668945,0.1935628205537796,"[0.05000000074505806, 0.05000000074505806, 0.02500000037252903, 0.05000000074505806]","[1.0, 1.0, 2.0, 1.0]",0.0,0,True
seed7_P_C2_warm,88,0.6095733046531677,0.6875,2.2322285175323486,1.8728737831115723,4.942225933074951,0.14071449637413025,"[0.02500000037252903, 0.05000000074505806, 0.02500000037252903, 0.05000000074505806]","[2.0, 1.0, 2.0, 1.0]",0.0,0,True
seed7_P_C2_warm,89,0.6936845779418945,0.5625,2.5370287895202637,2.041909694671631,6.1639509201049805,0.2513493299484253,"[0.05000000074505806, 0.05000000074505806, 0.02500000037252903, 0.05000000074505806]","[1.0, 1.0, 2.0, 1.0]",0.0,0,True
seed7_P_C2_warm,90,0.565881073474884,0.8125,1.999330759048462,1.77608323097229,4.252513885498047,0.1286773979663849,"[0.02500000037252903, 0.05000000074505806, 0.02500000037252903, 0.05000000074505806]","[2.0, 1.0, 2.0, 1.0]",0.0,0,True
seed7_P_C2_warm,91,0.7452434301376343,0.59375,2.2779507637023926,1.9084172248840332,5.911602973937988,0.1941644549369812,"[0.02500000037252903, 0.05000000074505806, 0.02500000037252903, 0.05000000074505806]","[2.0, 1.0, 2.0, 1.0]",0.0,0,True
seed7_P_C2_warm,92,0.7859743237495422,0.59375,1.9699363708496094,1.8242278099060059,3.6366610527038574,0.18183305859565735,"[0.05000000074505806, 0.05000000074505806, 0.05000000074505806, 0.05000000074505806]","[1.0, 1.0, 1.0, 1.0]",0.0,0,True
seed7_P_C2_warm,93,0.6151221990585327,0.84375,2.087447166442871,1.8883960247039795,5.616387844085693,0.2140478640794754,"[0.02500000037252903, 0.05000000074505806, 0.05000000074505806, 0.05000000074505806]","[2.0, 1.0, 1.0, 1.0]",0.0,0,True
seed7_P_C2_warm,94,0.5891937017440796,0.75,2.3557252883911133,1.9134769439697266,7.03487491607666,0.27461567521095276,"[0.05000000074505806, 0.05000000074505806, 0.02500000037252903, 0.05000000074505806]","[1.0, 1.0, 2.0, 1.0]",0.0,0,True
seed7_P_C2_warm,95,0.5809230804443359,0.84375,2.5006256103515625,2.0224356651306152,4.808910369873047,0.24044550955295563,"[0.05000000074505806, 0.05000000074505806, 0.05000000074505806, 0.05000000074505806]","[1.0, 1.0, 1.0, 1.0]",0.0,0,True
seed7_P_C2_warm,96,0.5559709668159485,0.875,1.8731682300567627,1.6111421585083008,5.31808614730835,0.15072673559188843,"[0.02500000037252903, 0.05000000074505806, 0.02500000037252903, 0.05000000074505806]","[2.0, 1.0, 2.0, 1.0]",0.0,0,True
seed7_P_C2_warm,97,0.7505637407302856,0.5,2.0191407203674316,1.7355008125305176,4.63008975982666,0.12399569153785706,"[0.02500000037252903, 0.05000000074505806, 0.012500000186264515, 0.05000000074505806]","[2.0, 1.0, 3.0, 1.0]",0.0,0,True
seed7_P_C2_warm,98,0.49296122789382935,0.875,2.08482027053833,1.7086188793182373,5.434601783752441,0.12983670830726624,"[0.02500000037252903, 0.05000000074505806, 0.012500000186264515, 0.05000000074505806]","[2.0, 1.0, 3.0, 1.0]",0.0,0,True
seed7_P_C2_warm,99,0.5610594749450684,0.71875,2.233640193939209,2.084105968475342,5.233118057250977,0.26165592670440674,"[0.05000000074505806, 0.05000000074505806, 0.05000000074505806, 0.05000000074505806]","[1.0, 1.0, 1.0, 1.0]",0.0,0,True
seed7_P_C2_warm,100,0.5748136639595032,0.59375,2.178133964538574,1.8271312713623047,5.144319534301758,0.2191447913646698,"[0.02500000037252903, 0.05000000074505806, 0.05000000074505806, 0.05000000074505806]","[2.0, 1.0, 1.0, 1.0]",0.0,0,True
seed7_P_C2_warm,101,0.539732813835144,0.90625,2.0508320331573486,1.7146761417388916,4.622991561889648,0.15949153900146484,"[0.02500000037252903, 0.05000000074505806, 0.05000000074505806, 0.05000000074505806]","[2.0, 1.0, 1.0, 1.0]",0.0,0,True
seed7_P_C2_warm,102,0.5803378820419312,0.875,2.246662139892578,1.8074393272399902,5.519927978515625,0.17496056854724884,"[0.02500000037252903, 0.05000000074505806, 0.02500000037252903, 0.05000000074505806]","[2.0, 1.0, 2.0, 1.0]",0.0,0,True
seed7_P_C2_warm,103,0.561327338218689,0.8125,2.237955093383789,1.889331340789795,6.745633125305176,0.19406646490097046,"[0.02500000037252903, 0.05000000074505806, 0.02500000037252903, 0.05000000074505806]","[2.0, 1.0, 2.0, 1.0]",0.0,0,True
seed7_P_C2_warm,104,0.6014950275421143,0.78125,1.924482822418213,1.7163856029510498,3.704965353012085,0.15388232469558716,"[0.05000000074505806, 0.05000000074505806, 0.02500000037252903, 0.05000000074505806]","[1.0, 1.0, 2.0, 1.0]",0.0,0,True
seed7_P_C2_warm,105,0.7478213310241699,0.5625,2.3306760787963867,2.025117874145508,5.451604843139648,0.23092788457870483,"[0.02500000037252903, 0.05000000074505806, 0.05000000074505806, 0.05000000074505806]","[2.0, 1.0, 1.0, 1.0]",0.0,0,True
seed7_P_C2_warm,106,0.6564481854438782,0.78125,2.2037038803100586,2.042632579803467,4.669858932495117,0.2334929257631302,"[0.05000000074505806, 0.05000000074505806, 0.05000000074505806, 0.05000000074505806]","[1.0, 1.0, 1.0, 1.0]",0.0,0,True
seed7_P_C2_warm,107,0.8093324899673462,0.6875,2.34954571723938,2.194004774093628,5.746371746063232,0.2873185873031616,"[0.05000000074505806, 0.05000000074505806, 0.05000000074505806, 0.05000000074505806]","[1.0, 1.0, 1.0, 1.0]",0.0,0,True
seed7_P_C2_warm,108,0.6531433463096619,0.6875,2.336627960205078,2.055969476699829,4.002358913421631,0.20011796057224274,"[0.05000000074505806, 0.05000000074505806, 0.05000000074505806, 0.05000000074505806]","[1.0, 1.0, 1.0, 1.0]",0.0,0,True
seed7_P_C2_warm,109,0.5667858123779297,0.8125,2.1349093914031982,1.7888555526733398,5.644644737243652,0.16678756475448608,"[0.05000000074505806, 0.05000000074505806, 0.012500000186264515, 0.05000000074505806]","[1.0, 1.0, 3.0, 1.0]",0.0,0,True
seed7_P_C2_warm,110,0.5621763467788696,0.78125,1.705481767654419,1.5981850624084473,3.4964587688446045,0.10232442617416382,"[0.05000000074505806, 0.05000000074505806, 0.012500000186264515, 0.05000000074505806]","[1.0, 1.0, 3.0, 1.0]",0.0,0,True
seed7_P_C2_warm,111,0.5455857515335083,0.78125,2.244119882583618,1.8408939838409424,4.9791154861450195,0.19331780076026917,"[0.05000000074505806, 0.05000000074505806, 0.02500000037252903, 0.05000000074505806]","[1.0, 1.0, 2.0, 1.0]",0.0,0,True
seed7_P_C2_warm,112,0.6100141406059265,0.71875,2.1267924308776855,1.8775198459625244,5.168320655822754,0.19164319336414337,"[0.05000000074505806, 0.05000000074505806, 0.02500000037252903, 0.05000000074505806]","[1.0, 1.0, 2.0, 1.0]",0.0,0,True
seed7_P_C2_warm,113,0.4993804693222046,0.96875,1.9891421794891357,1.732947587966919,5.974023818969727,0.2056456208229065,"[0.05000000074505806, 0.05000000074505806, 0.012500000186264515, 0.05000000074505806]","[1.0, 1.0, 3.0, 1.0]",0.0,0,True
seed7_P_C2_warm,114,0.7548284530639648,0.625,2.2485461235046387,1.9564541578292847,4.712899208068848,0.23564496636390686,"[0.05000000074505806, 0.05000000074505806, 0.05000000074505806, 0.05000000074505806]","[1.0, 1.0, 1.0, 1.0]",0.0,0,True
seed7_P_C2_warm,115,0.6137208342552185,0.6875,2.1495649814605713,1.730142593383789,4.423888206481934,0.1934499442577362,"[0.05000000074505806, 0.05000000074505806, 0.02500000037252903, 0.05000000074505806]","[1.0, 1.0, 2.0, 1.0]",0.0,0,True
seed7_P_C2_warm,116,0.6423895955085754,0.75,2.455871105194092,1.8893065452575684,5.032393455505371,0.2516196668148041,"[0.05000000074505806, 0.05000000074505806, 0.05000000074505806, 0.05000000074505806]","[1.0, 1.0, 1.0, 1.0]",0.0,0,True
seed7_P_C2_warm,117,0.6222032904624939,0.8125,2.0074052810668945,1.7469706535339355,4.866168975830078,0.11458857357501984,"[0.012500000186264515, 0.05000000074505806, 0.02500000037252903, 0.05000000074505806]","[3.0, 1.0, 2.0, 1.0]",0.0,0,True
seed7_P_C2_warm,118,0.5130458474159241,0.84375,1.9959661960601807,1.6700568199157715,4.839531421661377,0.10256391763687134,"[0.02500000037252903, 0.05000000074505806, 0.012500000186264515, 0.05000000074505806]","[2.0, 1.0, 3.0, 1.0]",0.0,0,True
seed7_P_C2_warm,119,0.5633164048194885,0.96875,1.9819754362106323,1.7832400798797607,5.4221038818359375,0.15276208519935608,"[0.02500000037252903, 0.05000000074505806, 0.02500000037252903, 0.05000000074505806]","[2.0, 1.0, 2.0, 1.0]",0.0,0,True
seed7_P_C2_warm,120,0.5921357274055481,0.8125,1.9879586696624756,1.7058833837509155,4.7138872146606445,0.11438984423875809,"[0.02500000037252903, 0.05000000074505806, 0.012500000186264515, 0.05000000074505806]","[2.0, 1.0, 3.0, 1.0]",0.0,0,True
seed7_P_C2_warm,121,0.5418510437011719,0.90625,2.3125386238098145,1.8551175594329834,3.614947557449341,0.1807473599910736,"[0.05000000074505806, 0.05000000074505806, 0.05000000074505806, 0.05000000074505806]","[1.0, 1.0, 1.0, 1.0]",0.0,0,True
seed7_P_C2_warm,122,0.5464634299278259,0.84375,2.2813384532928467,2.11307954788208,5.393199920654297,0.23093156516551971,"[0.02500000037252903, 0.05000000074505806, 0.05000000074505806, 0.05000000074505806]","[2.0, 1.0, 1.0, 1.0]",0.0,0,True
seed7_P_C2_warm,123,0.6814993023872375,0.78125,2.82694149017334,2.370062828063965,7.957379341125488,0.39786896109580994,"[0.05000000074505806, 0.05000000074505806, 0.05000000074505806, 0.05000000074505806]","[1.0, 1.0, 1.0, 1.0]",0.0,0,True
seed7_P_C2_warm,124,0.7295238375663757,0.53125,2.259159564971924,1.6775846481323242,4.394064903259277,0.18829159438610077,"[0.02500000037252903, 0.05000000074505806, 0.05000000074505806, 0.05000000074505806]","[2.0, 1.0, 1.0, 1.0]",0.0,0,True
seed7_P_C2_warm,125,0.9627330899238586,0.46875,2.334345817565918,2.101301431655884,5.689831256866455,0.28449153900146484,"[0.05000000074505806, 0.05000000074505806, 0.05000000074505806, 0.05000000074505806]","[1.0, 1.0, 1.0, 1.0]",0.0,0,True
seed7_P_C2_warm,126,0.6855579018592834,0.625,2.6870903968811035,2.0467231273651123,7.105254173278809,0.35526275634765625,"[0.05000000074505806, 0.05000000074505806, 0.05000000074505806, 0.05000000074505806]","[1.0, 1.0, 1.0, 1.0]",0.0,0,True
seed7_P_C2_warm,127,0.5975728034973145,0.78125,2.256779432296753,1.8004955053329468,5.754230499267578,0.1504964530467987,"[0.02500000037252903, 0.05000000074505806, 0.012500000186264515, 0.05000000074505806]","[2.0, 1.0, 3.0, 1.0]",0.0,0,True
seed7_P_C2_warm,128,0.6288254857063293,0.78125,2.328014373779297,1.6803933382034302,4.262067794799805,0.17255736887454987,"[0.02500000037252903, 0.05000000074505806, 0.05000000074505806, 0.05000000074505806]","[2.0, 1.0, 1.0, 1.0]",0.0,0,True
seed7_P_C2_warm,129,0.7422053813934326,0.65625,2.0612521171569824,1.6820213794708252,4.678712844848633,0.1729615032672882,"[0.02500000037252903, 0.05000000074505806, 0.05000000074505806, 0.05000000074505806]","[2.0, 1.0, 1.0, 1.0]",0.0,0,True
seed7_P_C2_warm,130,0.5586248636245728,0.875,1.8536138534545898,1.6594101190567017,2.89443039894104,0.12360050529241562,"[0.02500000037252903, 0.05000000074505806, 0.05000000074505806, 0.05000000074505806]","[2.0, 1.0, 1.0, 1.0]",0.0,0,True
seed7_P_C2_warm,131,0.6135991215705872,0.78125,2.1355700492858887,1.8262333869934082,4.397739410400391,0.177097886800766,"[0.05000000074505806, 0.05000000074505806, 0.02500000037252903, 0.05000000074505806]","[1.0, 1.0, 2.0, 1.0]",0.0,0,True
seed7_P_C2_warm,132,0.6387491822242737,0.625,1.9526619911193848,1.8435015678405762,3.9567809104919434,0.1700976938009262,"[0.02500000037252903, 0.05000000074505806, 0.05000000074505806, 0.05000000074505806]","[2.0, 1.0, 1.0, 1.0]",0.0,0,True
seed7_P_C2_warm,133,0.6770516037940979,0.53125,1.9523062705993652,1.7449055910110474,3.969480037689209,0.1468116044998169,"[0.02500000037252903, 0.05000000074505806, 0.05000000074505806, 0.05000000074505806]","[2.0, 1.0, 1.0, 1.0]",0.0,0,True
seed7_P_C2_warm,134,0.5475367903709412,0.78125,1.9080836772918701,1.7628182172775269,3.904221773147583,0.14144277572631836,"[0.02500000037252903, 0.05000000074505806, 0.05000000074505806, 0.05000000074505806]","[2.0, 1.0, 1.0, 1.0]",0.0,0,True
seed7_P_C2_warm,135,0.5577679872512817,1.0,2.09967303276062,1.7755522727966309,4.314972877502441,0.16835510730743408,"[0.05000000074505806, 0.05000000074505806, 0.02500000037252903, 0.05000000074505806]","[1.0, 1.0, 2.0, 1.0]",0.0,0,True
seed7_P_C2_warm,136,0.595455527305603,0.71875,2.028780460357666,1.8061282634735107,4.61678409576416,0.1752619445323944,"[0.02500000037252903, 0.05000000074505806, 0.05000000074505806, 0.05000000074505806]","[2.0, 1.0, 1.0, 1.0]",0.0,0,True
seed7_P_C2_warm,137,0.526529848575592,0.875,2.2790307998657227,1.9369832277297974,5.190758228302002,0.19797196984291077,"[0.05000000074505806, 0.05000000074505806, 0.02500000037252903, 0.05000000074505806]","[1.0, 1.0, 2.0, 1.0]",0.0,0,True
seed7_P_C2_warm,138,0.5240985751152039,0.90625,2.1223304271698,1.8539221286773682,5.367883682250977,0.21014302968978882,"[0.02500000037252903, 0.05000000074505806, 0.05000000074505806, 0.05000000074505806]","[2.0, 1.0, 1.0, 1.0]",0.0,0,True
seed7_P_C2_warm,139,0.5451847314834595,0.84375,2.046004295349121,1.9393424987792969,4.8889312744140625,0.19474509358406067,"[0.02500000037252903, 0.05000000074505806, 0.05000000074505806, 0.05000000074505806]","[2.0, 1.0, 1.0, 1.0]",0.0,0,True
seed7_P_C2_warm,140,0.371319442987442,0.90625,1.9220335483551025,1.8318182229995728,4.011872291564941,0.14541837573051453,"[0.012500000186264515, 0.05000000074505806, 0.05000000074505806, 0.05000000074505806]","[3.0, 1.0, 1.0, 1.0]",0.0,0,True
seed7_P_C2_warm,141,0.6137218475341797,0.71875,2.3475942611694336,1.833976149559021,5.384129524230957,0.19419842958450317,"[0.02500000037252903, 0.05000000074505806, 0.05000000074505806, 0.05000000074505806]","[2.0, 1.0, 1.0, 1.0]",0.0,0,True
seed7_P_C2_warm,142,0.6356004476547241,0.71875,2.1717593669891357,2.0550882816314697,4.750363826751709,0.18138769268989563,"[0.02500000037252903, 0.05000000074505806, 0.05000000074505806, 0.05000000074505806]","[2.0, 1.0, 1.0, 1.0]",0.0,0,True
seed7_P_C2_warm,143,0.646757960319519,0.71875,2.1213431358337402,1.9203486442565918,5.176220893859863,0.1433112919330597,"[0.02500000037252903, 0.05000000074505806, 0.02500000037252903, 0.05000000074505806]","[2.0, 1.0, 2.0, 1.0]",0.0,0,True
seed7_P_C2_warm,144,0.5377321243286133,0.8125,2.101438045501709,1.8840374946594238,5.159202575683594,0.18190085887908936,"[0.05000000074505806, 0.05000000074505806, 0.02500000037252903, 0.05000000074505806]","[1.0, 1.0, 2.0, 1.0]",0.0,0,True
seed7_P_C2_warm,145,0.6163918972015381,0.78125,1.849491000175476,1.5700628757476807,2.9985616207122803,0.14992807805538177,"[0.05000000074505806, 0.05000000074505806, 0.05000000074505806, 0.05000000074505806]","[1.0, 1.0, 1.0, 1.0]",0.0,0,True
seed7_P_C2_warm,146,0.612950325012207,0.71875,2.233562707901001,1.799656867980957,6.00071382522583,0.17062774300575256,"[0.02500000037252903, 0.05000000074505806, 0.02500000037252903, 0.05000000074505806]","[2.0, 1.0, 2.0, 1.0]",0.0,0,True
seed7_P_C2_warm,147,0.7317993640899658,0.5625,1.9783660173416138,1.7969675064086914,3.681652545928955,0.14236795902252197,"[0.02500000037252903, 0.05000000074505806, 0.05000000074505806, 0.05000000074505806]","[2.0, 1.0, 1.0, 1.0]",0.0,0,True
seed7_P_C2_warm,148,0.6857815384864807,0.71875,2.232245922088623,1.771991491317749,4.949990272521973,0.19578136503696442,"[0.05000000074505806, 0.05000000074505806, 0.02500000037252903, 0.05000000074505806]","[1.0, 1.0, 2.0, 1.0]",0.0,0,True
seed7_P_C2_warm,149,0.624049961566925,0.84375,2.6605424880981445,2.3314380645751953,5.6331706047058105,0.2816585302352905,"[0.05000000074505806, 0.05000000074505806, 0.05000000074505806, 0.05000000074505806]","[1.0, 1.0, 1.0, 1.0]",0.0,0,True
seed7_P_C2_warm,150,0.6036069989204407,0.75,1.9189441204071045,1.5832725763320923,4.032644748687744,0.14542528986930847,"[0.05000000074505806, 0.05000000074505806, 0.02500000037252903, 0.05000000074505806]","[1.0, 1.0, 2.0, 1.0]",0.0,0,True
seed7_P_C2_warm,151,0.6087385416030884,0.78125,1.9694318771362305,1.8729121685028076,3.9940943717956543,0.19970470666885376,"[0.05000000074505806, 0.05000000074505806, 0.05000000074505806, 0.05000000074505806]","[1.0, 1.0, 1.0, 1.0]",0.0,0,True
seed7_P_C2_warm,152,0.5890695452690125,0.71875,2.199758291244507,1.9210338592529297,5.080929279327393,0.21905909478664398,"[0.05000000074505806, 0.05000000074505806, 0.02500000037252903, 0.05000000074505806]","[1.0, 1.0, 2.0, 1.0]",0.0,0,True
seed7_P_C2_warm,153,0.6133360862731934,0.75,2.295593500137329,1.9762333631515503,4.264549732208252,0.21322748064994812,"[0.05000000074505806, 0.05000000074505806, 0.05000000074505806, 0.05000000074505806]","[1.0, 1.0, 1.0, 1.0]",0.0,0,True
seed7_P_C2_warm,154,0.5423224568367004,0.875,2.1400146484375,1.9391627311706543,4.252262115478516,0.21261310577392578,"[0.05000000074505806, 0.05000000074505806, 0.05000000074505806, 0.05000000074505806]","[1.0, 1.0, 1.0, 1.0]",0.0,0,True
seed7_P_C2_warm,155,0.5226384401321411,0.875,2.0707454681396484,1.7741060256958008,4.400117874145508,0.16840459406375885,"[0.02500000037252903, 0.05000000074505806, 0.05000000074505806, 0.05000000074505806]","[2.0, 1.0, 1.0, 1.0]",0.0,0,True
seed7_P_C2_warm,156,0.4933569133281708,0.96875,2.168689727783203,1.9176149368286133,5.018978118896484,0.19234952330589294,"[0.02500000037252903, 0.05000000074505806, 0.05000000074505806, 0.05000000074505806]","[2.0, 1.0, 1.0, 1.0]",0.0,0,True
seed7_P_C2_warm,157,0.5439580082893372,0.875,2.4024133682250977,2.0312376022338867,5.468756675720215,0.27343785762786865,"[0.05000000074505806, 0.05000000074505806, 0.05000000074505806, 0.05000000074505806]","[1.0, 1.0, 1.0, 1.0]",0.0,0,True
seed7_P_C2_warm,158,0.6071425676345825,0.75,2.0954432487487793,1.8344566822052002,4.987024307250977,0.2028600573539734,"[0.02500000037252903, 0.05000000074505806, 0.05000000074505806, 0.05000000074505806]","[2.0, 1.0, 1.0, 1.0]",0.0,0,True
seed7_P_C2_warm,159,0.7352622151374817,0.65625,2.2383053302764893,2.0986058712005615,5.512821674346924,0.2756410837173462,"[0.05000000074505806, 0.05000000074505806, 0.05000000074505806, 0.05000000074505806]","[1.0, 1.0, 1.0, 1.0]",0.0,0,True
seed7_P_C2_warm,160,0.5412370562553406,0.96875,2.4683704376220703,1.8893711566925049,5.284037113189697,0.2642018496990204,"[0.05000000074505806, 0.05000000074505806, 0.05000000074505806, 0.05000000074505806]","[1.0, 1.0, 1.0, 1.0]",0.0,0,True
seed7_P_C2_warm,161,0.47538071870803833,1.0,2.0502681732177734,1.757514476776123,4.216795921325684,0.17249295115470886,"[0.02500000037252903, 0.05000000074505806, 0.05000000074505806, 0.05000000074505806]","[2.0, 1.0, 1.0, 1.0]",0.0,0,True
seed7_P_C2_warm,162,0.6512778401374817,0.6875,2.476151466369629,2.066909074783325,6.120704650878906,0.30603522062301636,"[0.05000000074505806, 0.05000000074505806, 0.05000000074505806, 0.05000000074505806]","[1.0, 1.0, 1.0, 1.0]",0.0,0,True
seed7_P_C2_warm,163,0.6753088235855103,0.71875,2.2293248176574707,1.8469576835632324,3.208315372467041,0.16041576862335205,"[0.05000000074505806, 0.05000000074505806, 0.05000000074505806, 0.05000000074505806]","[1.0, 1.0, 1.0, 1.0]",0.0,0,True
seed7_P_C2_warm,164,0.6889669895172119,0.6875,2.152054786682129,1.9750837087631226,4.537558078765869,0.22687789797782898,"[0.05000000074505806, 0.05000000074505806, 0.05000000074505806, 0.05000000074505806]","[1.0, 1.0, 1.0, 1.0]",0.0,0,True
seed7_P_C2_warm,165,0.6294875741004944,0.78125,1.9725961685180664,1.8757168054580688,5.325836181640625,0.21516138315200806,"[0.02500000037252903, 0.05000000074505806, 0.05000000074505806, 0.05000000074505806]","[2.0, 1.0, 1.0, 1.0]",0.0,0,True
seed7_P_C2_warm,166,0.5791028141975403,0.8125,2.0869977474212646,1.9474549293518066,3.4638428688049316,0.17319214344024658,"[0.05000000074505806, 0.05000000074505806, 0.05000000074505806, 0.05000000074505806]","[1.0, 1.0, 1.0, 1.0]",0.0,0,True
seed7_P_C2_warm,167,0.6333037614822388,0.625,2.5482678413391113,1.7231543064117432,5.57774543762207,0.2311590313911438,"[0.02500000037252903, 0.05000000074505806, 0.05000000074505806, 0.05000000074505806]","[2.0, 1.0, 1.0, 1.0]",0.0,0,True
seed7_P_C2_warm,168,0.6255941987037659,0.6875,2.576813220977783,2.0311145782470703,5.365089416503906,0.26825448870658875,"[0.05000000074505806, 0.05000000074505806, 0.05000000074505806, 0.05000000074505806]","[1.0, 1.0, 1.0, 1.0]",0.0,0,True
seed7_P_C2_warm,169,0.9180511832237244,0.65625,2.3543472290039062,2.074982166290283,5.031642913818359,0.25158214569091797,"[0.05000000074505806, 0.05000000074505806, 0.05000000074505806, 0.05000000074505806]","[1.0, 1.0, 1.0, 1.0]",0.0,0,True
seed7_P_C2_warm,170,0.5389008522033691,0.84375,2.478236436843872,1.8157553672790527,5.304009437561035,0.26520049571990967,"[0.05000000074505806, 0.05000000074505806, 0.05000000074505806, 0.05000000074505806]","[1.0, 1.0, 1.0, 1.0]",0.0,0,True
seed7_P_C2_warm,171,0.4879191517829895,0.96875,1.8967578411102295,1.7299590110778809,4.576927185058594,0.13288429379463196,"[0.02500000037252903, 0.05000000074505806, 0.02500000037252903, 0.05000000074505806]","[2.0, 1.0, 2.0, 1.0]",0.0,0,True
seed7_P_C2_warm,172,0.6890902519226074,0.6875,2.1181201934814453,2.0150885581970215,5.221811294555664,0.22342956066131592,"[0.05000000074505806, 0.05000000074505806, 0.02500000037252903, 0.05000000074505806]","[1.0, 1.0, 2.0, 1.0]",0.0,0,True
seed7_P_C2_warm,173,0.6403555870056152,0.8125,2.0798773765563965,1.7288239002227783,4.121460914611816,0.12896963953971863,"[0.012500000186264515, 0.05000000074505806, 0.05000000074505806, 0.05000000074505806]","[3.0, 1.0, 1.0, 1.0]",0.0,0,True
seed7_P_C2_warm,174,0.6153094172477722,0.6875,2.3369431495666504,2.106473445892334,4.9144673347473145,0.2009025365114212,"[0.02500000037252903, 0.05000000074505806, 0.05000000074505806, 0.05000000074505806]","[2.0, 1.0, 1.0, 1.0]",0.0,0,True
seed7_P_C2_warm,175,0.6451358795166016,0.78125,2.720076322555542,2.032729387283325,5.8683271408081055,0.2934163510799408,"[0.05000000074505806, 0.05000000074505806, 0.05000000074505806, 0.05000000074505806]","[1.0, 1.0, 1.0, 1.0]",0.0,0,True
seed7_P_C2_warm,176,0.6541045308113098,0.625,2.5086045265197754,2.1322240829467773,4.690250396728516,0.23451250791549683,"[0.05000000074505806, 0.05000000074505806, 0.05000000074505806, 0.05000000074505806]","[1.0, 1.0, 1.0, 1.0]",0.0,0,True
seed7_P_C2_warm,177,0.6381201148033142,0.84375,2.1537160873413086,1.8101314306259155,4.203489780426025,0.15551920235157013,"[0.02500000037252903, 0.05000000074505806, 0.05000000074505806, 0.05000000074505806]","[2.0, 1.0, 1.0, 1.0]",0.0,0,True
seed7_P_C2_warm,178,0.628354549407959,0.71875,1.856313705444336,1.6660250425338745,3.140932321548462,0.11351257562637329,"[0.02500000037252903, 0.05000000074505806, 0.05000000074505806, 0.05000000074505806]","[2.0, 1.0, 1.0, 1.0]",0.0,0,True
seed7_P_C2_warm,179,0.6212034821510315,0.8125,2.2589683532714844,1.7746268510818481,4.487180709838867,0.22435905039310455,"[0.05000000074505806, 0.05000000074505806, 0.05000000074505806, 0.05000000074505806]","[1.0, 1.0, 1.0, 1.0]",0.0,0,True
seed7_P_C2_warm,180,0.7143802046775818,0.53125,2.1491034030914307,1.8574068546295166,4.495183944702148,0.22475920617580414,"[0.05000000074505806, 0.05000000074505806, 0.05000000074505806, 0.05000000074505806]","[1.0, 1.0, 1.0, 1.0]",0.0,0,True
seed7_P_C2_warm,181,0.6284542083740234,0.78125,2.098998785018921,1.8556458950042725,4.026723384857178,0.20133617520332336,"[0.05000000074505806, 0.05000000074505806, 0.05000000074505806, 0.05000000074505806]","[1.0, 1.0, 1.0, 1.0]",0.0,0,True
seed7_P_C2_warm,182,0.530386209487915,0.8125,1.98922598361969,1.7796144485473633,3.600850820541382,0.15050454437732697,"[0.02500000037252903, 0.05000000074505806, 0.05000000074505806, 0.05000000074505806]","[2.0, 1.0, 1.0, 1.0]",0.0,0,True
seed7_P_C2_warm,183,0.5507125854492188,0.75,2.484086036682129,1.8086655139923096,5.579239368438721,0.2247558981180191,"[0.05000000074505806, 0.05000000074505806, 0.02500000037252903, 0.05000000074505806]","[1.0, 1.0, 2.0, 1.0]",0.0,0,True
seed7_P_C2_warm,184,0.5211237072944641,0.84375,2.605307102203369,1.902338981628418,5.871547698974609,0.2935773730278015,"[0.05000000074505806, 0.05000000074505806, 0.05000000074505806, 0.05000000074505806]","[1.0, 1.0, 1.0, 1.0]",0.0,0,True
seed7_P_C2_warm,185,0.5828264951705933,0.875,2.4327642917633057,1.8304443359375,4.430454254150391,0.2215227335691452,"[0.05000000074505806, 0.05000000074505806, 0.05000000074505806, 0.05000000074505806]","[1.0, 1.0, 1.0, 1.0]",0.0,0,True
seed7_P_C2_warm,186,0.6412891745567322,0.6875,2.3599905967712402,1.8905301094055176,4.171586990356445,0.20857934653759003,"[0.05000000074505806, 0.05000000074505806, 0.05000000074505806, 0.05000000074505806]","[1.0, 1.0, 1.0, 1.0]",0.0,0,True
seed7_P_C2_warm,187,0.5051022171974182,0.8125,2.344935417175293,1.9312247037887573,5.353778839111328,0.19575318694114685,"[0.05000000074505806, 0.05000000074505806, 0.02500000037252903, 0.05000000074505806]","[1.0, 1.0, 2.0, 1.0]",0.0,0,True
seed7_P_C2_warm,188,0.5862048268318176,0.75,2.553178310394287,1.8000147342681885,4.485688209533691,0.22428441047668457,"[0.05000000074505806, 0.05000000074505806, 0.05000000074505806, 0.05000000074505806]","[1.0, 1.0, 1.0, 1.0]",0.0,0,True
seed7_P_C2_warm,189,0.9589683413505554,0.59375,2.2970643043518066,1.9661428928375244,5.59682035446167,0.22846823930740356,"[0.05000000074505806, 0.05000000074505806, 0.02500000037252903, 0.05000000074505806]","[1.0, 1.0, 2.0, 1.0]",0.0,0,True
seed7_P_C2_warm,190,0.6623404026031494,0.71875,2.479438304901123,1.9486749172210693,5.275753974914551,0.2637876868247986,"[0.05000000074505806, 0.05000000074505806, 0.05000000074505806, 0.05000000074505806]","[1.0, 1.0, 1.0, 1.0]",0.0,0,True
seed7_P_C2_warm,191,0.6288573145866394,0.6875,1.9415919780731201,1.6803925037384033,4.4823503494262695,0.16974854469299316,"[0.02500000037252903, 0.05000000074505806, 0.05000000074505806, 0.05000000074505806]","[2.0, 1.0, 1.0, 1.0]",0.0,0,True
seed7_P_C2_warm,192,0.5852282643318176,0.625,2.188375473022461,1.8376216888427734,4.708249092102051,0.17699387669563293,"[0.02500000037252903, 0.05000000074505806, 0.05000000074505806, 0.05000000074505806]","[2.0, 1.0, 1.0, 1.0]",0.0,0,True
seed7_P_C2_warm,193,0.747246503829956,0.59375,2.1201319694519043,1.839261770248413,4.0081562995910645,0.20040783286094666,"[0.05000000074505806, 0.05000000074505806, 0.05000000074505806, 0.05000000074505806]","[1.0, 1.0, 1.0, 1.0]",0.0,0,True
seed7_P_C2_warm,194,0.5940748453140259,0.84375,2.1085762977600098,1.8566112518310547,4.296351909637451,0.1653011441230774,"[0.02500000037252903, 0.05000000074505806, 0.05000000074505806, 0.05000000074505806]","[2.0, 1.0, 1.0, 1.0]",0.0,0,True
seed7_P_C2_warm,195,0.4542728662490845,0.875,2.6510543823242188,1.794252634048462,4.427728652954102,0.22138643264770508,"[0.05000000074505806, 0.05000000074505806, 0.05000000074505806, 0.05000000074505806]","[1.0, 1.0, 1.0, 1.0]",0.0,0,True
seed7_P_C2_warm,196,0.5252140760421753,0.90625,2.434856414794922,1.9138753414154053,4.273163795471191,0.2136581987142563,"[0.05000000074505806, 0.05000000074505806, 0.05000000074505806, 0.05000000074505806]","[1.0, 1.0, 1.0, 1.0]",0.0,0,True
seed7_P_C2_warm,197,0.575423538684845,0.875,2.840287685394287,1.832511067390442,5.194622039794922,0.25973111391067505,"[0.05000000074505806, 0.05000000074505806, 0.05000000074505806, 0.05000000074505806]","[1.0, 1.0, 1.0, 1.0]",0.0,0,True
seed7_P_C2_warm,198,0.638081967830658,0.78125,2.2644927501678467,1.9701720476150513,4.534919738769531,0.22674599289894104,"[0.05000000074505806, 0.05000000074505806, 0.05000000074505806, 0.05000000074505806]","[1.0, 1.0, 1.0, 1.0]",0.0,0,True
seed7_P_C2_warm,199,0.6213378310203552,0.71875,2.0496325492858887,1.8224256038665771,5.1542205810546875,0.2113949954509735,"[0.02500000037252903, 0.05000000074505806, 0.05000000074505806, 0.05000000074505806]","[2.0, 1.0, 1.0, 1.0]",0.0,0,True
seed7_P_C2_warm,200,0.6691875457763672,0.65625,2.4979867935180664,1.7221481800079346,5.113746166229248,0.25568732619285583,"[0.05000000074505806, 0.05000000074505806, 0.05000000074505806, 0.05000000074505806]","[1.0, 1.0, 1.0, 1.0]",0.0,0,True
seed7_P_C2_warm,201,0.5855088829994202,0.71875,2.3104248046875,1.9627950191497803,4.628095626831055,0.23140478134155273,"[0.05000000074505806, 0.05000000074505806, 0.05000000074505806, 0.05000000074505806]","[1.0, 1.0, 1.0, 1.0]",0.0,0,True
seed7_P_C2_warm,202,0.5530655384063721,0.8125,2.2244741916656494,1.6937174797058105,4.595786094665527,0.1854776293039322,"[0.02500000037252903, 0.05000000074505806, 0.05000000074505806, 0.05000000074505806]","[2.0, 1.0, 1.0, 1.0]",0.0,0,True
seed7_P_C2_warm,203,0.6184040307998657,0.65625,2.427945613861084,1.7585217952728271,4.844422340393066,0.24222113192081451,"[0.05000000074505806, 0.05000000074505806, 0.05000000074505806, 0.05000000074505806]","[1.0, 1.0, 1.0, 1.0]",0.0,0,True
seed7_P_C2_warm,204,0.5536016821861267,0.9375,2.350740909576416,1.823301076889038,4.677207946777344,0.17970336973667145,"[0.02500000037252903, 0.05000000074505806, 0.05000000074505806, 0.05000000074505806]","[2.0, 1.0, 1.0, 1.0]",0.0,0,True
seed7_P_C2_warm,205,0.5785730481147766,0.75,2.0470902919769287,1.6780266761779785,4.302165985107422,0.1494545340538025,"[0.05000000074505806, 0.05000000074505806, 0.02500000037252903, 0.05000000074505806]","[1.0, 1.0, 2.0, 1.0]",0.0,0,True
seed7_P_C2_warm,206,0.6236995458602905,0.625,1.999122142791748,1.781158208847046,4.361395835876465,0.13545724749565125,"[0.02500000037252903, 0.05000000074505806, 0.02500000037252903, 0.05000000074505806]","[2.0, 1.0, 2.0, 1.0]",0.0,0,True
seed7_P_C2_warm,207,0.42436131834983826,0.9375,2.030244827270508,1.8106569051742554,2.994476318359375,0.1497238278388977,"[0.05000000074505806, 0.05000000074505806, 0.05000000074505806, 0.05000000074505806]","[1.0, 1.0, 1.0, 1.0]",0.0,0,True
seed7_P_C2_warm,208,0.625266432762146,0.6875,2.5275659561157227,1.9840009212493896,4.643058776855469,0.23215293884277344,"[0.05000000074505806, 0.05000000074505806, 0.05000000074505806, 0.05000000074505806]","[1.0, 1.0, 1.0, 1.0]",0.0,0,True
seed7_P_C2_warm,209,0.4969787001609802,0.90625,2.132838726043701,1.9121190309524536,4.312994003295898,0.12041047215461731,"[0.02500000037252903, 0.05000000074505806, 0.02500000037252903, 0.05000000074505806]","[2.0, 1.0, 2.0, 1.0]",0.0,0,True
seed7_P_C2_warm,210,0.5260775685310364,0.875,1.9418195486068726,1.68199622631073,3.3680968284606934,0.11911065876483917,"[0.02500000037252903, 0.05000000074505806, 0.05000000074505806, 0.05000000074505806]","[2.0, 1.0, 1.0, 1.0]",0.0,0,True
seed7_P_C2_warm,211,0.5940050482749939,0.75,1.9642441272735596,1.8265893459320068,3.518704891204834,0.1759352684020996,"[0.05000000074505806, 0.05000000074505806, 0.05000000074505806, 0.05000000074505806]","[1.0, 1.0, 1.0, 1.0]",0.0,0,True
seed7_P_C2_warm,212,0.6535001993179321,0.6875,2.573190212249756,1.992937684059143,4.252710819244385,0.21263554692268372,"[0.05000000074505806, 0.05000000074505806, 0.05000000074505806, 0.05000000074505806]","[1.0, 1.0, 1.0, 1.0]",0.0,0,True
seed7_P_C2_warm,213,0.6466812491416931,0.71875,2.500113010406494,1.9278911352157593,4.906627655029297,0.24533137679100037,"[0.05000000074505806, 0.05000000074505806, 0.05000000074505806, 0.05000000074505806]","[1.0, 1.0, 1.0, 1.0]",0.0,0,True
seed7_P_C2_warm,214,0.49792689085006714,0.84375,2.118377685546875,1.8343795537948608,4.2073445320129395,0.21036723256111145,"[0.05000000074505806, 0.05000000074505806, 0.05000000074505806, 0.05000000074505806]","[1.0, 1.0, 1.0, 1.0]",0.0,0,True
seed7_P_C2_warm,215,0.7146103978157043,0.625,2.158909797668457,1.8996355533599854,4.895060062408447,0.24475300312042236,"[0.05000000074505806, 0.05000000074505806, 0.05000000074505806, 0.05000000074505806]","[1.0, 1.0, 1.0, 1.0]",0.0,0,True
seed7_P_C2_warm,216,0.7048935294151306,0.625,2.0357553958892822,1.679738998413086,3.3768928050994873,0.153989776968956,"[0.02500000037252903, 0.05000000074505806, 0.05000000074505806, 0.05000000074505806]","[2.0, 1.0, 1.0, 1.0]",0.0,0,True
seed7_P_C2_warm,217,0.615585207939148,0.6875,2.1529295444488525,1.7924951314926147,4.563551902770996,0.17848649621009827,"[0.05000000074505806, 0.05000000074505806, 0.02500000037252903, 0.05000000074505806]","[1.0, 1.0, 2.0, 1.0]",0.0,0,True
seed7_P_C2_warm,218,0.5314083695411682,0.6875,2.6860437393188477,1.9772273302078247,5.292089462280273,0.26460444927215576,"[0.05000000074505806, 0.05000000074505806, 0.05000000074505806, 0.05000000074505806]","[1.0, 1.0, 1.0, 1.0]",0.0,0,True
seed7_P_C2_warm,219,0.5407252311706543,0.8125,2.300537586212158,1.860781192779541,3.615142345428467,0.14906111359596252,"[0.05000000074505806, 0.05000000074505806, 0.02500000037252903, 0.05000000074505806]","[1.0, 1.0, 2.0, 1.0]",0.0,0,True
seed7_P_C2_warm,220,0.6619240641593933,0.71875,2.322232961654663,1.9296602010726929,3.851287841796875,0.19256439805030823,"[0.05000000074505806, 0.05000000074505806, 0.05000000074505806, 0.05000000074505806]","[1.0, 1.0, 1.0, 1.0]",0.0,0,True
seed7_P_C2_warm,221,0.5582559108734131,0.8125,2.5611014366149902,1.7847073078155518,4.727807998657227,0.2363903820514679,"[0.05000000074505806, 0.05000000074505806, 0.05000000074505806, 0.05000000074505806]","[1.0, 1.0, 1.0, 1.0]",0.0,0,True
seed7_P_C2_warm,222,0.6571433544158936,0.625,2.012730598449707,1.7772433757781982,4.586940765380859,0.16922397911548615,"[0.02500000037252903, 0.05000000074505806, 0.05000000074505806, 0.05000000074505806]","[2.0, 1.0, 1.0, 1.0]",0.0,0,True
seed7_P_C2_warm,223,0.6086760759353638,0.78125,2.1558098793029785,1.7011774778366089,3.662496566772461,0.1499897986650467,"[0.05000000074505806, 0.05000000074505806, 0.02500000037252903, 0.05000000074505806]","[1.0, 1.0, 2.0, 1.0]",0.0,0,True
seed7_P_C2_warm,224,0.7191650867462158,0.6875,2.297314405441284,1.7693926095962524,4.083714485168457,0.1685648411512375,"[0.05000000074505806, 0.05000000074505806, 0.02500000037252903, 0.05000000074505806]","[1.0, 1.0, 2.0, 1.0]",0.0,0,True
seed7_P_C2_warm,225,0.526461124420166,0.84375,2.12272572517395,1.7405383586883545,4.055488109588623,0.16134846210479736,"[0.02500000037252903, 0.05000000074505806, 0.05000000074505806, 0.05000000074505806]","[2.0, 1.0, 1.0, 1.0]",0.0,0,True
seed7_P_C2_warm,226,0.44156020879745483,0.96875,2.279252290725708,1.855495810508728,4.079240798950195,0.2039620280265808,"[0.05000000074505806, 0.05000000074505806, 0.05000000074505806, 0.05000000074505806]","[1.0, 1.0, 1.0, 1.0]",0.0,0,True
seed7_P_C2_warm,227,0.5504717230796814,0.84375,2.586163282394409,1.8138028383255005,5.4345598220825195,0.271727979183197,"[0.05000000074505806, 0.05000000074505806, 0.05000000074505806, 0.05000000074505806]","[1.0, 1.0, 1.0, 1.0]",0.0,0,True
seed7_P_C2_warm,228,0.6415205001831055,0.71875,2.120518684387207,1.734857201576233,4.233500957489014,0.1823379397392273,"[0.05000000074505806, 0.05000000074505806, 0.02500000037252903, 0.05000000074505806]","[1.0, 1.0, 2.0, 1.0]",0.0,0,True
seed7_P_C2_warm,229,0.5767238736152649,0.8125,2.490694046020508,1.7092742919921875,4.32238245010376,0.21611914038658142,"[0.05000000074505806, 0.05000000074505806, 0.05000000074505806, 0.05000000074505806]","[1.0, 1.0, 1.0, 1.0]",0.0,0,True
seed7_P_C2_warm,230,0.6915074586868286,0.65625,2.152660369873047,1.7289841175079346,4.812635898590088,0.18273571133613586,"[0.02500000037252903, 0.05000000074505806, 0.05000000074505806, 0.05000000074505806]","[2.0, 1.0, 1.0, 1.0]",0.0,0,True
seed7_P_C2_warm,231,0.4666998088359833,0.9375,2.7156548500061035,1.880680799484253,5.525504112243652,0.2762752175331116,"[0.05000000074505806, 0.05000000074505806, 0.05000000074505806, 0.05000000074505806]","[1.0, 1.0, 1.0, 1.0]",0.0,0,True
seed7_P_C2_warm,232,0.5038838982582092,0.875,2.3075714111328125,1.7607115507125854,3.911904811859131,0.15719017386436462,"[0.05000000074505806, 0.05000000074505806, 0.02500000037252903, 0.05000000074505806]","[1.0, 1.0, 2.0, 1.0]",0.0,0,True
seed7_P_C2_warm,233,0.5058243274688721,0.75,2.2777256965637207,1.78536057472229,4.412362098693848,0.16454273462295532,"[0.05000000074505806, 0.05000000074505806, 0.02500000037252903, 0.05000000074505806]","[1.0, 1.0, 2.0, 1.0]",0.0,0,True
seed7_P_C2_warm,234,0.4755578637123108,0.9375,2.619218349456787,2.0914454460144043,4.899821758270264,0.24499109387397766,"[0.05000000074505806, 0.05000000074505806, 0.05000000074505806, 0.05000000074505806]","[1.0, 1.0, 1.0, 1.0]",0.0,0,True
seed7_P_C2_warm,235,0.6333426237106323,0.84375,2.3256003856658936,1.9065210819244385,4.96795654296875,0.2483978271484375,"[0.05000000074505806, 0.05000000074505806, 0.05000000074505806, 0.05000000074505806]","[1.0, 1.0, 1.0, 1.0]",0.0,0,True
seed7_P_C2_warm,236,0.5314316153526306,0.875,2.014965057373047,1.8039100170135498,3.598388433456421,0.17991942167282104,"[0.05000000074505806, 0.05000000074505806, 0.05000000074505806, 0.05000000074505806]","[1.0, 1.0, 1.0, 1.0]",0.0,0,True
seed7_P_C2_warm,237,0.5041465759277344,0.875,2.6876285076141357,1.7266464233398438,4.843401908874512,0.24217009544372559,"[0.05000000074505806, 0.05000000074505806, 0.05000000074505806, 0.05000000074505806]","[1.0, 1.0, 1.0, 1.0]",0.0,0,True
seed7_P_C2_warm,238,0.5889188051223755,0.71875,1.7567119598388672,1.6394206285476685,3.278596878051758,0.12232838571071625,"[0.05000000074505806, 0.05000000074505806, 0.02500000037252903, 0.05000000074505806]","[1.0, 1.0, 2.0, 1.0]",0.0,0,True
seed7_P_C2_warm,239,0.5652642250061035,0.75,2.6619951725006104,2.106837272644043,6.212282180786133,0.31061410903930664,"[0.05000000074505806, 0.05000000074505806, 0.05000000074505806, 0.05000000074505806]","[1.0, 1.0, 1.0, 1.0]",0.0,0,True
seed7_P_C2_warm,240,0.5762556791305542,0.71875,2.1417126655578613,1.6887576580047607,5.5568952560424805,0.15943078696727753,"[0.02500000037252903, 0.05000000074505806, 0.02500000037252903, 0.05000000074505806]","[2.0, 1.0, 2.0, 1.0]",0.0,0,True
seed7_P_C2_warm,241,0.6606211066246033,0.71875,2.2052247524261475,1.8918867111206055,4.701709747314453,0.23508548736572266,"[0.05000000074505806, 0.05000000074505806, 0.05000000074505806, 0.05000000074505806]","[1.0, 1.0, 1.0, 1.0]",0.0,0,True
seed7_P_C2_warm,242,0.5265713334083557,0.875,2.3672077655792236,1.762608289718628,6.067858695983887,0.23973599076271057,"[0.05000000074505806, 0.05000000074505806, 0.02500000037252903, 0.05000000074505806]","[1.0, 1.0, 2.0, 1.0]",0.0,0,True
seed7_P_C2_warm,243,0.48392221331596375,0.90625,1.9618529081344604,1.7413134574890137,3.179436683654785,0.1589718461036682,"[0.05000000074505806, 0.05000000074505806, 0.05000000074505806, 0.05000000074505806]","[1.0, 1.0, 1.0, 1.0]",0.0,0,True
seed7_P_C2_warm,244,0.5956379175186157,0.8125,2.3889331817626953,2.150449275970459,5.668766975402832,0.22642605006694794,"[0.02500000037252903, 0.05000000074505806, 0.05000000074505806, 0.05000000074505806]","[2.0, 1.0, 1.0, 1.0]",0.0,0,True
seed7_P_C2_warm,245,0.602549135684967,0.78125,2.3549766540527344,1.7508337497711182,4.520774841308594,0.19967319071292877,"[0.05000000074505806, 0.05000000074505806, 0.02500000037252903, 0.05000000074505806]","[1.0, 1.0, 2.0, 1.0]",0.0,0,True
seed7_P_C2_warm,246,0.511239230632782,0.84375,2.6680002212524414,1.9297139644622803,6.526386260986328,0.26842963695526123,"[0.05000000074505806, 0.05000000074505806, 0.02500000037252903, 0.05000000074505806]","[1.0, 1.0, 2.0, 1.0]",0.0,0,True
seed7_P_C2_warm,247,0.49482423067092896,0.90625,2.525808811187744,2.030627727508545,5.207228660583496,0.2603614330291748,"[0.05000000074505806, 0.05000000074505806, 0.05000000074505806, 0.05000000074505806]","[1.0, 1.0, 1.0, 1.0]",0.0,0,True
seed7_P_C2_warm,248,0.5383557677268982,0.8125,1.9858269691467285,1.7546753883361816,3.992891311645508,0.1599246859550476,"[0.02500000037252903, 0.05000000074505806, 0.05000000074505806, 0.05000000074505806]","[2.0, 1.0, 1.0, 1.0]",0.0,0,True
seed7_P_C2_warm,249,0.5405779480934143,0.71875,2.0720162391662598,1.9467458724975586,4.035205841064453,0.16407600045204163,"[0.05000000074505806, 0.05000000074505806, 0.02500000037252903, 0.05000000074505806]","[1.0, 1.0, 2.0, 1.0]",0.0,0,True
seed7_P_C2_warm,250,0.6362161040306091,0.65625,2.234158992767334,1.7360384464263916,3.6160035133361816,0.1808001846075058,"[0.05000000074505806, 0.05000000074505806, 0.05000000074505806, 0.05000000074505806]","[1.0, 1.0, 1.0, 1.0]",0.0,0,True
seed7_P_C2_warm,251,0.6008827090263367,0.71875,2.331421375274658,1.9943398237228394,5.112890243530273,0.2556445002555847,"[0.05000000074505806, 0.05000000074505806, 0.05000000074505806, 0.05000000074505806]","[1.0, 1.0, 1.0, 1.0]",0.0,0,True
seed7_P_C2_warm,252,0.586425244808197,0.8125,1.9904998540878296,1.8927836418151855,3.452542543411255,0.17262715101242065,"[0.05000000074505806, 0.05000000074505806, 0.05000000074505806, 0.05000000074505806]","[1.0, 1.0, 1.0, 1.0]",0.0,0,True
seed7_P_C2_warm,253,0.6010264754295349,0.6875,1.9807687997817993,1.7524330615997314,3.2915730476379395,0.1645786464214325,"[0.05000000074505806, 0.05000000074505806, 0.05000000074505806, 0.05000000074505806]","[1.0, 1.0, 1.0, 1.0]",0.0,0,True
seed7_P_C2_warm,254,0.5875954031944275,0.84375,2.3962979316711426,2.136723041534424,5.138971328735352,0.20605942606925964,"[0.02500000037252903, 0.05000000074505806, 0.05000000074505806, 0.05000000074505806]","[2.0, 1.0, 1.0, 1.0]",0.0,0,True
seed7_P_C2_warm,255,0.6307803988456726,0.84375,1.9313198328018188,1.740393877029419,4.474264144897461,0.1558166891336441,"[0.05000000074505806, 0.05000000074505806, 0.02500000037252903, 0.05000000074505806]","[1.0, 1.0, 2.0, 1.0]",0.0,0,True
seed7_P_C2_warm,256,0.5600573420524597,0.875,2.2101593017578125,1.943481206893921,3.584970474243164,0.17924852669239044,"[0.05000000074505806, 0.05000000074505806, 0.05000000074505806, 0.05000000074505806]","[1.0, 1.0, 1.0, 1.0]",0.0,0,True
seed7_P_C2_warm,257,0.7013351917266846,0.65625,2.3526201248168945,1.9378364086151123,5.25321102142334,0.26266056299209595,"[0.05000000074505806, 0.05000000074505806, 0.05000000074505806, 0.05000000074505806]","[1.0, 1.0, 1.0, 1.0]",0.0,0,True
seed7_P_C2_warm,258,0.48718714714050293,0.90625,2.270819664001465,1.898372769355774,5.192661285400391,0.20953524112701416,"[0.05000000074505806, 0.05000000074505806, 0.02500000037252903, 0.05000000074505806]","[1.0, 1.0, 2.0, 1.0]",0.0,0,True
seed7_P_C2_warm,259,0.7291804552078247,0.5625,1.856496810913086,1.6676721572875977,4.001165866851807,0.12534645199775696,"[0.02500000037252903, 0.05000000074505806, 0.02500000037252903, 0.05000000074505806]","[2.0, 1.0, 2.0, 1.0]",0.0,0,True
seed7_P_C2_warm,260,0.7477838397026062,0.6875,2.2827577590942383,1.9438064098358154,5.5001935958862305,0.22264507412910461,"[0.05000000074505806, 0.05000000074505806, 0.02500000037252903, 0.05000000074505806]","[1.0, 1.0, 2.0, 1.0]",0.0,0,True
seed7_P_C2_warm,261,0.5844271779060364,0.75,2.39736270904541,1.9852708578109741,5.253385543823242,0.1983586847782135,"[0.02500000037252903, 0.05000000074505806, 0.05000000074505806, 0.05000000074505806]","[2.0, 1.0, 1.0, 1.0]",0.0,0,True
seed7_P_C2_warm,262,0.6858044862747192,0.71875,2.244974136352539,1.8119839429855347,3.828645706176758,0.19143228232860565,"[0.05000000074505806, 0.05000000074505806, 0.05000000074505806, 0.05000000074505806]","[1.0, 1.0, 1.0, 1.0]",0.0,0,True
seed7_P_C2_warm,263,0.5901074409484863,0.75,1.7735531330108643,1.6545300483703613,2.390648365020752,0.097163125872612,"[0.02500000037252903, 0.05000000074505806, 0.05000000074505806, 0.05000000074505806]","[2.0, 1.0, 1.0, 1.0]",0.0,0,True
seed7_P_C2_warm,264,0.595723569393158,0.75,2.1722261905670166,1.8520092964172363,3.2172629833221436,0.16086314618587494,"[0.05000000074505806, 0.05000000074505806, 0.05000000074505806, 0.05000000074505806]","[1.0, 1.0, 1.0, 1.0]",0.0,0,True
seed7_P_C2_warm,265,0.5296193957328796,0.8125,1.9404410123825073,1.8470327854156494,3.3662667274475098,0.16831335425376892,"[0.05000000074505806, 0.05000000074505806, 0.05000000074505806, 0.05000000074505806]","[1.0, 1.0, 1.0, 1.0]",0.0,0,True
seed7_P_C2_warm,266,0.4948078393936157,0.84375,2.1420774459838867,1.7788249254226685,3.5141706466674805,0.17570853233337402,"[0.05000000074505806, 0.05000000074505806, 0.05000000074505806, 0.05000000074505806]","[1.0, 1.0, 1.0, 1.0]",0.0,0,True
seed7_P_C2_warm,267,0.45404180884361267,0.9375,2.2300281524658203,2.0031814575195312,4.572000026702881,0.22859999537467957,"[0.05000000074505806, 0.05000000074505806, 0.05000000074505806, 0.05000000074505806]","[1.0, 1.0, 1.0, 1.0]",0.0,0,True
seed7_P_C2_warm,268,0.4484297037124634,0.84375,2.2673823833465576,1.9898724555969238,4.263759136199951,0.17042508721351624,"[0.02500000037252903, 0.05000000074505806, 0.05000000074505806, 0.05000000074505806]","[2.0, 1.0, 1.0, 1.0]",0.0,0,True
seed7_P_C2_warm,269,0.6004174947738647,0.8125,2.55086612701416,1.968479871749878,4.145086765289307,0.2072543352842331,"[0.05000000074505806, 0.05000000074505806, 0.05000000074505806, 0.05000000074505806]","[1.0, 1.0, 1.0, 1.0]",0.0,0,True
seed7_P_C2_warm,270,0.5607550144195557,0.8125,2.4454994201660156,2.1130728721618652,4.4541730880737305,0.22270864248275757,"[0.05000000074505806, 0.05000000074505806, 0.05000000074505806, 0.05000000074505806]","[1.0, 1.0, 1.0, 1.0]",0.0,0,True
seed7_P_C2_warm,271,0.5239596366882324,0.875,2.4510793685913086,1.8309266567230225,5.763745307922363,0.2167244255542755,"[0.05000000074505806, 0.05000000074505806, 0.02500000037252903, 0.05000000074505806]","[1.0, 1.0, 2.0, 1.0]",0.0,0,True
seed7_P_C2_warm,272,0.6613762974739075,0.71875,2.6147561073303223,1.909508466720581,4.873932838439941,0.24369663000106812,"[0.05000000074505806, 0.05000000074505806, 0.05000000074505806, 0.05000000074505806]","[1.0, 1.0, 1.0, 1.0]",0.0,0,True
seed7_P_C2_warm,273,0.6036256551742554,0.71875,2.4295148849487305,2.0815272331237793,5.271459579467773,0.26357296109199524,"[0.05000000074505806, 0.05000000074505806, 0.05000000074505806, 0.05000000074505806]","[1.0, 1.0, 1.0, 1.0]",0.0,0,True
seed7_P_C2_warm,274,0.46023449301719666,0.9375,2.6238369941711426,2.260857582092285,4.426794052124023,0.16635294258594513,"[0.05000000074505806, 0.05000000074505806, 0.02500000037252903, 0.05000000074505806]","[1.0, 1.0, 2.0, 1.0]",0.0,0,True
seed7_P_C2_warm,275,0.7188893556594849,0.59375,2.2229866981506348,1.892507791519165,3.9525935649871826,0.19762969017028809,"[0.05000000074505806, 0.05000000074505806, 0.05000000074505806, 0.05000000074505806]","[1.0, 1.0, 1.0, 1.0]",0.0,0,True
seed7_P_C2_warm,276,0.49501675367355347,0.9375,2.542449712753296,1.9100589752197266,4.803023338317871,0.24015116691589355,"[0.05000000074505806, 0.05000000074505806, 0.05000000074505806, 0.05000000074505806]","[1.0, 1.0, 1.0, 1.0]",0.0,0,True
seed7_P_C2_warm,277,0.5325978994369507,0.875,2.527303457260132,1.8862910270690918,5.585193157196045,0.22265402972698212,"[0.02500000037252903, 0.05000000074505806, 0.05000000074505806, 0.05000000074505806]","[2.0, 1.0, 1.0, 1.0]",0.0,0,True
seed7_P_C2_warm,278,0.4562666416168213,0.875,2.138410806655884,1.8908822536468506,5.255352973937988,0.21103425323963165,"[0.02500000037252903, 0.05000000074505806, 0.05000000074505806, 0.05000000074505806]","[2.0, 1.0, 1.0, 1.0]",0.0,0,True
seed7_P_C2_warm,279,0.564823567867279,0.96875,2.5657589435577393,2.1902995109558105,6.1881103515625,0.30940550565719604,"[0.05000000074505806, 0.05000000074505806, 0.05000000074505806, 0.05000000074505806]","[1.0, 1.0, 1.0, 1.0]",0.0,0,True
seed7_P_C2_warm,280,0.4924461245536804,0.9375,2.181581974029541,1.6821680068969727,3.8834190368652344,0.19417095184326172,"[0.05000000074505806, 0.05000000074505806, 0.05000000074505806, 0.05000000074505806]","[1.0, 1.0, 1.0, 1.0]",0.0,0,True
seed7_P_C2_warm,281,0.5692022442817688,0.78125,2.119252920150757,1.6952245235443115,4.897342681884766,0.19787274301052094,"[0.05000000074505806, 0.05000000074505806, 0.02500000037252903, 0.05000000074505806]","[1.0, 1.0, 2.0, 1.0]",0.0,0,True
seed7_P_C2_warm,282,0.5728511214256287,0.78125,2.645298480987549,2.0691094398498535,5.721285343170166,0.2860642671585083,"[0.05000000074505806, 0.05000000074505806, 0.05000000074505806, 0.05000000074505806]","[1.0, 1.0, 1.0, 1.0]",0.0,0,True
seed7_P_C2_warm,283,0.47242680191993713,0.875,2.462557315826416,1.9221233129501343,4.064189910888672,0.20320947468280792,"[0.05000000074505806, 0.05000000074505806, 0.05000000074505806, 0.05000000074505806]","[1.0, 1.0, 1.0, 1.0]",0.0,0,True
seed7_P_C2_warm,284,0.6092715263366699,0.84375,2.8865504264831543,1.9765594005584717,5.417750358581543,0.270887553691864,"[0.05000000074505806, 0.05000000074505806, 0.05000000074505806, 0.05000000074505806]","[1.0, 1.0, 1.0, 1.0]",0.0,0,True
seed7_P_C2_warm,285,0.5880892276763916,0.875,2.085789442062378,1.7684533596038818,2.9261369705200195,0.1463068425655365,"[0.05000000074505806, 0.05000000074505806, 0.05000000074505806, 0.05000000074505806]","[1.0, 1.0, 1.0, 1.0]",0.0,0,True
seed7_P_C2_warm,286,0.5651277899742126,0.78125,2.3311009407043457,1.896362543106079,3.5903584957122803,0.179517924785614,"[0.05000000074505806, 0.05000000074505806, 0.05000000074505806, 0.05000000074505806]","[1.0, 1.0, 1.0, 1.0]",0.0,0,True
seed7_P_C2_warm,287,0.7136664986610413,0.65625,2.203108787536621,1.892471194267273,5.2944440841674805,0.26472222805023193,"[0.05000000074505806, 0.05000000074505806, 0.05000000074505806, 0.05000000074505806]","[1.0, 1.0, 1.0, 1.0]",0.0,0,True
seed7_P_C2_warm,288,0.460310161113739,0.96875,2.603236198425293,1.9867491722106934,3.9114365577697754,0.19557183980941772,"[0.05000000074505806, 0.05000000074505806, 0.05000000074505806, 0.05000000074505806]","[1.0, 1.0, 1.0, 1.0]",0.0,0,True
seed7_P_C2_warm,289,0.4562554955482483,1.0,2.0133516788482666,1.7484667301177979,3.9644057750701904,0.12900881469249725,"[0.05000000074505806, 0.05000000074505806, 0.02500000037252903, 0.05000000074505806]","[1.0, 1.0, 2.0, 1.0]",0.0,0,True
seed7_P_C2_warm,290,0.5017586350440979,0.8125,2.487374782562256,2.0831124782562256,5.7826385498046875,0.2298257052898407,"[0.05000000074505806, 0.05000000074505806, 0.02500000037252903, 0.05000000074505806]","[1.0, 1.0, 2.0, 1.0]",0.0,0,True
seed7_P_C2_warm,291,0.46588775515556335,0.90625,2.50608491897583,2.0233960151672363,4.0516510009765625,0.20258256793022156,"[0.05000000074505806, 0.05000000074505806, 0.05000000074505806, 0.05000000074505806]","[1.0, 1.0, 1.0, 1.0]",0.0,0,True
seed7_P_C2_warm,292,0.4741918444633484,0.75,2.281470537185669,1.963622808456421,4.105103015899658,0.2052551507949829,"[0.05000000074505806, 0.05000000074505806, 0.05000000074505806, 0.05000000074505806]","[1.0, 1.0, 1.0, 1.0]",0.0,0,True
seed7_P_C2_warm,293,0.4952549636363983,0.84375,2.356660842895508,1.8340740203857422,4.587734222412109,0.17808780074119568,"[0.05000000074505806, 0.05000000074505806, 0.02500000037252903, 0.05000000074505806]","[1.0, 1.0, 2.0, 1.0]",0.0,0,True
seed7_P_C2_warm,294,0.45955130457878113,0.9375,2.118683099746704,1.8092271089553833,4.516819477081299,0.15798118710517883,"[0.05000000074505806, 0.05000000074505806, 0.02500000037252903, 0.05000000074505806]","[1.0, 1.0, 2.0, 1.0]",0.0,0,True
seed7_P_C2_warm,295,0.5972375273704529,0.75,2.7688372135162354,2.1872410774230957,6.0530853271484375,0.3026542663574219,"[0.05000000074505806, 0.05000000074505806, 0.05000000074505806, 0.05000000074505806]","[1.0, 1.0, 1.0, 1.0]",0.0,0,True
seed7_P_C2_warm,296,0.4310481548309326,0.96875,2.1515614986419678,1.6270630359649658,4.117753028869629,0.20588766038417816,"[0.05000000074505806, 0.05000000074505806, 0.05000000074505806, 0.05000000074505806]","[1.0, 1.0, 1.0, 1.0]",0.0,0,True
seed7_P_C2_warm,297,0.5507780909538269,0.78125,2.2408523559570312,1.9395588636398315,3.50669002532959,0.17533449828624725,"[0.05000000074505806, 0.05000000074505806, 0.05000000074505806, 0.05000000074505806]","[1.0, 1.0, 1.0, 1.0]",0.0,0,True
seed7_P_C2_warm,298,0.49849680066108704,0.90625,2.2022604942321777,1.8606593608856201,4.101140022277832,0.1402011513710022,"[0.02500000037252903, 0.05000000074505806, 0.05000000074505806, 0.05000000074505806]","[2.0, 1.0, 1.0, 1.0]",0.0,0,True
seed7_P_C2_warm,299,0.5379164814949036,0.78125,1.9495078325271606,1.7750673294067383,3.9186458587646484,0.1959322988986969,"[0.05000000074505806, 0.05000000074505806, 0.05000000074505806, 0.05000000074505806]","[1.0, 1.0, 1.0, 1.0]",0.0,0,True
seed7_P_C2_warm,300,0.4806998670101166,0.90625,2.1262078285217285,1.9945884943008423,3.8857226371765137,0.19428613781929016,"[0.05000000074505806, 0.05000000074505806, 0.05000000074505806, 0.05000000074505806]","[1.0, 1.0, 1.0, 1.0]",0.0,0,True
seed7_P_C2_warm,301,0.5074781179428101,0.875,2.7273411750793457,1.9467273950576782,4.8499674797058105,0.24249836802482605,"[0.05000000074505806, 0.05000000074505806, 0.05000000074505806, 0.05000000074505806]","[1.0, 1.0, 1.0, 1.0]",0.0,0,True
seed7_P_C2_warm,302,0.4421355724334717,0.96875,1.8077101707458496,1.6978027820587158,3.2713983058929443,0.10674884915351868,"[0.02500000037252903, 0.05000000074505806, 0.02500000037252903, 0.05000000074505806]","[2.0, 1.0, 2.0, 1.0]",0.0,0,True
seed7_P_C2_warm,303,0.4041549563407898,1.0,2.336094617843628,1.8588829040527344,3.6226580142974854,0.18113291263580322,"[0.05000000074505806, 0.05000000074505806, 0.05000000074505806, 0.05000000074505806]","[1.0, 1.0, 1.0, 1.0]",0.0,0,True
seed7_P_C2_warm,304,0.5195812582969666,0.78125,2.096433639526367,1.738865613937378,3.5460033416748047,0.17730017006397247,"[0.05000000074505806, 0.05000000074505806, 0.05000000074505806, 0.05000000074505806]","[1.0, 1.0, 1.0, 1.0]",0.0,0,True
seed7_P_C2_warm,305,0.5648192167282104,0.78125,2.0845839977264404,1.780880093574524,4.340585708618164,0.21702927350997925,"[0.05000000074505806, 0.05000000074505806, 0.05000000074505806, 0.05000000074505806]","[1.0, 1.0, 1.0, 1.0]",0.0,0,True
seed7_P_C2_warm,306,0.4599322974681854,0.84375,2.122128486633301,1.7470924854278564,4.680480003356934,0.1325834095478058,"[0.02500000037252903, 0.05000000074505806, 0.02500000037252903, 0.05000000074505806]","[2.0, 1.0, 2.0, 1.0]",0.0,0,True
seed7_P_C2_warm,307,0.7111653685569763,0.75,2.153999090194702,1.8378281593322754,3.75087571144104,0.18754377961158752,"[0.05000000074505806, 0.05000000074505806, 0.05000000074505806, 0.05000000074505806]","[1.0, 1.0, 1.0, 1.0]",0.0,0,True
seed7_P_C2_warm,308,0.5930873155593872,0.71875,1.929756760597229,1.7656041383743286,2.272836446762085,0.11364183574914932,"[0.05000000074505806, 0.05000000074505806, 0.05000000074505806, 0.05000000074505806]","[1.0, 1.0, 1.0, 1.0]",0.0,0,True
seed7_P_C2_warm,309,0.5703583359718323,0.8125,2.13212513923645,1.9617741107940674,5.0068864822387695,0.25034433603286743,"[0.05000000074505806, 0.05000000074505806, 0.05000000074505806, 0.05000000074505806]","[1.0, 1.0, 1.0, 1.0]",0.0,0,True
seed7_P_C2_warm,310,0.6362797617912292,0.65625,2.83078670501709,1.9009262323379517,5.878436088562012,0.2939218282699585,"[0.05000000074505806, 0.05000000074505806, 0.05000000074505806, 0.05000000074505806]","[1.0, 1.0, 1.0, 1.0]",0.0,0,True
seed7_P_C2_warm,311,0.5796732306480408,0.8125,2.3295717239379883,1.8107905387878418,3.8191370964050293,0.1471705436706543,"[0.05000000074505806, 0.05000000074505806, 0.02500000037252903, 0.05000000074505806]","[1.0, 1.0, 2.0, 1.0]",0.0,0,True
seed7_P_C2_warm,312,0.4216894209384918,0.9375,2.1792683601379395,1.835193157196045,4.441386699676514,0.22206935286521912,"[0.05000000074505806, 0.05000000074505806, 0.05000000074505806, 0.05000000074505806]","[1.0, 1.0, 1.0, 1.0]",0.0,0,True
seed7_P_C2_warm,313,0.46664202213287354,0.84375,1.8552992343902588,1.5909147262573242,3.705263137817383,0.1446167230606079,"[0.02500000037252903, 0.05000000074505806, 0.05000000074505806, 0.05000000074505806]","[2.0, 1.0, 1.0, 1.0]",0.0,0,True
seed7_P_C2_warm,314,0.5406746864318848,0.8125,2.1633615493774414,1.8157353401184082,4.155587673187256,0.159468412399292,"[0.02500000037252903, 0.05000000074505806, 0.05000000074505806, 0.05000000074505806]","[2.0, 1.0, 1.0, 1.0]",0.0,0,True
seed7_P_C2_warm,315,0.5720150470733643,0.9375,1.9592986106872559,1.737729787826538,3.754794120788574,0.13012878596782684,"[0.05000000074505806, 0.05000000074505806, 0.02500000037252903, 0.05000000074505806]","[1.0, 1.0, 2.0, 1.0]",0.0,0,True
seed7_P_C2_warm,316,0.5588512420654297,0.84375,2.4188575744628906,2.0772907733917236,5.558348178863525,0.27791738510131836,"[0.05000000074505806, 0.05000000074505806, 0.05000000074505806, 0.05000000074505806]","[1.0, 1.0, 1.0, 1.0]",0.0,0,True
seed7_P_C2_warm,317,0.5318635702133179,0.78125,2.8199005126953125,2.020918130874634,4.557121276855469,0.22785605490207672,"[0.05000000074505806, 0.05000000074505806, 0.05000000074505806, 0.05000000074505806]","[1.0, 1.0, 1.0, 1.0]",0.0,0,True
seed7_P_C2_warm,318,0.5097171068191528,0.875,2.1998729705810547,1.842721939086914,4.014459133148193,0.20072296261787415,"[0.05000000074505806, 0.05000000074505806, 0.05000000074505806, 0.05000000074505806]","[1.0, 1.0, 1.0, 1.0]",0.0,0,True
seed7_P_C2_warm,319,0.6052583456039429,0.6875,2.1607279777526855,1.8543375730514526,4.133191108703613,0.20665955543518066,"[0.05000000074505806, 0.05000000074505806, 0.05000000074505806, 0.05000000074505806]","[1.0, 1.0, 1.0, 1.0]",0.0,0,True
seed7_P_C2_warm,320,0.5703597664833069,0.6875,2.353248119354248,1.909668207168579,3.796473503112793,0.1898236870765686,"[0.05000000074505806, 0.05000000074505806, 0.05000000074505806, 0.05000000074505806]","[1.0, 1.0, 1.0, 1.0]",0.0,0,True
seed7_P_C2_warm,321,0.6700566411018372,0.625,2.1172327995300293,1.7651429176330566,3.6607096195220947,0.14542698860168457,"[0.05000000074505806, 0.05000000074505806, 0.02500000037252903, 0.05000000074505806]","[1.0, 1.0, 2.0, 1.0]",0.0,0,True
seed7_P_C2_warm,322,0.5685278177261353,0.9375,2.207672119140625,1.8261573314666748,4.959601879119873,0.2100561559200287,"[0.02500000037252903, 0.05000000074505806, 0.05000000074505806, 0.05000000074505806]","[2.0, 1.0, 1.0, 1.0]",0.0,0,True
seed7_P_C2_warm,323,0.6511179208755493,0.71875,2.4327797889709473,1.8134440183639526,4.6663970947265625,0.19979159533977509,"[0.02500000037252903, 0.05000000074505806, 0.05000000074505806, 0.05000000074505806]","[2.0, 1.0, 1.0, 1.0]",0.0,0,True
seed7_P_C2_warm,324,0.5969147682189941,0.8125,2.1486129760742188,1.8818494081497192,4.761347770690918,0.1902250498533249,"[0.05000000074505806, 0.05000000074505806, 0.02500000037252903, 0.05000000074505806]","[1.0, 1.0, 2.0, 1.0]",0.0,0,True
seed7_P_C2_warm,325,0.5613929033279419,0.9375,2.3597679138183594,1.9012137651443481,5.364610195159912,0.20519530773162842,"[0.02500000037252903, 0.05000000074505806, 0.05000000074505806, 0.05000000074505806]","[2.0, 1.0, 1.0, 1.0]",0.0,0,True
seed7_P_C2_warm,326,0.5666027069091797,0.84375,1.8517335653305054,1.7442069053649902,3.147425651550293,0.09287454187870026,"[0.02500000037252903, 0.05000000074505806, 0.02500000037252903, 0.05000000074505806]","[2.0, 1.0, 2.0, 1.0]",0.0,0,True
seed7_P_C2_warm,327,0.5389016270637512,0.78125,2.2437891960144043,1.9754722118377686,3.9295029640197754,0.19647514820098877,"[0.05000000074505806, 0.05000000074505806, 0.05000000074505806, 0.05000000074505806]","[1.0, 1.0, 1.0, 1.0]",0.0,0,True
seed7_P_C2_warm,328,0.6419397592544556,0.71875,2.0318427085876465,1.728193998336792,3.133183002471924,0.15665915608406067,"[0.05000000074505806, 0.05000000074505806, 0.05000000074505806, 0.05000000074505806]","[1.0, 1.0, 1.0, 1.0]",0.0,0,True
seed7_P_C2_warm,329,0.5324074029922485,0.90625,2.1521871089935303,1.9467967748641968,4.4576921463012695,0.16646511852741241,"[0.02500000037252903, 0.05000000074505806, 0.05000000074505806, 0.05000000074505806]","[2.0, 1.0, 1.0, 1.0]",0.0,0,True
seed7_P_C2_warm,330,0.5794097781181335,0.8125,2.341594696044922,1.7279012203216553,4.130776882171631,0.2065388560295105,"[0.05000000074505806, 0.05000000074505806, 0.05000000074505806, 0.05000000074505806]","[1.0, 1.0, 1.0, 1.0]",0.0,0,True
seed7_P_C2_warm,331,0.5242263078689575,0.8125,2.2260518074035645,1.8673784732818604,4.772102355957031,0.19597254693508148,"[0.02500000037252903, 0.05000000074505806, 0.05000000074505806, 0.05000000074505806]","[2.0, 1.0, 1.0, 1.0]",0.0,0,True
seed7_P_C2_warm,332,0.4626384675502777,0.9375,2.0460054874420166,1.8958349227905273,3.90242338180542,0.16313835978507996,"[0.05000000074505806, 0.05000000074505806, 0.02500000037252903, 0.05000000074505806]","[1.0, 1.0, 2.0, 1.0]",0.0,0,True
seed7_P_C2_warm,333,0.4592897891998291,0.96875,2.459132671356201,1.9320508241653442,5.455618858337402,0.2727809548377991,"[0.05000000074505806, 0.05000000074505806, 0.05000000074505806, 0.05000000074505806]","[1.0, 1.0, 1.0, 1.0]",0.0,0,True
seed7_P_C2_warm,334,0.45606693625450134,0.875,2.2468810081481934,1.6664592027664185,3.9704489707946777,0.1985224485397339,"[0.05000000074505806, 0.05000000074505806, 0.05000000074505806, 0.05000000074505806]","[1.0, 1.0, 1.0, 1.0]",0.0,0,True
seed7_P_C2_warm,335,0.5642369389533997,0.875,2.409968852996826,1.8586790561676025,4.019107818603516,0.20095539093017578,"[0.05000000074505806, 0.05000000074505806, 0.05000000074505806, 0.05000000074505806]","[1.0, 1.0, 1.0, 1.0]",0.0,0,True
seed7_P_C2_warm,336,0.5423268675804138,0.75,2.04063081741333,1.8716363906860352,3.4397733211517334,0.1470230519771576,"[0.05000000074505806, 0.05000000074505806, 0.02500000037252903, 0.05000000074505806]","[1.0, 1.0, 2.0, 1.0]",0.0,0,True
seed7_P_C2_warm,337,0.5683035850524902,0.75,2.3607077598571777,1.8747533559799194,4.227973461151123,0.2113986760377884,"[0.05000000074505806, 0.05000000074505806, 0.05000000074505806, 0.05000000074505806]","[1.0, 1.0, 1.0, 1.0]",0.0,0,True
seed7_P_C2_warm,338,0.5948507785797119,0.75,2.329457998275757,1.7695163488388062,4.762567043304443,0.18535803258419037,"[0.02500000037252903, 0.05000000074505806, 0.05000000074505806, 0.05000000074505806]","[2.0, 1.0, 1.0, 1.0]",0.0,0,True
seed7_P_C2_warm,339,0.6290793418884277,0.6875,2.144824504852295,1.9648957252502441,3.591909646987915,0.14559872448444366,"[0.02500000037252903, 0.05000000074505806, 0.05000000074505806, 0.05000000074505806]","[2.0, 1.0, 1.0, 1.0]",0.0,0,True
seed7_P_C2_warm,340,0.5474134683609009,0.875,1.7812690734863281,1.6079447269439697,2.5318045616149902,0.12659022212028503,"[0.05000000074505806, 0.05000000074505806, 0.05000000074505806, 0.05000000074505806]","[1.0, 1.0, 1.0, 1.0]",0.0,0,True
seed7_P_C2_warm,341,0.5304722785949707,0.84375,2.7427382469177246,1.9447234869003296,4.907791614532471,0.24538958072662354,"[0.05000000074505806, 0.05000000074505806, 0.05000000074505806, 0.05000000074505806]","[1.0, 1.0, 1.0, 1.0]",0.0,0,True
seed7_P_C2_warm,342,0.6012970209121704,0.71875,1.9359880685806274,1.79758882522583,3.6581614017486572,0.1475469470024109,"[0.02500000037252903, 0.05000000074505806, 0.05000000074505806, 0.05000000074505806]","[2.0, 1.0, 1.0, 1.0]",0.0,0,True
seed7_P_C2_warm,343,0.49449244141578674,0.9375,2.4331140518188477,1.7954829931259155,3.955122709274292,0.19775614142417908,"[0.05000000074505806, 0.05000000074505806, 0.05000000074505806, 0.05000000074505806]","[1.0, 1.0, 1.0, 1.0]",0.0,0,True
seed7_P_C2_warm,344,0.6169436573982239,0.6875,2.5420360565185547,1.8059195280075073,5.415200710296631,0.22196829319000244,"[0.05000000074505806, 0.05000000074505806, 0.02500000037252903, 0.05000000074505806]","[1.0, 1.0, 2.0, 1.0]",0.0,0,True
seed7_P_C2_warm,345,0.5044176578521729,0.78125,2.5726332664489746,1.8626190423965454,5.346375465393066,0.2673187851905823,"[0.05000000074505806, 0.05000000074505806, 0.05000000074505806, 0.05000000074505806]","[1.0, 1.0, 1.0, 1.0]",0.0,0,True
seed7_P_C2_warm,346,0.5856466293334961,0.71875,2.3285117149353027,1.8558083772659302,4.478725910186768,0.1802864372730255,"[0.02500000037252903, 0.05000000074505806, 0.05000000074505806, 0.05000000074505806]","[2.0, 1.0, 1.0, 1.0]",0.0,0,True
seed7_P_C2_warm,347,0.5493942499160767,0.8125,2.6966800689697266,1.904139757156372,6.120229244232178,0.306011438369751,"[0.05000000074505806, 0.05000000074505806, 0.05000000074505806, 0.05000000074505806]","[1.0, 1.0, 1.0, 1.0]",0.0,0,True
seed7_P_C2_warm,348,0.681227445602417,0.71875,2.2643022537231445,1.8792551755905151,5.119534492492676,0.25597673654556274,"[0.05000000074505806, 0.05000000074505806, 0.05000000074505806, 0.05000000074505806]","[1.0, 1.0, 1.0, 1.0]",0.0,0,True
seed7_P_C2_warm,349,0.527154266834259,0.84375,2.5357043743133545,1.7816355228424072,4.572199821472168,0.22861000895500183,"[0.05000000074505806, 0.05000000074505806, 0.05000000074505806, 0.05000000074505806]","[1.0, 1.0, 1.0, 1.0]",0.0,0,True
seed7_P_C2_warm,350,0.5005261301994324,0.9375,2.593787670135498,1.8561856746673584,5.267502307891846,0.2185790240764618,"[0.05000000074505806, 0.05000000074505806, 0.02500000037252903, 0.05000000074505806]","[1.0, 1.0, 2.0, 1.0]",0.0,0,True
seed7_P_C2_warm,351,0.5296319723129272,0.90625,2.6159274578094482,1.9506182670593262,4.701179504394531,0.2350589632987976,"[0.05000000074505806, 0.05000000074505806, 0.05000000074505806, 0.05000000074505806]","[1.0, 1.0, 1.0, 1.0]",0.0,0,True
seed7_P_C2_warm,352,0.5727442502975464,0.84375,2.1470699310302734,1.7762064933776855,3.359386920928955,0.16796936094760895,"[0.05000000074505806, 0.05000000074505806, 0.05000000074505806, 0.05000000074505806]","[1.0, 1.0, 1.0, 1.0]",0.0,0,True
seed7_P_C2_warm,353,0.5839741826057434,0.71875,2.3185911178588867,1.744020700454712,4.550934791564941,0.22754673659801483,"[0.05000000074505806, 0.05000000074505806, 0.05000000074505806, 0.05000000074505806]","[1.0, 1.0, 1.0, 1.0]",0.0,0,True
seed7_P_C2_warm,354,0.5814749598503113,0.8125,2.7542734146118164,2.121699333190918,6.081866264343262,0.30409330129623413,"[0.05000000074505806, 0.05000000074505806, 0.05000000074505806, 0.05000000074505806]","[1.0, 1.0, 1.0, 1.0]",0.0,0,True
seed7_P_C2_warm,355,0.5209273099899292,0.75,2.516835927963257,2.071833610534668,3.9583661556243896,0.19791829586029053,"[0.05000000074505806, 0.05000000074505806, 0.05000000074505806, 0.05000000074505806]","[1.0, 1.0, 1.0, 1.0]",0.0,0,True
seed7_P_C2_warm,356,0.5672855973243713,0.78125,2.2823731899261475,1.799060344696045,3.1841938495635986,0.135644793510437,"[0.02500000037252903, 0.05000000074505806, 0.05000000074505806, 0.05000000074505806]","[2.0, 1.0, 1.0, 1.0]",0.0,0,True
seed7_P_C2_warm,357,0.4705445468425751,0.90625,2.068772315979004,1.8476558923721313,3.8359978199005127,0.13913357257843018,"[0.02500000037252903, 0.05000000074505806, 0.05000000074505806, 0.05000000074505806]","[2.0, 1.0, 1.0, 1.0]",0.0,0,True
seed7_P_C2_warm,358,0.7921208143234253,0.5,2.4462084770202637,1.9977245330810547,3.831106185913086,0.19155530631542206,"[0.05000000074505806, 0.05000000074505806, 0.05000000074505806, 0.05000000074505806]","[1.0, 1.0, 1.0, 1.0]",0.0,0,True
seed7_P_C2_warm,359,0.45504894852638245,0.96875,2.728775978088379,1.9698107242584229,4.502009391784668,0.22510048747062683,"[0.05000000074505806, 0.05000000074505806, 0.05000000074505806, 0.05000000074505806]","[1.0, 1.0, 1.0, 1.0]",0.0,0,True
seed7_P_C2_warm,360,0.5793573260307312,0.78125,2.063042640686035,1.7322126626968384,3.065608024597168,0.15328040719032288,"[0.05000000074505806, 0.05000000074505806, 0.05000000074505806, 0.05000000074505806]","[1.0, 1.0, 1.0, 1.0]",0.0,0,True
seed7_P_C2_warm,361,0.37003394961357117,0.9375,2.182166337966919,1.75570547580719,3.5971121788024902,0.179855614900589,"[0.05000000074505806, 0.05000000074505806, 0.05000000074505806, 0.05000000074505806]","[1.0, 1.0, 1.0, 1.0]",0.0,0,True
seed7_P_C2_warm,362,0.46122294664382935,0.78125,2.16286039352417,1.7681245803833008,3.7964491844177246,0.14982551336288452,"[0.02500000037252903, 0.05000000074505806, 0.05000000074505806, 0.05000000074505806]","[2.0, 1.0, 1.0, 1.0]",0.0,0,True
seed7_P_C2_warm,363,0.6790395975112915,0.78125,2.061662197113037,1.8624516725540161,3.7371413707733154,0.18685707449913025,"[0.05000000074505806, 0.05000000074505806, 0.05000000074505806, 0.05000000074505806]","[1.0, 1.0, 1.0, 1.0]",0.0,0,True
seed7_P_C2_warm,364,0.5951337218284607,0.75,2.3647918701171875,1.8773796558380127,5.083025932312012,0.20727674663066864,"[0.02500000037252903, 0.05000000074505806, 0.05000000074505806, 0.05000000074505806]","[2.0, 1.0, 1.0, 1.0]",0.0,0,True
seed7_P_C2_warm,365,0.508694052696228,0.90625,2.6801095008850098,2.273750066757202,5.699952602386475,0.23571646213531494,"[0.02500000037252903, 0.05000000074505806, 0.05000000074505806, 0.05000000074505806]","[2.0, 1.0, 1.0, 1.0]",0.0,0,True
seed7_P_C2_warm,366,0.5912519693374634,0.78125,2.8936076164245605,1.8575074672698975,4.90109395980835,0.2450547069311142,"[0.05000000074505806, 0.05000000074505806, 0.05000000074505806, 0.05000000074505806]","[1.0, 1.0, 1.0, 1.0]",0.0,0,True
seed7_P_C2_warm,367,0.4238455295562744,1.0,2.9826819896698,2.192809820175171,5.123818397521973,0.2561908960342407,"[0.05000000074505806, 0.05000000074505806, 0.05000000074505806, 0.05000000074505806]","[1.0, 1.0, 1.0, 1.0]",0.0,0,True
seed7_P_C2_warm,368,0.5273244976997375,0.84375,2.467339515686035,1.876234531402588,4.8819732666015625,0.18842370808124542,"[0.05000000074505806, 0.05000000074505806, 0.02500000037252903, 0.05000000074505806]","[1.0, 1.0, 2.0, 1.0]",0.0,0,True
seed7_P_C2_warm,369,0.44171738624572754,0.90625,2.585416316986084,2.1084394454956055,4.623690605163574,0.23118454217910767,"[0.05000000074505806, 0.05000000074505806, 0.05000000074505806, 0.05000000074505806]","[1.0, 1.0, 1.0, 1.0]",0.0,0,True
seed7_P_C2_warm,370,0.5199145078659058,0.9375,2.407635450363159,1.8804224729537964,4.339569091796875,0.17525838315486908,"[0.05000000074505806, 0.05000000074505806, 0.02500000037252903, 0.05000000074505806]","[1.0, 1.0, 2.0, 1.0]",0.0,0,True
seed7_P_C2_warm,371,0.5100144743919373,0.875,1.978021264076233,1.7375380992889404,4.55700159072876,0.17114832997322083,"[0.05000000074505806, 0.05000000074505806, 0.02500000037252903, 0.05000000074505806]","[1.0, 1.0, 2.0, 1.0]",0.0,0,True
seed7_P_C2_warm,372,0.5053427219390869,0.875,1.9515407085418701,1.6523277759552002,4.169843673706055,0.20849217474460602,"[0.05000000074505806, 0.05000000074505806, 0.05000000074505806, 0.05000000074505806]","[1.0, 1.0, 1.0, 1.0]",0.0,0,True
seed7_P_C2_warm,373,0.6864784359931946,0.5625,2.255060911178589,1.920342206954956,3.468501091003418,0.17342504858970642,"[0.05000000074505806, 0.05000000074505806, 0.05000000074505806, 0.05000000074505806]","[1.0, 1.0, 1.0, 1.0]",0.0,0,True
seed7_P_C2_warm,374,0.5880616903305054,0.8125,2.3121631145477295,1.8073208332061768,3.709019422531128,0.1854509562253952,"[0.05000000074505806, 0.05000000074505806, 0.05000000074505806, 0.05000000074505806]","[1.0, 1.0, 1.0, 1.0]",0.0,0,True
seed7_P_C2_warm,375,0.6261664032936096,0.6875,3.0369455814361572,2.193295955657959,5.7127685546875,0.2856384217739105,"[0.05000000074505806, 0.05000000074505806, 0.05000000074505806, 0.05000000074505806]","[1.0, 1.0, 1.0, 1.0]",0.0,0,True
seed7_P_C2_warm,376,0.6251588463783264,0.6875,1.93613862991333,1.771533489227295,3.7771451473236084,0.15936434268951416,"[0.02500000037252903, 0.05000000074505806, 0.05000000074505806, 0.05000000074505806]","[2.0, 1.0, 1.0, 1.0]",0.0,0,True
seed7_P_C2_warm,377,0.6855616569519043,0.65625,1.7476519346237183,1.6242668628692627,3.039562463760376,0.11927682161331177,"[0.05000000074505806, 0.05000000074505806, 0.02500000037252903, 0.05000000074505806]","[1.0, 1.0, 2.0, 1.0]",0.0,0,True
seed7_P_C2_warm,378,0.5700118541717529,0.75,2.0374059677124023,1.9276009798049927,4.163496971130371,0.20817486941814423,"[0.05000000074505806, 0.05000000074505806, 0.05000000074505806, 0.05000000074505806]","[1.0, 1.0, 1.0, 1.0]",0.0,0,True
seed7_P_C2_warm,379,0.609887421131134,0.875,2.4255573749542236,1.7735917568206787,3.6236941814422607,0.18118472397327423,"[0.05000000074505806, 0.05000000074505806, 0.05000000074505806, 0.05000000074505806]","[1.0, 1.0, 1.0, 1.0]",0.0,0,True
seed7_P_C2_warm,380,0.5045424103736877,0.8125,2.095939874649048,1.9140617847442627,3.870783805847168,0.19353918731212616,"[0.05000000074505806, 0.05000000074505806, 0.05000000074505806, 0.05000000074505806]","[1.0, 1.0, 1.0, 1.0]",0.0,0,True
seed7_P_C2_warm,381,0.5611479878425598,0.75,1.9952235221862793,1.8915326595306396,3.847534418106079,0.19237670302391052,"[0.05000000074505806, 0.05000000074505806, 0.05000000074505806, 0.05000000074505806]","[1.0, 1.0, 1.0, 1.0]",0.0,0,True
seed7_P_C2_warm,382,0.5487096905708313,0.90625,1.986833930015564,1.815738320350647,2.5873842239379883,0.12936919927597046,"[0.05000000074505806, 0.05000000074505806, 0.05000000074505806, 0.05000000074505806]","[1.0, 1.0, 1.0, 1.0]",0.0,0,True
seed7_P_C2_warm,383,0.41854164004325867,0.90625,2.1321425437927246,1.7358278036117554,4.593461036682129,0.17010585963726044,"[0.05000000074505806, 0.05000000074505806, 0.02500000037252903, 0.05000000074505806]","[1.0, 1.0, 2.0, 1.0]",0.0,0,True
seed7_P_C2_warm,384,0.6289236545562744,0.6875,2.3353371620178223,1.8873828649520874,4.503548622131348,0.22517745196819305,"[0.05000000074505806, 0.05000000074505806, 0.05000000074505806, 0.05000000074505806]","[1.0, 1.0, 1.0, 1.0]",0.0,0,True
seed7_P_C2_warm,385,0.7123262882232666,0.625,2.6756582260131836,1.9228932857513428,5.545477867126465,0.27727389335632324,"[0.05000000074505806, 0.05000000074505806, 0.05000000074505806, 0.05000000074505806]","[1.0, 1.0, 1.0, 1.0]",0.0,0,True
seed7_P_C2_warm,386,0.6540756225585938,0.65625,2.274963855743408,1.7803277969360352,3.8148317337036133,0.1732732653617859,"[0.02500000037252903, 0.05000000074505806, 0.05000000074505806, 0.05000000074505806]","[2.0, 1.0, 1.0, 1.0]",0.0,0,True
seed7_P_C2_warm,387,0.6512556672096252,0.71875,2.499624729156494,1.9175794124603271,4.260367393493652,0.21301838755607605,"[0.05000000074505806, 0.05000000074505806, 0.05000000074505806, 0.05000000074505806]","[1.0, 1.0, 1.0, 1.0]",0.0,0,True
seed7_P_C2_warm,388,0.6064891815185547,0.6875,2.316154718399048,1.8206703662872314,5.394392013549805,0.21014338731765747,"[0.05000000074505806, 0.05000000074505806, 0.02500000037252903, 0.05000000074505806]","[1.0, 1.0, 2.0, 1.0]",0.0,0,True
seed7_P_C2_warm,389,0.7327508330345154,0.65625,2.2635388374328613,1.975189208984375,4.118165016174316,0.20590826869010925,"[0.05000000074505806, 0.05000000074505806, 0.05000000074505806, 0.05000000074505806]","[1.0, 1.0, 1.0, 1.0]",0.0,0,True
seed7_P_C2_warm,390,0.5104280710220337,0.875,2.484734535217285,1.9686580896377563,5.06143856048584,0.2530719041824341,"[0.05000000074505806, 0.05000000074505806, 0.05000000074505806, 0.05000000074505806]","[1.0, 1.0, 1.0, 1.0]",0.0,0,True
seed7_P_C2_warm,391,0.5701344013214111,0.75,2.3701109886169434,1.8136589527130127,4.346714496612549,0.21733573079109192,"[0.05000000074505806, 0.05000000074505806, 0.05000000074505806, 0.05000000074505806]","[1.0, 1.0, 1.0, 1.0]",0.0,0,True
seed7_P_C2_warm,392,0.5265635251998901,0.75,2.3705177307128906,1.7453200817108154,3.9998879432678223,0.19999441504478455,"[0.05000000074505806, 0.05000000074505806, 0.05000000074505806, 0.05000000074505806]","[1.0, 1.0, 1.0, 1.0]",0.0,0,True
seed7_P_C2_warm,393,0.5869887471199036,0.78125,2.3516757488250732,1.9776201248168945,4.036380290985107,0.2018190324306488,"[0.05000000074505806, 0.05000000074505806, 0.05000000074505806, 0.05000000074505806]","[1.0, 1.0, 1.0, 1.0]",0.0,0,True
seed7_P_C2_warm,394,0.5766014456748962,0.90625,2.074488878250122,1.8773112297058105,3.709927797317505,0.18549638986587524,"[0.05000000074505806, 0.05000000074505806, 0.05000000074505806, 0.05000000074505806]","[1.0, 1.0, 1.0, 1.0]",0.0,0,True
seed7_P_C2_warm,395,0.5886820554733276,0.84375,2.8215084075927734,2.029771327972412,4.939547061920166,0.24697735905647278,"[0.05000000074505806, 0.05000000074505806, 0.05000000074505806, 0.05000000074505806]","[1.0, 1.0, 1.0, 1.0]",0.0,0,True
seed7_P_C2_warm,396,0.40898048877716064,0.9375,2.2386603355407715,1.9252477884292603,4.832181453704834,0.24160908162593842,"[0.05000000074505806, 0.05000000074505806, 0.05000000074505806, 0.05000000074505806]","[1.0, 1.0, 1.0, 1.0]",0.0,0,True
seed7_P_C2_warm,397,0.49175938963890076,0.84375,2.69390869140625,2.096017360687256,4.152480602264404,0.20762403309345245,"[0.05000000074505806, 0.05000000074505806, 0.05000000074505806, 0.05000000074505806]","[1.0, 1.0, 1.0, 1.0]",0.0,0,True
seed7_P_C2_warm,398,0.6318315267562866,0.75,2.1914143562316895,1.7253834009170532,3.1143527030944824,0.1557176262140274,"[0.05000000074505806, 0.05000000074505806, 0.05000000074505806, 0.05000000074505806]","[1.0, 1.0, 1.0, 1.0]",0.0,0,True
seed7_P_C2_warm,399,0.5358957648277283,0.75,1.9945189952850342,1.8039145469665527,3.9800689220428467,0.1524735391139984,"[0.05000000074505806, 0.05000000074505806, 0.02500000037252903, 0.05000000074505806]","[1.0, 1.0, 2.0, 1.0]",0.0,0,True
seed7_P_C2_warm,400,0.49413058161735535,0.9375,2.5809812545776367,2.02219557762146,4.973329544067383,0.24866649508476257,"[0.05000000074505806, 0.05000000074505806, 0.05000000074505806, 0.05000000074505806]","[1.0, 1.0, 1.0, 1.0]",0.0,0,True
seed17_P_O0_resume,1,0.6624045968055725,0.75,0.9838445782661438,0.39356309175491333,3.900120973587036,0.19500604271888733,"[0.05, 0.05, 0.05, 0.05]","[0, 0, 0, 0]",0.0,0,True
seed17_P_O0_resume,2,0.7582321763038635,0.59375,0.8669871091842651,0.3534308075904846,3.6527633666992188,0.18263816833496094,"[0.05, 0.05, 0.05, 0.05]","[0, 0, 0, 0]",0.0,0,True
seed17_P_O0_resume,3,0.6577053070068359,0.6875,0.9064204096794128,0.37223345041275024,3.7194747924804688,0.18597373366355896,"[0.05, 0.05, 0.05, 0.05]","[0, 0, 0, 0]",0.0,0,True
seed17_P_O0_resume,4,0.6391343474388123,0.78125,0.9819748997688293,0.4028758406639099,3.8169119358062744,0.19084560871124268,"[0.05, 0.05, 0.05, 0.05]","[0, 0, 0, 0]",0.0,0,True
seed17_P_O0_resume,5,0.6487722396850586,0.625,0.6658835411071777,0.2429407238960266,3.406738758087158,0.17033694684505463,"[0.05, 0.05, 0.05, 0.05]","[0, 0, 0, 0]",0.0,0,True
seed17_P_O0_resume,6,0.673907995223999,0.59375,0.8494001626968384,0.35839468240737915,3.583847999572754,0.1791924089193344,"[0.05, 0.05, 0.05, 0.05]","[0, 0, 0, 0]",0.0,0,True
seed17_P_O0_resume,7,0.604617714881897,0.78125,0.7295635938644409,0.2703973650932312,3.5469114780426025,0.17734557390213013,"[0.05, 0.05, 0.05, 0.05]","[0, 0, 0, 0]",0.0,0,True
seed17_P_O0_resume,8,0.6441526412963867,0.78125,1.0048962831497192,0.4962865710258484,3.4361610412597656,0.17180804908275604,"[0.05, 0.05, 0.05, 0.05]","[0, 0, 0, 0]",0.0,0,True
seed17_P_O0_resume,9,0.6065731048583984,0.8125,0.8142539262771606,0.3358050286769867,3.5099918842315674,0.1754995882511139,"[0.05, 0.05, 0.05, 0.05]","[0, 0, 0, 0]",0.0,0,True
seed17_P_O0_resume,10,0.6231013536453247,0.90625,0.8218679428100586,0.33300960063934326,3.5821073055267334,0.17910537123680115,"[0.05, 0.05, 0.05, 0.05]","[0, 0, 0, 0]",0.0,0,True
seed17_P_O0_resume,11,0.6344026327133179,0.71875,0.8089662194252014,0.31562840938568115,3.650984525680542,0.18254922330379486,"[0.05, 0.05, 0.05, 0.05]","[0, 0, 0, 0]",0.0,0,True
seed17_P_O0_resume,12,0.6438701152801514,0.6875,0.7530879378318787,0.2636343836784363,3.6964855194091797,0.18482425808906555,"[0.05, 0.05, 0.05, 0.05]","[0, 0, 0, 0]",0.0,0,True
seed17_P_O0_resume,13,0.5736086368560791,0.90625,0.9780539274215698,0.4181584119796753,3.7497568130493164,0.18748785555362701,"[0.05, 0.05, 0.05, 0.05]","[0, 0, 0, 0]",0.0,0,True
seed17_P_O0_resume,14,0.6749166250228882,0.75,0.922268271446228,0.40748679637908936,3.571669816970825,0.17858348786830902,"[0.05, 0.05, 0.05, 0.05]","[0, 0, 0, 0]",0.0,0,True
seed17_P_O0_resume,15,0.7113388776779175,0.5,0.7774027585983276,0.28060758113861084,3.7022523880004883,0.1851126253604889,"[0.05, 0.05, 0.05, 0.05]","[0, 0, 0, 0]",0.0,0,True
seed17_P_O0_resume,16,0.6115100979804993,0.6875,0.8404699563980103,0.3660115599632263,3.471731185913086,0.17358656227588654,"[0.05, 0.05, 0.05, 0.05]","[0, 0, 0, 0]",0.0,0,True
seed17_P_O0_resume,17,0.5868419408798218,0.90625,0.9060831069946289,0.411774605512619,3.487213611602783,0.17436067759990692,"[0.05, 0.05, 0.05, 0.05]","[0, 0, 0, 0]",0.0,0,True
seed17_P_O0_resume,18,0.6384787559509277,0.75,0.6818858981132507,0.23775243759155273,3.5284323692321777,0.1764216274023056,"[0.05, 0.05, 0.05, 0.05]","[0, 0, 0, 0]",0.0,0,True
seed17_P_O0_resume,19,0.6413518190383911,0.6875,0.741491973400116,0.29420238733291626,3.451690673828125,0.17258453369140625,"[0.05, 0.05, 0.05, 0.05]","[0, 0, 0, 0]",0.0,0,True
seed17_P_O0_resume,20,0.5962445735931396,0.84375,0.8749402165412903,0.4108225405216217,3.3749916553497314,0.1687495857477188,"[0.05, 0.05, 0.05, 0.05]","[0, 0, 0, 0]",0.0,0,True
seed17_P_O0_resume,21,0.6439135074615479,0.6875,0.6987452507019043,0.3022931218147278,3.2258522510528564,0.16129261255264282,"[0.05, 0.05, 0.05, 0.05]","[0, 0, 0, 0]",0.0,0,True
seed17_P_O0_resume,22,0.6443344354629517,0.65625,1.0087308883666992,0.48652201890945435,3.524182081222534,0.17620910704135895,"[0.05, 0.05, 0.05, 0.05]","[0, 0, 0, 0]",0.0,0,True
seed17_P_O0_resume,23,0.6321558356285095,0.75,0.8042393326759338,0.34935325384140015,3.379484176635742,0.16897420585155487,"[0.05, 0.05, 0.05, 0.05]","[0, 0, 0, 0]",0.0,0,True
seed17_P_O0_resume,24,0.6368492841720581,0.71875,0.9957593679428101,0.5196042060852051,3.3001229763031006,0.1650061458349228,"[0.05, 0.05, 0.05, 0.05]","[0, 0, 0, 0]",0.0,0,True
seed17_P_O0_resume,25,0.6730338931083679,0.625,0.8917441368103027,0.40302565693855286,3.463744640350342,0.1731872260570526,"[0.05, 0.05, 0.05, 0.05]","[0, 0, 0, 0]",0.0,0,True
seed17_P_O0_resume,26,0.5608671307563782,0.90625,0.8487280607223511,0.3666576147079468,3.4885005950927734,0.17442503571510315,"[0.05, 0.05, 0.05, 0.05]","[0, 0, 0, 0]",0.0,0,True
seed17_P_O0_resume,27,0.6972489953041077,0.6875,0.7518872618675232,0.3185434937477112,3.3285112380981445,0.16642557084560394,"[0.05, 0.05, 0.05, 0.05]","[0, 0, 0, 0]",0.0,0,True
seed17_P_O0_resume,28,0.6055349111557007,0.65625,0.8250855803489685,0.354670912027359,3.4785609245300293,0.17392803728580475,"[0.05, 0.05, 0.05, 0.05]","[0, 0, 0, 0]",0.0,0,True
seed17_P_O0_resume,29,0.68669193983078,0.625,0.7242832183837891,0.29121631383895874,3.3780457973480225,0.16890229284763336,"[0.05, 0.05, 0.05, 0.05]","[0, 0, 0, 0]",0.0,0,True
seed17_P_O0_resume,30,0.6198343634605408,0.84375,0.8050915002822876,0.3888295292854309,3.1936049461364746,0.15968026220798492,"[0.05, 0.05, 0.05, 0.05]","[0, 0, 0, 0]",0.0,0,True
seed17_P_O0_resume,31,0.6578145623207092,0.65625,0.8851893544197083,0.41978582739830017,3.366844654083252,0.1683422327041626,"[0.05, 0.05, 0.05, 0.05]","[0, 0, 0, 0]",0.0,0,True
seed17_P_O0_resume,32,0.6314380764961243,0.625,0.7408692836761475,0.370896577835083,3.0374755859375,0.15187379717826843,"[0.05, 0.05, 0.05, 0.05]","[0, 0, 0, 0]",0.0,0,True
seed17_P_O0_resume,33,0.5352253317832947,0.9375,0.6868160963058472,0.30553627014160156,3.1401143074035645,0.15700572729110718,"[0.05, 0.05, 0.05, 0.05]","[0, 0, 0, 0]",0.0,0,True
seed17_P_O0_resume,34,0.6025307178497314,0.84375,0.7177999019622803,0.31967365741729736,3.1960349082946777,0.15980175137519836,"[0.05, 0.05, 0.05, 0.05]","[0, 0, 0, 0]",0.0,0,True
seed17_P_O0_resume,35,0.6577091217041016,0.78125,0.9039925336837769,0.44979357719421387,3.270921230316162,0.16354608535766602,"[0.05, 0.05, 0.05, 0.05]","[0, 0, 0, 0]",0.0,0,True
seed17_P_O0_resume,36,0.602613627910614,0.84375,0.7666841745376587,0.3590160012245178,3.180910587310791,0.1590455174446106,"[0.05, 0.05, 0.05, 0.05]","[0, 0, 0, 0]",0.0,0,True
seed17_P_O0_resume,37,0.5839945077896118,0.75,1.0334491729736328,0.5328918099403381,3.3778648376464844,0.1688932478427887,"[0.05, 0.05, 0.05, 0.05]","[0, 0, 0, 0]",0.0,0,True
seed17_P_O0_resume,38,0.5893805027008057,0.8125,0.921541690826416,0.4261809289455414,3.4781620502471924,0.17390811443328857,"[0.05, 0.05, 0.05, 0.05]","[0, 0, 0, 0]",0.0,0,True
seed17_P_O0_resume,39,0.587879478931427,0.78125,0.888782262802124,0.48812663555145264,3.0545711517333984,0.15272857248783112,"[0.05, 0.05, 0.05, 0.05]","[0, 0, 0, 0]",0.0,0,True
seed17_P_O0_resume,40,0.6338704824447632,0.75,0.8679556846618652,0.4114530682563782,3.329770088195801,0.16648851335048676,"[0.05, 0.05, 0.05, 0.05]","[0, 0, 0, 0]",0.0,0,True
seed17_P_O0_resume,41,0.5868674516677856,0.8125,0.9233518242835999,0.49393168091773987,3.159909725189209,0.15799547731876373,"[0.05, 0.05, 0.05, 0.05]","[0, 0, 0, 0]",0.0,0,True
seed17_P_O0_resume,42,0.5494910478591919,1.0,0.8756989240646362,0.4290210008621216,3.2707536220550537,0.16353768110275269,"[0.05, 0.05, 0.05, 0.05]","[0, 0, 0, 0]",0.0,0,True
seed17_P_O0_resume,43,0.5788931846618652,0.9375,0.9783743619918823,0.494817852973938,3.33671498298645,0.166835755109787,"[0.05, 0.05, 0.05, 0.05]","[0, 0, 0, 0]",0.0,0,True
seed17_P_O0_resume,44,0.6019384264945984,0.8125,0.748968780040741,0.37757036089897156,3.0102081298828125,0.15051041543483734,"[0.05, 0.05, 0.05, 0.05]","[0, 0, 0, 0]",0.0,0,True
seed17_P_O0_resume,45,0.6027376055717468,0.90625,0.9778703451156616,0.5074259638786316,3.2959823608398438,0.16479912400245667,"[0.05, 0.05, 0.05, 0.05]","[0, 0, 0, 0]",0.0,0,True
seed17_P_O0_resume,46,0.5510438084602356,0.875,0.8399821519851685,0.39997759461402893,3.287923812866211,0.16439618170261383,"[0.05, 0.05, 0.05, 0.05]","[0, 0, 0, 0]",0.0,0,True
seed17_P_O0_resume,47,0.6540243625640869,0.53125,0.873103678226471,0.45764482021331787,3.14750337600708,0.15737517178058624,"[0.05, 0.05, 0.05, 0.05]","[0, 0, 0, 0]",0.0,0,True
seed17_P_O0_resume,48,0.5311426520347595,0.8125,0.6939873099327087,0.3347340524196625,2.981990337371826,0.14909951388835907,"[0.05, 0.05, 0.05, 0.05]","[0, 0, 0, 0]",0.0,0,True
seed17_P_O0_resume,49,0.5574105978012085,0.9375,0.7900713086128235,0.3950996994972229,3.1017398834228516,0.15508700907230377,"[0.05, 0.05, 0.05, 0.05]","[0, 0, 0, 0]",0.0,0,True
seed17_P_O0_resume,50,0.6414100527763367,0.75,0.9213435053825378,0.4848848283290863,3.1930902004241943,0.15965451300144196,"[0.05, 0.05, 0.05, 0.05]","[0, 0, 0, 0]",0.0,0,True
seed17_P_O0_resume,51,0.5902495384216309,0.6875,0.874686062335968,0.49443405866622925,2.967621326446533,0.1483810693025589,"[0.05, 0.05, 0.05, 0.05]","[0, 0, 0, 0]",0.0,0,True
seed17_P_O0_resume,52,0.534953773021698,0.78125,0.8313984870910645,0.4231933355331421,3.1508893966674805,0.15754446387290955,"[0.05, 0.05, 0.05, 0.05]","[0, 0, 0, 0]",0.0,0,True
seed17_P_O0_resume,53,0.6519262790679932,0.625,0.8924769163131714,0.4375322461128235,3.314431667327881,0.165721595287323,"[0.05, 0.05, 0.05, 0.05]","[0, 0, 0, 0]",0.0,0,True
seed17_P_O0_resume,54,0.5759344696998596,0.8125,0.8990429639816284,0.48623788356781006,3.0976991653442383,0.1548849642276764,"[0.05, 0.05, 0.05, 0.05]","[0, 0, 0, 0]",0.0,0,True
seed17_P_O0_resume,55,0.5829834938049316,0.875,0.8656848669052124,0.45426493883132935,3.114182949066162,0.1557091474533081,"[0.05, 0.05, 0.05, 0.05]","[0, 0, 0, 0]",0.0,0,True
seed17_P_O0_resume,56,0.6146528720855713,0.6875,0.7835508584976196,0.4025130271911621,3.0408151149749756,0.1520407646894455,"[0.05, 0.05, 0.05, 0.05]","[0, 0, 0, 0]",0.0,0,True
seed17_P_O0_resume,57,0.5013209581375122,0.8125,0.6915383338928223,0.36385250091552734,2.8286876678466797,0.14143438637256622,"[0.05, 0.05, 0.05, 0.05]","[0, 0, 0, 0]",0.0,0,True
seed17_P_O0_resume,58,0.5685754418373108,0.84375,0.9227069020271301,0.5326932668685913,2.9233171939849854,0.1461658775806427,"[0.05, 0.05, 0.05, 0.05]","[0, 0, 0, 0]",0.0,0,True
seed17_P_O0_resume,59,0.6103175282478333,0.8125,0.8474148511886597,0.44478416442871094,3.113011121749878,0.1556505560874939,"[0.05, 0.05, 0.05, 0.05]","[0, 0, 0, 0]",0.0,0,True
seed17_P_O0_resume,60,0.6563634276390076,0.6875,0.8492774963378906,0.4473471939563751,3.0530028343200684,0.1526501327753067,"[0.05, 0.05, 0.05, 0.05]","[0, 0, 0, 0]",0.0,0,True
seed17_P_O0_resume,61,0.5398856401443481,0.9375,1.0490117073059082,0.5894482135772705,3.167304515838623,0.15836523473262787,"[0.05, 0.05, 0.05, 0.05]","[0, 0, 0, 0]",0.0,0,True
seed17_P_O0_resume,62,0.5508579015731812,0.875,0.809622049331665,0.4576631188392639,2.854414224624634,0.14272069931030273,"[0.05, 0.05, 0.05, 0.05]","[0, 0, 0, 0]",0.0,0,True
seed17_P_O0_resume,63,0.6282600164413452,0.75,1.0512655973434448,0.61409592628479,3.097818613052368,0.15489092469215393,"[0.05, 0.05, 0.05, 0.05]","[0, 0, 0, 0]",0.0,0,True
seed17_P_O0_resume,64,0.6439669728279114,0.8125,0.7044125199317932,0.3440861403942108,2.9876434803009033,0.14938217401504517,"[0.05, 0.05, 0.05, 0.05]","[0, 0, 0, 0]",0.0,0,True
seed17_P_O0_resume,65,0.5936546325683594,0.75,0.7743022441864014,0.39224258065223694,3.044823408126831,0.15224117040634155,"[0.05, 0.05, 0.05, 0.05]","[0, 0, 0, 0]",0.0,0,True
seed17_P_O0_resume,66,0.6441030502319336,0.71875,0.820468544960022,0.46016544103622437,2.8912510871887207,0.14456254243850708,"[0.05, 0.05, 0.05, 0.05]","[0, 0, 0, 0]",0.0,0,True
seed17_P_O0_resume,67,0.5848823189735413,0.875,0.8030930757522583,0.4152005910873413,3.0861563682556152,0.15430784225463867,"[0.05, 0.05, 0.05, 0.05]","[0, 0, 0, 0]",0.0,0,True
seed17_P_O0_resume,68,0.5804706811904907,0.9375,0.7376682758331299,0.39414072036743164,2.8859639167785645,0.14429819583892822,"[0.05, 0.05, 0.05, 0.05]","[0, 0, 0, 0]",0.0,0,True
seed17_P_O0_resume,69,0.6160044074058533,0.65625,0.852907657623291,0.4578767418861389,3.004875421524048,0.15024377405643463,"[0.05, 0.05, 0.05, 0.05]","[0, 0, 0, 0]",0.0,0,True
seed17_P_O0_resume,70,0.6417481899261475,0.6875,0.8679508566856384,0.5033448934555054,2.9117624759674072,0.14558814465999603,"[0.05, 0.05, 0.05, 0.05]","[0, 0, 0, 0]",0.0,0,True
seed17_P_O0_resume,71,0.6805922389030457,0.6875,0.7032880783081055,0.3597860634326935,2.9271974563598633,0.1463598906993866,"[0.05, 0.05, 0.05, 0.05]","[0, 0, 0, 0]",0.0,0,True
seed17_P_O0_resume,72,0.6480605602264404,0.75,0.7661651968955994,0.42098888754844666,2.881381034851074,0.14406904578208923,"[0.05, 0.05, 0.05, 0.05]","[0, 0, 0, 0]",0.0,0,True
seed17_P_O0_resume,73,0.605225145816803,0.78125,0.7221804857254028,0.37378114461898804,2.9316282272338867,0.14658141136169434,"[0.05, 0.05, 0.05, 0.05]","[0, 0, 0, 0]",0.0,0,True
seed17_P_O0_resume,74,0.568172037601471,0.84375,0.8320651650428772,0.4583219885826111,2.9727931022644043,0.14863964915275574,"[0.05, 0.05, 0.05, 0.05]","[0, 0, 0, 0]",0.0,0,True
seed17_P_O0_resume,75,0.7105147838592529,0.5625,0.7294292449951172,0.38207942247390747,2.915668487548828,0.1457834243774414,"[0.05, 0.05, 0.05, 0.05]","[0, 0, 0, 0]",0.0,0,True
seed17_P_O0_resume,76,0.5748636722564697,0.8125,1.0015743970870972,0.5922156572341919,2.9988067150115967,0.1499403417110443,"[0.05, 0.05, 0.05, 0.05]","[0, 0, 0, 0]",0.0,0,True
seed17_P_O0_resume,77,0.6809959411621094,0.65625,0.9448230266571045,0.556948184967041,2.9212851524353027,0.14606425166130066,"[0.05, 0.05, 0.05, 0.05]","[0, 0, 0, 0]",0.0,0,True
seed17_P_O0_resume,78,0.5519232749938965,0.8125,0.7129390239715576,0.3705829977989197,2.8802871704101562,0.1440143585205078,"[0.05, 0.05, 0.05, 0.05]","[0, 0, 0, 0]",0.0,0,True
seed17_P_O0_resume,79,0.6520439982414246,0.59375,0.837817370891571,0.4697728455066681,2.937342643737793,0.14686712622642517,"[0.05, 0.05, 0.05, 0.05]","[0, 0, 0, 0]",0.0,0,True
seed17_P_O0_resume,80,0.5975542664527893,0.8125,0.9358564615249634,0.5681741237640381,2.8429818153381348,0.14214909076690674,"[0.05, 0.05, 0.05, 0.05]","[0, 0, 0, 0]",0.0,0,True
seed17_P_O0_resume,81,0.7399610877037048,0.5,0.8983590602874756,0.47809338569641113,3.1579105854034424,0.1578955352306366,"[0.05, 0.05, 0.05, 0.05]","[0, 0, 0, 0]",0.0,0,True
seed17_P_O0_resume,82,0.6448264718055725,0.65625,0.8176438808441162,0.4031716585159302,3.1730313301086426,0.15865157544612885,"[0.05, 0.05, 0.05, 0.05]","[0, 0, 0, 0]",0.0,0,True
seed17_P_O0_resume,83,0.5639140605926514,0.84375,0.9658553004264832,0.5400590300559998,3.091947078704834,0.15459735691547394,"[0.05, 0.05, 0.05, 0.05]","[0, 0, 0, 0]",0.0,0,True
seed17_P_O0_resume,84,0.5618916153907776,0.9375,0.8977314233779907,0.48543113470077515,3.081088066101074,0.1540544033050537,"[0.05, 0.05, 0.05, 0.05]","[0, 0, 0, 0]",0.0,0,True
seed17_P_O0_resume,85,0.6042146682739258,0.8125,0.7565895318984985,0.39087581634521484,2.981210947036743,0.14906056225299835,"[0.05, 0.05, 0.05, 0.05]","[0, 0, 0, 0]",0.0,0,True
seed17_P_O0_resume,86,0.5686284899711609,0.875,0.7296554446220398,0.3374954164028168,3.1715779304504395,0.15857890248298645,"[0.05, 0.05, 0.05, 0.05]","[0, 0, 0, 0]",0.0,0,True
seed17_P_O0_resume,87,0.5970051288604736,0.8125,0.7955050468444824,0.41743528842926025,3.019076108932495,0.15095381438732147,"[0.05, 0.05, 0.05, 0.05]","[0, 0, 0, 0]",0.0,0,True
seed17_P_O0_resume,88,0.5692431926727295,0.8125,0.8604443073272705,0.47294098138809204,3.0195236206054688,0.15097618103027344,"[0.05, 0.05, 0.05, 0.05]","[0, 0, 0, 0]",0.0,0,True
seed17_P_O0_resume,89,0.6404609680175781,0.71875,0.8544478416442871,0.47785013914108276,2.9107770919799805,0.14553885161876678,"[0.05, 0.05, 0.05, 0.05]","[0, 0, 0, 0]",0.0,0,True
seed17_P_O0_resume,90,0.6488227248191833,0.875,0.7218568325042725,0.36891525983810425,2.9704627990722656,0.14852315187454224,"[0.05, 0.05, 0.05, 0.05]","[0, 0, 0, 0]",0.0,0,True
seed17_P_O0_resume,91,0.5729090571403503,0.875,0.8916113376617432,0.5050430297851562,2.9971137046813965,0.14985568821430206,"[0.05, 0.05, 0.05, 0.05]","[0, 0, 0, 0]",0.0,0,True
seed17_P_O0_resume,92,0.657967746257782,0.65625,0.7137634754180908,0.3366166353225708,3.095879077911377,0.15479397773742676,"[0.05, 0.05, 0.05, 0.05]","[0, 0, 0, 0]",0.0,0,True
seed17_P_O0_resume,93,0.6326100826263428,0.71875,0.8177130222320557,0.4210999011993408,3.0977234840393066,0.1548861712217331,"[0.05, 0.05, 0.05, 0.05]","[0, 0, 0, 0]",0.0,0,True
seed17_P_O0_resume,94,0.6193939447402954,0.75,0.7684476971626282,0.4285460114479065,2.8297154903411865,0.1414857804775238,"[0.05, 0.05, 0.05, 0.05]","[0, 0, 0, 0]",0.0,0,True
seed17_P_O0_resume,95,0.6046018004417419,0.75,0.7897837162017822,0.42955973744392395,2.9557108879089355,0.14778554439544678,"[0.05, 0.05, 0.05, 0.05]","[0, 0, 0, 0]",0.0,0,True
seed17_P_O0_resume,96,0.6946424841880798,0.625,0.7681978344917297,0.41177627444267273,2.9467010498046875,0.14733506739139557,"[0.05, 0.05, 0.05, 0.05]","[0, 0, 0, 0]",0.0,0,True
seed17_P_O0_resume,97,0.6262642741203308,0.65625,0.9987239837646484,0.546047031879425,3.22059965133667,0.16102996468544006,"[0.05, 0.05, 0.05, 0.05]","[0, 0, 0, 0]",0.0,0,True
seed17_P_O0_resume,98,0.6505893468856812,0.71875,0.8532046675682068,0.4680655002593994,2.9983317852020264,0.14991658926010132,"[0.05, 0.05, 0.05, 0.05]","[0, 0, 0, 0]",0.0,0,True
seed17_P_O0_resume,99,0.5809980630874634,0.8125,0.8386534452438354,0.4930066764354706,2.848055601119995,0.1424027681350708,"[0.05, 0.05, 0.05, 0.05]","[0, 0, 0, 0]",0.0,0,True
seed17_P_O0_resume,100,0.5992990732192993,0.875,0.8500388860702515,0.4650864005088806,3.0389132499694824,0.15194566547870636,"[0.05, 0.05, 0.05, 0.05]","[0, 0, 0, 0]",0.0,0,True
seed17_P_O0_resume,101,0.6215406656265259,0.71875,1.0162079334259033,0.6043784022331238,2.983562469482422,0.1491781324148178,"[0.05, 0.05, 0.05, 0.05]","[0, 0, 0, 0]",0.0,0,True
seed17_P_O0_resume,102,0.5955670475959778,0.78125,0.7532880902290344,0.4458930492401123,2.6630301475524902,0.13315150141716003,"[0.05, 0.05, 0.05, 0.05]","[0, 0, 0, 0]",0.0,0,True
seed17_P_O0_resume,103,0.5704902410507202,0.875,0.8080874681472778,0.4432479739189148,2.9396109580993652,0.14698053896427155,"[0.05, 0.05, 0.05, 0.05]","[0, 0, 0, 0]",0.0,0,True
seed17_P_O0_resume,104,0.5188218355178833,0.78125,0.9431814551353455,0.5398728847503662,3.033588409423828,0.15167942643165588,"[0.05, 0.05, 0.05, 0.05]","[0, 0, 0, 0]",0.0,0,True
seed17_P_O0_resume,105,0.5754976868629456,0.84375,0.6904201507568359,0.3543044328689575,2.867219924926758,0.14336097240447998,"[0.05, 0.05, 0.05, 0.05]","[0, 0, 0, 0]",0.0,0,True
seed17_P_O0_resume,106,0.5955579280853271,0.84375,0.9551117420196533,0.5580676198005676,2.9787402153015137,0.14893701672554016,"[0.05, 0.05, 0.05, 0.05]","[0, 0, 0, 0]",0.0,0,True
seed17_P_O0_resume,107,0.580569326877594,0.84375,0.8609472513198853,0.4913787841796875,2.913215160369873,0.14566075801849365,"[0.05, 0.05, 0.05, 0.05]","[0, 0, 0, 0]",0.0,0,True
seed17_P_O0_resume,108,0.448612242937088,1.0,0.8176921606063843,0.4519196152687073,2.954799175262451,0.147739976644516,"[0.05, 0.05, 0.05, 0.05]","[0, 0, 0, 0]",0.0,0,True
seed17_P_O0_resume,109,0.45045438408851624,0.9375,0.8256129622459412,0.4985334575176239,2.752387523651123,0.13761937618255615,"[0.05, 0.05, 0.05, 0.05]","[0, 0, 0, 0]",0.0,0,True
seed17_P_O0_resume,110,0.6309282779693604,0.6875,0.7842754125595093,0.45005345344543457,2.8158516883850098,0.140792578458786,"[0.05, 0.05, 0.05, 0.05]","[0, 0, 0, 0]",0.0,0,True
seed17_P_O0_resume,111,0.5379026532173157,0.96875,0.7445600628852844,0.44825834035873413,2.6385319232940674,0.13192659616470337,"[0.05, 0.05, 0.05, 0.05]","[0, 0, 0, 0]",0.0,0,True
seed17_P_O0_resume,112,0.5800380706787109,0.96875,0.8169048428535461,0.49599841237068176,2.714730978012085,0.13573655486106873,"[0.05, 0.05, 0.05, 0.05]","[0, 0, 0, 0]",0.0,0,True
seed17_P_O0_resume,113,0.6486961841583252,0.75,0.8127658367156982,0.4669269919395447,2.8245701789855957,0.14122849702835083,"[0.05, 0.05, 0.05, 0.05]","[0, 0, 0, 0]",0.0,0,True
seed17_P_O0_resume,114,0.5979074239730835,0.65625,0.8023847341537476,0.4453052878379822,2.907744884490967,0.14538724720478058,"[0.05, 0.05, 0.05, 0.05]","[0, 0, 0, 0]",0.0,0,True
seed17_P_O0_resume,115,0.5876545906066895,0.96875,0.902651309967041,0.5593830347061157,2.7537195682525635,0.13768598437309265,"[0.05, 0.05, 0.05, 0.05]","[0, 0, 0, 0]",0.0,0,True
seed17_P_O0_resume,116,0.6410990953445435,0.71875,0.6738263368606567,0.3526909351348877,2.788801670074463,0.13944008946418762,"[0.05, 0.05, 0.05, 0.05]","[0, 0, 0, 0]",0.0,0,True
seed17_P_O0_resume,117,0.4690624475479126,0.875,0.766933798789978,0.4776819944381714,2.582974910736084,0.12914875149726868,"[0.05, 0.05, 0.05, 0.05]","[0, 0, 0, 0]",0.0,0,True
seed17_P_O0_resume,118,0.6659826040267944,0.71875,0.9469102621078491,0.5400534868240356,3.0511927604675293,0.15255963802337646,"[0.05, 0.05, 0.05, 0.05]","[0, 0, 0, 0]",0.0,0,True
seed17_P_O0_resume,119,0.6379746794700623,0.71875,0.7046722173690796,0.4072142541408539,2.683163642883301,0.134158194065094,"[0.05, 0.05, 0.05, 0.05]","[0, 0, 0, 0]",0.0,0,True
seed17_P_O0_resume,120,0.6234710812568665,0.6875,0.8350086212158203,0.5195307731628418,2.669252395629883,0.13346262276172638,"[0.05, 0.05, 0.05, 0.05]","[0, 0, 0, 0]",0.0,0,True
seed17_P_O0_resume,121,0.5736458897590637,0.84375,0.8526235818862915,0.4684244394302368,2.9806175231933594,0.1490308940410614,"[0.05, 0.05, 0.05, 0.05]","[0, 0, 0, 0]",0.0,0,True
seed17_P_O0_resume,122,0.5778032541275024,0.75,0.9076955914497375,0.5764085054397583,2.697059154510498,0.13485296070575714,"[0.05, 0.05, 0.05, 0.05]","[0, 0, 0, 0]",0.0,0,True
seed17_P_O0_resume,123,0.5986244082450867,0.71875,0.637243390083313,0.35481637716293335,2.6053106784820557,0.13026553392410278,"[0.05, 0.05, 0.05, 0.05]","[0, 0, 0, 0]",0.0,0,True
seed17_P_O0_resume,124,0.6214151978492737,0.75,0.8364272117614746,0.5039696097373962,2.759852409362793,0.13799262046813965,"[0.05, 0.05, 0.05, 0.05]","[0, 0, 0, 0]",0.0,0,True
seed17_P_O0_resume,125,0.5473134517669678,0.96875,0.7920466065406799,0.4677717089653015,2.725335121154785,0.13626673817634583,"[0.05, 0.05, 0.05, 0.05]","[0, 0, 0, 0]",0.0,0,True
seed17_P_O0_resume,126,0.616702675819397,0.75,0.7780067920684814,0.4510619640350342,2.7658982276916504,0.13829490542411804,"[0.05, 0.05, 0.05, 0.05]","[0, 0, 0, 0]",0.0,0,True
seed17_P_O0_resume,127,0.6124498844146729,0.8125,0.9068625569343567,0.5318549871444702,2.915660858154297,0.14578303694725037,"[0.05, 0.05, 0.05, 0.05]","[0, 0, 0, 0]",0.0,0,True
seed17_P_O0_resume,128,0.619581937789917,0.71875,0.8437134027481079,0.5290248394012451,2.6867411136627197,0.13433706760406494,"[0.05, 0.05, 0.05, 0.05]","[0, 0, 0, 0]",0.0,0,True
seed17_P_O0_resume,129,0.6818864345550537,0.6875,0.6673411130905151,0.386488676071167,2.5658633708953857,0.12829317152500153,"[0.05, 0.05, 0.05, 0.05]","[0, 0, 0, 0]",0.0,0,True
seed17_P_O0_resume,130,0.5247074365615845,0.9375,1.0063214302062988,0.632003903388977,2.846869945526123,0.14234349131584167,"[0.05, 0.05, 0.05, 0.05]","[0, 0, 0, 0]",0.0,0,True
seed17_P_O0_resume,131,0.510225772857666,0.875,0.840154767036438,0.5450943112373352,2.5165066719055176,0.12582534551620483,"[0.05, 0.05, 0.05, 0.05]","[0, 0, 0, 0]",0.0,0,True
seed17_P_O0_resume,132,0.6152677536010742,0.84375,0.892245352268219,0.5368466377258301,2.826725959777832,0.14133629202842712,"[0.05, 0.05, 0.05, 0.05]","[0, 0, 0, 0]",0.0,0,True
seed17_P_O0_resume,133,0.5370537042617798,0.9375,0.8310685753822327,0.5028061270713806,2.7208712100982666,0.13604356348514557,"[0.05, 0.05, 0.05, 0.05]","[0, 0, 0, 0]",0.0,0,True
seed17_P_O0_resume,134,0.5725336670875549,0.75,0.7617181539535522,0.4909916818141937,2.479560375213623,0.12397801876068115,"[0.05, 0.05, 0.05, 0.05]","[0, 0, 0, 0]",0.0,0,True
seed17_P_O0_resume,135,0.5914083123207092,0.875,0.7060836553573608,0.4106505513191223,2.642963409423828,0.13214817643165588,"[0.05, 0.05, 0.05, 0.05]","[0, 0, 0, 0]",0.0,0,True
seed17_P_O0_resume,136,0.6365755796432495,0.8125,0.8448014259338379,0.5391794443130493,2.623702049255371,0.1311851143836975,"[0.05, 0.05, 0.05, 0.05]","[0, 0, 0, 0]",0.0,0,True
seed17_P_O0_resume,137,0.6208585500717163,0.71875,0.8202421069145203,0.4944140911102295,2.706601858139038,0.13533009588718414,"[0.05, 0.05, 0.05, 0.05]","[0, 0, 0, 0]",0.0,0,True
seed17_P_O0_resume,138,0.5452544689178467,0.84375,0.8729720711708069,0.5461763739585876,2.698718547821045,0.13493593037128448,"[0.05, 0.05, 0.05, 0.05]","[0, 0, 0, 0]",0.0,0,True
seed17_P_O0_resume,139,0.5562726855278015,0.90625,0.9331269264221191,0.6193932890892029,2.5944504737854004,0.12972253561019897,"[0.05, 0.05, 0.05, 0.05]","[0, 0, 0, 0]",0.0,0,True
seed17_P_O0_resume,140,0.6618399620056152,0.71875,0.9097750782966614,0.5733523368835449,2.730661153793335,0.13653305172920227,"[0.05, 0.05, 0.05, 0.05]","[0, 0, 0, 0]",0.0,0,True
seed17_P_O0_resume,141,0.6679260730743408,0.75,0.8153571486473083,0.502457857131958,2.6533007621765137,0.13266503810882568,"[0.05, 0.05, 0.05, 0.05]","[0, 0, 0, 0]",0.0,0,True
seed17_P_O0_resume,142,0.5099250078201294,0.875,0.9585200548171997,0.5804054737091064,2.913693428039551,0.14568467438220978,"[0.05, 0.05, 0.05, 0.05]","[0, 0, 0, 0]",0.0,0,True
seed17_P_O0_resume,143,0.597580075263977,0.71875,0.9090609550476074,0.5852224230766296,2.651702880859375,0.13258513808250427,"[0.05, 0.05, 0.05, 0.05]","[0, 0, 0, 0]",0.0,0,True
seed17_P_O0_resume,144,0.6184036135673523,0.75,0.8795204162597656,0.5683153867721558,2.624640464782715,0.13123202323913574,"[0.05, 0.05, 0.05, 0.05]","[0, 0, 0, 0]",0.0,0,True
seed17_P_O0_resume,145,0.4847276508808136,0.90625,0.9633915424346924,0.6484473347663879,2.5696191787719727,0.1284809559583664,"[0.05, 0.05, 0.05, 0.05]","[0, 0, 0, 0]",0.0,0,True
seed17_P_O0_resume,146,0.5506897568702698,0.84375,0.9386833906173706,0.6203263998031616,2.597043991088867,0.12985220551490784,"[0.05, 0.05, 0.05, 0.05]","[0, 0, 0, 0]",0.0,0,True
seed17_P_O0_resume,147,0.6430073380470276,0.6875,0.8634907007217407,0.5365661382675171,2.6623191833496094,0.1331159770488739,"[0.05, 0.05, 0.05, 0.05]","[0, 0, 0, 0]",0.0,0,True
seed17_P_O0_resume,148,0.5589292645454407,0.90625,0.9592713117599487,0.6233725547790527,2.7009787559509277,0.13504894077777863,"[0.05, 0.05, 0.05, 0.05]","[0, 0, 0, 0]",0.0,0,True
seed17_P_O0_resume,149,0.6224316358566284,0.6875,0.9677046537399292,0.5990810990333557,2.848883867263794,0.1424441933631897,"[0.05, 0.05, 0.05, 0.05]","[0, 0, 0, 0]",0.0,0,True
seed17_P_O0_resume,150,0.5539761781692505,0.8125,0.7635756731033325,0.48605087399482727,2.514188766479492,0.1257094442844391,"[0.05, 0.05, 0.05, 0.05]","[0, 0, 0, 0]",0.0,0,True
seed17_P_O0_resume,151,0.5363278388977051,0.9375,0.7599117755889893,0.4823142886161804,2.5436060428619385,0.1271802932024002,"[0.05, 0.05, 0.05, 0.05]","[0, 0, 0, 0]",0.0,0,True
seed17_P_O0_resume,152,0.46568554639816284,0.875,0.8430184721946716,0.5690582990646362,2.4644815921783447,0.12322407960891724,"[0.05, 0.05, 0.05, 0.05]","[0, 0, 0, 0]",0.0,0,True
seed17_P_O0_resume,153,0.47182604670524597,0.96875,0.8141462802886963,0.554466724395752,2.382364511489868,0.11911822855472565,"[0.05, 0.05, 0.05, 0.05]","[0, 0, 0, 0]",0.0,0,True
seed17_P_O0_resume,154,0.6466351747512817,0.78125,0.8558413982391357,0.5310623645782471,2.672705888748169,0.13363531231880188,"[0.05, 0.05, 0.05, 0.05]","[0, 0, 0, 0]",0.0,0,True
seed17_P_O0_resume,155,0.6469932198524475,0.625,0.7721157073974609,0.481575608253479,2.5771961212158203,0.12885981798171997,"[0.05, 0.05, 0.05, 0.05]","[0, 0, 0, 0]",0.0,0,True
seed17_P_O0_resume,156,0.6447550654411316,0.6875,0.7716258764266968,0.46112486720085144,2.6575088500976562,0.13287542760372162,"[0.05, 0.05, 0.05, 0.05]","[0, 0, 0, 0]",0.0,0,True
seed17_P_O0_resume,157,0.5746994018554688,0.84375,0.8314716815948486,0.53337162733078,2.567150831222534,0.12835754454135895,"[0.05, 0.05, 0.05, 0.05]","[0, 0, 0, 0]",0.0,0,True
seed17_P_O0_resume,158,0.6590673923492432,0.75,0.7796435952186584,0.4953920245170593,2.516995906829834,0.12584979832172394,"[0.05, 0.05, 0.05, 0.05]","[0, 0, 0, 0]",0.0,0,True
seed17_P_O0_resume,159,0.6298295259475708,0.71875,0.7466528415679932,0.5054415464401245,2.3415050506591797,0.11707525700330734,"[0.05, 0.05, 0.05, 0.05]","[0, 0, 0, 0]",0.0,0,True
seed17_P_O0_resume,160,0.5854716300964355,0.75,0.941826581954956,0.6225519776344299,2.632805585861206,0.13164028525352478,"[0.05, 0.05, 0.05, 0.05]","[0, 0, 0, 0]",0.0,0,True
seed17_P_O0_resume,161,0.5842539668083191,0.90625,0.9307230710983276,0.6184407472610474,2.6178486347198486,0.13089242577552795,"[0.05, 0.05, 0.05, 0.05]","[0, 0, 0, 0]",0.0,0,True
seed17_P_O0_resume,162,0.5757271647453308,0.78125,0.9548029899597168,0.6635652780532837,2.507065534591675,0.12535327672958374,"[0.05, 0.05, 0.05, 0.05]","[0, 0, 0, 0]",0.0,0,True
seed17_P_O0_resume,163,0.5920001268386841,0.71875,0.9862145185470581,0.6763515472412109,2.5473339557647705,0.12736670672893524,"[0.05, 0.05, 0.05, 0.05]","[0, 0, 0, 0]",0.0,0,True
seed17_P_O0_resume,164,0.5717427134513855,0.71875,0.8964653015136719,0.5732905864715576,2.6449177265167236,0.13224589824676514,"[0.05, 0.05, 0.05, 0.05]","[0, 0, 0, 0]",0.0,0,True
seed17_P_O0_resume,165,0.5338765978813171,0.875,0.9281416535377502,0.5847630500793457,2.7408230304718018,0.1370411515235901,"[0.05, 0.05, 0.05, 0.05]","[0, 0, 0, 0]",0.0,0,True
seed17_P_O0_resume,166,0.5979435443878174,0.84375,1.0144108533859253,0.7038335204124451,2.5488274097442627,0.12744136154651642,"[0.05, 0.05, 0.05, 0.05]","[0, 0, 0, 0]",0.0,0,True
seed17_P_O0_resume,167,0.5200366973876953,0.8125,0.756409764289856,0.4853503108024597,2.4739575386047363,0.12369786947965622,"[0.05, 0.05, 0.05, 0.05]","[0, 0, 0, 0]",0.0,0,True
seed17_P_O0_resume,168,0.6116692423820496,0.8125,0.9630441665649414,0.6439995765686035,2.613314628601074,0.13066574931144714,"[0.05, 0.05, 0.05, 0.05]","[0, 0, 0, 0]",0.0,0,True
seed17_P_O0_resume,169,0.6151912808418274,0.78125,0.6977448463439941,0.44691264629364014,2.4033164978027344,0.12016583234071732,"[0.05, 0.05, 0.05, 0.05]","[0, 0, 0, 0]",0.0,0,True
seed17_P_O0_resume,170,0.5716661214828491,0.78125,0.7337813377380371,0.44161224365234375,2.599649429321289,0.12998247146606445,"[0.05, 0.05, 0.05, 0.05]","[0, 0, 0, 0]",0.0,0,True
seed17_P_O0_resume,171,0.5279741287231445,0.8125,0.8974360823631287,0.6301697492599487,2.3984177112579346,0.11992088705301285,"[0.05, 0.05, 0.05, 0.05]","[0, 0, 0, 0]",0.0,0,True
seed17_P_O0_resume,172,0.5401803851127625,0.90625,0.8803823590278625,0.5930929183959961,2.4848251342773438,0.12424124777317047,"[0.05, 0.05, 0.05, 0.05]","[0, 0, 0, 0]",0.0,0,True
seed17_P_O0_resume,173,0.6087007522583008,0.9375,0.9153398275375366,0.5829138159751892,2.7278521060943604,0.13639259338378906,"[0.05, 0.05, 0.05, 0.05]","[0, 0, 0, 0]",0.0,0,True
seed17_P_O0_resume,174,0.5706489086151123,0.6875,0.9719141721725464,0.6808515191078186,2.443554401397705,0.12217772752046585,"[0.05, 0.05, 0.05, 0.05]","[0, 0, 0, 0]",0.0,0,True
seed17_P_O0_resume,175,0.5904369354248047,0.8125,0.8096716403961182,0.5069305896759033,2.6204993724823,0.13102495670318604,"[0.05, 0.05, 0.05, 0.05]","[0, 0, 0, 0]",0.0,0,True
seed17_P_O0_resume,176,0.5964315533638,0.78125,0.7349193096160889,0.4599756598472595,2.5068492889404297,0.125342458486557,"[0.05, 0.05, 0.05, 0.05]","[0, 0, 0, 0]",0.0,0,True
seed17_P_O0_resume,177,0.5367709398269653,0.875,0.9898784756660461,0.6755766272544861,2.602609395980835,0.13013046979904175,"[0.05, 0.05, 0.05, 0.05]","[0, 0, 0, 0]",0.0,0,True
seed17_P_O0_resume,178,0.5368835926055908,0.84375,0.7372283935546875,0.49642467498779297,2.3221120834350586,0.11610561609268188,"[0.05, 0.05, 0.05, 0.05]","[0, 0, 0, 0]",0.0,0,True
seed17_P_O0_resume,179,0.6449223756790161,0.75,0.8406069874763489,0.5940057635307312,2.2571051120758057,0.11285525560379028,"[0.05, 0.05, 0.05, 0.05]","[0, 0, 0, 0]",0.0,0,True
seed17_P_O0_resume,180,0.644997775554657,0.6875,0.9974120259284973,0.7146518230438232,2.419013738632202,0.12095068395137787,"[0.05, 0.05, 0.05, 0.05]","[0, 0, 0, 0]",0.0,0,True
seed17_P_O0_resume,181,0.6403804421424866,0.625,0.8888854384422302,0.6102399826049805,2.4412543773651123,0.12206273525953293,"[0.05, 0.05, 0.05, 0.05]","[0, 0, 0, 0]",0.0,0,True
seed17_P_O0_resume,182,0.545499861240387,0.90625,0.788427472114563,0.5142397880554199,2.4717507362365723,0.12358754873275757,"[0.05, 0.05, 0.05, 0.05]","[0, 0, 0, 0]",0.0,0,True
seed17_P_O0_resume,183,0.45625048875808716,0.84375,0.8070495128631592,0.5719485282897949,2.254214286804199,0.11271071434020996,"[0.05, 0.05, 0.05, 0.05]","[0, 0, 0, 0]",0.0,0,True
seed17_P_O0_resume,184,0.5752021670341492,0.84375,0.7240854501724243,0.44304773211479187,2.5462353229522705,0.12731176614761353,"[0.05, 0.05, 0.05, 0.05]","[0, 0, 0, 0]",0.0,0,True
seed17_P_O0_resume,185,0.5282179713249207,0.90625,0.9226324558258057,0.601098358631134,2.655747890472412,0.13278740644454956,"[0.05, 0.05, 0.05, 0.05]","[0, 0, 0, 0]",0.0,0,True
seed17_P_O0_resume,186,0.5747364163398743,0.8125,0.934831440448761,0.6548960208892822,2.444505214691162,0.12222526222467422,"[0.05, 0.05, 0.05, 0.05]","[0, 0, 0, 0]",0.0,0,True
seed17_P_O0_resume,187,0.5233950018882751,0.8125,1.0584032535552979,0.7636674642562866,2.448648452758789,0.12243242561817169,"[0.05, 0.05, 0.05, 0.05]","[0, 0, 0, 0]",0.0,0,True
seed17_P_O0_resume,188,0.6348567605018616,0.78125,0.7513694763183594,0.5084673166275024,2.3489151000976562,0.11744575947523117,"[0.05, 0.05, 0.05, 0.05]","[0, 0, 0, 0]",0.0,0,True
seed17_P_O0_resume,189,0.6286330223083496,0.71875,0.7815958261489868,0.5439860820770264,2.2964909076690674,0.1148245558142662,"[0.05, 0.05, 0.05, 0.05]","[0, 0, 0, 0]",0.0,0,True
seed17_P_O0_resume,190,0.6375465989112854,0.625,1.055384874343872,0.7391567826271057,2.5465400218963623,0.12732699513435364,"[0.05, 0.05, 0.05, 0.05]","[0, 0, 0, 0]",0.0,0,True
seed17_P_O0_resume,191,0.5695855617523193,0.9375,0.8343638181686401,0.5616958141326904,2.432666540145874,0.12163332849740982,"[0.05, 0.05, 0.05, 0.05]","[0, 0, 0, 0]",0.0,0,True
seed17_P_O0_resume,192,0.5475922226905823,0.9375,0.8159080147743225,0.5816990733146667,2.252613067626953,0.11263065040111542,"[0.05, 0.05, 0.05, 0.05]","[0, 0, 0, 0]",0.0,0,True
seed17_P_O0_resume,193,0.4747686982154846,0.84375,0.9210293292999268,0.645667314529419,2.4385080337524414,0.12192540615797043,"[0.05, 0.05, 0.05, 0.05]","[0, 0, 0, 0]",0.0,0,True
seed17_P_O0_resume,194,0.5563146471977234,0.96875,0.9047943353652954,0.6259123086929321,2.44138765335083,0.12206939607858658,"[0.05, 0.05, 0.05, 0.05]","[0, 0, 0, 0]",0.0,0,True
seed17_P_O0_resume,195,0.5492029786109924,0.875,0.8106726408004761,0.5369855761528015,2.4432992935180664,0.12216497212648392,"[0.05, 0.05, 0.05, 0.05]","[0, 0, 0, 0]",0.0,0,True
seed17_P_O0_resume,196,0.5624704360961914,0.875,0.9267541170120239,0.6319551467895508,2.5047221183776855,0.12523610889911652,"[0.05, 0.05, 0.05, 0.05]","[0, 0, 0, 0]",0.0,0,True
seed17_P_O0_resume,197,0.6337375044822693,0.78125,0.7468030452728271,0.5243252515792847,2.2229762077331543,0.11114880442619324,"[0.05, 0.05, 0.05, 0.05]","[0, 0, 0, 0]",0.0,0,True
seed17_P_O0_resume,198,0.47896331548690796,0.90625,0.9371756911277771,0.735946774482727,2.025683879852295,0.10128419101238251,"[0.05, 0.05, 0.05, 0.05]","[0, 0, 0, 0]",0.0,0,True
seed17_P_O0_resume,199,0.6522414684295654,0.65625,0.9802162051200867,0.6246375441551208,2.7690587043762207,0.1384529322385788,"[0.05, 0.05, 0.05, 0.05]","[0, 0, 0, 0]",0.0,0,True
seed17_P_O0_resume,200,0.6949679255485535,0.6875,0.6645262241363525,0.40466058254241943,2.4437036514282227,0.12218519300222397,"[0.05, 0.05, 0.05, 0.05]","[0, 0, 0, 0]",0.0,0,True
seed17_P_O0_resume,201,0.6026626825332642,0.8125,0.7507957816123962,0.5145494937896729,2.3077921867370605,0.11538960784673691,"[0.05, 0.05, 0.05, 0.05]","[0, 0, 0, 0]",0.0,0,True
seed17_P_O0_resume,202,0.5984117388725281,0.78125,1.0428718328475952,0.7558753490447998,2.4231624603271484,0.12115811556577682,"[0.05, 0.05, 0.05, 0.05]","[0, 0, 0, 0]",0.0,0,True
seed17_P_O0_resume,203,0.5650652050971985,0.875,0.8457295298576355,0.624340295791626,2.115715742111206,0.1057857871055603,"[0.05, 0.05, 0.05, 0.05]","[0, 0, 0, 0]",0.0,0,True
seed17_P_O0_resume,204,0.6311676502227783,0.8125,0.92841637134552,0.6188398599624634,2.5777087211608887,0.1288854479789734,"[0.05, 0.05, 0.05, 0.05]","[0, 0, 0, 0]",0.0,0,True
seed17_P_O0_resume,205,0.5988326072692871,0.84375,0.9486769437789917,0.6427431106567383,2.5703792572021484,0.1285189539194107,"[0.05, 0.05, 0.05, 0.05]","[0, 0, 0, 0]",0.0,0,True
seed17_P_O0_resume,206,0.6029890775680542,0.8125,0.6395965814590454,0.40012073516845703,2.351259708404541,0.11756297945976257,"[0.05, 0.05, 0.05, 0.05]","[0, 0, 0, 0]",0.0,0,True
seed17_P_O0_resume,207,0.6154545545578003,0.71875,0.909853458404541,0.6271588802337646,2.4418439865112305,0.12209220230579376,"[0.05, 0.05, 0.05, 0.05]","[0, 0, 0, 0]",0.0,0,True
seed17_P_O0_resume,208,0.47131723165512085,0.9375,0.9456123113632202,0.7017565369606018,2.2450480461120605,0.11225239932537079,"[0.05, 0.05, 0.05, 0.05]","[0, 0, 0, 0]",0.0,0,True
seed17_P_O0_resume,209,0.6194563508033752,0.875,0.9263753890991211,0.6552591323852539,2.3442440032958984,0.1172121986746788,"[0.05, 0.05, 0.05, 0.05]","[0, 0, 0, 0]",0.0,0,True
seed17_P_O0_resume,210,0.4731007218360901,0.84375,0.9306071996688843,0.6657149791717529,2.3813295364379883,0.11906647682189941,"[0.05, 0.05, 0.05, 0.05]","[0, 0, 0, 0]",0.0,0,True
seed17_P_O0_resume,211,0.5542502403259277,0.90625,0.8846482038497925,0.6350791454315186,2.303422689437866,0.11517113447189331,"[0.05, 0.05, 0.05, 0.05]","[0, 0, 0, 0]",0.0,0,True
seed17_P_O0_resume,212,0.506846010684967,0.875,0.7948231101036072,0.5533233880996704,2.2827751636505127,0.11413875967264175,"[0.05, 0.05, 0.05, 0.05]","[0, 0, 0, 0]",0.0,0,True
seed17_P_O0_resume,213,0.4831247329711914,0.875,0.9981033205986023,0.7035810947418213,2.492605686187744,0.12463028728961945,"[0.05, 0.05, 0.05, 0.05]","[0, 0, 0, 0]",0.0,0,True
seed17_P_O0_resume,214,0.45234552025794983,1.0,0.8464779853820801,0.5962231755256653,2.30936336517334,0.11546816676855087,"[0.05, 0.05, 0.05, 0.05]","[0, 0, 0, 0]",0.0,0,True
seed17_P_O0_resume,215,0.6506032347679138,0.78125,0.8788160085678101,0.5816892385482788,2.533810615539551,0.12669053673744202,"[0.05, 0.05, 0.05, 0.05]","[0, 0, 0, 0]",0.0,0,True
seed17_P_O0_resume,216,0.4325164556503296,0.96875,0.9310696721076965,0.667527437210083,2.3159403800964355,0.1157970279455185,"[0.05, 0.05, 0.05, 0.05]","[0, 0, 0, 0]",0.0,0,True
seed17_P_O0_resume,217,0.5089500546455383,1.0,0.8963531851768494,0.6136656403541565,2.482011318206787,0.12410056591033936,"[0.05, 0.05, 0.05, 0.05]","[0, 0, 0, 0]",0.0,0,True
seed17_P_O0_resume,218,0.6186938881874084,0.78125,0.6778916120529175,0.46875277161598206,2.1240363121032715,0.10620182752609253,"[0.05, 0.05, 0.05, 0.05]","[0, 0, 0, 0]",0.0,0,True
seed17_P_O0_resume,219,0.5264168977737427,0.9375,0.7319139838218689,0.5131985545158386,2.1904714107513428,0.10952356457710266,"[0.05, 0.05, 0.05, 0.05]","[0, 0, 0, 0]",0.0,0,True
seed17_P_O0_resume,220,0.5385107398033142,0.9375,0.668782114982605,0.4407901167869568,2.2906322479248047,0.11453162133693695,"[0.05, 0.05, 0.05, 0.05]","[0, 0, 0, 0]",0.0,0,True
seed17_P_O0_resume,221,0.5498390793800354,0.96875,0.7324802279472351,0.47037702798843384,2.449958324432373,0.12249792367219925,"[0.05, 0.05, 0.05, 0.05]","[0, 0, 0, 0]",0.0,0,True
seed17_P_O0_resume,222,0.5655969381332397,0.8125,0.9182678461074829,0.6664454936981201,2.3040928840637207,0.11520466208457947,"[0.05, 0.05, 0.05, 0.05]","[0, 0, 0, 0]",0.0,0,True
seed17_P_O0_resume,223,0.5814763903617859,0.84375,0.8423836827278137,0.5834974050521851,2.325808525085449,0.11629043519496918,"[0.05, 0.05, 0.05, 0.05]","[0, 0, 0, 0]",0.0,0,True
seed17_P_O0_resume,224,0.47521698474884033,0.9375,0.7736281752586365,0.5402343273162842,2.2731237411499023,0.1136561781167984,"[0.05, 0.05, 0.05, 0.05]","[0, 0, 0, 0]",0.0,0,True
seed17_P_O0_resume,225,0.6651003956794739,0.71875,0.975998044013977,0.7485232353210449,2.1706082820892334,0.10853041708469391,"[0.05, 0.05, 0.05, 0.05]","[0, 0, 0, 0]",0.0,0,True
seed17_P_O0_resume,226,0.5300370454788208,0.90625,0.9866293668746948,0.7153668999671936,2.3938400745391846,0.11969200521707535,"[0.05, 0.05, 0.05, 0.05]","[0, 0, 0, 0]",0.0,0,True
seed17_P_O0_resume,227,0.6050724387168884,0.75,0.9815918207168579,0.6766421794891357,2.5180115699768066,0.12590056657791138,"[0.05, 0.05, 0.05, 0.05]","[0, 0, 0, 0]",0.0,0,True
seed17_P_O0_resume,228,0.5004484057426453,0.8125,0.7218943238258362,0.47257450222969055,2.3912386894226074,0.11956193298101425,"[0.05, 0.05, 0.05, 0.05]","[0, 0, 0, 0]",0.0,0,True
seed17_P_O0_resume,229,0.5772783756256104,0.84375,0.8676089644432068,0.6054527759552002,2.3961358070373535,0.11980678886175156,"[0.05, 0.05, 0.05, 0.05]","[0, 0, 0, 0]",0.0,0,True
seed17_P_O0_resume,230,0.5572824478149414,0.875,0.7383135557174683,0.5054523944854736,2.268953323364258,0.11344766616821289,"[0.05, 0.05, 0.05, 0.05]","[0, 0, 0, 0]",0.0,0,True
seed17_P_O0_resume,231,0.4960615336894989,0.875,0.6803995966911316,0.4553215503692627,2.2637813091278076,0.11318906396627426,"[0.05, 0.05, 0.05, 0.05]","[0, 0, 0, 0]",0.0,0,True
seed17_P_O0_resume,232,0.527056872844696,0.8125,0.8998181819915771,0.6451401710510254,2.3408379554748535,0.11704190075397491,"[0.05, 0.05, 0.05, 0.05]","[0, 0, 0, 0]",0.0,0,True
seed17_P_O0_resume,233,0.6396879553794861,0.71875,0.8169965744018555,0.5453118085861206,2.484898805618286,0.12424494326114655,"[0.05, 0.05, 0.05, 0.05]","[0, 0, 0, 0]",0.0,0,True
seed17_P_O0_resume,234,0.5244516134262085,0.90625,0.906944751739502,0.6473181843757629,2.3147330284118652,0.11573665589094162,"[0.05, 0.05, 0.05, 0.05]","[0, 0, 0, 0]",0.0,0,True
seed17_P_O0_resume,235,0.5603170394897461,0.84375,0.8105037212371826,0.5931210517883301,2.1318538188934326,0.10659269988536835,"[0.05, 0.05, 0.05, 0.05]","[0, 0, 0, 0]",0.0,0,True
seed17_P_O0_resume,236,0.614676833152771,0.75,0.7930765748023987,0.5597581267356873,2.2760276794433594,0.11380138993263245,"[0.05, 0.05, 0.05, 0.05]","[0, 0, 0, 0]",0.0,0,True
seed17_P_O0_resume,237,0.5523558259010315,0.78125,0.8218979835510254,0.5911664962768555,2.254389762878418,0.11271948367357254,"[0.05, 0.05, 0.05, 0.05]","[0, 0, 0, 0]",0.0,0,True
seed17_P_O0_resume,238,0.5324001908302307,0.875,0.807063102722168,0.5527163743972778,2.3797452449798584,0.11898726224899292,"[0.05, 0.05, 0.05, 0.05]","[0, 0, 0, 0]",0.0,0,True
seed17_P_O0_resume,239,0.5774548053741455,0.8125,0.9095152616500854,0.6215485334396362,2.4810638427734375,0.12405320256948471,"[0.05, 0.05, 0.05, 0.05]","[0, 0, 0, 0]",0.0,0,True
seed17_P_O0_resume,240,0.5360117554664612,0.8125,0.7201800346374512,0.4992315173149109,2.2105531692504883,0.11052766442298889,"[0.05, 0.05, 0.05, 0.05]","[0, 0, 0, 0]",0.0,0,True
seed17_P_O0_resume,241,0.5945772528648376,0.6875,0.8671248555183411,0.6116212606430054,2.3371386528015137,0.11685693264007568,"[0.05, 0.05, 0.05, 0.05]","[0, 0, 0, 0]",0.0,0,True
seed17_P_O0_resume,242,0.5637162327766418,0.84375,0.8263680338859558,0.5844049453735352,2.3000845909118652,0.11500423401594162,"[0.05, 0.05, 0.05, 0.05]","[0, 0, 0, 0]",0.0,0,True
seed17_P_O0_resume,243,0.5506163835525513,0.8125,0.8629628419876099,0.6097928285598755,2.3411030769348145,0.11705514788627625,"[0.05, 0.05, 0.05, 0.05]","[0, 0, 0, 0]",0.0,0,True
seed17_P_O0_resume,244,0.5735782980918884,0.875,0.8061778545379639,0.589733898639679,2.1500558853149414,0.10750280320644379,"[0.05, 0.05, 0.05, 0.05]","[0, 0, 0, 0]",0.0,0,True
seed17_P_O0_resume,245,0.5389522314071655,0.90625,0.710620105266571,0.5104275345802307,2.0574429035186768,0.10287214815616608,"[0.05, 0.05, 0.05, 0.05]","[0, 0, 0, 0]",0.0,0,True
seed17_P_O0_resume,246,0.6398303508758545,0.75,0.9415223598480225,0.6937943696975708,2.242117166519165,0.11210586130619049,"[0.05, 0.05, 0.05, 0.05]","[0, 0, 0, 0]",0.0,0,True
seed17_P_O0_resume,247,0.6013989448547363,0.78125,0.6910253167152405,0.4935234785079956,2.076889753341675,0.10384449362754822,"[0.05, 0.05, 0.05, 0.05]","[0, 0, 0, 0]",0.0,0,True
seed17_P_O0_resume,248,0.5587167739868164,0.875,0.9013708829879761,0.6405609846115112,2.3177409172058105,0.11588703840970993,"[0.05, 0.05, 0.05, 0.05]","[0, 0, 0, 0]",0.0,0,True
seed17_P_O0_resume,249,0.5738438963890076,0.75,0.9328345060348511,0.7013479471206665,2.2023308277130127,0.11011654138565063,"[0.05, 0.05, 0.05, 0.05]","[0, 0, 0, 0]",0.0,0,True
seed17_P_O0_resume,250,0.5154628753662109,0.90625,0.7508969902992249,0.5060352087020874,2.3632254600524902,0.11816128343343735,"[0.05, 0.05, 0.05, 0.05]","[0, 0, 0, 0]",0.0,0,True
seed17_P_O0_resume,251,0.5576808452606201,0.78125,0.7255418300628662,0.5351618528366089,2.0512585639953613,0.10256293416023254,"[0.05, 0.05, 0.05, 0.05]","[0, 0, 0, 0]",0.0,0,True
seed17_P_O0_resume,252,0.4974207580089569,0.84375,0.8683085441589355,0.6275008916854858,2.2785542011260986,0.11392771452665329,"[0.05, 0.05, 0.05, 0.05]","[0, 0, 0, 0]",0.0,0,True
seed17_P_O0_resume,253,0.5696434378623962,0.75,0.7615797519683838,0.5352065563201904,2.241891384124756,0.11209458112716675,"[0.05, 0.05, 0.05, 0.05]","[0, 0, 0, 0]",0.0,0,True
seed17_P_O0_resume,254,0.5650203227996826,0.90625,0.8859389424324036,0.6550183892250061,2.2194266319274902,0.11097133904695511,"[0.05, 0.05, 0.05, 0.05]","[0, 0, 0, 0]",0.0,0,True
seed17_P_O0_resume,255,0.6193379163742065,0.78125,0.8900108933448792,0.6066535115242004,2.465604305267334,0.12328021973371506,"[0.05, 0.05, 0.05, 0.05]","[0, 0, 0, 0]",0.0,0,True
seed17_P_O0_resume,256,0.609286367893219,0.78125,0.8345341682434082,0.6388922333717346,2.0310025215148926,0.10155012458562851,"[0.05, 0.05, 0.05, 0.05]","[0, 0, 0, 0]",0.0,0,True
seed17_P_O0_resume,257,0.5209957361221313,0.84375,0.6628003716468811,0.4728114902973175,2.052280902862549,0.10261405259370804,"[0.05, 0.05, 0.05, 0.05]","[0, 0, 0, 0]",0.0,0,True
seed17_P_O0_resume,258,0.5254327058792114,0.8125,0.9003824591636658,0.6820819973945618,2.1409759521484375,0.10704880952835083,"[0.05, 0.05, 0.05, 0.05]","[0, 0, 0, 0]",0.0,0,True
seed17_P_O0_resume,259,0.5249416828155518,0.90625,0.6386326551437378,0.42288488149642944,2.2116751670837402,0.11058375984430313,"[0.05, 0.05, 0.05, 0.05]","[0, 0, 0, 0]",0.0,0,True
seed17_P_O0_resume,260,0.6487427353858948,0.71875,0.9710164666175842,0.7376600503921509,2.2067742347717285,0.1103387176990509,"[0.05, 0.05, 0.05, 0.05]","[0, 0, 0, 0]",0.0,0,True
seed17_P_O0_resume,261,0.5982305407524109,0.8125,0.610751211643219,0.41428518295288086,2.1151294708251953,0.10575646162033081,"[0.05, 0.05, 0.05, 0.05]","[0, 0, 0, 0]",0.0,0,True
seed17_P_O0_resume,262,0.4410557150840759,0.9375,0.8498942852020264,0.6173561811447144,2.2556090354919434,0.11278044432401657,"[0.05, 0.05, 0.05, 0.05]","[0, 0, 0, 0]",0.0,0,True
seed17_P_O0_resume,263,0.517066240310669,0.84375,0.7634103298187256,0.561758816242218,2.0761919021606445,0.10380959510803223,"[0.05, 0.05, 0.05, 0.05]","[0, 0, 0, 0]",0.0,0,True
seed17_P_O0_resume,264,0.4685531258583069,0.875,0.7344354391098022,0.4883107841014862,2.3877944946289062,0.11938972771167755,"[0.05, 0.05, 0.05, 0.05]","[0, 0, 0, 0]",0.0,0,True
seed17_P_O0_resume,265,0.59337317943573,0.71875,0.9749212265014648,0.7133131623268127,2.335081100463867,0.11675405502319336,"[0.05, 0.05, 0.05, 0.05]","[0, 0, 0, 0]",0.0,0,True
seed17_P_O0_resume,266,0.49837350845336914,0.96875,0.8171395659446716,0.5738849639892578,2.2675836086273193,0.11337918043136597,"[0.05, 0.05, 0.05, 0.05]","[0, 0, 0, 0]",0.0,0,True
seed17_P_O0_resume,267,0.6163725852966309,0.75,0.8903693556785583,0.6264979243278503,2.375005006790161,0.11875024437904358,"[0.05, 0.05, 0.05, 0.05]","[0, 0, 0, 0]",0.0,0,True
seed17_P_O0_resume,268,0.4534818232059479,0.90625,0.6905617713928223,0.5160355567932129,1.9575729370117188,0.09787864983081818,"[0.05, 0.05, 0.05, 0.05]","[0, 0, 0, 0]",0.0,0,True
seed17_P_O0_resume,269,0.5568332672119141,0.875,0.7413925528526306,0.5263541340827942,2.12412428855896,0.10620620846748352,"[0.05, 0.05, 0.05, 0.05]","[0, 0, 0, 0]",0.0,0,True
seed17_P_O0_resume,270,0.5470467209815979,0.75,0.9643072485923767,0.7278014421463013,2.2139828205108643,0.11069914698600769,"[0.05, 0.05, 0.05, 0.05]","[0, 0, 0, 0]",0.0,0,True
seed17_P_O0_resume,271,0.5274267792701721,0.90625,0.886549711227417,0.6278781890869141,2.3585867881774902,0.11792933195829391,"[0.05, 0.05, 0.05, 0.05]","[0, 0, 0, 0]",0.0,0,True
seed17_P_O0_resume,272,0.51970374584198,0.96875,0.9860354661941528,0.7182426452636719,2.2980709075927734,0.1149035394191742,"[0.05, 0.05, 0.05, 0.05]","[0, 0, 0, 0]",0.0,0,True
seed17_P_O0_resume,273,0.5816166996955872,0.8125,0.7189121246337891,0.5247825384140015,2.0668892860412598,0.10334445536136627,"[0.05, 0.05, 0.05, 0.05]","[0, 0, 0, 0]",0.0,0,True
seed17_P_O0_resume,274,0.5541298389434814,0.84375,0.8944031000137329,0.6962224245071411,2.0321593284606934,0.10160796344280243,"[0.05, 0.05, 0.05, 0.05]","[0, 0, 0, 0]",0.0,0,True
seed17_P_O0_resume,275,0.53279709815979,0.84375,0.8878735303878784,0.6635055541992188,2.1740641593933105,0.10870321840047836,"[0.05, 0.05, 0.05, 0.05]","[0, 0, 0, 0]",0.0,0,True
seed17_P_O0_resume,276,0.538361668586731,0.9375,0.7397605180740356,0.5367825627326965,2.1100525856018066,0.1055026426911354,"[0.05, 0.05, 0.05, 0.05]","[0, 0, 0, 0]",0.0,0,True
seed17_P_O0_resume,277,0.6114509701728821,0.71875,0.8158044219017029,0.5785113573074341,2.289498805999756,0.11447494477033615,"[0.05, 0.05, 0.05, 0.05]","[0, 0, 0, 0]",0.0,0,True
seed17_P_O0_resume,278,0.638446033000946,0.75,0.903232216835022,0.6644349098205566,2.2222676277160645,0.11111339181661606,"[0.05, 0.05, 0.05, 0.05]","[0, 0, 0, 0]",0.0,0,True
seed17_P_O0_resume,279,0.5636456608772278,0.90625,0.7432436943054199,0.523003101348877,2.1566224098205566,0.10783112049102783,"[0.05, 0.05, 0.05, 0.05]","[0, 0, 0, 0]",0.0,0,True
seed17_P_O0_resume,280,0.6833828687667847,0.65625,1.0058313608169556,0.7629246711730957,2.2572667598724365,0.11286334693431854,"[0.05, 0.05, 0.05, 0.05]","[0, 0, 0, 0]",0.0,0,True
seed17_P_O0_resume,281,0.5906801819801331,0.8125,0.8072154521942139,0.6278074383735657,1.9277958869934082,0.09638980031013489,"[0.05, 0.05, 0.05, 0.05]","[0, 0, 0, 0]",0.0,0,True
seed17_P_O0_resume,282,0.6298481822013855,0.75,0.8987773656845093,0.6705465912818909,2.172454357147217,0.1086227148771286,"[0.05, 0.05, 0.05, 0.05]","[0, 0, 0, 0]",0.0,0,True
seed17_P_O0_resume,283,0.5255879759788513,0.84375,0.9422731399536133,0.7146562933921814,2.176856756210327,0.10884283483028412,"[0.05, 0.05, 0.05, 0.05]","[0, 0, 0, 0]",0.0,0,True
seed17_P_O0_resume,284,0.5275821685791016,0.9375,0.9417886734008789,0.7219770550727844,2.151336193084717,0.10756680369377136,"[0.05, 0.05, 0.05, 0.05]","[0, 0, 0, 0]",0.0,0,True
seed17_P_O0_resume,285,0.5896291136741638,0.8125,0.8518887162208557,0.6348916292190552,2.13627028465271,0.10681350529193878,"[0.05, 0.05, 0.05, 0.05]","[0, 0, 0, 0]",0.0,0,True
seed17_P_O0_resume,286,0.5315249562263489,0.8125,0.8178491592407227,0.626075804233551,1.9993094205856323,0.09996546804904938,"[0.05, 0.05, 0.05, 0.05]","[0, 0, 0, 0]",0.0,0,True
seed17_P_O0_resume,287,0.5238400101661682,0.875,0.7349499464035034,0.5397847890853882,2.0754196643829346,0.10377099364995956,"[0.05, 0.05, 0.05, 0.05]","[0, 0, 0, 0]",0.0,0,True
seed17_P_O0_resume,288,0.6043304800987244,0.78125,0.978455126285553,0.7262231111526489,2.2866029739379883,0.11433015018701553,"[0.05, 0.05, 0.05, 0.05]","[0, 0, 0, 0]",0.0,0,True
seed17_P_O0_resume,289,0.4826265275478363,0.96875,0.8076508045196533,0.6085362434387207,2.052910804748535,0.10264553129673004,"[0.05, 0.05, 0.05, 0.05]","[0, 0, 0, 0]",0.0,0,True
seed17_P_O0_resume,290,0.5350063443183899,0.78125,0.8781008720397949,0.6805983185768127,2.0119822025299072,0.10059911757707596,"[0.05, 0.05, 0.05, 0.05]","[0, 0, 0, 0]",0.0,0,True
seed17_P_O0_resume,291,0.5208620429039001,0.9375,0.9009242057800293,0.7119003534317017,1.9829676151275635,0.09914837777614594,"[0.05, 0.05, 0.05, 0.05]","[0, 0, 0, 0]",0.0,0,True
seed17_P_O0_resume,292,0.5378515720367432,0.875,0.9810174703598022,0.6922327280044556,2.4384448528289795,0.12192223966121674,"[0.05, 0.05, 0.05, 0.05]","[0, 0, 0, 0]",0.0,0,True
seed17_P_O0_resume,293,0.5317720770835876,0.78125,0.8551474213600159,0.626012921333313,2.2164721488952637,0.1108236163854599,"[0.05, 0.05, 0.05, 0.05]","[0, 0, 0, 0]",0.0,0,True
seed17_P_O0_resume,294,0.511985719203949,0.96875,0.8337287306785583,0.6343663334846497,2.0048913955688477,0.10024456679821014,"[0.05, 0.05, 0.05, 0.05]","[0, 0, 0, 0]",0.0,0,True
seed17_P_O0_resume,295,0.6325042247772217,0.71875,0.8742876052856445,0.654191255569458,2.1490745544433594,0.10745373368263245,"[0.05, 0.05, 0.05, 0.05]","[0, 0, 0, 0]",0.0,0,True
seed17_P_O0_resume,296,0.6047707796096802,0.8125,0.8756594061851501,0.6772152781486511,2.022932767868042,0.1011466383934021,"[0.05, 0.05, 0.05, 0.05]","[0, 0, 0, 0]",0.0,0,True
seed17_P_O0_resume,297,0.532477855682373,0.78125,0.8440791368484497,0.6259210109710693,2.1309142112731934,0.10654571652412415,"[0.05, 0.05, 0.05, 0.05]","[0, 0, 0, 0]",0.0,0,True
seed17_P_O0_resume,298,0.6041261553764343,0.78125,0.8141092658042908,0.6171048879623413,2.007370948791504,0.10036855936050415,"[0.05, 0.05, 0.05, 0.05]","[0, 0, 0, 0]",0.0,0,True
seed17_P_O0_resume,299,0.5548372864723206,0.875,0.9921093583106995,0.7494261264801025,2.2428126335144043,0.11214062571525574,"[0.05, 0.05, 0.05, 0.05]","[0, 0, 0, 0]",0.0,0,True
seed17_P_O0_resume,300,0.6530379056930542,0.71875,0.8340626358985901,0.6228713989257812,2.138514518737793,0.10692572593688965,"[0.05, 0.05, 0.05, 0.05]","[0, 0, 0, 0]",0.0,0,True
seed17_P_O0_resume,301,0.5643039345741272,0.8125,0.8728111982345581,0.6905109286308289,1.9466159343719482,0.09733079373836517,"[0.05, 0.05, 0.05, 0.05]","[0, 0, 0, 0]",0.0,0,True
seed17_P_O0_resume,302,0.5885179042816162,0.90625,0.7017184495925903,0.5059071779251099,2.075465440750122,0.10377326607704163,"[0.05, 0.05, 0.05, 0.05]","[0, 0, 0, 0]",0.0,0,True
seed17_P_O0_resume,303,0.5029897093772888,0.96875,0.8042528629302979,0.6175435781478882,1.9949824810028076,0.0997491255402565,"[0.05, 0.05, 0.05, 0.05]","[0, 0, 0, 0]",0.0,0,True
seed17_P_O0_resume,304,0.4671342670917511,0.9375,0.9032827019691467,0.7048538327217102,2.0300755500793457,0.10150377452373505,"[0.05, 0.05, 0.05, 0.05]","[0, 0, 0, 0]",0.0,0,True
seed17_P_O0_resume,305,0.6338226795196533,0.625,0.8133262991905212,0.6197481155395508,2.0283446311950684,0.10141722857952118,"[0.05, 0.05, 0.05, 0.05]","[0, 0, 0, 0]",0.0,0,True
seed17_P_O0_resume,306,0.46351125836372375,0.875,0.8910406827926636,0.7080693244934082,1.9591017961502075,0.09795509278774261,"[0.05, 0.05, 0.05, 0.05]","[0, 0, 0, 0]",0.0,0,True
seed17_P_O0_resume,307,0.4150103032588959,0.90625,1.0575957298278809,0.8562828302383423,2.0000805854797363,0.10000403225421906,"[0.05, 0.05, 0.05, 0.05]","[0, 0, 0, 0]",0.0,0,True
seed17_P_O0_resume,308,0.5364755392074585,0.71875,0.7875577211380005,0.6086186170578003,1.947152853012085,0.09735763818025589,"[0.05, 0.05, 0.05, 0.05]","[0, 0, 0, 0]",0.0,0,True
seed17_P_O0_resume,309,0.4906589984893799,0.90625,0.7953696250915527,0.6158522367477417,1.9584351778030396,0.09792175889015198,"[0.05, 0.05, 0.05, 0.05]","[0, 0, 0, 0]",0.0,0,True
seed17_P_O0_resume,310,0.45055311918258667,0.90625,0.9564428329467773,0.7597891092300415,2.0125465393066406,0.10062732547521591,"[0.05, 0.05, 0.05, 0.05]","[0, 0, 0, 0]",0.0,0,True
seed17_P_O0_resume,311,0.5746583938598633,0.8125,0.8908808827400208,0.6603343486785889,2.205521583557129,0.11027608066797256,"[0.05, 0.05, 0.05, 0.05]","[0, 0, 0, 0]",0.0,0,True
seed17_P_O0_resume,312,0.5123680830001831,1.0,0.8321634531021118,0.648190975189209,1.9598640203475952,0.09799320250749588,"[0.05, 0.05, 0.05, 0.05]","[0, 0, 0, 0]",0.0,0,True
seed17_P_O0_resume,313,0.5112148523330688,0.75,0.9491310119628906,0.7543380856513977,1.999504804611206,0.09997524321079254,"[0.05, 0.05, 0.05, 0.05]","[0, 0, 0, 0]",0.0,0,True
seed17_P_O0_resume,314,0.5262206196784973,0.9375,0.7052937746047974,0.5347057580947876,1.9191306829452515,0.09595654904842377,"[0.05, 0.05, 0.05, 0.05]","[0, 0, 0, 0]",0.0,0,True
seed17_P_O0_resume,315,0.557160496711731,0.875,0.9696287512779236,0.7462011575698853,2.115520715713501,0.10577604919672012,"[0.05, 0.05, 0.05, 0.05]","[0, 0, 0, 0]",0.0,0,True
seed17_P_O0_resume,316,0.5353888869285583,0.875,0.7827255725860596,0.6171992421150208,1.871375322341919,0.09356877207756042,"[0.05, 0.05, 0.05, 0.05]","[0, 0, 0, 0]",0.0,0,True
seed17_P_O0_resume,317,0.49194759130477905,0.9375,0.9293836951255798,0.7159769535064697,2.0866947174072266,0.10433473438024521,"[0.05, 0.05, 0.05, 0.05]","[0, 0, 0, 0]",0.0,0,True
seed17_P_O0_resume,318,0.47384533286094666,0.90625,0.9162167310714722,0.7091907262802124,2.086822986602783,0.10434114187955856,"[0.05, 0.05, 0.05, 0.05]","[0, 0, 0, 0]",0.0,0,True
seed17_P_O0_resume,319,0.4806777238845825,0.90625,0.7138053774833679,0.5121397972106934,2.0679755210876465,0.10339877009391785,"[0.05, 0.05, 0.05, 0.05]","[0, 0, 0, 0]",0.0,0,True
seed17_P_O0_resume,320,0.4198898673057556,0.9375,0.8909388780593872,0.7088499069213867,1.9552152156829834,0.09776075929403305,"[0.05, 0.05, 0.05, 0.05]","[0, 0, 0, 0]",0.0,0,True
seed17_P_O0_resume,321,0.58827143907547,0.90625,0.8258735537528992,0.6385847926139832,1.9744644165039062,0.09872321784496307,"[0.05, 0.05, 0.05, 0.05]","[0, 0, 0, 0]",0.0,0,True
seed17_P_O0_resume,322,0.6159201264381409,0.71875,0.8392012119293213,0.6502102613449097,1.9882441759109497,0.09941220283508301,"[0.05, 0.05, 0.05, 0.05]","[0, 0, 0, 0]",0.0,0,True
seed17_P_O0_resume,323,0.5655298233032227,0.84375,0.9241737127304077,0.7420992851257324,1.9351415634155273,0.09675707668066025,"[0.05, 0.05, 0.05, 0.05]","[0, 0, 0, 0]",0.0,0,True
seed17_P_O0_resume,324,0.5711387395858765,0.84375,0.8000165224075317,0.6015958786010742,2.0368452072143555,0.1018422544002533,"[0.05, 0.05, 0.05, 0.05]","[0, 0, 0, 0]",0.0,0,True
seed17_P_O0_resume,325,0.5595850348472595,0.8125,0.8242976665496826,0.6694991588592529,1.777069330215454,0.08885347098112106,"[0.05, 0.05, 0.05, 0.05]","[0, 0, 0, 0]",0.0,0,True
seed17_P_O0_resume,326,0.5240541100502014,0.90625,0.8110109567642212,0.6095297336578369,2.048123359680176,0.10240617394447327,"[0.05, 0.05, 0.05, 0.05]","[0, 0, 0, 0]",0.0,0,True
seed17_P_O0_resume,327,0.5231521129608154,0.875,0.9022756814956665,0.7035268545150757,2.002965211868286,0.1001482605934143,"[0.05, 0.05, 0.05, 0.05]","[0, 0, 0, 0]",0.0,0,True
seed17_P_O0_resume,328,0.507549524307251,0.875,0.9144483208656311,0.7211816310882568,2.00416898727417,0.10020846128463745,"[0.05, 0.05, 0.05, 0.05]","[0, 0, 0, 0]",0.0,0,True
seed17_P_O0_resume,329,0.46390002965927124,0.84375,0.8446758389472961,0.6919258832931519,1.748488187789917,0.08742441236972809,"[0.05, 0.05, 0.05, 0.05]","[0, 0, 0, 0]",0.0,0,True
seed17_P_O0_resume,330,0.5513401627540588,0.875,1.0605723857879639,0.8453897833824158,2.0506012439727783,0.10253006219863892,"[0.05, 0.05, 0.05, 0.05]","[0, 0, 0, 0]",0.0,0,True
seed17_P_O0_resume,331,0.4044170677661896,0.96875,0.8309253454208374,0.6657055616378784,1.866626501083374,0.09333132207393646,"[0.05, 0.05, 0.05, 0.05]","[0, 0, 0, 0]",0.0,0,True
seed17_P_O0_resume,332,0.6363157033920288,0.75,0.9392397403717041,0.7358037233352661,2.0131614208221436,0.10065807402133942,"[0.05, 0.05, 0.05, 0.05]","[0, 0, 0, 0]",0.0,0,True
seed17_P_O0_resume,333,0.4820413589477539,0.84375,0.8292633891105652,0.6627196073532104,1.8782451152801514,0.09391225874423981,"[0.05, 0.05, 0.05, 0.05]","[0, 0, 0, 0]",0.0,0,True
seed17_P_O0_resume,334,0.4859320819377899,0.84375,0.8290677666664124,0.6458140015602112,1.9881439208984375,0.09940719604492188,"[0.05, 0.05, 0.05, 0.05]","[0, 0, 0, 0]",0.0,0,True
seed17_P_O0_resume,335,0.5540875792503357,0.78125,0.9277366995811462,0.7482622861862183,1.9151875972747803,0.09575938433408737,"[0.05, 0.05, 0.05, 0.05]","[0, 0, 0, 0]",0.0,0,True
seed17_P_O0_resume,336,0.577883243560791,0.8125,0.7782758474349976,0.6064332723617554,1.9111754894256592,0.0955587774515152,"[0.05, 0.05, 0.05, 0.05]","[0, 0, 0, 0]",0.0,0,True
seed17_P_O0_resume,337,0.5018446445465088,0.9375,0.83716881275177,0.6858540177345276,1.7435503005981445,0.08717751502990723,"[0.05, 0.05, 0.05, 0.05]","[0, 0, 0, 0]",0.0,0,True
seed17_P_O0_resume,338,0.5715112686157227,0.90625,0.7870384454727173,0.6118427515029907,1.935723066329956,0.09678615629673004,"[0.05, 0.05, 0.05, 0.05]","[0, 0, 0, 0]",0.0,0,True
seed17_P_O0_resume,339,0.4670436978340149,0.90625,0.8261609077453613,0.6428551077842712,1.9636220932006836,0.0981810986995697,"[0.05, 0.05, 0.05, 0.05]","[0, 0, 0, 0]",0.0,0,True
seed17_P_O0_resume,340,0.6106280088424683,0.75,0.7878258228302002,0.6229797005653381,1.8673903942108154,0.09336952865123749,"[0.05, 0.05, 0.05, 0.05]","[0, 0, 0, 0]",0.0,0,True
seed17_P_O0_resume,341,0.37608152627944946,1.0,0.976620614528656,0.807528018951416,1.855559229850769,0.09277796745300293,"[0.05, 0.05, 0.05, 0.05]","[0, 0, 0, 0]",0.0,0,True
seed17_P_O0_resume,342,0.5267152786254883,0.875,0.7980642318725586,0.6024969816207886,2.0578341484069824,0.10289172828197479,"[0.05, 0.05, 0.05, 0.05]","[0, 0, 0, 0]",0.0,0,True
seed17_P_O0_resume,343,0.5078012943267822,0.75,0.9014183878898621,0.728435218334198,1.881011962890625,0.09405059367418289,"[0.05, 0.05, 0.05, 0.05]","[0, 0, 0, 0]",0.0,0,True
seed17_P_O0_resume,344,0.4755952060222626,0.90625,1.0076329708099365,0.8096451163291931,1.9821081161499023,0.09910541772842407,"[0.05, 0.05, 0.05, 0.05]","[0, 0, 0, 0]",0.0,0,True
seed17_P_O0_resume,345,0.5512000322341919,0.90625,0.7924988269805908,0.6341332197189331,1.8334026336669922,0.09167012572288513,"[0.05, 0.05, 0.05, 0.05]","[0, 0, 0, 0]",0.0,0,True
seed17_P_O0_resume,346,0.5556700229644775,0.78125,1.0293999910354614,0.8504062294960022,1.8950579166412354,0.09475289285182953,"[0.05, 0.05, 0.05, 0.05]","[0, 0, 0, 0]",0.0,0,True
seed17_P_O0_resume,347,0.5574665069580078,0.8125,0.8039966821670532,0.6424595713615417,1.8395888805389404,0.09197944402694702,"[0.05, 0.05, 0.05, 0.05]","[0, 0, 0, 0]",0.0,0,True
seed17_P_O0_resume,348,0.6174461841583252,0.78125,0.954777717590332,0.7601121664047241,1.9814705848693848,0.09907353669404984,"[0.05, 0.05, 0.05, 0.05]","[0, 0, 0, 0]",0.0,0,True
seed17_P_O0_resume,349,0.5197792053222656,0.875,0.8148576021194458,0.659122109413147,1.8024702072143555,0.09012351185083389,"[0.05, 0.05, 0.05, 0.05]","[0, 0, 0, 0]",0.0,0,True
seed17_P_O0_resume,350,0.55821293592453,0.9375,0.813856840133667,0.658508837223053,1.7726749181747437,0.08863374590873718,"[0.05, 0.05, 0.05, 0.05]","[0, 0, 0, 0]",0.0,0,True
seed17_P_O0_resume,351,0.5542990565299988,0.8125,0.7617070078849792,0.6113554239273071,1.782448649406433,0.08912243694067001,"[0.05, 0.05, 0.05, 0.05]","[0, 0, 0, 0]",0.0,0,True
seed17_P_O0_resume,352,0.4426341950893402,0.90625,0.9348148107528687,0.784041702747345,1.7424283027648926,0.08712141215801239,"[0.05, 0.05, 0.05, 0.05]","[0, 0, 0, 0]",0.0,0,True
seed17_P_O0_resume,353,0.5115973949432373,0.8125,0.7028927206993103,0.5449608564376831,1.8195772171020508,0.09097886085510254,"[0.05, 0.05, 0.05, 0.05]","[0, 0, 0, 0]",0.0,0,True
seed17_P_O0_resume,354,0.5441526174545288,0.9375,1.011913776397705,0.8179866671562195,1.9663021564483643,0.09831510484218597,"[0.05, 0.05, 0.05, 0.05]","[0, 0, 0, 0]",0.0,0,True
seed17_P_O0_resume,355,0.45862463116645813,0.90625,0.848573625087738,0.6726732850074768,1.9080770015716553,0.09540385752916336,"[0.05, 0.05, 0.05, 0.05]","[0, 0, 0, 0]",0.0,0,True
seed17_P_O0_resume,356,0.6071488261222839,0.78125,0.9037211537361145,0.7487787008285522,1.7859667539596558,0.08929833769798279,"[0.05, 0.05, 0.05, 0.05]","[0, 0, 0, 0]",0.0,0,True
seed17_P_O0_resume,357,0.5894653797149658,0.78125,0.7432712316513062,0.5986860990524292,1.7297319173812866,0.08648659288883209,"[0.05, 0.05, 0.05, 0.05]","[0, 0, 0, 0]",0.0,0,True
seed17_P_O0_resume,358,0.46282047033309937,1.0,0.9597378969192505,0.8039134740829468,1.7681937217712402,0.08840968459844589,"[0.05, 0.05, 0.05, 0.05]","[0, 0, 0, 0]",0.0,0,True
seed17_P_O0_resume,359,0.5324175953865051,0.90625,0.8183194994926453,0.6604148745536804,1.8000743389129639,0.09000371396541595,"[0.05, 0.05, 0.05, 0.05]","[0, 0, 0, 0]",0.0,0,True
seed17_P_O0_resume,360,0.5359117984771729,0.8125,0.8156958818435669,0.6533747315406799,1.8463466167449951,0.09231732785701752,"[0.05, 0.05, 0.05, 0.05]","[0, 0, 0, 0]",0.0,0,True
seed17_P_O0_resume,361,0.37795716524124146,0.96875,1.0362882614135742,0.8924172520637512,1.698699712753296,0.08493497967720032,"[0.05, 0.05, 0.05, 0.05]","[0, 0, 0, 0]",0.0,0,True
seed17_P_O0_resume,362,0.5418806672096252,0.8125,0.9343731999397278,0.7658970355987549,1.8630826473236084,0.09315413236618042,"[0.05, 0.05, 0.05, 0.05]","[0, 0, 0, 0]",0.0,0,True
seed17_P_O0_resume,363,0.6046262383460999,0.875,0.7917134761810303,0.6232410073280334,1.882312297821045,0.09411562234163284,"[0.05, 0.05, 0.05, 0.05]","[0, 0, 0, 0]",0.0,0,True
seed17_P_O0_resume,364,0.3227458596229553,0.96875,0.9038106203079224,0.7813066244125366,1.5578405857086182,0.07789202034473419,"[0.05, 0.05, 0.05, 0.05]","[0, 0, 0, 0]",0.0,0,True
seed17_P_O0_resume,365,0.54322749376297,0.84375,0.7374424934387207,0.5575779676437378,1.9771091938018799,0.09885545819997787,"[0.05, 0.05, 0.05, 0.05]","[0, 0, 0, 0]",0.0,0,True
seed17_P_O0_resume,366,0.558616042137146,0.875,0.9933810234069824,0.8114696145057678,1.9302417039871216,0.0965120941400528,"[0.05, 0.05, 0.05, 0.05]","[0, 0, 0, 0]",0.0,0,True
seed17_P_O0_resume,367,0.5746992826461792,0.90625,0.8550228476524353,0.7194005250930786,1.6731691360473633,0.08365845680236816,"[0.05, 0.05, 0.05, 0.05]","[0, 0, 0, 0]",0.0,0,True
seed17_P_O0_resume,368,0.3838958144187927,0.9375,0.850946843624115,0.709250807762146,1.7131850719451904,0.08565925061702728,"[0.05, 0.05, 0.05, 0.05]","[0, 0, 0, 0]",0.0,0,True
seed17_P_O0_resume,369,0.5332119464874268,0.875,0.8544694185256958,0.7009896636009216,1.7865755558013916,0.08932878077030182,"[0.05, 0.05, 0.05, 0.05]","[0, 0, 0, 0]",0.0,0,True
seed17_P_O0_resume,370,0.629638135433197,0.6875,1.0039820671081543,0.8370771408081055,1.8318579196929932,0.09159289300441742,"[0.05, 0.05, 0.05, 0.05]","[0, 0, 0, 0]",0.0,0,True
seed17_P_O0_resume,371,0.4936368465423584,0.9375,0.9170124530792236,0.735388994216919,1.9030717611312866,0.09515359252691269,"[0.05, 0.05, 0.05, 0.05]","[0, 0, 0, 0]",0.0,0,True
seed17_P_O0_resume,372,0.45944279432296753,0.9375,0.7716028094291687,0.6095876693725586,1.857424020767212,0.09287120401859283,"[0.05, 0.05, 0.05, 0.05]","[0, 0, 0, 0]",0.0,0,True
seed17_P_O0_resume,373,0.43195241689682007,0.84375,0.9192726612091064,0.7101531624794006,2.107386827468872,0.10536934435367584,"[0.05, 0.05, 0.05, 0.05]","[0, 0, 0, 0]",0.0,0,True
seed17_P_O0_resume,374,0.5716142058372498,0.78125,0.838813066482544,0.6530400514602661,1.960564136505127,0.09802821278572083,"[0.05, 0.05, 0.05, 0.05]","[0, 0, 0, 0]",0.0,0,True
seed17_P_O0_resume,375,0.47374460101127625,0.875,0.9286220073699951,0.7595676183700562,1.867341160774231,0.09336705505847931,"[0.05, 0.05, 0.05, 0.05]","[0, 0, 0, 0]",0.0,0,True
seed17_P_O0_resume,376,0.5542895793914795,0.84375,0.6921321749687195,0.5443020462989807,1.7777347564697266,0.08888673782348633,"[0.05, 0.05, 0.05, 0.05]","[0, 0, 0, 0]",0.0,0,True
seed17_P_O0_resume,377,0.5491243004798889,0.84375,0.9139198064804077,0.7340874671936035,1.9181997776031494,0.09590999037027359,"[0.05, 0.05, 0.05, 0.05]","[0, 0, 0, 0]",0.0,0,True
seed17_P_O0_resume,378,0.6295181512832642,0.71875,0.9048736691474915,0.738186240196228,1.8474345207214355,0.09237173199653625,"[0.05, 0.05, 0.05, 0.05]","[0, 0, 0, 0]",0.0,0,True
seed17_P_O0_resume,379,0.501089334487915,0.9375,0.9561989307403564,0.7785071134567261,1.893092393875122,0.0946546196937561,"[0.05, 0.05, 0.05, 0.05]","[0, 0, 0, 0]",0.0,0,True
seed17_P_O0_resume,380,0.46538206934928894,1.0,0.801133394241333,0.6533560752868652,1.7696099281311035,0.08848050236701965,"[0.05, 0.05, 0.05, 0.05]","[0, 0, 0, 0]",0.0,0,True
seed17_P_O0_resume,381,0.48496004939079285,1.0,1.0389506816864014,0.8825099468231201,1.7533245086669922,0.08766622841358185,"[0.05, 0.05, 0.05, 0.05]","[0, 0, 0, 0]",0.0,0,True
seed17_P_O0_resume,382,0.3960029184818268,1.0,0.8260789513587952,0.6570892333984375,1.8844680786132812,0.09422340989112854,"[0.05, 0.05, 0.05, 0.05]","[0, 0, 0, 0]",0.0,0,True
seed17_P_O0_resume,383,0.529689371585846,0.875,0.726414144039154,0.5852163434028625,1.7282664775848389,0.08641332387924194,"[0.05, 0.05, 0.05, 0.05]","[0, 0, 0, 0]",0.0,0,True
seed17_P_O0_resume,384,0.5814164280891418,0.78125,0.8936049938201904,0.7461910247802734,1.7429441213607788,0.08714721351861954,"[0.05, 0.05, 0.05, 0.05]","[0, 0, 0, 0]",0.0,0,True
seed17_P_O0_resume,385,0.5740821361541748,0.8125,0.8788292407989502,0.7280988693237305,1.7406673431396484,0.08703336119651794,"[0.05, 0.05, 0.05, 0.05]","[0, 0, 0, 0]",0.0,0,True
seed17_P_O0_resume,386,0.48047128319740295,0.875,1.006780743598938,0.8628653287887573,1.687760353088379,0.08438801765441895,"[0.05, 0.05, 0.05, 0.05]","[0, 0, 0, 0]",0.0,0,True
seed17_P_O0_resume,387,0.5795941352844238,0.75,0.7277030944824219,0.5789807438850403,1.7657909393310547,0.08828955143690109,"[0.05, 0.05, 0.05, 0.05]","[0, 0, 0, 0]",0.0,0,True
seed17_P_O0_resume,388,0.522953987121582,0.90625,0.9032341837882996,0.74210524559021,1.8087987899780273,0.09043994545936584,"[0.05, 0.05, 0.05, 0.05]","[0, 0, 0, 0]",0.0,0,True
seed17_P_O0_resume,389,0.4297766089439392,1.0,1.0034767389297485,0.8005111217498779,2.0407910346984863,0.10203955322504044,"[0.05, 0.05, 0.05, 0.05]","[0, 0, 0, 0]",0.0,0,True
seed17_P_O0_resume,390,0.5135244727134705,0.875,0.8622097969055176,0.7149242162704468,1.7419687509536743,0.08709844201803207,"[0.05, 0.05, 0.05, 0.05]","[0, 0, 0, 0]",0.0,0,True
seed17_P_O0_resume,391,0.5823737978935242,0.71875,0.7423774600028992,0.5908908843994141,1.7924741506576538,0.08962370455265045,"[0.05, 0.05, 0.05, 0.05]","[0, 0, 0, 0]",0.0,0,True
seed17_P_O0_resume,392,0.5491803884506226,0.75,0.9414675831794739,0.7754741907119751,1.8512520790100098,0.09256261587142944,"[0.05, 0.05, 0.05, 0.05]","[0, 0, 0, 0]",0.0,0,True
seed17_P_O0_resume,393,0.44721680879592896,0.9375,0.899716854095459,0.7372846603393555,1.8369033336639404,0.09184516966342926,"[0.05, 0.05, 0.05, 0.05]","[0, 0, 0, 0]",0.0,0,True
seed17_P_O0_resume,394,0.46420592069625854,0.9375,0.885130763053894,0.7403664588928223,1.7231271266937256,0.08615635335445404,"[0.05, 0.05, 0.05, 0.05]","[0, 0, 0, 0]",0.0,0,True
seed17_P_O0_resume,395,0.625942051410675,0.6875,0.9257823824882507,0.7578535079956055,1.8411648273468018,0.09205824136734009,"[0.05, 0.05, 0.05, 0.05]","[0, 0, 0, 0]",0.0,0,True
seed17_P_O0_resume,396,0.4302678406238556,0.9375,0.9161046743392944,0.7715738415718079,1.7232688665390015,0.08616344630718231,"[0.05, 0.05, 0.05, 0.05]","[0, 0, 0, 0]",0.0,0,True
seed17_P_O0_resume,397,0.5813318490982056,0.84375,0.8559329509735107,0.708838939666748,1.6673574447631836,0.08336786925792694,"[0.05, 0.05, 0.05, 0.05]","[0, 0, 0, 0]",0.0,0,True
seed17_P_O0_resume,398,0.5861808061599731,0.84375,0.8499466180801392,0.7088247537612915,1.7003216743469238,0.08501608669757843,"[0.05, 0.05, 0.05, 0.05]","[0, 0, 0, 0]",0.0,0,True
seed17_P_O0_resume,399,0.45111212134361267,0.9375,0.8356361985206604,0.6832817196846008,1.7711384296417236,0.0885569304227829,"[0.05, 0.05, 0.05, 0.05]","[0, 0, 0, 0]",0.0,0,True
seed17_P_O0_resume,400,0.46592724323272705,0.9375,0.8652200698852539,0.7340551614761353,1.6351265907287598,0.0817563384771347,"[0.05, 0.05, 0.05, 0.05]","[0, 0, 0, 0]",0.0,0,True
seed17_P_C2_warm,1,1.3225462436676025,0.59375,2.6509413719177246,2.5230278968811035,9.940444946289062,0.3373076617717743,"[0.05000000074505806, 0.05000000074505806, 0.012500000186264515, 0.05000000074505806]","[1.0, 1.0, 3.0, 1.0]",0.0,0,True
seed17_P_C2_warm,2,0.786535918712616,0.5,2.269254207611084,2.112166404724121,12.548026084899902,0.12261983007192612,"[0.0031250000465661287, 0.02500000037252903, 0.012500000186264515, 0.05000000074505806]","[5.0, 2.0, 3.0, 1.0]",0.0,0,True
seed17_P_C2_warm,3,0.9532533884048462,0.6875,2.044959783554077,1.9144097566604614,9.4335355758667,0.16883037984371185,"[0.012500000186264515, 0.05000000074505806, 0.012500000186264515, 0.05000000074505806]","[3.0, 1.0, 3.0, 1.0]",0.0,0,True
seed17_P_C2_warm,4,0.7877243161201477,0.5625,2.482212543487549,2.2920703887939453,10.138248443603516,0.28870975971221924,"[0.02500000037252903, 0.05000000074505806, 0.02500000037252903, 0.05000000074505806]","[2.0, 1.0, 2.0, 1.0]",0.0,0,True
seed17_P_C2_warm,5,0.7012138366699219,0.65625,2.1698241233825684,1.7875242233276367,9.499324798583984,0.12700152397155762,"[0.012500000186264515, 0.02500000037252903, 0.0062500000931322575, 0.05000000074505806]","[3.0, 2.0, 4.0, 1.0]",0.0,0,True
seed17_P_C2_warm,6,1.5634974241256714,0.46875,2.8307948112487793,2.1883153915405273,12.763059616088867,0.3806098401546478,"[0.0031250000465661287, 0.05000000074505806, 0.05000000074505806, 0.05000000074505806]","[5.0, 1.0, 1.0, 1.0]",0.0,0,True
seed17_P_C2_warm,7,0.5998662114143372,0.78125,2.1970295906066895,1.8109843730926514,9.04306697845459,0.12620647251605988,"[0.0062500000931322575, 0.02500000037252903, 0.012500000186264515, 0.05000000074505806]","[4.0, 2.0, 3.0, 1.0]",0.0,0,True
seed17_P_C2_warm,8,0.9101759791374207,0.71875,2.320831298828125,1.958552360534668,11.450214385986328,0.21645092964172363,"[0.012500000186264515, 0.05000000074505806, 0.012500000186264515, 0.05000000074505806]","[3.0, 1.0, 3.0, 1.0]",0.0,0,True
seed17_P_C2_warm,9,1.6055734157562256,0.6875,2.1539595127105713,1.906261920928955,8.745668411254883,0.20230333507061005,"[0.02500000037252903, 0.02500000037252903, 0.0062500000931322575, 0.05000000074505806]","[2.0, 2.0, 4.0, 1.0]",0.0,0,True
seed17_P_C2_warm,10,2.3305118083953857,0.5,2.4065401554107666,2.089003324508667,9.701227188110352,0.25443947315216064,"[0.02500000037252903, 0.05000000074505806, 0.02500000037252903, 0.02500000037252903]","[2.0, 1.0, 2.0, 2.0]",0.0,0,True
seed17_P_C2_warm,11,1.2545442581176758,0.4375,2.512186050415039,2.276498794555664,13.143986701965332,0.4121701419353485,"[0.05000000074505806, 0.02500000037252903, 0.0062500000931322575, 0.05000000074505806]","[1.0, 2.0, 4.0, 1.0]",0.0,0,True
seed17_P_C2_warm,12,0.7718206644058228,0.6875,2.3613181114196777,2.0127530097961426,7.4739556312561035,0.37369775772094727,"[0.05000000074505806, 0.05000000074505806, 0.05000000074505806, 0.05000000074505806]","[1.0, 1.0, 1.0, 1.0]",0.0,0,True
seed17_P_C2_warm,13,2.9229655265808105,0.25,2.9587278366088867,2.617265224456787,11.523234367370605,0.5761617422103882,"[0.05000000074505806, 0.05000000074505806, 0.05000000074505806, 0.05000000074505806]","[1.0, 1.0, 1.0, 1.0]",0.0,0,True
seed17_P_C2_warm,14,3.101074695587158,0.25,2.482279062271118,2.2356796264648438,9.230609893798828,0.46153050661087036,"[0.05000000074505806, 0.05000000074505806, 0.05000000074505806, 0.05000000074505806]","[1.0, 1.0, 1.0, 1.0]",0.0,0,True
seed17_P_C2_warm,15,0.6576049327850342,0.59375,2.5932211875915527,2.0479962825775146,9.997724533081055,0.21694853901863098,"[0.02500000037252903, 0.05000000074505806, 0.012500000186264515, 0.02500000037252903]","[2.0, 1.0, 3.0, 2.0]",0.0,0,True
seed17_P_C2_warm,16,0.756515622138977,0.59375,2.1706411838531494,1.9369288682937622,7.271781921386719,0.17385154962539673,"[0.012500000186264515, 0.02500000037252903, 0.02500000037252903, 0.05000000074505806]","[3.0, 2.0, 2.0, 1.0]",0.0,0,True
seed17_P_C2_warm,17,0.8420736193656921,0.65625,2.6063528060913086,1.9906175136566162,11.099834442138672,0.3613413870334625,"[0.0062500000931322575, 0.02500000037252903, 0.05000000074505806, 0.05000000074505806]","[4.0, 2.0, 1.0, 1.0]",0.0,0,True
seed17_P_C2_warm,18,0.7360755205154419,0.59375,2.120889663696289,1.7765696048736572,9.43149471282959,0.15333396196365356,"[0.0062500000931322575, 0.05000000074505806, 0.012500000186264515, 0.05000000074505806]","[4.0, 1.0, 3.0, 1.0]",0.0,0,True
seed17_P_C2_warm,19,0.6756439805030823,0.6875,2.113175630569458,1.9824529886245728,6.687061309814453,0.09814491122961044,"[0.012500000186264515, 0.05000000074505806, 0.012500000186264515, 0.02500000037252903]","[3.0, 1.0, 3.0, 2.0]",0.0,0,True
seed17_P_C2_warm,20,0.7400407791137695,0.65625,2.490051031112671,2.173370361328125,9.312616348266602,0.25793516635894775,"[0.02500000037252903, 0.05000000074505806, 0.02500000037252903, 0.05000000074505806]","[2.0, 1.0, 2.0, 1.0]",0.0,0,True
seed17_P_C2_warm,21,0.7424085140228271,0.65625,2.1548283100128174,1.85933518409729,8.657564163208008,0.18180827796459198,"[0.012500000186264515, 0.05000000074505806, 0.012500000186264515, 0.05000000074505806]","[3.0, 1.0, 3.0, 1.0]",0.0,0,True
seed17_P_C2_warm,22,1.2280118465423584,0.4375,3.1741464138031006,2.3480963706970215,10.362361907958984,0.4014178514480591,"[0.02500000037252903, 0.05000000074505806, 0.05000000074505806, 0.05000000074505806]","[2.0, 1.0, 1.0, 1.0]",0.0,0,True
seed17_P_C2_warm,23,0.702069103717804,0.71875,2.2005162239074707,1.7852442264556885,7.8100433349609375,0.19709646701812744,"[0.02500000037252903, 0.05000000074505806, 0.012500000186264515, 0.05000000074505806]","[2.0, 1.0, 3.0, 1.0]",0.0,0,True
seed17_P_C2_warm,24,1.6571407318115234,0.5625,3.463527202606201,2.196706771850586,11.514602661132812,0.5757300853729248,"[0.05000000074505806, 0.05000000074505806, 0.05000000074505806, 0.05000000074505806]","[1.0, 1.0, 1.0, 1.0]",0.0,0,True
seed17_P_C2_warm,25,1.3268895149230957,0.46875,2.50095272064209,2.3237357139587402,7.36093282699585,0.26567089557647705,"[0.05000000074505806, 0.05000000074505806, 0.012500000186264515, 0.05000000074505806]","[1.0, 1.0, 3.0, 1.0]",0.0,0,True
seed17_P_C2_warm,26,0.9681146740913391,0.5625,2.5530381202697754,2.0774099826812744,9.783600807189941,0.28332287073135376,"[0.02500000037252903, 0.05000000074505806, 0.02500000037252903, 0.05000000074505806]","[2.0, 1.0, 2.0, 1.0]",0.0,0,True
seed17_P_C2_warm,27,1.1364455223083496,0.5,2.036389112472534,1.874178409576416,8.816598892211914,0.13632239401340485,"[0.0062500000931322575, 0.05000000074505806, 0.02500000037252903, 0.05000000074505806]","[4.0, 1.0, 2.0, 1.0]",0.0,0,True
seed17_P_C2_warm,28,2.333526134490967,0.375,2.992567539215088,2.336571455001831,10.748913764953613,0.5374456644058228,"[0.05000000074505806, 0.05000000074505806, 0.05000000074505806, 0.05000000074505806]","[1.0, 1.0, 1.0, 1.0]",0.0,0,True
seed17_P_C2_warm,29,0.6528612375259399,0.75,2.1960341930389404,1.8959074020385742,7.00563383102417,0.18198400735855103,"[0.02500000037252903, 0.05000000074505806, 0.012500000186264515, 0.05000000074505806]","[2.0, 1.0, 3.0, 1.0]",0.0,0,True
seed17_P_C2_warm,30,0.6718703508377075,0.75,2.4942336082458496,2.0592637062072754,9.40773868560791,0.274362176656723,"[0.0062500000931322575, 0.05000000074505806, 0.05000000074505806, 0.05000000074505806]","[4.0, 1.0, 1.0, 1.0]",0.0,0,True
seed17_P_C2_warm,31,2.3639397621154785,0.4375,2.408442974090576,2.1297478675842285,8.144039154052734,0.2967936098575592,"[0.05000000074505806, 0.05000000074505806, 0.012500000186264515, 0.05000000074505806]","[1.0, 1.0, 3.0, 1.0]",0.0,0,True
seed17_P_C2_warm,32,1.5211740732192993,0.59375,2.6829705238342285,1.8776440620422363,8.438268661499023,0.355279803276062,"[0.05000000074505806, 0.05000000074505806, 0.02500000037252903, 0.05000000074505806]","[1.0, 1.0, 2.0, 1.0]",0.0,0,True
seed17_P_C2_warm,33,0.6794293522834778,0.71875,2.231065511703491,2.0800893306732178,9.19464111328125,0.35161280632019043,"[0.0062500000931322575, 0.05000000074505806, 0.05000000074505806, 0.05000000074505806]","[4.0, 1.0, 1.0, 1.0]",0.0,0,True
seed17_P_C2_warm,34,0.6868033409118652,0.65625,1.8822170495986938,1.7817093133926392,7.610374450683594,0.15507110953330994,"[0.02500000037252903, 0.05000000074505806, 0.0062500000931322575, 0.05000000074505806]","[2.0, 1.0, 4.0, 1.0]",0.0,0,True
seed17_P_C2_warm,35,1.0046592950820923,0.53125,2.1994030475616455,2.010316848754883,7.089005470275879,0.2414253056049347,"[0.05000000074505806, 0.05000000074505806, 0.012500000186264515, 0.05000000074505806]","[1.0, 1.0, 3.0, 1.0]",0.0,0,True
seed17_P_C2_warm,36,0.7119753360748291,0.78125,2.2547683715820312,1.9037361145019531,7.653890609741211,0.2553749680519104,"[0.05000000074505806, 0.05000000074505806, 0.0062500000931322575, 0.05000000074505806]","[1.0, 1.0, 4.0, 1.0]",0.0,0,True
seed17_P_C2_warm,37,1.8444443941116333,0.59375,3.207754373550415,2.509653329849243,11.7509765625,0.4383816421031952,"[0.05000000074505806, 0.05000000074505806, 0.02500000037252903, 0.05000000074505806]","[1.0, 1.0, 2.0, 1.0]",0.0,0,True
seed17_P_C2_warm,38,0.7677731513977051,0.75,2.335970163345337,1.9082413911819458,10.200651168823242,0.3968685567378998,"[0.012500000186264515, 0.05000000074505806, 0.05000000074505806, 0.05000000074505806]","[3.0, 1.0, 1.0, 1.0]",0.0,0,True
seed17_P_C2_warm,39,0.9797109961509705,0.53125,2.440091133117676,2.25396728515625,6.895183563232422,0.160577654838562,"[0.02500000037252903, 0.05000000074505806, 0.012500000186264515, 0.05000000074505806]","[2.0, 1.0, 3.0, 1.0]",0.0,0,True
seed17_P_C2_warm,40,0.9089800119400024,0.59375,2.566662311553955,1.9349491596221924,9.382857322692871,0.4146101474761963,"[0.05000000074505806, 0.05000000074505806, 0.02500000037252903, 0.05000000074505806]","[1.0, 1.0, 2.0, 1.0]",0.0,0,True
seed17_P_C2_warm,41,1.339803695678711,0.625,2.54243540763855,2.19520902633667,7.829684257507324,0.3118564486503601,"[0.05000000074505806, 0.05000000074505806, 0.02500000037252903, 0.05000000074505806]","[1.0, 1.0, 2.0, 1.0]",0.0,0,True
seed17_P_C2_warm,42,1.5509800910949707,0.28125,2.7070248126983643,2.557469129562378,8.702454566955566,0.4351227283477783,"[0.05000000074505806, 0.05000000074505806, 0.05000000074505806, 0.05000000074505806]","[1.0, 1.0, 1.0, 1.0]",0.0,0,True
seed17_P_C2_warm,43,0.8584683537483215,0.65625,3.017270565032959,2.208611011505127,11.58459186553955,0.5792295932769775,"[0.05000000074505806, 0.05000000074505806, 0.05000000074505806, 0.05000000074505806]","[1.0, 1.0, 1.0, 1.0]",0.0,0,True
seed17_P_C2_warm,44,0.515170156955719,0.84375,2.0976760387420654,1.8248820304870605,5.183859348297119,0.21012482047080994,"[0.02500000037252903, 0.05000000074505806, 0.05000000074505806, 0.05000000074505806]","[2.0, 1.0, 1.0, 1.0]",0.0,0,True
seed17_P_C2_warm,45,1.981587529182434,0.625,2.444118022918701,1.9404255151748657,9.200045585632324,0.33568456768989563,"[0.012500000186264515, 0.05000000074505806, 0.05000000074505806, 0.05000000074505806]","[3.0, 1.0, 1.0, 1.0]",0.0,0,True
seed17_P_C2_warm,46,0.5603162050247192,0.9375,2.51845121383667,2.067936420440674,7.433272361755371,0.3716636002063751,"[0.05000000074505806, 0.05000000074505806, 0.05000000074505806, 0.05000000074505806]","[1.0, 1.0, 1.0, 1.0]",0.0,0,True
seed17_P_C2_warm,47,1.1401878595352173,0.4375,3.010558843612671,2.2202136516571045,9.126893043518066,0.3423144519329071,"[0.02500000037252903, 0.05000000074505806, 0.05000000074505806, 0.05000000074505806]","[2.0, 1.0, 1.0, 1.0]",0.0,0,True
seed17_P_C2_warm,48,0.6473996639251709,0.78125,2.3506877422332764,2.0975840091705322,8.753982543945312,0.13815930485725403,"[0.0062500000931322575, 0.05000000074505806, 0.012500000186264515, 0.05000000074505806]","[4.0, 1.0, 3.0, 1.0]",0.0,0,True
seed17_P_C2_warm,49,0.528515636920929,0.875,2.2853682041168213,1.9707123041152954,6.258713722229004,0.24356447160243988,"[0.02500000037252903, 0.05000000074505806, 0.05000000074505806, 0.05000000074505806]","[2.0, 1.0, 1.0, 1.0]",0.0,0,True
seed17_P_C2_warm,50,0.6783918142318726,0.90625,2.7357192039489746,2.0146851539611816,7.5838775634765625,0.280853807926178,"[0.05000000074505806, 0.05000000074505806, 0.02500000037252903, 0.05000000074505806]","[1.0, 1.0, 2.0, 1.0]",0.0,0,True
seed17_P_C2_warm,51,0.4969400465488434,0.9375,2.4964630603790283,1.9332510232925415,8.002483367919922,0.18059247732162476,"[0.012500000186264515, 0.05000000074505806, 0.02500000037252903, 0.05000000074505806]","[3.0, 1.0, 2.0, 1.0]",0.0,0,True
seed17_P_C2_warm,52,1.0350106954574585,0.75,2.6272878646850586,2.4117555618286133,8.742673873901367,0.2583630681037903,"[0.02500000037252903, 0.05000000074505806, 0.02500000037252903, 0.05000000074505806]","[2.0, 1.0, 2.0, 1.0]",0.0,0,True
seed17_P_C2_warm,53,0.6568647027015686,0.65625,3.042945623397827,1.840311050415039,6.70417594909668,0.3352087736129761,"[0.05000000074505806, 0.05000000074505806, 0.05000000074505806, 0.05000000074505806]","[1.0, 1.0, 1.0, 1.0]",0.0,0,True
seed17_P_C2_warm,54,1.0668318271636963,0.625,3.0614752769470215,2.3896665573120117,8.190114974975586,0.40950578451156616,"[0.05000000074505806, 0.05000000074505806, 0.05000000074505806, 0.05000000074505806]","[1.0, 1.0, 1.0, 1.0]",0.0,0,True
seed17_P_C2_warm,55,0.5413682460784912,0.8125,2.1978371143341064,1.9556680917739868,7.85098934173584,0.15222853422164917,"[0.012500000186264515, 0.05000000074505806, 0.012500000186264515, 0.05000000074505806]","[3.0, 1.0, 3.0, 1.0]",0.0,0,True
seed17_P_C2_warm,56,0.6596810817718506,0.6875,2.260559558868408,1.7837249040603638,4.939675331115723,0.18290254473686218,"[0.012500000186264515, 0.05000000074505806, 0.05000000074505806, 0.05000000074505806]","[3.0, 1.0, 1.0, 1.0]",0.0,0,True
seed17_P_C2_warm,57,0.5013552904129028,0.875,1.9633913040161133,1.7242114543914795,5.808553695678711,0.09416453540325165,"[0.012500000186264515, 0.05000000074505806, 0.0062500000931322575, 0.05000000074505806]","[3.0, 1.0, 4.0, 1.0]",0.0,0,True
seed17_P_C2_warm,58,1.1208328008651733,0.71875,2.3388638496398926,1.9647479057312012,8.34437370300293,0.2063373625278473,"[0.012500000186264515, 0.05000000074505806, 0.02500000037252903, 0.05000000074505806]","[3.0, 1.0, 2.0, 1.0]",0.0,0,True
seed17_P_C2_warm,59,1.115315318107605,0.65625,3.5403294563293457,1.8511452674865723,9.119388580322266,0.4559694230556488,"[0.05000000074505806, 0.05000000074505806, 0.05000000074505806, 0.05000000074505806]","[1.0, 1.0, 1.0, 1.0]",0.0,0,True
seed17_P_C2_warm,60,1.6010407209396362,0.5625,2.6201980113983154,2.3288145065307617,7.688006401062012,0.32304567098617554,"[0.05000000074505806, 0.05000000074505806, 0.02500000037252903, 0.05000000074505806]","[1.0, 1.0, 2.0, 1.0]",0.0,0,True
seed17_P_C2_warm,61,1.0725014209747314,0.71875,2.480095624923706,2.1776299476623535,9.4575834274292,0.2727155387401581,"[0.05000000074505806, 0.05000000074505806, 0.012500000186264515, 0.05000000074505806]","[1.0, 1.0, 3.0, 1.0]",0.0,0,True
seed17_P_C2_warm,62,0.5665906071662903,0.90625,2.191255569458008,1.8971598148345947,5.512581825256348,0.20853577554225922,"[0.02500000037252903, 0.05000000074505806, 0.05000000074505806, 0.05000000074505806]","[2.0, 1.0, 1.0, 1.0]",0.0,0,True
seed17_P_C2_warm,63,1.9931923151016235,0.28125,3.2727620601654053,2.3643884658813477,8.707544326782227,0.43537724018096924,"[0.05000000074505806, 0.05000000074505806, 0.05000000074505806, 0.05000000074505806]","[1.0, 1.0, 1.0, 1.0]",0.0,0,True
seed17_P_C2_warm,64,0.6707906723022461,0.59375,2.068751811981201,1.594315528869629,4.528180122375488,0.188405841588974,"[0.05000000074505806, 0.05000000074505806, 0.02500000037252903, 0.05000000074505806]","[1.0, 1.0, 2.0, 1.0]",0.0,0,True
seed17_P_C2_warm,65,0.8088074326515198,0.78125,2.770487070083618,2.2572922706604004,6.6152520179748535,0.3307625651359558,"[0.05000000074505806, 0.05000000074505806, 0.05000000074505806, 0.05000000074505806]","[1.0, 1.0, 1.0, 1.0]",0.0,0,True
seed17_P_C2_warm,66,0.7337626218795776,0.75,2.6492254734039307,2.1055493354797363,7.1964874267578125,0.35982435941696167,"[0.05000000074505806, 0.05000000074505806, 0.05000000074505806, 0.05000000074505806]","[1.0, 1.0, 1.0, 1.0]",0.0,0,True
seed17_P_C2_warm,67,1.2408134937286377,0.53125,2.753474473953247,2.1212313175201416,5.802652835845947,0.29013264179229736,"[0.05000000074505806, 0.05000000074505806, 0.05000000074505806, 0.05000000074505806]","[1.0, 1.0, 1.0, 1.0]",0.0,0,True
seed17_P_C2_warm,68,0.5796735286712646,0.90625,2.477111339569092,1.884356141090393,7.711358070373535,0.2721516788005829,"[0.05000000074505806, 0.05000000074505806, 0.0062500000931322575, 0.05000000074505806]","[1.0, 1.0, 4.0, 1.0]",0.0,0,True
seed17_P_C2_warm,69,0.6472596526145935,0.8125,2.368053674697876,1.987900733947754,7.303109645843506,0.2783534526824951,"[0.02500000037252903, 0.05000000074505806, 0.05000000074505806, 0.05000000074505806]","[2.0, 1.0, 1.0, 1.0]",0.0,0,True
seed17_P_C2_warm,70,2.2642035484313965,0.4375,2.752614974975586,2.596951961517334,7.129611015319824,0.35648053884506226,"[0.05000000074505806, 0.05000000074505806, 0.05000000074505806, 0.05000000074505806]","[1.0, 1.0, 1.0, 1.0]",0.0,0,True
seed17_P_C2_warm,71,0.7616598606109619,0.5,2.3993639945983887,2.003596782684326,8.254867553710938,0.29568469524383545,"[0.012500000186264515, 0.05000000074505806, 0.05000000074505806, 0.05000000074505806]","[3.0, 1.0, 1.0, 1.0]",0.0,0,True
seed17_P_C2_warm,72,1.2244534492492676,0.40625,2.4737043380737305,1.8322334289550781,6.167180061340332,0.24840231239795685,"[0.02500000037252903, 0.05000000074505806, 0.05000000074505806, 0.05000000074505806]","[2.0, 1.0, 1.0, 1.0]",0.0,0,True
seed17_P_C2_warm,73,0.6109254360198975,0.78125,2.5625762939453125,1.723551869392395,5.800039291381836,0.23332007229328156,"[0.012500000186264515, 0.05000000074505806, 0.05000000074505806, 0.05000000074505806]","[3.0, 1.0, 1.0, 1.0]",0.0,0,True
seed17_P_C2_warm,74,0.730775773525238,0.71875,3.1855216026306152,2.234950542449951,8.127863883972168,0.31682342290878296,"[0.05000000074505806, 0.05000000074505806, 0.02500000037252903, 0.05000000074505806]","[1.0, 1.0, 2.0, 1.0]",0.0,0,True
seed17_P_C2_warm,75,0.9597936868667603,0.59375,2.4912898540496826,1.9491939544677734,5.475632190704346,0.2737816274166107,"[0.05000000074505806, 0.05000000074505806, 0.05000000074505806, 0.05000000074505806]","[1.0, 1.0, 1.0, 1.0]",0.0,0,True
seed17_P_C2_warm,76,0.6090171933174133,0.75,3.5520577430725098,1.9340602159500122,8.53378963470459,0.426689475774765,"[0.05000000074505806, 0.05000000074505806, 0.05000000074505806, 0.05000000074505806]","[1.0, 1.0, 1.0, 1.0]",0.0,0,True
seed17_P_C2_warm,77,1.5994678735733032,0.4375,2.6437644958496094,2.2843003273010254,6.579811096191406,0.32899054884910583,"[0.05000000074505806, 0.05000000074505806, 0.05000000074505806, 0.05000000074505806]","[1.0, 1.0, 1.0, 1.0]",0.0,0,True
seed17_P_C2_warm,78,0.5176854729652405,0.96875,2.1005003452301025,1.880230188369751,6.619959831237793,0.1883297860622406,"[0.02500000037252903, 0.05000000074505806, 0.02500000037252903, 0.05000000074505806]","[2.0, 1.0, 2.0, 1.0]",0.0,0,True
seed17_P_C2_warm,79,1.0894248485565186,0.46875,2.831051826477051,2.3659963607788086,6.944065093994141,0.34720325469970703,"[0.05000000074505806, 0.05000000074505806, 0.05000000074505806, 0.05000000074505806]","[1.0, 1.0, 1.0, 1.0]",0.0,0,True
seed17_P_C2_warm,80,0.6483809947967529,0.75,2.364900588989258,1.9757623672485352,6.235448837280273,0.21050788462162018,"[0.05000000074505806, 0.05000000074505806, 0.012500000186264515, 0.05000000074505806]","[1.0, 1.0, 3.0, 1.0]",0.0,0,True
seed17_P_C2_warm,81,0.7337119579315186,0.5,2.3948278427124023,1.9693784713745117,6.009106636047363,0.21546967327594757,"[0.02500000037252903, 0.05000000074505806, 0.05000000074505806, 0.05000000074505806]","[2.0, 1.0, 1.0, 1.0]",0.0,0,True
seed17_P_C2_warm,82,0.752219557762146,0.65625,2.7994580268859863,2.0406298637390137,7.24246072769165,0.3621230125427246,"[0.05000000074505806, 0.05000000074505806, 0.05000000074505806, 0.05000000074505806]","[1.0, 1.0, 1.0, 1.0]",0.0,0,True
seed17_P_C2_warm,83,0.5848263502120972,0.8125,3.127979278564453,1.831507921218872,7.197723388671875,0.35988616943359375,"[0.05000000074505806, 0.05000000074505806, 0.05000000074505806, 0.05000000074505806]","[1.0, 1.0, 1.0, 1.0]",0.0,0,True
seed17_P_C2_warm,84,0.5746681094169617,0.84375,2.5684850215911865,1.7077913284301758,4.833220481872559,0.24166104197502136,"[0.05000000074505806, 0.05000000074505806, 0.05000000074505806, 0.05000000074505806]","[1.0, 1.0, 1.0, 1.0]",0.0,0,True
seed17_P_C2_warm,85,0.8983210325241089,0.625,2.291374683380127,2.070058584213257,5.581294059753418,0.18489208817481995,"[0.05000000074505806, 0.05000000074505806, 0.012500000186264515, 0.05000000074505806]","[1.0, 1.0, 3.0, 1.0]",0.0,0,True
seed17_P_C2_warm,86,0.6024289727210999,0.75,1.9945358037948608,1.8349428176879883,5.154219627380371,0.1876351237297058,"[0.02500000037252903, 0.05000000074505806, 0.05000000074505806, 0.05000000074505806]","[2.0, 1.0, 1.0, 1.0]",0.0,0,True
seed17_P_C2_warm,87,0.7456619739532471,0.75,3.416696071624756,2.4717905521392822,8.319631576538086,0.41598159074783325,"[0.05000000074505806, 0.05000000074505806, 0.05000000074505806, 0.05000000074505806]","[1.0, 1.0, 1.0, 1.0]",0.0,0,True
seed17_P_C2_warm,88,0.6250039339065552,0.71875,2.8486828804016113,1.8876316547393799,7.8331298828125,0.2940313518047333,"[0.05000000074505806, 0.05000000074505806, 0.012500000186264515, 0.05000000074505806]","[1.0, 1.0, 3.0, 1.0]",0.0,0,True
seed17_P_C2_warm,89,0.8551135063171387,0.625,2.449000358581543,1.9357484579086304,5.616417407989502,0.2808208763599396,"[0.05000000074505806, 0.05000000074505806, 0.05000000074505806, 0.05000000074505806]","[1.0, 1.0, 1.0, 1.0]",0.0,0,True
seed17_P_C2_warm,90,0.7335296869277954,0.53125,2.7519075870513916,1.7394976615905762,6.290951728820801,0.26978981494903564,"[0.05000000074505806, 0.05000000074505806, 0.02500000037252903, 0.05000000074505806]","[1.0, 1.0, 2.0, 1.0]",0.0,0,True
seed17_P_C2_warm,91,0.6739140152931213,0.71875,2.6799087524414062,2.1181540489196777,6.733173847198486,0.2458752989768982,"[0.05000000074505806, 0.05000000074505806, 0.02500000037252903, 0.05000000074505806]","[1.0, 1.0, 2.0, 1.0]",0.0,0,True
seed17_P_C2_warm,92,0.6668051481246948,0.78125,2.245310068130493,1.9315989017486572,5.8379411697387695,0.16007313132286072,"[0.012500000186264515, 0.05000000074505806, 0.05000000074505806, 0.05000000074505806]","[3.0, 1.0, 1.0, 1.0]",0.0,0,True
seed17_P_C2_warm,93,1.1444764137268066,0.59375,2.3586716651916504,2.257476329803467,5.681035995483398,0.2508491277694702,"[0.02500000037252903, 0.05000000074505806, 0.05000000074505806, 0.05000000074505806]","[2.0, 1.0, 1.0, 1.0]",0.0,0,True
seed17_P_C2_warm,94,0.7620930671691895,0.53125,2.3784985542297363,1.7466886043548584,5.256344318389893,0.2205144613981247,"[0.02500000037252903, 0.05000000074505806, 0.05000000074505806, 0.05000000074505806]","[2.0, 1.0, 1.0, 1.0]",0.0,0,True
seed17_P_C2_warm,95,1.5156583786010742,0.625,3.0342812538146973,2.187206268310547,7.6467742919921875,0.3823387026786804,"[0.05000000074505806, 0.05000000074505806, 0.05000000074505806, 0.05000000074505806]","[1.0, 1.0, 1.0, 1.0]",0.0,0,True
seed17_P_C2_warm,96,0.9359955787658691,0.40625,2.714764356613159,2.2872872352600098,6.33186149597168,0.23429995775222778,"[0.02500000037252903, 0.05000000074505806, 0.05000000074505806, 0.05000000074505806]","[2.0, 1.0, 1.0, 1.0]",0.0,0,True
seed17_P_C2_warm,97,0.7428694367408752,0.625,3.0524377822875977,2.2604470252990723,7.146872520446777,0.3573436141014099,"[0.05000000074505806, 0.05000000074505806, 0.05000000074505806, 0.05000000074505806]","[1.0, 1.0, 1.0, 1.0]",0.0,0,True
seed17_P_C2_warm,98,0.8620256781578064,0.6875,3.593841552734375,2.091087579727173,7.771694660186768,0.3885847330093384,"[0.05000000074505806, 0.05000000074505806, 0.05000000074505806, 0.05000000074505806]","[1.0, 1.0, 1.0, 1.0]",0.0,0,True
seed17_P_C2_warm,99,0.6446742415428162,0.71875,3.12157940864563,1.9804452657699585,5.881261825561523,0.29406309127807617,"[0.05000000074505806, 0.05000000074505806, 0.05000000074505806, 0.05000000074505806]","[1.0, 1.0, 1.0, 1.0]",0.0,0,True
seed17_P_C2_warm,100,0.7019491791725159,0.65625,2.9726033210754395,1.7830535173416138,6.23818826675415,0.31190940737724304,"[0.05000000074505806, 0.05000000074505806, 0.05000000074505806, 0.05000000074505806]","[1.0, 1.0, 1.0, 1.0]",0.0,0,True
seed17_P_C2_warm,101,0.5435771346092224,0.84375,2.2683019638061523,1.8160467147827148,5.108173370361328,0.21036827564239502,"[0.02500000037252903, 0.05000000074505806, 0.05000000074505806, 0.05000000074505806]","[2.0, 1.0, 1.0, 1.0]",0.0,0,True
seed17_P_C2_warm,102,0.7230515480041504,0.71875,2.081489086151123,1.63539457321167,4.368456840515137,0.18363723158836365,"[0.02500000037252903, 0.05000000074505806, 0.05000000074505806, 0.05000000074505806]","[2.0, 1.0, 1.0, 1.0]",0.0,0,True
seed17_P_C2_warm,103,0.6784259676933289,0.8125,2.381455421447754,2.1670804023742676,5.701394081115723,0.21421021223068237,"[0.05000000074505806, 0.05000000074505806, 0.02500000037252903, 0.05000000074505806]","[1.0, 1.0, 2.0, 1.0]",0.0,0,True
seed17_P_C2_warm,104,1.4671013355255127,0.5625,3.1869378089904785,2.1218984127044678,7.6930718421936035,0.38465362787246704,"[0.05000000074505806, 0.05000000074505806, 0.05000000074505806, 0.05000000074505806]","[1.0, 1.0, 1.0, 1.0]",0.0,0,True
seed17_P_C2_warm,105,0.5832889676094055,0.6875,2.370537281036377,2.112307548522949,5.776996612548828,0.14484356343746185,"[0.02500000037252903, 0.05000000074505806, 0.012500000186264515, 0.05000000074505806]","[2.0, 1.0, 3.0, 1.0]",0.0,0,True
seed17_P_C2_warm,106,1.3512370586395264,0.625,2.6470346450805664,1.8674918413162231,6.631947040557861,0.33159732818603516,"[0.05000000074505806, 0.05000000074505806, 0.05000000074505806, 0.05000000074505806]","[1.0, 1.0, 1.0, 1.0]",0.0,0,True
seed17_P_C2_warm,107,0.5368397831916809,0.84375,2.7830240726470947,1.87839674949646,5.596540451049805,0.2798269987106323,"[0.05000000074505806, 0.05000000074505806, 0.05000000074505806, 0.05000000074505806]","[1.0, 1.0, 1.0, 1.0]",0.0,0,True
seed17_P_C2_warm,108,0.6092538237571716,0.84375,2.5448508262634277,1.7228269577026367,5.363065719604492,0.22987434267997742,"[0.05000000074505806, 0.05000000074505806, 0.02500000037252903, 0.05000000074505806]","[1.0, 1.0, 2.0, 1.0]",0.0,0,True
seed17_P_C2_warm,109,0.510967493057251,0.96875,2.7330410480499268,2.31522274017334,6.0640363693237305,0.3032017946243286,"[0.05000000074505806, 0.05000000074505806, 0.05000000074505806, 0.05000000074505806]","[1.0, 1.0, 1.0, 1.0]",0.0,0,True
seed17_P_C2_warm,110,0.8942169547080994,0.4375,3.196641683578491,1.7045810222625732,6.567497253417969,0.32837486267089844,"[0.05000000074505806, 0.05000000074505806, 0.05000000074505806, 0.05000000074505806]","[1.0, 1.0, 1.0, 1.0]",0.0,0,True
seed17_P_C2_warm,111,0.5639814138412476,0.90625,2.653170585632324,1.887991189956665,5.410683631896973,0.2705341577529907,"[0.05000000074505806, 0.05000000074505806, 0.05000000074505806, 0.05000000074505806]","[1.0, 1.0, 1.0, 1.0]",0.0,0,True
seed17_P_C2_warm,112,0.4672852158546448,1.0,2.6992897987365723,1.7953565120697021,6.360055923461914,0.24367912113666534,"[0.05000000074505806, 0.05000000074505806, 0.012500000186264515, 0.05000000074505806]","[1.0, 1.0, 3.0, 1.0]",0.0,0,True
seed17_P_C2_warm,113,0.8205305933952332,0.5,3.2074167728424072,2.108055591583252,6.221102237701416,0.31105512380599976,"[0.05000000074505806, 0.05000000074505806, 0.05000000074505806, 0.05000000074505806]","[1.0, 1.0, 1.0, 1.0]",0.0,0,True
seed17_P_C2_warm,114,0.7271443605422974,0.5625,3.032400608062744,1.8279166221618652,6.582707405090332,0.32913535833358765,"[0.05000000074505806, 0.05000000074505806, 0.05000000074505806, 0.05000000074505806]","[1.0, 1.0, 1.0, 1.0]",0.0,0,True
seed17_P_C2_warm,115,0.8399185538291931,0.65625,2.6013340950012207,2.098393201828003,6.115035057067871,0.3057517409324646,"[0.05000000074505806, 0.05000000074505806, 0.05000000074505806, 0.05000000074505806]","[1.0, 1.0, 1.0, 1.0]",0.0,0,True
seed17_P_C2_warm,116,0.6300233006477356,0.65625,2.203212261199951,1.9814369678497314,6.457586288452148,0.19228288531303406,"[0.02500000037252903, 0.05000000074505806, 0.02500000037252903, 0.05000000074505806]","[2.0, 1.0, 2.0, 1.0]",0.0,0,True
seed17_P_C2_warm,117,0.4412963390350342,0.90625,2.727750301361084,2.038290023803711,6.209880828857422,0.23556847870349884,"[0.02500000037252903, 0.05000000074505806, 0.05000000074505806, 0.05000000074505806]","[2.0, 1.0, 1.0, 1.0]",0.0,0,True
seed17_P_C2_warm,118,1.1050323247909546,0.40625,2.7317652702331543,2.0794577598571777,7.080075740814209,0.35400378704071045,"[0.05000000074505806, 0.05000000074505806, 0.05000000074505806, 0.05000000074505806]","[1.0, 1.0, 1.0, 1.0]",0.0,0,True
seed17_P_C2_warm,119,0.7091435194015503,0.625,2.661790132522583,1.858399510383606,6.115574359893799,0.30577871203422546,"[0.05000000074505806, 0.05000000074505806, 0.05000000074505806, 0.05000000074505806]","[1.0, 1.0, 1.0, 1.0]",0.0,0,True
seed17_P_C2_warm,120,0.549704909324646,0.8125,2.5159404277801514,1.8776369094848633,5.221416473388672,0.20534515380859375,"[0.02500000037252903, 0.05000000074505806, 0.05000000074505806, 0.05000000074505806]","[2.0, 1.0, 1.0, 1.0]",0.0,0,True
seed17_P_C2_warm,121,0.8620852828025818,0.6875,2.358049154281616,1.9044960737228394,5.365301132202148,0.2142803817987442,"[0.05000000074505806, 0.05000000074505806, 0.012500000186264515, 0.05000000074505806]","[1.0, 1.0, 3.0, 1.0]",0.0,0,True
seed17_P_C2_warm,122,0.6216367483139038,0.875,3.0970001220703125,2.02211594581604,7.200424671173096,0.3600212335586548,"[0.05000000074505806, 0.05000000074505806, 0.05000000074505806, 0.05000000074505806]","[1.0, 1.0, 1.0, 1.0]",0.0,0,True
seed17_P_C2_warm,123,0.6031429171562195,0.75,2.1741251945495605,1.9608362913131714,5.080999374389648,0.2301434725522995,"[0.05000000074505806, 0.05000000074505806, 0.02500000037252903, 0.05000000074505806]","[1.0, 1.0, 2.0, 1.0]",0.0,0,True
seed17_P_C2_warm,124,0.7737007141113281,0.6875,3.6038851737976074,2.1088123321533203,8.31058406829834,0.3373851180076599,"[0.02500000037252903, 0.05000000074505806, 0.05000000074505806, 0.05000000074505806]","[2.0, 1.0, 1.0, 1.0]",0.0,0,True
seed17_P_C2_warm,125,0.5960537791252136,0.8125,2.92814564704895,2.2353508472442627,8.163068771362305,0.2964453101158142,"[0.05000000074505806, 0.05000000074505806, 0.02500000037252903, 0.05000000074505806]","[1.0, 1.0, 2.0, 1.0]",0.0,0,True
seed17_P_C2_warm,126,0.5722312927246094,0.78125,2.9285225868225098,2.098562002182007,6.522121429443359,0.32610607147216797,"[0.05000000074505806, 0.05000000074505806, 0.05000000074505806, 0.05000000074505806]","[1.0, 1.0, 1.0, 1.0]",0.0,0,True
seed17_P_C2_warm,127,0.9067438840866089,0.59375,2.581418037414551,1.7564542293548584,5.861610412597656,0.23159264028072357,"[0.05000000074505806, 0.05000000074505806, 0.02500000037252903, 0.05000000074505806]","[1.0, 1.0, 2.0, 1.0]",0.0,0,True
seed17_P_C2_warm,128,0.6966525316238403,0.75,3.023270606994629,2.0766336917877197,6.0624680519104,0.3031233847141266,"[0.05000000074505806, 0.05000000074505806, 0.05000000074505806, 0.05000000074505806]","[1.0, 1.0, 1.0, 1.0]",0.0,0,True
seed17_P_C2_warm,129,0.695396363735199,0.59375,2.225586175918579,1.8553599119186401,7.303497314453125,0.24588914215564728,"[0.012500000186264515, 0.05000000074505806, 0.05000000074505806, 0.05000000074505806]","[3.0, 1.0, 1.0, 1.0]",0.0,0,True
seed17_P_C2_warm,130,0.5001668334007263,0.9375,3.087218761444092,2.0727503299713135,6.055497169494629,0.3027748465538025,"[0.05000000074505806, 0.05000000074505806, 0.05000000074505806, 0.05000000074505806]","[1.0, 1.0, 1.0, 1.0]",0.0,0,True
seed17_P_C2_warm,131,0.4787410795688629,0.84375,2.0147459506988525,1.862658977508545,3.2436282634735107,0.1364659070968628,"[0.02500000037252903, 0.05000000074505806, 0.05000000074505806, 0.05000000074505806]","[2.0, 1.0, 1.0, 1.0]",0.0,0,True
seed17_P_C2_warm,132,0.5491310954093933,0.84375,3.0250437259674072,1.8860459327697754,5.046474456787109,0.2523237466812134,"[0.05000000074505806, 0.05000000074505806, 0.05000000074505806, 0.05000000074505806]","[1.0, 1.0, 1.0, 1.0]",0.0,0,True
seed17_P_C2_warm,133,0.5951781868934631,0.8125,2.590287208557129,1.9480352401733398,5.285205841064453,0.2015642374753952,"[0.05000000074505806, 0.05000000074505806, 0.02500000037252903, 0.05000000074505806]","[1.0, 1.0, 2.0, 1.0]",0.0,0,True
seed17_P_C2_warm,134,0.6081278920173645,0.71875,2.2166762351989746,1.8809221982955933,4.61961555480957,0.18634158372879028,"[0.02500000037252903, 0.05000000074505806, 0.05000000074505806, 0.05000000074505806]","[2.0, 1.0, 1.0, 1.0]",0.0,0,True
seed17_P_C2_warm,135,0.6414384841918945,0.6875,2.5725927352905273,1.7587580680847168,5.136371612548828,0.22230251133441925,"[0.05000000074505806, 0.05000000074505806, 0.02500000037252903, 0.05000000074505806]","[1.0, 1.0, 2.0, 1.0]",0.0,0,True
seed17_P_C2_warm,136,0.8681902885437012,0.53125,2.930640697479248,1.8904941082000732,6.620563507080078,0.33102819323539734,"[0.05000000074505806, 0.05000000074505806, 0.05000000074505806, 0.05000000074505806]","[1.0, 1.0, 1.0, 1.0]",0.0,0,True
seed17_P_C2_warm,137,0.7596823573112488,0.5625,2.617558002471924,2.0440292358398438,6.059809684753418,0.30299049615859985,"[0.05000000074505806, 0.05000000074505806, 0.05000000074505806, 0.05000000074505806]","[1.0, 1.0, 1.0, 1.0]",0.0,0,True
seed17_P_C2_warm,138,0.7024121284484863,0.59375,3.022573947906494,2.479740619659424,7.2639265060424805,0.36319631338119507,"[0.05000000074505806, 0.05000000074505806, 0.05000000074505806, 0.05000000074505806]","[1.0, 1.0, 1.0, 1.0]",0.0,0,True
seed17_P_C2_warm,139,1.0565539598464966,0.65625,2.6556313037872314,2.0703110694885254,5.699688911437988,0.28498440980911255,"[0.05000000074505806, 0.05000000074505806, 0.05000000074505806, 0.05000000074505806]","[1.0, 1.0, 1.0, 1.0]",0.0,0,True
seed17_P_C2_warm,140,1.5550060272216797,0.4375,3.4161195755004883,1.8282337188720703,7.08742618560791,0.3543713092803955,"[0.05000000074505806, 0.05000000074505806, 0.05000000074505806, 0.05000000074505806]","[1.0, 1.0, 1.0, 1.0]",0.0,0,True
seed17_P_C2_warm,141,0.6777670383453369,0.59375,2.3926169872283936,1.8251795768737793,4.376797676086426,0.21883991360664368,"[0.05000000074505806, 0.05000000074505806, 0.05000000074505806, 0.05000000074505806]","[1.0, 1.0, 1.0, 1.0]",0.0,0,True
seed17_P_C2_warm,142,0.5203924775123596,0.84375,2.958875894546509,2.2960076332092285,5.268957138061523,0.2634478509426117,"[0.05000000074505806, 0.05000000074505806, 0.05000000074505806, 0.05000000074505806]","[1.0, 1.0, 1.0, 1.0]",0.0,0,True
seed17_P_C2_warm,143,0.7091695666313171,0.59375,2.9920668601989746,1.888159155845642,5.185821533203125,0.2592910826206207,"[0.05000000074505806, 0.05000000074505806, 0.05000000074505806, 0.05000000074505806]","[1.0, 1.0, 1.0, 1.0]",0.0,0,True
seed17_P_C2_warm,144,1.3081464767456055,0.4375,2.418689250946045,2.041369676589966,5.857297420501709,0.248801127076149,"[0.05000000074505806, 0.05000000074505806, 0.02500000037252903, 0.05000000074505806]","[1.0, 1.0, 2.0, 1.0]",0.0,0,True
seed17_P_C2_warm,145,0.5072656273841858,1.0,2.567972421646118,1.9371273517608643,5.279110431671143,0.2639555335044861,"[0.05000000074505806, 0.05000000074505806, 0.05000000074505806, 0.05000000074505806]","[1.0, 1.0, 1.0, 1.0]",0.0,0,True
seed17_P_C2_warm,146,0.8249728679656982,0.625,3.1403355598449707,2.3759822845458984,7.393850326538086,0.2957291603088379,"[0.02500000037252903, 0.05000000074505806, 0.05000000074505806, 0.05000000074505806]","[2.0, 1.0, 1.0, 1.0]",0.0,0,True
seed17_P_C2_warm,147,0.678152322769165,0.8125,3.2210564613342285,2.0232527256011963,6.452414512634277,0.3226207196712494,"[0.05000000074505806, 0.05000000074505806, 0.05000000074505806, 0.05000000074505806]","[1.0, 1.0, 1.0, 1.0]",0.0,0,True
seed17_P_C2_warm,148,0.6886917352676392,0.78125,3.0047411918640137,2.0696468353271484,5.358010292053223,0.2679005265235901,"[0.05000000074505806, 0.05000000074505806, 0.05000000074505806, 0.05000000074505806]","[1.0, 1.0, 1.0, 1.0]",0.0,0,True
seed17_P_C2_warm,149,0.7200480103492737,0.71875,3.262925863265991,2.274217128753662,7.142346382141113,0.35711732506752014,"[0.05000000074505806, 0.05000000074505806, 0.05000000074505806, 0.05000000074505806]","[1.0, 1.0, 1.0, 1.0]",0.0,0,True
seed17_P_C2_warm,150,0.4626389145851135,0.9375,2.3435263633728027,2.1631813049316406,4.610814094543457,0.11061125248670578,"[0.012500000186264515, 0.05000000074505806, 0.02500000037252903, 0.05000000074505806]","[3.0, 1.0, 2.0, 1.0]",0.0,0,True
seed17_P_C2_warm,151,0.647269606590271,0.71875,2.9161345958709717,1.8810701370239258,5.708698272705078,0.28543490171432495,"[0.05000000074505806, 0.05000000074505806, 0.05000000074505806, 0.05000000074505806]","[1.0, 1.0, 1.0, 1.0]",0.0,0,True
seed17_P_C2_warm,152,0.5153783559799194,0.96875,2.7020320892333984,1.8447623252868652,6.0186238288879395,0.24530108273029327,"[0.02500000037252903, 0.05000000074505806, 0.05000000074505806, 0.05000000074505806]","[2.0, 1.0, 1.0, 1.0]",0.0,0,True
seed17_P_C2_warm,153,0.5727115273475647,0.84375,2.8336005210876465,2.246659278869629,5.82646369934082,0.21019405126571655,"[0.05000000074505806, 0.05000000074505806, 0.012500000186264515, 0.05000000074505806]","[1.0, 1.0, 3.0, 1.0]",0.0,0,True
seed17_P_C2_warm,154,0.5991554260253906,0.71875,2.5791549682617188,1.9213322401046753,5.409832000732422,0.21118299663066864,"[0.05000000074505806, 0.05000000074505806, 0.012500000186264515, 0.05000000074505806]","[1.0, 1.0, 3.0, 1.0]",0.0,0,True
seed17_P_C2_warm,155,0.6609177589416504,0.75,2.5832676887512207,2.218674659729004,6.030703544616699,0.22995862364768982,"[0.05000000074505806, 0.05000000074505806, 0.02500000037252903, 0.05000000074505806]","[1.0, 1.0, 2.0, 1.0]",0.0,0,True
seed17_P_C2_warm,156,0.740382194519043,0.71875,2.5777738094329834,2.0017337799072266,6.2353410720825195,0.311767041683197,"[0.05000000074505806, 0.05000000074505806, 0.05000000074505806, 0.05000000074505806]","[1.0, 1.0, 1.0, 1.0]",0.0,0,True
seed17_P_C2_warm,157,0.7136595845222473,0.84375,2.817995548248291,1.8641972541809082,5.865018844604492,0.2932509779930115,"[0.05000000074505806, 0.05000000074505806, 0.05000000074505806, 0.05000000074505806]","[1.0, 1.0, 1.0, 1.0]",0.0,0,True
seed17_P_C2_warm,158,0.7013365626335144,0.5625,2.563359498977661,2.0244319438934326,7.95003604888916,0.16976532340049744,"[0.012500000186264515, 0.05000000074505806, 0.02500000037252903, 0.05000000074505806]","[3.0, 1.0, 2.0, 1.0]",0.0,0,True
seed17_P_C2_warm,159,0.6003823280334473,0.71875,2.256105899810791,1.7878741025924683,3.794389247894287,0.18971945345401764,"[0.05000000074505806, 0.05000000074505806, 0.05000000074505806, 0.05000000074505806]","[1.0, 1.0, 1.0, 1.0]",0.0,0,True
seed17_P_C2_warm,160,0.6532557606697083,0.6875,3.178173542022705,1.7251503467559814,6.232590198516846,0.3116295039653778,"[0.05000000074505806, 0.05000000074505806, 0.05000000074505806, 0.05000000074505806]","[1.0, 1.0, 1.0, 1.0]",0.0,0,True
seed17_P_C2_warm,161,1.027471661567688,0.625,3.126514196395874,1.915605902671814,6.488493919372559,0.324424684047699,"[0.05000000074505806, 0.05000000074505806, 0.05000000074505806, 0.05000000074505806]","[1.0, 1.0, 1.0, 1.0]",0.0,0,True
seed17_P_C2_warm,162,0.7666516900062561,0.65625,2.581259250640869,1.7686822414398193,5.677027702331543,0.28385138511657715,"[0.05000000074505806, 0.05000000074505806, 0.05000000074505806, 0.05000000074505806]","[1.0, 1.0, 1.0, 1.0]",0.0,0,True
seed17_P_C2_warm,163,0.5364189147949219,0.8125,2.394036293029785,1.6937087774276733,5.425492286682129,0.19986170530319214,"[0.02500000037252903, 0.05000000074505806, 0.05000000074505806, 0.05000000074505806]","[2.0, 1.0, 1.0, 1.0]",0.0,0,True
seed17_P_C2_warm,164,0.582270622253418,0.8125,2.5480191707611084,1.9103004932403564,5.269765377044678,0.21217310428619385,"[0.02500000037252903, 0.05000000074505806, 0.05000000074505806, 0.05000000074505806]","[2.0, 1.0, 1.0, 1.0]",0.0,0,True
seed17_P_C2_warm,165,0.7098543047904968,0.625,2.9679455757141113,1.793506145477295,4.985897064208984,0.24929484724998474,"[0.05000000074505806, 0.05000000074505806, 0.05000000074505806, 0.05000000074505806]","[1.0, 1.0, 1.0, 1.0]",0.0,0,True
seed17_P_C2_warm,166,0.6754851341247559,0.5625,3.3787386417388916,1.795941948890686,6.769920349121094,0.33849602937698364,"[0.05000000074505806, 0.05000000074505806, 0.05000000074505806, 0.05000000074505806]","[1.0, 1.0, 1.0, 1.0]",0.0,0,True
seed17_P_C2_warm,167,0.5936627984046936,0.875,2.6412713527679443,1.848561406135559,4.3590497970581055,0.21795248985290527,"[0.05000000074505806, 0.05000000074505806, 0.05000000074505806, 0.05000000074505806]","[1.0, 1.0, 1.0, 1.0]",0.0,0,True
seed17_P_C2_warm,168,0.7271835803985596,0.5625,3.088498592376709,1.8939802646636963,6.4360551834106445,0.3218027949333191,"[0.05000000074505806, 0.05000000074505806, 0.05000000074505806, 0.05000000074505806]","[1.0, 1.0, 1.0, 1.0]",0.0,0,True
seed17_P_C2_warm,169,0.6422677040100098,0.75,2.562612295150757,2.129545211791992,5.025367736816406,0.19183103740215302,"[0.02500000037252903, 0.05000000074505806, 0.05000000074505806, 0.05000000074505806]","[2.0, 1.0, 1.0, 1.0]",0.0,0,True
seed17_P_C2_warm,170,0.7267863154411316,0.6875,2.891282081604004,2.589116096496582,5.354408264160156,0.26772040128707886,"[0.05000000074505806, 0.05000000074505806, 0.05000000074505806, 0.05000000074505806]","[1.0, 1.0, 1.0, 1.0]",0.0,0,True
seed17_P_C2_warm,171,0.4964179992675781,0.875,2.8222804069519043,1.9311665296554565,5.542456150054932,0.27712282538414,"[0.05000000074505806, 0.05000000074505806, 0.05000000074505806, 0.05000000074505806]","[1.0, 1.0, 1.0, 1.0]",0.0,0,True
seed17_P_C2_warm,172,0.6187996864318848,0.71875,2.853348731994629,1.8521074056625366,5.50842809677124,0.2754213809967041,"[0.05000000074505806, 0.05000000074505806, 0.05000000074505806, 0.05000000074505806]","[1.0, 1.0, 1.0, 1.0]",0.0,0,True
seed17_P_C2_warm,173,0.5994603633880615,0.90625,3.4651050567626953,1.8125758171081543,6.672112464904785,0.3336056172847748,"[0.05000000074505806, 0.05000000074505806, 0.05000000074505806, 0.05000000074505806]","[1.0, 1.0, 1.0, 1.0]",0.0,0,True
seed17_P_C2_warm,174,0.5676305890083313,0.9375,2.8630189895629883,1.921404242515564,4.954762935638428,0.24773815274238586,"[0.05000000074505806, 0.05000000074505806, 0.05000000074505806, 0.05000000074505806]","[1.0, 1.0, 1.0, 1.0]",0.0,0,True
seed17_P_C2_warm,175,0.6246980428695679,0.75,2.7663450241088867,1.9039342403411865,6.138767719268799,0.30693840980529785,"[0.05000000074505806, 0.05000000074505806, 0.05000000074505806, 0.05000000074505806]","[1.0, 1.0, 1.0, 1.0]",0.0,0,True
seed17_P_C2_warm,176,0.6181179881095886,0.65625,2.5817480087280273,1.711798906326294,4.648848533630371,0.19150826334953308,"[0.05000000074505806, 0.05000000074505806, 0.02500000037252903, 0.05000000074505806]","[1.0, 1.0, 2.0, 1.0]",0.0,0,True
seed17_P_C2_warm,177,0.7114388942718506,0.75,3.4814724922180176,2.68243145942688,5.705567359924316,0.2245253324508667,"[0.05000000074505806, 0.05000000074505806, 0.02500000037252903, 0.05000000074505806]","[1.0, 1.0, 2.0, 1.0]",0.0,0,True
seed17_P_C2_warm,178,0.6893318295478821,0.78125,2.752411365509033,2.1023013591766357,5.590914726257324,0.27954572439193726,"[0.05000000074505806, 0.05000000074505806, 0.05000000074505806, 0.05000000074505806]","[1.0, 1.0, 1.0, 1.0]",0.0,0,True
seed17_P_C2_warm,179,0.7970344424247742,0.71875,2.80775785446167,2.1159873008728027,5.932975769042969,0.2966488003730774,"[0.05000000074505806, 0.05000000074505806, 0.05000000074505806, 0.05000000074505806]","[1.0, 1.0, 1.0, 1.0]",0.0,0,True
seed17_P_C2_warm,180,0.5483841896057129,0.90625,3.29280948638916,2.065312623977661,5.558025360107422,0.2779012620449066,"[0.05000000074505806, 0.05000000074505806, 0.05000000074505806, 0.05000000074505806]","[1.0, 1.0, 1.0, 1.0]",0.0,0,True
seed17_P_C2_warm,181,0.6454416513442993,0.6875,3.282897472381592,2.3915538787841797,5.08807373046875,0.254403680562973,"[0.05000000074505806, 0.05000000074505806, 0.05000000074505806, 0.05000000074505806]","[1.0, 1.0, 1.0, 1.0]",0.0,0,True
seed17_P_C2_warm,182,0.6949545741081238,0.78125,2.9690911769866943,2.1579668521881104,4.765280246734619,0.23826399445533752,"[0.05000000074505806, 0.05000000074505806, 0.05000000074505806, 0.05000000074505806]","[1.0, 1.0, 1.0, 1.0]",0.0,0,True
seed17_P_C2_warm,183,0.5450042486190796,0.78125,2.123838424682617,1.7654085159301758,3.7884843349456787,0.1530551016330719,"[0.02500000037252903, 0.05000000074505806, 0.05000000074505806, 0.05000000074505806]","[2.0, 1.0, 1.0, 1.0]",0.0,0,True
seed17_P_C2_warm,184,0.6141840815544128,0.8125,2.877885341644287,2.2337536811828613,5.687110900878906,0.23222766816616058,"[0.05000000074505806, 0.05000000074505806, 0.02500000037252903, 0.05000000074505806]","[1.0, 1.0, 2.0, 1.0]",0.0,0,True
seed17_P_C2_warm,185,0.5456138849258423,1.0,3.351651191711426,1.7860126495361328,5.934865951538086,0.29674333333969116,"[0.05000000074505806, 0.05000000074505806, 0.05000000074505806, 0.05000000074505806]","[1.0, 1.0, 1.0, 1.0]",0.0,0,True
seed17_P_C2_warm,186,0.7584366798400879,0.6875,3.663372755050659,1.8558290004730225,6.4301323890686035,0.3215066194534302,"[0.05000000074505806, 0.05000000074505806, 0.05000000074505806, 0.05000000074505806]","[1.0, 1.0, 1.0, 1.0]",0.0,0,True
seed17_P_C2_warm,187,0.47550874948501587,0.875,2.9214797019958496,2.2685599327087402,4.926785469055176,0.24633926153182983,"[0.05000000074505806, 0.05000000074505806, 0.05000000074505806, 0.05000000074505806]","[1.0, 1.0, 1.0, 1.0]",0.0,0,True
seed17_P_C2_warm,188,0.8264635801315308,0.625,2.7118735313415527,2.466060161590576,5.677018165588379,0.28385093808174133,"[0.05000000074505806, 0.05000000074505806, 0.05000000074505806, 0.05000000074505806]","[1.0, 1.0, 1.0, 1.0]",0.0,0,True
seed17_P_C2_warm,189,0.9125123620033264,0.46875,3.3939008712768555,1.8096364736557007,7.0994486808776855,0.3549724221229553,"[0.05000000074505806, 0.05000000074505806, 0.05000000074505806, 0.05000000074505806]","[1.0, 1.0, 1.0, 1.0]",0.0,0,True
seed17_P_C2_warm,190,0.7547706365585327,0.53125,2.9493303298950195,2.1354825496673584,6.4555864334106445,0.3227793574333191,"[0.05000000074505806, 0.05000000074505806, 0.05000000074505806, 0.05000000074505806]","[1.0, 1.0, 1.0, 1.0]",0.0,0,True
seed17_P_C2_warm,191,0.5772284269332886,0.875,2.7418856620788574,2.2524209022521973,4.664351940155029,0.23321759700775146,"[0.05000000074505806, 0.05000000074505806, 0.05000000074505806, 0.05000000074505806]","[1.0, 1.0, 1.0, 1.0]",0.0,0,True
seed17_P_C2_warm,192,0.9338880181312561,0.59375,2.2894933223724365,1.8359935283660889,4.696094036102295,0.23480470478534698,"[0.05000000074505806, 0.05000000074505806, 0.05000000074505806, 0.05000000074505806]","[1.0, 1.0, 1.0, 1.0]",0.0,0,True
seed17_P_C2_warm,193,0.5001978874206543,0.9375,3.1310839653015137,1.9185943603515625,6.3305583000183105,0.31652796268463135,"[0.05000000074505806, 0.05000000074505806, 0.05000000074505806, 0.05000000074505806]","[1.0, 1.0, 1.0, 1.0]",0.0,0,True
seed17_P_C2_warm,194,0.8727064728736877,0.59375,2.3112432956695557,2.1523642539978027,4.922616958618164,0.2461308389902115,"[0.05000000074505806, 0.05000000074505806, 0.05000000074505806, 0.05000000074505806]","[1.0, 1.0, 1.0, 1.0]",0.0,0,True
seed17_P_C2_warm,195,0.5380225777626038,0.8125,3.067945957183838,1.7970607280731201,5.532804012298584,0.2766401767730713,"[0.05000000074505806, 0.05000000074505806, 0.05000000074505806, 0.05000000074505806]","[1.0, 1.0, 1.0, 1.0]",0.0,0,True
seed17_P_C2_warm,196,0.5167512893676758,0.84375,2.8341879844665527,1.7459795475006104,4.875591278076172,0.24377955496311188,"[0.05000000074505806, 0.05000000074505806, 0.05000000074505806, 0.05000000074505806]","[1.0, 1.0, 1.0, 1.0]",0.0,0,True
seed17_P_C2_warm,197,0.7991794943809509,0.75,2.5555577278137207,2.2533915042877197,5.153750896453857,0.2576875388622284,"[0.05000000074505806, 0.05000000074505806, 0.05000000074505806, 0.05000000074505806]","[1.0, 1.0, 1.0, 1.0]",0.0,0,True
seed17_P_C2_warm,198,0.5434467196464539,0.875,2.855999708175659,1.9330675601959229,5.471669673919678,0.2735835015773773,"[0.05000000074505806, 0.05000000074505806, 0.05000000074505806, 0.05000000074505806]","[1.0, 1.0, 1.0, 1.0]",0.0,0,True
seed17_P_C2_warm,199,0.6904568672180176,0.625,2.7207207679748535,1.948923110961914,5.060457229614258,0.25302284955978394,"[0.05000000074505806, 0.05000000074505806, 0.05000000074505806, 0.05000000074505806]","[1.0, 1.0, 1.0, 1.0]",0.0,0,True
seed17_P_C2_warm,200,0.7864297032356262,0.5625,2.1623809337615967,1.996769666671753,4.548741340637207,0.18620970845222473,"[0.02500000037252903, 0.05000000074505806, 0.05000000074505806, 0.05000000074505806]","[2.0, 1.0, 1.0, 1.0]",0.0,0,True
seed17_P_C2_warm,201,0.7513045072555542,0.65625,3.014737606048584,2.3083810806274414,4.51823616027832,0.22591182589530945,"[0.05000000074505806, 0.05000000074505806, 0.05000000074505806, 0.05000000074505806]","[1.0, 1.0, 1.0, 1.0]",0.0,0,True
seed17_P_C2_warm,202,0.7334896326065063,0.625,2.7528042793273926,2.0917816162109375,5.343490123748779,0.26717451214790344,"[0.05000000074505806, 0.05000000074505806, 0.05000000074505806, 0.05000000074505806]","[1.0, 1.0, 1.0, 1.0]",0.0,0,True
seed17_P_C2_warm,203,0.6567069888114929,0.71875,2.2465949058532715,2.05009126663208,3.028412342071533,0.12725882232189178,"[0.05000000074505806, 0.05000000074505806, 0.02500000037252903, 0.05000000074505806]","[1.0, 1.0, 2.0, 1.0]",0.0,0,True
seed17_P_C2_warm,204,0.7176159024238586,0.625,2.606893539428711,1.8638942241668701,5.959697723388672,0.24534061551094055,"[0.02500000037252903, 0.05000000074505806, 0.05000000074505806, 0.05000000074505806]","[2.0, 1.0, 1.0, 1.0]",0.0,0,True
seed17_P_C2_warm,205,0.5881088972091675,0.75,3.430389165878296,1.9975602626800537,5.686227798461914,0.2843113839626312,"[0.05000000074505806, 0.05000000074505806, 0.05000000074505806, 0.05000000074505806]","[1.0, 1.0, 1.0, 1.0]",0.0,0,True
seed17_P_C2_warm,206,0.6360068321228027,0.75,2.3250882625579834,2.047356128692627,5.425081253051758,0.2052634358406067,"[0.05000000074505806, 0.05000000074505806, 0.02500000037252903, 0.05000000074505806]","[1.0, 1.0, 2.0, 1.0]",0.0,0,True
seed17_P_C2_warm,207,0.6449382901191711,0.71875,2.567676544189453,1.7171015739440918,4.7860260009765625,0.23930132389068604,"[0.05000000074505806, 0.05000000074505806, 0.05000000074505806, 0.05000000074505806]","[1.0, 1.0, 1.0, 1.0]",0.0,0,True
seed17_P_C2_warm,208,0.5127163529396057,0.84375,3.197385549545288,2.081305980682373,5.500400543212891,0.275020033121109,"[0.05000000074505806, 0.05000000074505806, 0.05000000074505806, 0.05000000074505806]","[1.0, 1.0, 1.0, 1.0]",0.0,0,True
seed17_P_C2_warm,209,0.6852598786354065,0.6875,2.259766101837158,1.865389108657837,3.6674742698669434,0.18337371945381165,"[0.05000000074505806, 0.05000000074505806, 0.05000000074505806, 0.05000000074505806]","[1.0, 1.0, 1.0, 1.0]",0.0,0,True
seed17_P_C2_warm,210,0.5679945349693298,0.71875,3.982248067855835,1.9862560033798218,5.68110466003418,0.284055233001709,"[0.05000000074505806, 0.05000000074505806, 0.05000000074505806, 0.05000000074505806]","[1.0, 1.0, 1.0, 1.0]",0.0,0,True
seed17_P_C2_warm,211,0.634935736656189,0.71875,3.2031450271606445,2.1974921226501465,5.537116050720215,0.27685579657554626,"[0.05000000074505806, 0.05000000074505806, 0.05000000074505806, 0.05000000074505806]","[1.0, 1.0, 1.0, 1.0]",0.0,0,True
seed17_P_C2_warm,212,0.554050624370575,0.8125,2.090294122695923,1.8315989971160889,2.879807710647583,0.1439903974533081,"[0.05000000074505806, 0.05000000074505806, 0.05000000074505806, 0.05000000074505806]","[1.0, 1.0, 1.0, 1.0]",0.0,0,True
seed17_P_C2_warm,213,0.6095533967018127,0.8125,3.268852472305298,1.7020061016082764,5.131227493286133,0.25656136870384216,"[0.05000000074505806, 0.05000000074505806, 0.05000000074505806, 0.05000000074505806]","[1.0, 1.0, 1.0, 1.0]",0.0,0,True
seed17_P_C2_warm,214,0.6327203512191772,0.75,2.7186696529388428,1.9243806600570679,5.210848331451416,0.2212955355644226,"[0.02500000037252903, 0.05000000074505806, 0.05000000074505806, 0.05000000074505806]","[2.0, 1.0, 1.0, 1.0]",0.0,0,True
seed17_P_C2_warm,215,0.5790441632270813,0.78125,2.4657816886901855,2.165261745452881,4.398633003234863,0.17245863378047943,"[0.05000000074505806, 0.05000000074505806, 0.02500000037252903, 0.05000000074505806]","[1.0, 1.0, 2.0, 1.0]",0.0,0,True
seed17_P_C2_warm,216,0.6524813771247864,0.90625,2.7818808555603027,2.2705495357513428,5.741581916809082,0.2321573793888092,"[0.05000000074505806, 0.05000000074505806, 0.02500000037252903, 0.05000000074505806]","[1.0, 1.0, 2.0, 1.0]",0.0,0,True
seed17_P_C2_warm,217,0.6255519390106201,0.84375,2.6082801818847656,2.0176877975463867,5.07581901550293,0.2537909746170044,"[0.05000000074505806, 0.05000000074505806, 0.05000000074505806, 0.05000000074505806]","[1.0, 1.0, 1.0, 1.0]",0.0,0,True
seed17_P_C2_warm,218,0.7287702560424805,0.75,1.9389748573303223,1.8126909732818604,4.720285415649414,0.11887980997562408,"[0.05000000074505806, 0.05000000074505806, 0.012500000186264515, 0.05000000074505806]","[1.0, 1.0, 3.0, 1.0]",0.0,0,True
seed17_P_C2_warm,219,0.5877739787101746,0.875,2.720616102218628,2.099358320236206,5.566865921020508,0.2783432900905609,"[0.05000000074505806, 0.05000000074505806, 0.05000000074505806, 0.05000000074505806]","[1.0, 1.0, 1.0, 1.0]",0.0,0,True
seed17_P_C2_warm,220,0.555257260799408,0.875,2.5179972648620605,2.1060972213745117,5.634097576141357,0.23945234715938568,"[0.02500000037252903, 0.05000000074505806, 0.05000000074505806, 0.05000000074505806]","[2.0, 1.0, 1.0, 1.0]",0.0,0,True
seed17_P_C2_warm,221,0.6448460817337036,0.78125,2.5402369499206543,1.8556809425354004,4.428608417510986,0.19147661328315735,"[0.05000000074505806, 0.05000000074505806, 0.02500000037252903, 0.05000000074505806]","[1.0, 1.0, 2.0, 1.0]",0.0,0,True
seed17_P_C2_warm,222,0.6531946659088135,0.6875,2.7321619987487793,1.8371226787567139,4.364826202392578,0.21824131906032562,"[0.05000000074505806, 0.05000000074505806, 0.05000000074505806, 0.05000000074505806]","[1.0, 1.0, 1.0, 1.0]",0.0,0,True
seed17_P_C2_warm,223,0.5717214345932007,0.71875,2.5268077850341797,1.7042973041534424,4.721138954162598,0.20356470346450806,"[0.02500000037252903, 0.05000000074505806, 0.05000000074505806, 0.05000000074505806]","[2.0, 1.0, 1.0, 1.0]",0.0,0,True
seed17_P_C2_warm,224,0.7699544429779053,0.59375,3.045921802520752,2.3180489540100098,5.5963640213012695,0.27981823682785034,"[0.05000000074505806, 0.05000000074505806, 0.05000000074505806, 0.05000000074505806]","[1.0, 1.0, 1.0, 1.0]",0.0,0,True
seed17_P_C2_warm,225,0.5692078471183777,0.84375,3.133932113647461,1.9528627395629883,5.123246192932129,0.25616228580474854,"[0.05000000074505806, 0.05000000074505806, 0.05000000074505806, 0.05000000074505806]","[1.0, 1.0, 1.0, 1.0]",0.0,0,True
seed17_P_C2_warm,226,0.6418910026550293,0.8125,3.403881072998047,1.8677165508270264,5.751609802246094,0.2875804901123047,"[0.05000000074505806, 0.05000000074505806, 0.05000000074505806, 0.05000000074505806]","[1.0, 1.0, 1.0, 1.0]",0.0,0,True
seed17_P_C2_warm,227,0.6895535588264465,0.5625,2.803490161895752,1.9161715507507324,5.925050735473633,0.23424535989761353,"[0.02500000037252903, 0.05000000074505806, 0.05000000074505806, 0.05000000074505806]","[2.0, 1.0, 1.0, 1.0]",0.0,0,True
seed17_P_C2_warm,228,0.5178540349006653,0.78125,2.8890857696533203,2.228600025177002,5.570404052734375,0.22523309290409088,"[0.05000000074505806, 0.05000000074505806, 0.02500000037252903, 0.05000000074505806]","[1.0, 1.0, 2.0, 1.0]",0.0,0,True
seed17_P_C2_warm,229,0.5511713624000549,0.84375,2.6417436599731445,1.865241289138794,3.8790881633758545,0.19395440816879272,"[0.05000000074505806, 0.05000000074505806, 0.05000000074505806, 0.05000000074505806]","[1.0, 1.0, 1.0, 1.0]",0.0,0,True
seed17_P_C2_warm,230,0.5791047215461731,0.8125,2.777298927307129,1.9959635734558105,6.220941543579102,0.3110470771789551,"[0.05000000074505806, 0.05000000074505806, 0.05000000074505806, 0.05000000074505806]","[1.0, 1.0, 1.0, 1.0]",0.0,0,True
seed17_P_C2_warm,231,0.6365599632263184,0.65625,2.2020092010498047,1.9822394847869873,4.649735927581787,0.2324867844581604,"[0.05000000074505806, 0.05000000074505806, 0.05000000074505806, 0.05000000074505806]","[1.0, 1.0, 1.0, 1.0]",0.0,0,True
seed17_P_C2_warm,232,0.7302504777908325,0.59375,3.124405860900879,1.9777870178222656,6.241252899169922,0.3120626211166382,"[0.05000000074505806, 0.05000000074505806, 0.05000000074505806, 0.05000000074505806]","[1.0, 1.0, 1.0, 1.0]",0.0,0,True
seed17_P_C2_warm,233,0.6298515200614929,0.75,3.0871939659118652,1.9562596082687378,6.060145378112793,0.3030072748661041,"[0.05000000074505806, 0.05000000074505806, 0.05000000074505806, 0.05000000074505806]","[1.0, 1.0, 1.0, 1.0]",0.0,0,True
seed17_P_C2_warm,234,0.6054084897041321,0.78125,2.7133023738861084,1.8505017757415771,4.5644025802612305,0.2282201498746872,"[0.05000000074505806, 0.05000000074505806, 0.05000000074505806, 0.05000000074505806]","[1.0, 1.0, 1.0, 1.0]",0.0,0,True
seed17_P_C2_warm,235,0.6517370939254761,0.78125,2.627612590789795,1.7761213779449463,4.601805210113525,0.1766175478696823,"[0.012500000186264515, 0.05000000074505806, 0.05000000074505806, 0.05000000074505806]","[3.0, 1.0, 1.0, 1.0]",0.0,0,True
seed17_P_C2_warm,236,0.6575872302055359,0.71875,3.371763229370117,2.1492817401885986,6.049860000610352,0.30249300599098206,"[0.05000000074505806, 0.05000000074505806, 0.05000000074505806, 0.05000000074505806]","[1.0, 1.0, 1.0, 1.0]",0.0,0,True
seed17_P_C2_warm,237,0.6723369359970093,0.71875,2.8751463890075684,2.042587995529175,4.8658037185668945,0.24329020082950592,"[0.05000000074505806, 0.05000000074505806, 0.05000000074505806, 0.05000000074505806]","[1.0, 1.0, 1.0, 1.0]",0.0,0,True
seed17_P_C2_warm,238,0.7283629179000854,0.71875,2.902918815612793,1.937070608139038,5.419765949249268,0.2709882855415344,"[0.05000000074505806, 0.05000000074505806, 0.05000000074505806, 0.05000000074505806]","[1.0, 1.0, 1.0, 1.0]",0.0,0,True
seed17_P_C2_warm,239,0.6265191435813904,0.625,3.4929347038269043,1.9990458488464355,5.533629417419434,0.27668145298957825,"[0.05000000074505806, 0.05000000074505806, 0.05000000074505806, 0.05000000074505806]","[1.0, 1.0, 1.0, 1.0]",0.0,0,True
seed17_P_C2_warm,240,0.5326114892959595,0.96875,2.862370252609253,1.8683972358703613,4.489523887634277,0.22447620332241058,"[0.05000000074505806, 0.05000000074505806, 0.05000000074505806, 0.05000000074505806]","[1.0, 1.0, 1.0, 1.0]",0.0,0,True
seed17_P_C2_warm,241,0.5904274582862854,0.78125,2.657536506652832,1.8995649814605713,5.607507705688477,0.16981270909309387,"[0.05000000074505806, 0.05000000074505806, 0.012500000186264515, 0.05000000074505806]","[1.0, 1.0, 3.0, 1.0]",0.0,0,True
seed17_P_C2_warm,242,0.5783966779708862,0.75,2.314646005630493,1.849188208580017,3.825201988220215,0.19126012921333313,"[0.05000000074505806, 0.05000000074505806, 0.05000000074505806, 0.05000000074505806]","[1.0, 1.0, 1.0, 1.0]",0.0,0,True
seed17_P_C2_warm,243,0.6231821179389954,0.71875,3.1808996200561523,1.7040992975234985,5.443917274475098,0.27219587564468384,"[0.05000000074505806, 0.05000000074505806, 0.05000000074505806, 0.05000000074505806]","[1.0, 1.0, 1.0, 1.0]",0.0,0,True
seed17_P_C2_warm,244,0.5399875640869141,0.84375,2.8785722255706787,2.049095869064331,6.223271369934082,0.3111635446548462,"[0.05000000074505806, 0.05000000074505806, 0.05000000074505806, 0.05000000074505806]","[1.0, 1.0, 1.0, 1.0]",0.0,0,True
seed17_P_C2_warm,245,0.5264623761177063,0.84375,1.8374055624008179,1.6715244054794312,2.9548330307006836,0.1477416455745697,"[0.05000000074505806, 0.05000000074505806, 0.05000000074505806, 0.05000000074505806]","[1.0, 1.0, 1.0, 1.0]",0.0,0,True
seed17_P_C2_warm,246,0.5877900123596191,0.8125,2.7278590202331543,1.96539306640625,4.633333206176758,0.18255257606506348,"[0.05000000074505806, 0.05000000074505806, 0.02500000037252903, 0.05000000074505806]","[1.0, 1.0, 2.0, 1.0]",0.0,0,True
seed17_P_C2_warm,247,0.6396556496620178,0.75,2.74464750289917,1.9377424716949463,4.567510604858398,0.22837552428245544,"[0.05000000074505806, 0.05000000074505806, 0.05000000074505806, 0.05000000074505806]","[1.0, 1.0, 1.0, 1.0]",0.0,0,True
seed17_P_C2_warm,248,0.6046525835990906,0.75,2.3718340396881104,1.7411563396453857,3.917659282684326,0.19588297605514526,"[0.05000000074505806, 0.05000000074505806, 0.05000000074505806, 0.05000000074505806]","[1.0, 1.0, 1.0, 1.0]",0.0,0,True
seed17_P_C2_warm,249,0.5953071117401123,0.65625,2.5075201988220215,2.0186281204223633,5.268197059631348,0.2634098529815674,"[0.05000000074505806, 0.05000000074505806, 0.05000000074505806, 0.05000000074505806]","[1.0, 1.0, 1.0, 1.0]",0.0,0,True
seed17_P_C2_warm,250,0.5471670031547546,0.84375,3.083472728729248,2.1562657356262207,5.840481758117676,0.29202407598495483,"[0.05000000074505806, 0.05000000074505806, 0.05000000074505806, 0.05000000074505806]","[1.0, 1.0, 1.0, 1.0]",0.0,0,True
seed17_P_C2_warm,251,0.6259568333625793,0.71875,2.7971322536468506,1.9175472259521484,4.131933689117432,0.20659665763378143,"[0.05000000074505806, 0.05000000074505806, 0.05000000074505806, 0.05000000074505806]","[1.0, 1.0, 1.0, 1.0]",0.0,0,True
seed17_P_C2_warm,252,0.5910099148750305,0.6875,2.576932668685913,2.109248638153076,5.8440093994140625,0.2922004759311676,"[0.05000000074505806, 0.05000000074505806, 0.05000000074505806, 0.05000000074505806]","[1.0, 1.0, 1.0, 1.0]",0.0,0,True
seed17_P_C2_warm,253,0.6885049939155579,0.65625,2.4544191360473633,2.1408236026763916,4.576122760772705,0.22880613803863525,"[0.05000000074505806, 0.05000000074505806, 0.05000000074505806, 0.05000000074505806]","[1.0, 1.0, 1.0, 1.0]",0.0,0,True
seed17_P_C2_warm,254,0.6332132816314697,0.6875,3.7005820274353027,1.7845618724822998,5.8132195472717285,0.2906609773635864,"[0.05000000074505806, 0.05000000074505806, 0.05000000074505806, 0.05000000074505806]","[1.0, 1.0, 1.0, 1.0]",0.0,0,True
seed17_P_C2_warm,255,0.6380674242973328,0.78125,2.7458481788635254,2.023686170578003,5.581494331359863,0.2790747284889221,"[0.05000000074505806, 0.05000000074505806, 0.05000000074505806, 0.05000000074505806]","[1.0, 1.0, 1.0, 1.0]",0.0,0,True
seed17_P_C2_warm,256,0.6264073848724365,0.8125,3.0533318519592285,2.382288932800293,6.091440200805664,0.22953224182128906,"[0.02500000037252903, 0.05000000074505806, 0.05000000074505806, 0.05000000074505806]","[2.0, 1.0, 1.0, 1.0]",0.0,0,True
seed17_P_C2_warm,257,0.5998456478118896,0.65625,2.047842502593994,1.9179058074951172,3.3876075744628906,0.16938036680221558,"[0.05000000074505806, 0.05000000074505806, 0.05000000074505806, 0.05000000074505806]","[1.0, 1.0, 1.0, 1.0]",0.0,0,True
seed17_P_C2_warm,258,0.6639048457145691,0.78125,3.3133015632629395,2.5059328079223633,6.935149192810059,0.3467574715614319,"[0.05000000074505806, 0.05000000074505806, 0.05000000074505806, 0.05000000074505806]","[1.0, 1.0, 1.0, 1.0]",0.0,0,True
seed17_P_C2_warm,259,0.647633969783783,0.6875,2.155742645263672,1.8801000118255615,4.080358505249023,0.1549668163061142,"[0.05000000074505806, 0.05000000074505806, 0.02500000037252903, 0.05000000074505806]","[1.0, 1.0, 2.0, 1.0]",0.0,0,True
seed17_P_C2_warm,260,0.689524233341217,0.75,2.6702799797058105,1.7968802452087402,4.3765692710876465,0.2188284695148468,"[0.05000000074505806, 0.05000000074505806, 0.05000000074505806, 0.05000000074505806]","[1.0, 1.0, 1.0, 1.0]",0.0,0,True
seed17_P_C2_warm,261,0.6288801431655884,0.625,2.4676737785339355,2.206904411315918,5.792031288146973,0.21436172723770142,"[0.05000000074505806, 0.05000000074505806, 0.02500000037252903, 0.05000000074505806]","[1.0, 1.0, 2.0, 1.0]",0.0,0,True
seed17_P_C2_warm,262,0.5762311816215515,0.875,2.9785022735595703,2.3211264610290527,7.408447265625,0.37042236328125,"[0.05000000074505806, 0.05000000074505806, 0.05000000074505806, 0.05000000074505806]","[1.0, 1.0, 1.0, 1.0]",0.0,0,True
seed17_P_C2_warm,263,0.6400942206382751,0.75,2.3391356468200684,1.770656943321228,4.450371742248535,0.1858808696269989,"[0.02500000037252903, 0.05000000074505806, 0.05000000074505806, 0.05000000074505806]","[2.0, 1.0, 1.0, 1.0]",0.0,0,True
seed17_P_C2_warm,264,0.5407308340072632,0.8125,3.102686643600464,2.05523681640625,6.481264114379883,0.324063241481781,"[0.05000000074505806, 0.05000000074505806, 0.05000000074505806, 0.05000000074505806]","[1.0, 1.0, 1.0, 1.0]",0.0,0,True
seed17_P_C2_warm,265,0.5466302037239075,0.71875,2.733905792236328,2.069631814956665,5.096853256225586,0.2548426389694214,"[0.05000000074505806, 0.05000000074505806, 0.05000000074505806, 0.05000000074505806]","[1.0, 1.0, 1.0, 1.0]",0.0,0,True
seed17_P_C2_warm,266,0.5476112365722656,0.875,2.884840965270996,1.8498361110687256,4.16480827331543,0.20824041962623596,"[0.05000000074505806, 0.05000000074505806, 0.05000000074505806, 0.05000000074505806]","[1.0, 1.0, 1.0, 1.0]",0.0,0,True
seed17_P_C2_warm,267,0.6407741904258728,0.78125,2.72617769241333,1.6843066215515137,6.226232051849365,0.31131160259246826,"[0.05000000074505806, 0.05000000074505806, 0.05000000074505806, 0.05000000074505806]","[1.0, 1.0, 1.0, 1.0]",0.0,0,True
seed17_P_C2_warm,268,0.554796040058136,0.78125,2.528508186340332,2.2805800437927246,5.317885398864746,0.2314232438802719,"[0.02500000037252903, 0.05000000074505806, 0.05000000074505806, 0.05000000074505806]","[2.0, 1.0, 1.0, 1.0]",0.0,0,True
seed17_P_C2_warm,269,0.567192554473877,0.84375,2.3108725547790527,1.7838985919952393,4.070211410522461,0.203510582447052,"[0.05000000074505806, 0.05000000074505806, 0.05000000074505806, 0.05000000074505806]","[1.0, 1.0, 1.0, 1.0]",0.0,0,True
seed17_P_C2_warm,270,0.5640242695808411,0.8125,3.18312668800354,2.034924030303955,5.6068315505981445,0.28034156560897827,"[0.05000000074505806, 0.05000000074505806, 0.05000000074505806, 0.05000000074505806]","[1.0, 1.0, 1.0, 1.0]",0.0,0,True
seed17_P_C2_warm,271,0.5974707007408142,0.6875,2.7738943099975586,1.9222605228424072,5.588303089141846,0.2794151306152344,"[0.05000000074505806, 0.05000000074505806, 0.05000000074505806, 0.05000000074505806]","[1.0, 1.0, 1.0, 1.0]",0.0,0,True
seed17_P_C2_warm,272,0.4847777783870697,0.90625,2.8983402252197266,1.9364726543426514,5.023383140563965,0.1983489990234375,"[0.05000000074505806, 0.05000000074505806, 0.02500000037252903, 0.05000000074505806]","[1.0, 1.0, 2.0, 1.0]",0.0,0,True
seed17_P_C2_warm,273,0.6892897486686707,0.65625,2.309483528137207,1.9911895990371704,4.729636192321777,0.18422222137451172,"[0.05000000074505806, 0.05000000074505806, 0.02500000037252903, 0.05000000074505806]","[1.0, 1.0, 2.0, 1.0]",0.0,0,True
seed17_P_C2_warm,274,0.4995364546775818,0.8125,2.323765277862549,2.049391508102417,3.3317818641662598,0.16658908128738403,"[0.05000000074505806, 0.05000000074505806, 0.05000000074505806, 0.05000000074505806]","[1.0, 1.0, 1.0, 1.0]",0.0,0,True
seed17_P_C2_warm,275,0.5473021864891052,0.90625,2.3652658462524414,1.926705241203308,4.809779644012451,0.2404889613389969,"[0.05000000074505806, 0.05000000074505806, 0.05000000074505806, 0.05000000074505806]","[1.0, 1.0, 1.0, 1.0]",0.0,0,True
seed17_P_C2_warm,276,0.6320241093635559,0.6875,3.0857577323913574,2.124072313308716,5.778108596801758,0.28890544176101685,"[0.05000000074505806, 0.05000000074505806, 0.05000000074505806, 0.05000000074505806]","[1.0, 1.0, 1.0, 1.0]",0.0,0,True
seed17_P_C2_warm,277,0.5797746181488037,0.78125,3.205810546875,1.9446043968200684,6.092502593994141,0.30462512373924255,"[0.05000000074505806, 0.05000000074505806, 0.05000000074505806, 0.05000000074505806]","[1.0, 1.0, 1.0, 1.0]",0.0,0,True
seed17_P_C2_warm,278,0.6869059801101685,0.59375,2.4060182571411133,1.933866024017334,3.993227005004883,0.19966134428977966,"[0.05000000074505806, 0.05000000074505806, 0.05000000074505806, 0.05000000074505806]","[1.0, 1.0, 1.0, 1.0]",0.0,0,True
seed17_P_C2_warm,279,0.614666223526001,0.875,2.2958240509033203,1.7776328325271606,3.997438907623291,0.1998719573020935,"[0.05000000074505806, 0.05000000074505806, 0.05000000074505806, 0.05000000074505806]","[1.0, 1.0, 1.0, 1.0]",0.0,0,True
seed17_P_C2_warm,280,0.7222008109092712,0.6875,3.4366276264190674,1.8115429878234863,5.9990339279174805,0.2999517023563385,"[0.05000000074505806, 0.05000000074505806, 0.05000000074505806, 0.05000000074505806]","[1.0, 1.0, 1.0, 1.0]",0.0,0,True
seed17_P_C2_warm,281,0.6948248744010925,0.65625,2.7874293327331543,2.1253013610839844,4.435660362243652,0.22178302705287933,"[0.05000000074505806, 0.05000000074505806, 0.05000000074505806, 0.05000000074505806]","[1.0, 1.0, 1.0, 1.0]",0.0,0,True
seed17_P_C2_warm,282,0.6543241739273071,0.75,2.8576321601867676,2.2170631885528564,4.897688388824463,0.1910918951034546,"[0.02500000037252903, 0.05000000074505806, 0.05000000074505806, 0.05000000074505806]","[2.0, 1.0, 1.0, 1.0]",0.0,0,True
seed17_P_C2_warm,283,0.5506585240364075,0.9375,2.965668201446533,2.146090030670166,6.234597206115723,0.3117298483848572,"[0.05000000074505806, 0.05000000074505806, 0.05000000074505806, 0.05000000074505806]","[1.0, 1.0, 1.0, 1.0]",0.0,0,True
seed17_P_C2_warm,284,0.6312204599380493,0.625,2.934290647506714,2.2710273265838623,6.2574052810668945,0.3128702640533447,"[0.05000000074505806, 0.05000000074505806, 0.05000000074505806, 0.05000000074505806]","[1.0, 1.0, 1.0, 1.0]",0.0,0,True
seed17_P_C2_warm,285,0.6129988431930542,0.71875,2.348355293273926,1.8408548831939697,4.4962310791015625,0.17529049515724182,"[0.02500000037252903, 0.05000000074505806, 0.05000000074505806, 0.05000000074505806]","[2.0, 1.0, 1.0, 1.0]",0.0,0,True
seed17_P_C2_warm,286,0.6018259525299072,0.8125,2.6432833671569824,2.0996310710906982,3.8633952140808105,0.15742480754852295,"[0.02500000037252903, 0.05000000074505806, 0.05000000074505806, 0.05000000074505806]","[2.0, 1.0, 1.0, 1.0]",0.0,0,True
seed17_P_C2_warm,287,0.5250237584114075,0.84375,2.807772159576416,1.7654404640197754,4.474578857421875,0.2237289398908615,"[0.05000000074505806, 0.05000000074505806, 0.05000000074505806, 0.05000000074505806]","[1.0, 1.0, 1.0, 1.0]",0.0,0,True
seed17_P_C2_warm,288,0.5554157495498657,0.90625,3.082073450088501,1.8510135412216187,5.501141548156738,0.2750570774078369,"[0.05000000074505806, 0.05000000074505806, 0.05000000074505806, 0.05000000074505806]","[1.0, 1.0, 1.0, 1.0]",0.0,0,True
seed17_P_C2_warm,289,0.5460953712463379,0.90625,2.469557285308838,1.746105432510376,4.491840839385986,0.22459205985069275,"[0.05000000074505806, 0.05000000074505806, 0.05000000074505806, 0.05000000074505806]","[1.0, 1.0, 1.0, 1.0]",0.0,0,True
seed17_P_C2_warm,290,0.6597427129745483,0.625,2.569794178009033,2.0296638011932373,3.863370895385742,0.16545695066452026,"[0.05000000074505806, 0.05000000074505806, 0.02500000037252903, 0.05000000074505806]","[1.0, 1.0, 2.0, 1.0]",0.0,0,True
seed17_P_C2_warm,291,0.8580908179283142,0.46875,3.351376533508301,2.6886799335479736,6.979487419128418,0.3489743769168854,"[0.05000000074505806, 0.05000000074505806, 0.05000000074505806, 0.05000000074505806]","[1.0, 1.0, 1.0, 1.0]",0.0,0,True
seed17_P_C2_warm,292,0.5909548401832581,0.8125,2.877746820449829,1.8971046209335327,4.617562294006348,0.23087811470031738,"[0.05000000074505806, 0.05000000074505806, 0.05000000074505806, 0.05000000074505806]","[1.0, 1.0, 1.0, 1.0]",0.0,0,True
seed17_P_C2_warm,293,0.6158695816993713,0.75,2.6295928955078125,2.160196542739868,4.884669303894043,0.24423348903656006,"[0.05000000074505806, 0.05000000074505806, 0.05000000074505806, 0.05000000074505806]","[1.0, 1.0, 1.0, 1.0]",0.0,0,True
seed17_P_C2_warm,294,0.4687916338443756,0.96875,2.5468430519104004,1.817221760749817,3.8576979637145996,0.1928849071264267,"[0.05000000074505806, 0.05000000074505806, 0.05000000074505806, 0.05000000074505806]","[1.0, 1.0, 1.0, 1.0]",0.0,0,True
seed17_P_C2_warm,295,0.7097655534744263,0.53125,2.8997690677642822,2.1823596954345703,4.9389848709106445,0.2469492405653,"[0.05000000074505806, 0.05000000074505806, 0.05000000074505806, 0.05000000074505806]","[1.0, 1.0, 1.0, 1.0]",0.0,0,True
seed17_P_C2_warm,296,0.6832367181777954,0.5625,2.786355972290039,2.0525736808776855,4.252662181854248,0.21263311803340912,"[0.05000000074505806, 0.05000000074505806, 0.05000000074505806, 0.05000000074505806]","[1.0, 1.0, 1.0, 1.0]",0.0,0,True
seed17_P_C2_warm,297,0.555366039276123,0.78125,2.8382644653320312,1.7915304899215698,5.456827163696289,0.27284136414527893,"[0.05000000074505806, 0.05000000074505806, 0.05000000074505806, 0.05000000074505806]","[1.0, 1.0, 1.0, 1.0]",0.0,0,True
seed17_P_C2_warm,298,0.5983888506889343,0.90625,2.2788538932800293,1.9340656995773315,3.017122268676758,0.1508561223745346,"[0.05000000074505806, 0.05000000074505806, 0.05000000074505806, 0.05000000074505806]","[1.0, 1.0, 1.0, 1.0]",0.0,0,True
seed17_P_C2_warm,299,0.5344181656837463,0.875,2.8235318660736084,2.0787973403930664,3.451572895050049,0.17257866263389587,"[0.05000000074505806, 0.05000000074505806, 0.05000000074505806, 0.05000000074505806]","[1.0, 1.0, 1.0, 1.0]",0.0,0,True
seed17_P_C2_warm,300,0.6622574925422668,0.65625,3.628899335861206,2.4984517097473145,5.238336086273193,0.19925090670585632,"[0.02500000037252903, 0.05000000074505806, 0.05000000074505806, 0.05000000074505806]","[2.0, 1.0, 1.0, 1.0]",0.0,0,True
seed17_P_C2_warm,301,0.6635696887969971,0.6875,3.0762414932250977,2.207493305206299,5.722291946411133,0.2861146032810211,"[0.05000000074505806, 0.05000000074505806, 0.05000000074505806, 0.05000000074505806]","[1.0, 1.0, 1.0, 1.0]",0.0,0,True
seed17_P_C2_warm,302,0.5579369068145752,0.90625,2.206001043319702,1.8096067905426025,3.709904193878174,0.18549519777297974,"[0.05000000074505806, 0.05000000074505806, 0.05000000074505806, 0.05000000074505806]","[1.0, 1.0, 1.0, 1.0]",0.0,0,True
seed17_P_C2_warm,303,0.6455910205841064,0.6875,3.1188583374023438,2.4557089805603027,6.267441272735596,0.31337207555770874,"[0.05000000074505806, 0.05000000074505806, 0.05000000074505806, 0.05000000074505806]","[1.0, 1.0, 1.0, 1.0]",0.0,0,True
seed17_P_C2_warm,304,0.6561002731323242,0.6875,2.3932318687438965,2.1754961013793945,6.36965799331665,0.2751755118370056,"[0.05000000074505806, 0.05000000074505806, 0.02500000037252903, 0.05000000074505806]","[1.0, 1.0, 2.0, 1.0]",0.0,0,True
seed17_P_C2_warm,305,0.7875831127166748,0.59375,2.5525293350219727,2.044703722000122,5.233326435089111,0.26166635751724243,"[0.05000000074505806, 0.05000000074505806, 0.05000000074505806, 0.05000000074505806]","[1.0, 1.0, 1.0, 1.0]",0.0,0,True
seed17_P_C2_warm,306,0.5076998472213745,0.8125,2.14491868019104,1.8293466567993164,3.339247465133667,0.1669623851776123,"[0.05000000074505806, 0.05000000074505806, 0.05000000074505806, 0.05000000074505806]","[1.0, 1.0, 1.0, 1.0]",0.0,0,True
seed17_P_C2_warm,307,0.3925734758377075,0.90625,3.1641736030578613,1.9205063581466675,5.2707109451293945,0.2635355293750763,"[0.05000000074505806, 0.05000000074505806, 0.05000000074505806, 0.05000000074505806]","[1.0, 1.0, 1.0, 1.0]",0.0,0,True
seed17_P_C2_warm,308,0.6364372372627258,0.6875,2.843883991241455,2.1274032592773438,5.546181678771973,0.2773090600967407,"[0.05000000074505806, 0.05000000074505806, 0.05000000074505806, 0.05000000074505806]","[1.0, 1.0, 1.0, 1.0]",0.0,0,True
seed17_P_C2_warm,309,0.6006912589073181,0.71875,2.9712698459625244,2.5971474647521973,4.667017936706543,0.16127799451351166,"[0.02500000037252903, 0.05000000074505806, 0.05000000074505806, 0.05000000074505806]","[2.0, 1.0, 1.0, 1.0]",0.0,0,True
seed17_P_C2_warm,310,0.5147482752799988,0.9375,3.2058167457580566,1.7044237852096558,5.384243011474609,0.26921212673187256,"[0.05000000074505806, 0.05000000074505806, 0.05000000074505806, 0.05000000074505806]","[1.0, 1.0, 1.0, 1.0]",0.0,0,True
seed17_P_C2_warm,311,0.5812604427337646,0.84375,2.4656929969787598,2.1634621620178223,4.429204940795898,0.2214602530002594,"[0.05000000074505806, 0.05000000074505806, 0.05000000074505806, 0.05000000074505806]","[1.0, 1.0, 1.0, 1.0]",0.0,0,True
seed17_P_C2_warm,312,0.5639153718948364,0.78125,3.1307077407836914,1.9460363388061523,5.768951416015625,0.2884475588798523,"[0.05000000074505806, 0.05000000074505806, 0.05000000074505806, 0.05000000074505806]","[1.0, 1.0, 1.0, 1.0]",0.0,0,True
seed17_P_C2_warm,313,0.5923075079917908,0.6875,2.8104724884033203,2.06754732131958,4.850894927978516,0.2425447404384613,"[0.05000000074505806, 0.05000000074505806, 0.05000000074505806, 0.05000000074505806]","[1.0, 1.0, 1.0, 1.0]",0.0,0,True
seed17_P_C2_warm,314,0.5692201852798462,0.84375,2.7697324752807617,1.7664225101470947,4.542611122131348,0.22713056206703186,"[0.05000000074505806, 0.05000000074505806, 0.05000000074505806, 0.05000000074505806]","[1.0, 1.0, 1.0, 1.0]",0.0,0,True
seed17_P_C2_warm,315,0.5595105886459351,0.8125,2.746574878692627,1.8181489706039429,4.37538480758667,0.21876925230026245,"[0.05000000074505806, 0.05000000074505806, 0.05000000074505806, 0.05000000074505806]","[1.0, 1.0, 1.0, 1.0]",0.0,0,True
seed17_P_C2_warm,316,0.6123654246330261,0.71875,1.946182370185852,1.7392375469207764,3.266665458679199,0.16333326697349548,"[0.05000000074505806, 0.05000000074505806, 0.05000000074505806, 0.05000000074505806]","[1.0, 1.0, 1.0, 1.0]",0.0,0,True
seed17_P_C2_warm,317,0.5368227362632751,0.875,2.790703773498535,2.0335028171539307,3.5110630989074707,0.17555315792560577,"[0.05000000074505806, 0.05000000074505806, 0.05000000074505806, 0.05000000074505806]","[1.0, 1.0, 1.0, 1.0]",0.0,0,True
seed17_P_C2_warm,318,0.6104052066802979,0.8125,2.8430399894714355,2.1492269039154053,5.107417106628418,0.2553708553314209,"[0.05000000074505806, 0.05000000074505806, 0.05000000074505806, 0.05000000074505806]","[1.0, 1.0, 1.0, 1.0]",0.0,0,True
seed17_P_C2_warm,319,0.555224597454071,0.8125,2.44362735748291,1.9665474891662598,3.8034801483154297,0.19017401337623596,"[0.05000000074505806, 0.05000000074505806, 0.05000000074505806, 0.05000000074505806]","[1.0, 1.0, 1.0, 1.0]",0.0,0,True
seed17_P_C2_warm,320,0.49701112508773804,0.84375,2.9057328701019287,2.0213370323181152,3.657731056213379,0.18288655579090118,"[0.05000000074505806, 0.05000000074505806, 0.05000000074505806, 0.05000000074505806]","[1.0, 1.0, 1.0, 1.0]",0.0,0,True
seed17_P_C2_warm,321,0.5562141537666321,0.84375,2.9883952140808105,1.9404184818267822,5.470048904418945,0.2735024392604828,"[0.05000000074505806, 0.05000000074505806, 0.05000000074505806, 0.05000000074505806]","[1.0, 1.0, 1.0, 1.0]",0.0,0,True
seed17_P_C2_warm,322,0.8357642889022827,0.5625,3.043164014816284,2.155858039855957,5.73531436920166,0.2867657244205475,"[0.05000000074505806, 0.05000000074505806, 0.05000000074505806, 0.05000000074505806]","[1.0, 1.0, 1.0, 1.0]",0.0,0,True
seed17_P_C2_warm,323,0.841489315032959,0.46875,2.863133192062378,1.920241355895996,5.08494758605957,0.25424736738204956,"[0.05000000074505806, 0.05000000074505806, 0.05000000074505806, 0.05000000074505806]","[1.0, 1.0, 1.0, 1.0]",0.0,0,True
seed17_P_C2_warm,324,0.5516954064369202,0.8125,2.4890007972717285,1.7971348762512207,4.431674957275391,0.18206432461738586,"[0.05000000074505806, 0.05000000074505806, 0.02500000037252903, 0.05000000074505806]","[1.0, 1.0, 2.0, 1.0]",0.0,0,True
seed17_P_C2_warm,325,0.6607289910316467,0.625,2.539562463760376,1.8543014526367188,4.059041500091553,0.2029520869255066,"[0.05000000074505806, 0.05000000074505806, 0.05000000074505806, 0.05000000074505806]","[1.0, 1.0, 1.0, 1.0]",0.0,0,True
seed17_P_C2_warm,326,0.6182922124862671,0.78125,2.597501754760742,2.0353760719299316,4.410187721252441,0.18032382428646088,"[0.05000000074505806, 0.05000000074505806, 0.02500000037252903, 0.05000000074505806]","[1.0, 1.0, 2.0, 1.0]",0.0,0,True
seed17_P_C2_warm,327,0.6611670255661011,0.8125,2.816502571105957,2.2300877571105957,5.275890350341797,0.26379454135894775,"[0.05000000074505806, 0.05000000074505806, 0.05000000074505806, 0.05000000074505806]","[1.0, 1.0, 1.0, 1.0]",0.0,0,True
seed17_P_C2_warm,328,0.4754501283168793,0.8125,2.969118595123291,1.952406406402588,4.91567325592041,0.24578367173671722,"[0.05000000074505806, 0.05000000074505806, 0.05000000074505806, 0.05000000074505806]","[1.0, 1.0, 1.0, 1.0]",0.0,0,True
seed17_P_C2_warm,329,0.448717325925827,0.90625,2.307072162628174,2.032799243927002,4.489675521850586,0.22448377311229706,"[0.05000000074505806, 0.05000000074505806, 0.05000000074505806, 0.05000000074505806]","[1.0, 1.0, 1.0, 1.0]",0.0,0,True
seed17_P_C2_warm,330,0.644784152507782,0.78125,3.238044261932373,1.7646448612213135,5.825930595397949,0.2912965416908264,"[0.05000000074505806, 0.05000000074505806, 0.05000000074505806, 0.05000000074505806]","[1.0, 1.0, 1.0, 1.0]",0.0,0,True
seed17_P_C2_warm,331,0.516604483127594,0.84375,3.147566556930542,1.8072888851165771,5.231249809265137,0.2615624964237213,"[0.05000000074505806, 0.05000000074505806, 0.05000000074505806, 0.05000000074505806]","[1.0, 1.0, 1.0, 1.0]",0.0,0,True
seed17_P_C2_warm,332,0.5379005670547485,0.8125,2.8077821731567383,1.7452901601791382,3.9808738231658936,0.19904370605945587,"[0.05000000074505806, 0.05000000074505806, 0.05000000074505806, 0.05000000074505806]","[1.0, 1.0, 1.0, 1.0]",0.0,0,True
seed17_P_C2_warm,333,0.5969831943511963,0.78125,2.6829833984375,1.8618172407150269,5.084400653839111,0.25422003865242004,"[0.05000000074505806, 0.05000000074505806, 0.05000000074505806, 0.05000000074505806]","[1.0, 1.0, 1.0, 1.0]",0.0,0,True
seed17_P_C2_warm,334,0.5768324136734009,0.8125,2.5687196254730225,1.9604144096374512,4.170867443084717,0.20854336023330688,"[0.05000000074505806, 0.05000000074505806, 0.05000000074505806, 0.05000000074505806]","[1.0, 1.0, 1.0, 1.0]",0.0,0,True
seed17_P_C2_warm,335,0.5739506483078003,0.75,2.8920888900756836,2.2966554164886475,4.3522868156433105,0.1772080957889557,"[0.02500000037252903, 0.05000000074505806, 0.05000000074505806, 0.05000000074505806]","[2.0, 1.0, 1.0, 1.0]",0.0,0,True
seed17_P_C2_warm,336,0.6862534880638123,0.71875,2.5435261726379395,2.042349338531494,4.636266708374023,0.23181331157684326,"[0.05000000074505806, 0.05000000074505806, 0.05000000074505806, 0.05000000074505806]","[1.0, 1.0, 1.0, 1.0]",0.0,0,True
seed17_P_C2_warm,337,0.5444927215576172,0.875,2.3697433471679688,2.1074347496032715,3.82633376121521,0.14219556748867035,"[0.02500000037252903, 0.05000000074505806, 0.05000000074505806, 0.05000000074505806]","[2.0, 1.0, 1.0, 1.0]",0.0,0,True
seed17_P_C2_warm,338,0.6978965997695923,0.59375,2.5853638648986816,1.805901288986206,5.142603397369385,0.2571301758289337,"[0.05000000074505806, 0.05000000074505806, 0.05000000074505806, 0.05000000074505806]","[1.0, 1.0, 1.0, 1.0]",0.0,0,True
seed17_P_C2_warm,339,0.5925567150115967,0.8125,2.923354387283325,2.178407669067383,5.215503692626953,0.26077520847320557,"[0.05000000074505806, 0.05000000074505806, 0.05000000074505806, 0.05000000074505806]","[1.0, 1.0, 1.0, 1.0]",0.0,0,True
seed17_P_C2_warm,340,0.6471750736236572,0.75,2.587620258331299,2.0722827911376953,4.604384422302246,0.23021921515464783,"[0.05000000074505806, 0.05000000074505806, 0.05000000074505806, 0.05000000074505806]","[1.0, 1.0, 1.0, 1.0]",0.0,0,True
seed17_P_C2_warm,341,0.508451521396637,0.96875,2.847687005996704,1.7990330457687378,5.116794586181641,0.2558397352695465,"[0.05000000074505806, 0.05000000074505806, 0.05000000074505806, 0.05000000074505806]","[1.0, 1.0, 1.0, 1.0]",0.0,0,True
seed17_P_C2_warm,342,0.7533737421035767,0.5625,2.852224588394165,2.112356185913086,5.685793876647949,0.284289687871933,"[0.05000000074505806, 0.05000000074505806, 0.05000000074505806, 0.05000000074505806]","[1.0, 1.0, 1.0, 1.0]",0.0,0,True
seed17_P_C2_warm,343,0.5969038605690002,0.65625,2.5827150344848633,1.9756078720092773,4.194598197937012,0.20972992479801178,"[0.05000000074505806, 0.05000000074505806, 0.05000000074505806, 0.05000000074505806]","[1.0, 1.0, 1.0, 1.0]",0.0,0,True
seed17_P_C2_warm,344,0.5413337349891663,0.84375,2.278780937194824,2.0920684337615967,4.268369197845459,0.18010659515857697,"[0.02500000037252903, 0.05000000074505806, 0.05000000074505806, 0.05000000074505806]","[2.0, 1.0, 1.0, 1.0]",0.0,0,True
seed17_P_C2_warm,345,0.6290881633758545,0.65625,2.5348610877990723,2.053405284881592,4.249088287353516,0.2124544233083725,"[0.05000000074505806, 0.05000000074505806, 0.05000000074505806, 0.05000000074505806]","[1.0, 1.0, 1.0, 1.0]",0.0,0,True
seed17_P_C2_warm,346,0.5946758985519409,0.84375,3.686305522918701,2.804879665374756,5.255559921264648,0.26277801394462585,"[0.05000000074505806, 0.05000000074505806, 0.05000000074505806, 0.05000000074505806]","[1.0, 1.0, 1.0, 1.0]",0.0,0,True
seed17_P_C2_warm,347,0.582084059715271,0.90625,2.955171585083008,2.0015170574188232,5.411016464233398,0.27055084705352783,"[0.05000000074505806, 0.05000000074505806, 0.05000000074505806, 0.05000000074505806]","[1.0, 1.0, 1.0, 1.0]",0.0,0,True
seed17_P_C2_warm,348,0.49153563380241394,0.96875,2.470060110092163,1.8553721904754639,4.366297721862793,0.21831488609313965,"[0.05000000074505806, 0.05000000074505806, 0.05000000074505806, 0.05000000074505806]","[1.0, 1.0, 1.0, 1.0]",0.0,0,True
seed17_P_C2_warm,349,0.6489042043685913,0.5625,2.059695243835449,1.8862481117248535,3.1119303703308105,0.155596524477005,"[0.05000000074505806, 0.05000000074505806, 0.05000000074505806, 0.05000000074505806]","[1.0, 1.0, 1.0, 1.0]",0.0,0,True
seed17_P_C2_warm,350,0.6029403805732727,0.75,2.408200263977051,1.9426672458648682,4.960318565368652,0.18234124779701233,"[0.02500000037252903, 0.05000000074505806, 0.05000000074505806, 0.05000000074505806]","[2.0, 1.0, 1.0, 1.0]",0.0,0,True
seed17_P_C2_warm,351,0.5872029662132263,0.8125,2.4764726161956787,1.8476533889770508,5.045243263244629,0.2522621750831604,"[0.05000000074505806, 0.05000000074505806, 0.05000000074505806, 0.05000000074505806]","[1.0, 1.0, 1.0, 1.0]",0.0,0,True
seed17_P_C2_warm,352,0.5308293700218201,0.90625,3.0786454677581787,2.1715095043182373,5.679055690765381,0.2839527726173401,"[0.05000000074505806, 0.05000000074505806, 0.05000000074505806, 0.05000000074505806]","[1.0, 1.0, 1.0, 1.0]",0.0,0,True
seed17_P_C2_warm,353,0.6340613961219788,0.75,2.4370474815368652,2.0786452293395996,4.960261344909668,0.18413668870925903,"[0.05000000074505806, 0.05000000074505806, 0.02500000037252903, 0.05000000074505806]","[1.0, 1.0, 2.0, 1.0]",0.0,0,True
seed17_P_C2_warm,354,0.5552237033843994,0.84375,3.0276803970336914,1.7907674312591553,4.892674446105957,0.2446337342262268,"[0.05000000074505806, 0.05000000074505806, 0.05000000074505806, 0.05000000074505806]","[1.0, 1.0, 1.0, 1.0]",0.0,0,True
seed17_P_C2_warm,355,0.4362647533416748,0.96875,2.5716638565063477,2.248641014099121,4.004924774169922,0.16595107316970825,"[0.05000000074505806, 0.05000000074505806, 0.02500000037252903, 0.05000000074505806]","[1.0, 1.0, 2.0, 1.0]",0.0,0,True
seed17_P_C2_warm,356,0.5991317629814148,0.71875,3.1283581256866455,1.8591241836547852,6.269492149353027,0.3134745955467224,"[0.05000000074505806, 0.05000000074505806, 0.05000000074505806, 0.05000000074505806]","[1.0, 1.0, 1.0, 1.0]",0.0,0,True
seed17_P_C2_warm,357,0.7341745495796204,0.625,2.4825825691223145,1.9243414402008057,4.846522808074951,0.2084018886089325,"[0.05000000074505806, 0.05000000074505806, 0.02500000037252903, 0.05000000074505806]","[1.0, 1.0, 2.0, 1.0]",0.0,0,True
seed17_P_C2_warm,358,0.5238878726959229,0.875,2.9540863037109375,2.015474796295166,5.814202308654785,0.2112196534872055,"[0.02500000037252903, 0.05000000074505806, 0.05000000074505806, 0.05000000074505806]","[2.0, 1.0, 1.0, 1.0]",0.0,0,True
seed17_P_C2_warm,359,0.7444782257080078,0.65625,3.251824378967285,1.9710192680358887,6.017510890960693,0.30087554454803467,"[0.05000000074505806, 0.05000000074505806, 0.05000000074505806, 0.05000000074505806]","[1.0, 1.0, 1.0, 1.0]",0.0,0,True
seed17_P_C2_warm,360,0.5911895036697388,0.84375,2.5135061740875244,2.119196891784668,4.434802532196045,0.15705753862857819,"[0.05000000074505806, 0.05000000074505806, 0.02500000037252903, 0.05000000074505806]","[1.0, 1.0, 2.0, 1.0]",0.0,0,True
seed17_P_C2_warm,361,0.446052610874176,0.96875,2.6556692123413086,1.7348864078521729,4.665504455566406,0.23327523469924927,"[0.05000000074505806, 0.05000000074505806, 0.05000000074505806, 0.05000000074505806]","[1.0, 1.0, 1.0, 1.0]",0.0,0,True
seed17_P_C2_warm,362,0.5455813407897949,0.90625,3.529484748840332,2.1752572059631348,5.550389289855957,0.27751946449279785,"[0.05000000074505806, 0.05000000074505806, 0.05000000074505806, 0.05000000074505806]","[1.0, 1.0, 1.0, 1.0]",0.0,0,True
seed17_P_C2_warm,363,0.6454628705978394,0.71875,3.071235179901123,1.85441255569458,4.765458106994629,0.23827290534973145,"[0.05000000074505806, 0.05000000074505806, 0.05000000074505806, 0.05000000074505806]","[1.0, 1.0, 1.0, 1.0]",0.0,0,True
seed17_P_C2_warm,364,0.38256537914276123,0.96875,2.6589841842651367,2.293447256088257,4.747610092163086,0.18623778223991394,"[0.02500000037252903, 0.05000000074505806, 0.05000000074505806, 0.05000000074505806]","[2.0, 1.0, 1.0, 1.0]",0.0,0,True
seed17_P_C2_warm,365,0.5971596240997314,0.8125,2.654951810836792,1.8424327373504639,4.1812744140625,0.20906373858451843,"[0.05000000074505806, 0.05000000074505806, 0.05000000074505806, 0.05000000074505806]","[1.0, 1.0, 1.0, 1.0]",0.0,0,True
seed17_P_C2_warm,366,0.6575661897659302,0.625,3.0616140365600586,2.042909622192383,6.312721252441406,0.3156360983848572,"[0.05000000074505806, 0.05000000074505806, 0.05000000074505806, 0.05000000074505806]","[1.0, 1.0, 1.0, 1.0]",0.0,0,True
seed17_P_C2_warm,367,0.6533297896385193,0.71875,2.95310640335083,2.107003688812256,5.412448406219482,0.2706224322319031,"[0.05000000074505806, 0.05000000074505806, 0.05000000074505806, 0.05000000074505806]","[1.0, 1.0, 1.0, 1.0]",0.0,0,True
seed17_P_C2_warm,368,0.4487725496292114,0.96875,2.4391367435455322,2.1946866512298584,4.519964218139648,0.22599822282791138,"[0.05000000074505806, 0.05000000074505806, 0.05000000074505806, 0.05000000074505806]","[1.0, 1.0, 1.0, 1.0]",0.0,0,True
seed17_P_C2_warm,369,0.6555852293968201,0.8125,2.7482705116271973,2.117072343826294,5.747995853424072,0.2873997986316681,"[0.05000000074505806, 0.05000000074505806, 0.05000000074505806, 0.05000000074505806]","[1.0, 1.0, 1.0, 1.0]",0.0,0,True
seed17_P_C2_warm,370,0.6630786061286926,0.6875,3.291995048522949,2.0455322265625,5.161876678466797,0.25809383392333984,"[0.05000000074505806, 0.05000000074505806, 0.05000000074505806, 0.05000000074505806]","[1.0, 1.0, 1.0, 1.0]",0.0,0,True
seed17_P_C2_warm,371,0.5020129084587097,0.9375,2.4315733909606934,2.17822003364563,5.322010040283203,0.18738415837287903,"[0.05000000074505806, 0.05000000074505806, 0.02500000037252903, 0.05000000074505806]","[1.0, 1.0, 2.0, 1.0]",0.0,0,True
seed17_P_C2_warm,372,0.6174893379211426,0.875,2.5153965950012207,2.3834598064422607,5.1080827713012695,0.19818615913391113,"[0.02500000037252903, 0.05000000074505806, 0.05000000074505806, 0.05000000074505806]","[2.0, 1.0, 1.0, 1.0]",0.0,0,True
seed17_P_C2_warm,373,0.5282638072967529,0.84375,2.9882664680480957,2.0477120876312256,4.4933624267578125,0.22466811537742615,"[0.05000000074505806, 0.05000000074505806, 0.05000000074505806, 0.05000000074505806]","[1.0, 1.0, 1.0, 1.0]",0.0,0,True
seed17_P_C2_warm,374,0.6627988815307617,0.59375,2.6105384826660156,1.7375586032867432,4.057845115661621,0.2028922736644745,"[0.05000000074505806, 0.05000000074505806, 0.05000000074505806, 0.05000000074505806]","[1.0, 1.0, 1.0, 1.0]",0.0,0,True
seed17_P_C2_warm,375,0.5347006320953369,0.8125,2.8367695808410645,1.9798928499221802,4.851154804229736,0.24255773425102234,"[0.05000000074505806, 0.05000000074505806, 0.05000000074505806, 0.05000000074505806]","[1.0, 1.0, 1.0, 1.0]",0.0,0,True
seed17_P_C2_warm,376,0.6190887093544006,0.75,2.501211643218994,1.8364863395690918,4.143686771392822,0.2071843445301056,"[0.05000000074505806, 0.05000000074505806, 0.05000000074505806, 0.05000000074505806]","[1.0, 1.0, 1.0, 1.0]",0.0,0,True
seed17_P_C2_warm,377,0.5545700788497925,0.84375,2.9248881340026855,2.1522281169891357,3.721531867980957,0.18607662618160248,"[0.05000000074505806, 0.05000000074505806, 0.05000000074505806, 0.05000000074505806]","[1.0, 1.0, 1.0, 1.0]",0.0,0,True
seed17_P_C2_warm,378,0.6645208597183228,0.71875,2.6238527297973633,1.6582049131393433,4.624383926391602,0.23121917247772217,"[0.05000000074505806, 0.05000000074505806, 0.05000000074505806, 0.05000000074505806]","[1.0, 1.0, 1.0, 1.0]",0.0,0,True
seed17_P_C2_warm,379,0.5862640738487244,0.84375,3.1579818725585938,1.936058521270752,5.39927864074707,0.26996392011642456,"[0.05000000074505806, 0.05000000074505806, 0.05000000074505806, 0.05000000074505806]","[1.0, 1.0, 1.0, 1.0]",0.0,0,True
seed17_P_C2_warm,380,0.5548692941665649,0.78125,2.6116881370544434,2.0459516048431396,3.8142342567443848,0.19071170687675476,"[0.05000000074505806, 0.05000000074505806, 0.05000000074505806, 0.05000000074505806]","[1.0, 1.0, 1.0, 1.0]",0.0,0,True
seed17_P_C2_warm,381,0.5397089123725891,0.875,3.221823215484619,1.8327486515045166,5.885167598724365,0.29425838589668274,"[0.05000000074505806, 0.05000000074505806, 0.05000000074505806, 0.05000000074505806]","[1.0, 1.0, 1.0, 1.0]",0.0,0,True
seed17_P_C2_warm,382,0.5124090313911438,0.9375,2.706605911254883,1.8159079551696777,4.368508815765381,0.2184254378080368,"[0.05000000074505806, 0.05000000074505806, 0.05000000074505806, 0.05000000074505806]","[1.0, 1.0, 1.0, 1.0]",0.0,0,True
seed17_P_C2_warm,383,0.6386435031890869,0.6875,2.4841723442077637,1.89960515499115,4.3667497634887695,0.1748892366886139,"[0.05000000074505806, 0.05000000074505806, 0.02500000037252903, 0.05000000074505806]","[1.0, 1.0, 2.0, 1.0]",0.0,0,True
seed17_P_C2_warm,384,0.6973918676376343,0.65625,2.6580917835235596,2.033667802810669,3.733511447906494,0.18667557835578918,"[0.05000000074505806, 0.05000000074505806, 0.05000000074505806, 0.05000000074505806]","[1.0, 1.0, 1.0, 1.0]",0.0,0,True
seed17_P_C2_warm,385,0.6793374419212341,0.5625,2.344179391860962,1.839695692062378,4.123826503753662,0.20619133114814758,"[0.05000000074505806, 0.05000000074505806, 0.05000000074505806, 0.05000000074505806]","[1.0, 1.0, 1.0, 1.0]",0.0,0,True
seed17_P_C2_warm,386,0.46281152963638306,0.84375,3.093748092651367,2.1364359855651855,4.4099016189575195,0.2204950749874115,"[0.05000000074505806, 0.05000000074505806, 0.05000000074505806, 0.05000000074505806]","[1.0, 1.0, 1.0, 1.0]",0.0,0,True
seed17_P_C2_warm,387,0.619144856929779,0.78125,2.3983898162841797,2.1667168140411377,4.187539577484131,0.12337806820869446,"[0.02500000037252903, 0.05000000074505806, 0.02500000037252903, 0.05000000074505806]","[2.0, 1.0, 2.0, 1.0]",0.0,0,True
seed17_P_C2_warm,388,0.8284583687782288,0.65625,2.7403111457824707,2.318328857421875,6.031721115112305,0.3015860319137573,"[0.05000000074505806, 0.05000000074505806, 0.05000000074505806, 0.05000000074505806]","[1.0, 1.0, 1.0, 1.0]",0.0,0,True
seed17_P_C2_warm,389,0.5364148616790771,0.9375,3.060952663421631,2.2198827266693115,4.852174282073975,0.2426087111234665,"[0.05000000074505806, 0.05000000074505806, 0.05000000074505806, 0.05000000074505806]","[1.0, 1.0, 1.0, 1.0]",0.0,0,True
seed17_P_C2_warm,390,0.6071172952651978,0.75,3.091313362121582,1.7291823625564575,5.864583969116211,0.29322919249534607,"[0.05000000074505806, 0.05000000074505806, 0.05000000074505806, 0.05000000074505806]","[1.0, 1.0, 1.0, 1.0]",0.0,0,True
seed17_P_C2_warm,391,0.626037061214447,0.75,2.6641297340393066,2.186594247817993,4.623899459838867,0.23119498789310455,"[0.05000000074505806, 0.05000000074505806, 0.05000000074505806, 0.05000000074505806]","[1.0, 1.0, 1.0, 1.0]",0.0,0,True
seed17_P_C2_warm,392,0.5448891520500183,0.84375,3.4111645221710205,2.107318162918091,4.706803321838379,0.2353401929140091,"[0.05000000074505806, 0.05000000074505806, 0.05000000074505806, 0.05000000074505806]","[1.0, 1.0, 1.0, 1.0]",0.0,0,True
seed17_P_C2_warm,393,0.583570122718811,0.875,3.0759735107421875,1.7443770170211792,5.649543285369873,0.2824772000312805,"[0.05000000074505806, 0.05000000074505806, 0.05000000074505806, 0.05000000074505806]","[1.0, 1.0, 1.0, 1.0]",0.0,0,True
seed17_P_C2_warm,394,0.605800449848175,0.8125,2.783991813659668,1.875514030456543,5.002141952514648,0.2501071095466614,"[0.05000000074505806, 0.05000000074505806, 0.05000000074505806, 0.05000000074505806]","[1.0, 1.0, 1.0, 1.0]",0.0,0,True
seed17_P_C2_warm,395,0.7509409189224243,0.625,2.7180747985839844,1.9398690462112427,4.4688310623168945,0.22344154119491577,"[0.05000000074505806, 0.05000000074505806, 0.05000000074505806, 0.05000000074505806]","[1.0, 1.0, 1.0, 1.0]",0.0,0,True
seed17_P_C2_warm,396,0.5306751132011414,0.90625,3.346104145050049,1.6958073377609253,5.245423793792725,0.2622711956501007,"[0.05000000074505806, 0.05000000074505806, 0.05000000074505806, 0.05000000074505806]","[1.0, 1.0, 1.0, 1.0]",0.0,0,True
seed17_P_C2_warm,397,0.5606236457824707,0.8125,2.0913610458374023,1.7748298645019531,3.1295547485351562,0.15647773444652557,"[0.05000000074505806, 0.05000000074505806, 0.05000000074505806, 0.05000000074505806]","[1.0, 1.0, 1.0, 1.0]",0.0,0,True
seed17_P_C2_warm,398,0.6138416528701782,0.78125,2.272575616836548,1.6917392015457153,4.413740158081055,0.17040839791297913,"[0.02500000037252903, 0.05000000074505806, 0.05000000074505806, 0.05000000074505806]","[2.0, 1.0, 1.0, 1.0]",0.0,0,True
seed17_P_C2_warm,399,0.5424997806549072,0.9375,2.6262669563293457,1.992066502571106,3.929152011871338,0.19645759463310242,"[0.05000000074505806, 0.05000000074505806, 0.05000000074505806, 0.05000000074505806]","[1.0, 1.0, 1.0, 1.0]",0.0,0,True
seed17_P_C2_warm,400,0.5788182020187378,0.875,2.353375196456909,1.689171314239502,4.328924179077148,0.21644622087478638,"[0.05000000074505806, 0.05000000074505806, 0.05000000074505806, 0.05000000074505806]","[1.0, 1.0, 1.0, 1.0]",0.0,0,True
seed27_P_O0_resume,1,0.5853865742683411,0.8125,0.8682277202606201,0.2946423888206482,4.010789394378662,0.2005394697189331,"[0.05, 0.05, 0.05, 0.05]","[0, 0, 0, 0]",0.0,0,True
seed27_P_O0_resume,2,0.5884402990341187,1.0,0.8599157333374023,0.3479030132293701,3.7625608444213867,0.1881280392408371,"[0.05, 0.05, 0.05, 0.05]","[0, 0, 0, 0]",0.0,0,True
seed27_P_O0_resume,3,0.6131992936134338,0.8125,0.9734444618225098,0.4197610020637512,3.7600340843200684,0.18800172209739685,"[0.05, 0.05, 0.05, 0.05]","[0, 0, 0, 0]",0.0,0,True
seed27_P_O0_resume,4,0.6095227003097534,0.71875,0.9524832367897034,0.39872419834136963,3.7745983600616455,0.188729926943779,"[0.05, 0.05, 0.05, 0.05]","[0, 0, 0, 0]",0.0,0,True
seed27_P_O0_resume,5,0.7216134071350098,0.71875,0.8744743466377258,0.3464394211769104,3.7029855251312256,0.18514928221702576,"[0.05, 0.05, 0.05, 0.05]","[0, 0, 0, 0]",0.0,0,True
seed27_P_O0_resume,6,0.621828556060791,0.84375,0.9529704451560974,0.4483337998390198,3.5376439094543457,0.17688219249248505,"[0.05, 0.05, 0.05, 0.05]","[0, 0, 0, 0]",0.0,0,True
seed27_P_O0_resume,7,0.724261462688446,0.6875,0.954067051410675,0.3558104634284973,3.9947195053100586,0.19973598420619965,"[0.05, 0.05, 0.05, 0.05]","[0, 0, 0, 0]",0.0,0,True
seed27_P_O0_resume,8,0.6800821423530579,0.75,0.8677558898925781,0.3803563117980957,3.5245895385742188,0.17622947692871094,"[0.05, 0.05, 0.05, 0.05]","[0, 0, 0, 0]",0.0,0,True
seed27_P_O0_resume,9,0.7158868908882141,0.5625,0.972514808177948,0.44549334049224854,3.6236729621887207,0.18118365108966827,"[0.05, 0.05, 0.05, 0.05]","[0, 0, 0, 0]",0.0,0,True
seed27_P_O0_resume,10,0.642195463180542,0.8125,0.7415895462036133,0.3372955322265625,3.1979708671569824,0.1598985493183136,"[0.05, 0.05, 0.05, 0.05]","[0, 0, 0, 0]",0.0,0,True
seed27_P_O0_resume,11,0.5923267006874084,0.84375,0.9523414373397827,0.3855735659599304,3.8518733978271484,0.19259366393089294,"[0.05, 0.05, 0.05, 0.05]","[0, 0, 0, 0]",0.0,0,True
seed27_P_O0_resume,12,0.5939701795578003,0.75,0.8026893138885498,0.3351711630821228,3.602970600128174,0.18014854192733765,"[0.05, 0.05, 0.05, 0.05]","[0, 0, 0, 0]",0.0,0,True
seed27_P_O0_resume,13,0.6042371988296509,0.78125,0.9175364971160889,0.3694174885749817,3.8073391914367676,0.1903669536113739,"[0.05, 0.05, 0.05, 0.05]","[0, 0, 0, 0]",0.0,0,True
seed27_P_O0_resume,14,0.5894543528556824,0.875,0.8553315997123718,0.357050359249115,3.6306610107421875,0.1815330535173416,"[0.05, 0.05, 0.05, 0.05]","[0, 0, 0, 0]",0.0,0,True
seed27_P_O0_resume,15,0.57268887758255,0.78125,0.9336420297622681,0.3519813120365143,3.9693737030029297,0.19846868515014648,"[0.05, 0.05, 0.05, 0.05]","[0, 0, 0, 0]",0.0,0,True
seed27_P_O0_resume,16,0.6220322847366333,0.6875,1.0191909074783325,0.4870821237564087,3.59263014793396,0.17963150143623352,"[0.05, 0.05, 0.05, 0.05]","[0, 0, 0, 0]",0.0,0,True
seed27_P_O0_resume,17,0.6329544186592102,0.71875,0.9564473628997803,0.4468221664428711,3.6149134635925293,0.1807456612586975,"[0.05, 0.05, 0.05, 0.05]","[0, 0, 0, 0]",0.0,0,True
seed27_P_O0_resume,18,0.6547650694847107,0.6875,0.8682868480682373,0.40407395362854004,3.4042015075683594,0.170210063457489,"[0.05, 0.05, 0.05, 0.05]","[0, 0, 0, 0]",0.0,0,True
seed27_P_O0_resume,19,0.6360596418380737,0.75,0.873874306678772,0.3371567726135254,3.819913864135742,0.1909956932067871,"[0.05, 0.05, 0.05, 0.05]","[0, 0, 0, 0]",0.0,0,True
seed27_P_O0_resume,20,0.6583511233329773,0.78125,0.9330447912216187,0.3841160833835602,3.729857921600342,0.1864929050207138,"[0.05, 0.05, 0.05, 0.05]","[0, 0, 0, 0]",0.0,0,True
seed27_P_O0_resume,21,0.646859347820282,0.59375,0.8981611728668213,0.32273024320602417,4.020975112915039,0.20104877650737762,"[0.05, 0.05, 0.05, 0.05]","[0, 0, 0, 0]",0.0,0,True
seed27_P_O0_resume,22,0.6327704191207886,0.6875,0.9072524309158325,0.3989301323890686,3.5994296073913574,0.17997147142887115,"[0.05, 0.05, 0.05, 0.05]","[0, 0, 0, 0]",0.0,0,True
seed27_P_O0_resume,23,0.5058813095092773,0.875,0.7699202299118042,0.3046342134475708,3.527726173400879,0.17638631165027618,"[0.05, 0.05, 0.05, 0.05]","[0, 0, 0, 0]",0.0,0,True
seed27_P_O0_resume,24,0.7113020420074463,0.65625,0.9333972930908203,0.4762539863586426,3.381274938583374,0.1690637469291687,"[0.05, 0.05, 0.05, 0.05]","[0, 0, 0, 0]",0.0,0,True
seed27_P_O0_resume,25,0.5815237164497375,0.71875,0.8468400835990906,0.36286285519599915,3.5455007553100586,0.17727506160736084,"[0.05, 0.05, 0.05, 0.05]","[0, 0, 0, 0]",0.0,0,True
seed27_P_O0_resume,26,0.5724038481712341,0.875,0.9617056846618652,0.45666974782943726,3.535454273223877,0.17677272856235504,"[0.05, 0.05, 0.05, 0.05]","[0, 0, 0, 0]",0.0,0,True
seed27_P_O0_resume,27,0.7371508479118347,0.71875,0.9030851721763611,0.45577502250671387,3.2458505630493164,0.16229254007339478,"[0.05, 0.05, 0.05, 0.05]","[0, 0, 0, 0]",0.0,0,True
seed27_P_O0_resume,28,0.596389651298523,0.875,0.864450991153717,0.362229585647583,3.579437017440796,0.17897185683250427,"[0.05, 0.05, 0.05, 0.05]","[0, 0, 0, 0]",0.0,0,True
seed27_P_O0_resume,29,0.5721325874328613,0.8125,0.9143097996711731,0.3747979402542114,3.75311541557312,0.18765577673912048,"[0.05, 0.05, 0.05, 0.05]","[0, 0, 0, 0]",0.0,0,True
seed27_P_O0_resume,30,0.686668336391449,0.625,0.8508020043373108,0.2957669496536255,3.985839366912842,0.19929198920726776,"[0.05, 0.05, 0.05, 0.05]","[0, 0, 0, 0]",0.0,0,True
seed27_P_O0_resume,31,0.6032705903053284,0.8125,0.8322632908821106,0.3695935308933258,3.4250640869140625,0.17125321924686432,"[0.05, 0.05, 0.05, 0.05]","[0, 0, 0, 0]",0.0,0,True
seed27_P_O0_resume,32,0.5395956039428711,0.90625,0.8792669773101807,0.3813789486885071,3.5305824279785156,0.17652910947799683,"[0.05, 0.05, 0.05, 0.05]","[0, 0, 0, 0]",0.0,0,True
seed27_P_O0_resume,33,0.5944411754608154,0.8125,0.9164783954620361,0.41017696261405945,3.6345863342285156,0.18172933161258698,"[0.05, 0.05, 0.05, 0.05]","[0, 0, 0, 0]",0.0,0,True
seed27_P_O0_resume,34,0.6564493179321289,0.75,0.9882166385650635,0.45511823892593384,3.723439931869507,0.1861720085144043,"[0.05, 0.05, 0.05, 0.05]","[0, 0, 0, 0]",0.0,0,True
seed27_P_O0_resume,35,0.6530620455741882,0.75,0.8594637513160706,0.42660465836524963,3.2514896392822266,0.16257448494434357,"[0.05, 0.05, 0.05, 0.05]","[0, 0, 0, 0]",0.0,0,True
seed27_P_O0_resume,36,0.5358328819274902,0.9375,0.8083689212799072,0.30351996421813965,3.7155609130859375,0.18577805161476135,"[0.05, 0.05, 0.05, 0.05]","[0, 0, 0, 0]",0.0,0,True
seed27_P_O0_resume,37,0.6068004965782166,0.84375,0.9115997552871704,0.3838494122028351,3.743924856185913,0.1871962547302246,"[0.05, 0.05, 0.05, 0.05]","[0, 0, 0, 0]",0.0,0,True
seed27_P_O0_resume,38,0.6501683592796326,0.6875,0.9627048373222351,0.42972660064697266,3.666301965713501,0.18331511318683624,"[0.05, 0.05, 0.05, 0.05]","[0, 0, 0, 0]",0.0,0,True
seed27_P_O0_resume,39,0.6040822267532349,0.71875,0.8297783136367798,0.3400494456291199,3.606254816055298,0.18031272292137146,"[0.05, 0.05, 0.05, 0.05]","[0, 0, 0, 0]",0.0,0,True
seed27_P_O0_resume,40,0.6503923535346985,0.71875,0.8744343519210815,0.37038782238960266,3.6082732677459717,0.18041366338729858,"[0.05, 0.05, 0.05, 0.05]","[0, 0, 0, 0]",0.0,0,True
seed27_P_O0_resume,41,0.5954906344413757,0.9375,0.858822762966156,0.31436091661453247,3.8802649974823,0.19401325285434723,"[0.05, 0.05, 0.05, 0.05]","[0, 0, 0, 0]",0.0,0,True
seed27_P_O0_resume,42,0.6583518981933594,0.71875,0.8950861692428589,0.35973984003067017,3.7832651138305664,0.18916326761245728,"[0.05, 0.05, 0.05, 0.05]","[0, 0, 0, 0]",0.0,0,True
seed27_P_O0_resume,43,0.5366693139076233,0.84375,0.8653736114501953,0.4609224796295166,3.0703883171081543,0.1535194218158722,"[0.05, 0.05, 0.05, 0.05]","[0, 0, 0, 0]",0.0,0,True
seed27_P_O0_resume,44,0.5914968252182007,0.6875,0.7171372771263123,0.28634512424468994,3.4403035640716553,0.17201517522335052,"[0.05, 0.05, 0.05, 0.05]","[0, 0, 0, 0]",0.0,0,True
seed27_P_O0_resume,45,0.5606429576873779,0.90625,0.9589594006538391,0.450081467628479,3.601411819458008,0.18007057905197144,"[0.05, 0.05, 0.05, 0.05]","[0, 0, 0, 0]",0.0,0,True
seed27_P_O0_resume,46,0.6026785373687744,0.71875,0.8614606857299805,0.3975679278373718,3.4168777465820312,0.17084389925003052,"[0.05, 0.05, 0.05, 0.05]","[0, 0, 0, 0]",0.0,0,True
seed27_P_O0_resume,47,0.6515845060348511,0.75,0.8223574161529541,0.3602343201637268,3.453651189804077,0.17268255352973938,"[0.05, 0.05, 0.05, 0.05]","[0, 0, 0, 0]",0.0,0,True
seed27_P_O0_resume,48,0.6656342148780823,0.65625,0.9655927419662476,0.46894797682762146,3.481823444366455,0.1740911602973938,"[0.05, 0.05, 0.05, 0.05]","[0, 0, 0, 0]",0.0,0,True
seed27_P_O0_resume,49,0.6282464861869812,0.75,0.937187910079956,0.45665958523750305,3.4367685317993164,0.1718384325504303,"[0.05, 0.05, 0.05, 0.05]","[0, 0, 0, 0]",0.0,0,True
seed27_P_O0_resume,50,0.5919069647789001,0.84375,0.8383331298828125,0.34852802753448486,3.5571541786193848,0.17785769701004028,"[0.05, 0.05, 0.05, 0.05]","[0, 0, 0, 0]",0.0,0,True
seed27_P_O0_resume,51,0.6478998064994812,0.71875,0.8534078598022461,0.38121533393859863,3.486666440963745,0.1743333339691162,"[0.05, 0.05, 0.05, 0.05]","[0, 0, 0, 0]",0.0,0,True
seed27_P_O0_resume,52,0.5357207655906677,0.84375,0.8284199833869934,0.331807017326355,3.5996832847595215,0.17998415231704712,"[0.05, 0.05, 0.05, 0.05]","[0, 0, 0, 0]",0.0,0,True
seed27_P_O0_resume,53,0.5868068337440491,0.8125,0.8234375715255737,0.3950474262237549,3.2701292037963867,0.16350646317005157,"[0.05, 0.05, 0.05, 0.05]","[0, 0, 0, 0]",0.0,0,True
seed27_P_O0_resume,54,0.6821802258491516,0.65625,0.8123450875282288,0.39086025953292847,3.281635284423828,0.16408178210258484,"[0.05, 0.05, 0.05, 0.05]","[0, 0, 0, 0]",0.0,0,True
seed27_P_O0_resume,55,0.684917688369751,0.71875,0.8959587812423706,0.3572901487350464,3.783700704574585,0.18918505311012268,"[0.05, 0.05, 0.05, 0.05]","[0, 0, 0, 0]",0.0,0,True
seed27_P_O0_resume,56,0.5952271819114685,0.90625,0.8464570045471191,0.3648567795753479,3.5290069580078125,0.17645037174224854,"[0.05, 0.05, 0.05, 0.05]","[0, 0, 0, 0]",0.0,0,True
seed27_P_O0_resume,57,0.6473264694213867,0.65625,0.8167983889579773,0.36092662811279297,3.435328722000122,0.17176643013954163,"[0.05, 0.05, 0.05, 0.05]","[0, 0, 0, 0]",0.0,0,True
seed27_P_O0_resume,58,0.5746321082115173,0.75,0.8599729537963867,0.3519969880580902,3.6477115154266357,0.18238559365272522,"[0.05, 0.05, 0.05, 0.05]","[0, 0, 0, 0]",0.0,0,True
seed27_P_O0_resume,59,0.5532981753349304,0.8125,0.7624880075454712,0.3612620532512665,3.1582632064819336,0.15791316330432892,"[0.05, 0.05, 0.05, 0.05]","[0, 0, 0, 0]",0.0,0,True
seed27_P_O0_resume,60,0.6595081686973572,0.71875,0.8123037815093994,0.3576003313064575,3.387861728668213,0.16939309239387512,"[0.05, 0.05, 0.05, 0.05]","[0, 0, 0, 0]",0.0,0,True
seed27_P_O0_resume,61,0.7096630334854126,0.65625,0.8626275062561035,0.40817421674728394,3.3686537742614746,0.16843268275260925,"[0.05, 0.05, 0.05, 0.05]","[0, 0, 0, 0]",0.0,0,True
seed27_P_O0_resume,62,0.6300306916236877,0.78125,0.8921502828598022,0.4469756484031677,3.3249597549438477,0.16624797880649567,"[0.05, 0.05, 0.05, 0.05]","[0, 0, 0, 0]",0.0,0,True
seed27_P_O0_resume,63,0.6215439438819885,0.84375,0.8585638999938965,0.3376137614250183,3.7600274085998535,0.1880013793706894,"[0.05, 0.05, 0.05, 0.05]","[0, 0, 0, 0]",0.0,0,True
seed27_P_O0_resume,64,0.5926118493080139,0.8125,0.8548386693000793,0.3796701431274414,3.469822406768799,0.17349112033843994,"[0.05, 0.05, 0.05, 0.05]","[0, 0, 0, 0]",0.0,0,True
seed27_P_O0_resume,65,0.5552701354026794,0.875,0.8858750462532043,0.4468429982662201,3.3098835945129395,0.1654941737651825,"[0.05, 0.05, 0.05, 0.05]","[0, 0, 0, 0]",0.0,0,True
seed27_P_O0_resume,66,0.6256528496742249,0.8125,0.9192491769790649,0.4139191806316376,3.5949106216430664,0.17974552512168884,"[0.05, 0.05, 0.05, 0.05]","[0, 0, 0, 0]",0.0,0,True
seed27_P_O0_resume,67,0.5227144360542297,0.875,0.8766276240348816,0.44093698263168335,3.253727436065674,0.16268637776374817,"[0.05, 0.05, 0.05, 0.05]","[0, 0, 0, 0]",0.0,0,True
seed27_P_O0_resume,68,0.5902407765388489,0.78125,0.9244921803474426,0.49772876501083374,3.1773595809936523,0.1588679850101471,"[0.05, 0.05, 0.05, 0.05]","[0, 0, 0, 0]",0.0,0,True
seed27_P_O0_resume,69,0.6324121952056885,0.71875,0.8085320591926575,0.33090853691101074,3.5380520820617676,0.1769026219844818,"[0.05, 0.05, 0.05, 0.05]","[0, 0, 0, 0]",0.0,0,True
seed27_P_O0_resume,70,0.6099342703819275,0.84375,0.7834988832473755,0.34815260767936707,3.3500709533691406,0.16750353574752808,"[0.05, 0.05, 0.05, 0.05]","[0, 0, 0, 0]",0.0,0,True
seed27_P_O0_resume,71,0.6849657297134399,0.625,0.7871448993682861,0.3518996238708496,3.360809803009033,0.16804048418998718,"[0.05, 0.05, 0.05, 0.05]","[0, 0, 0, 0]",0.0,0,True
seed27_P_O0_resume,72,0.5381290912628174,0.9375,0.8478741645812988,0.4304332435131073,3.208047389984131,0.16040237247943878,"[0.05, 0.05, 0.05, 0.05]","[0, 0, 0, 0]",0.0,0,True
seed27_P_O0_resume,73,0.6944922208786011,0.65625,0.7156949043273926,0.3265491724014282,3.184591770172119,0.1592295914888382,"[0.05, 0.05, 0.05, 0.05]","[0, 0, 0, 0]",0.0,0,True
seed27_P_O0_resume,74,0.60383540391922,0.78125,0.753574550151825,0.3961116671562195,2.933838367462158,0.1466919332742691,"[0.05, 0.05, 0.05, 0.05]","[0, 0, 0, 0]",0.0,0,True
seed27_P_O0_resume,75,0.6091482043266296,0.75,0.942335844039917,0.5402523279190063,3.0460777282714844,0.15230387449264526,"[0.05, 0.05, 0.05, 0.05]","[0, 0, 0, 0]",0.0,0,True
seed27_P_O0_resume,76,0.5250236988067627,0.84375,0.9399144649505615,0.4505954086780548,3.490823268890381,0.174541175365448,"[0.05, 0.05, 0.05, 0.05]","[0, 0, 0, 0]",0.0,0,True
seed27_P_O0_resume,77,0.5957550406455994,0.84375,0.8151100873947144,0.42682239413261414,3.0638601779937744,0.15319302678108215,"[0.05, 0.05, 0.05, 0.05]","[0, 0, 0, 0]",0.0,0,True
seed27_P_O0_resume,78,0.5922895073890686,0.8125,0.9319629073143005,0.4313735365867615,3.543304920196533,0.17716524004936218,"[0.05, 0.05, 0.05, 0.05]","[0, 0, 0, 0]",0.0,0,True
seed27_P_O0_resume,79,0.6672049760818481,0.59375,0.8427653908729553,0.40970057249069214,3.2447080612182617,0.16223539412021637,"[0.05, 0.05, 0.05, 0.05]","[0, 0, 0, 0]",0.0,0,True
seed27_P_O0_resume,80,0.6262498497962952,0.8125,0.8267138600349426,0.39016133546829224,3.334685802459717,0.16673430800437927,"[0.05, 0.05, 0.05, 0.05]","[0, 0, 0, 0]",0.0,0,True
seed27_P_O0_resume,81,0.618512749671936,0.78125,0.8424133658409119,0.39363718032836914,3.3102784156799316,0.16551393270492554,"[0.05, 0.05, 0.05, 0.05]","[0, 0, 0, 0]",0.0,0,True
seed27_P_O0_resume,82,0.6012312769889832,0.875,0.801406979560852,0.38088512420654297,3.2851152420043945,0.1642557680606842,"[0.05, 0.05, 0.05, 0.05]","[0, 0, 0, 0]",0.0,0,True
seed27_P_O0_resume,83,0.5951557159423828,0.78125,0.8258069157600403,0.38984477519989014,3.297523260116577,0.16487614810466766,"[0.05, 0.05, 0.05, 0.05]","[0, 0, 0, 0]",0.0,0,True
seed27_P_O0_resume,84,0.6239645481109619,0.71875,0.780331552028656,0.34170711040496826,3.3290300369262695,0.16645151376724243,"[0.05, 0.05, 0.05, 0.05]","[0, 0, 0, 0]",0.0,0,True
seed27_P_O0_resume,85,0.6042631268501282,0.78125,0.8805276155471802,0.41849285364151,3.3830504417419434,0.16915251314640045,"[0.05, 0.05, 0.05, 0.05]","[0, 0, 0, 0]",0.0,0,True
seed27_P_O0_resume,86,0.6594382524490356,0.625,0.8368304967880249,0.3900790810585022,3.3680026531219482,0.1684001386165619,"[0.05, 0.05, 0.05, 0.05]","[0, 0, 0, 0]",0.0,0,True
seed27_P_O0_resume,87,0.5482352375984192,0.75,0.8434798717498779,0.4045562744140625,3.298123359680176,0.16490617394447327,"[0.05, 0.05, 0.05, 0.05]","[0, 0, 0, 0]",0.0,0,True
seed27_P_O0_resume,88,0.6202772259712219,0.71875,0.889965832233429,0.47805097699165344,3.1184909343719482,0.15592455863952637,"[0.05, 0.05, 0.05, 0.05]","[0, 0, 0, 0]",0.0,0,True
seed27_P_O0_resume,89,0.5473984479904175,0.875,0.8595923185348511,0.4599926769733429,3.091318130493164,0.15456590056419373,"[0.05, 0.05, 0.05, 0.05]","[0, 0, 0, 0]",0.0,0,True
seed27_P_O0_resume,90,0.6410908102989197,0.6875,0.8397181630134583,0.3856534957885742,3.3540468215942383,0.1677023321390152,"[0.05, 0.05, 0.05, 0.05]","[0, 0, 0, 0]",0.0,0,True
seed27_P_O0_resume,91,0.5615237355232239,0.78125,0.7889953255653381,0.41211646795272827,3.0241966247558594,0.15120983123779297,"[0.05, 0.05, 0.05, 0.05]","[0, 0, 0, 0]",0.0,0,True
seed27_P_O0_resume,92,0.6616690754890442,0.65625,0.9045552015304565,0.5614147782325745,2.8266491889953613,0.1413324624300003,"[0.05, 0.05, 0.05, 0.05]","[0, 0, 0, 0]",0.0,0,True
seed27_P_O0_resume,93,0.6066754460334778,0.71875,0.8180625438690186,0.43331819772720337,3.045170545578003,0.15225853025913239,"[0.05, 0.05, 0.05, 0.05]","[0, 0, 0, 0]",0.0,0,True
seed27_P_O0_resume,94,0.6165350079536438,0.8125,0.8074085116386414,0.3604499101638794,3.3953909873962402,0.1697695553302765,"[0.05, 0.05, 0.05, 0.05]","[0, 0, 0, 0]",0.0,0,True
seed27_P_O0_resume,95,0.6219921112060547,0.78125,0.7877764105796814,0.3422602415084839,3.3963522911071777,0.16981762647628784,"[0.05, 0.05, 0.05, 0.05]","[0, 0, 0, 0]",0.0,0,True
seed27_P_O0_resume,96,0.6114399433135986,0.875,0.9361268281936646,0.48951369524002075,3.2307660579681396,0.16153830289840698,"[0.05, 0.05, 0.05, 0.05]","[0, 0, 0, 0]",0.0,0,True
seed27_P_O0_resume,97,0.6552643775939941,0.5625,0.8580479621887207,0.41961756348609924,3.3406107425689697,0.16703054308891296,"[0.05, 0.05, 0.05, 0.05]","[0, 0, 0, 0]",0.0,0,True
seed27_P_O0_resume,98,0.5745437741279602,1.0,0.8885600566864014,0.4575025141239166,3.2146708965301514,0.16073355078697205,"[0.05, 0.05, 0.05, 0.05]","[0, 0, 0, 0]",0.0,0,True
seed27_P_O0_resume,99,0.721047043800354,0.65625,0.828105092048645,0.4037740230560303,3.250771999359131,0.16253860294818878,"[0.05, 0.05, 0.05, 0.05]","[0, 0, 0, 0]",0.0,0,True
seed27_P_O0_resume,100,0.5483039617538452,0.75,0.7474661469459534,0.3910102844238281,3.028726577758789,0.15143632888793945,"[0.05, 0.05, 0.05, 0.05]","[0, 0, 0, 0]",0.0,0,True
seed27_P_O0_resume,101,0.47769540548324585,1.0,0.9044466614723206,0.4390764832496643,3.324432849884033,0.16622164845466614,"[0.05, 0.05, 0.05, 0.05]","[0, 0, 0, 0]",0.0,0,True
seed27_P_O0_resume,102,0.5775373578071594,0.8125,0.9069864749908447,0.4411103129386902,3.373903274536133,0.16869515180587769,"[0.05, 0.05, 0.05, 0.05]","[0, 0, 0, 0]",0.0,0,True
seed27_P_O0_resume,103,0.5521194934844971,0.71875,0.8573156595230103,0.4342483878135681,3.155426263809204,0.15777131915092468,"[0.05, 0.05, 0.05, 0.05]","[0, 0, 0, 0]",0.0,0,True
seed27_P_O0_resume,104,0.6737837791442871,0.71875,0.7638171911239624,0.43871286511421204,2.744931697845459,0.13724660873413086,"[0.05, 0.05, 0.05, 0.05]","[0, 0, 0, 0]",0.0,0,True
seed27_P_O0_resume,105,0.6204020977020264,0.84375,0.7369454503059387,0.39219996333122253,2.8681342601776123,0.1434067189693451,"[0.05, 0.05, 0.05, 0.05]","[0, 0, 0, 0]",0.0,0,True
seed27_P_O0_resume,106,0.6196804642677307,0.65625,0.7687594294548035,0.37595242261886597,3.1701500415802,0.15850751101970673,"[0.05, 0.05, 0.05, 0.05]","[0, 0, 0, 0]",0.0,0,True
seed27_P_O0_resume,107,0.5887566208839417,0.75,0.8034144639968872,0.433305025100708,2.950260639190674,0.1475130319595337,"[0.05, 0.05, 0.05, 0.05]","[0, 0, 0, 0]",0.0,0,True
seed27_P_O0_resume,108,0.5737956166267395,0.9375,0.8023040294647217,0.48079007863998413,2.7269458770751953,0.13634729385375977,"[0.05, 0.05, 0.05, 0.05]","[0, 0, 0, 0]",0.0,0,True
seed27_P_O0_resume,109,0.7270702123641968,0.65625,0.860194742679596,0.448608934879303,3.149653434753418,0.15748266875743866,"[0.05, 0.05, 0.05, 0.05]","[0, 0, 0, 0]",0.0,0,True
seed27_P_O0_resume,110,0.5835293531417847,0.90625,0.847841739654541,0.3663027286529541,3.5273993015289307,0.17636996507644653,"[0.05, 0.05, 0.05, 0.05]","[0, 0, 0, 0]",0.0,0,True
seed27_P_O0_resume,111,0.5956040620803833,0.75,0.911433219909668,0.5345460176467896,2.921003818511963,0.14605018496513367,"[0.05, 0.05, 0.05, 0.05]","[0, 0, 0, 0]",0.0,0,True
seed27_P_O0_resume,112,0.6484351754188538,0.625,0.8503644466400146,0.5055136680603027,2.852970838546753,0.14264854788780212,"[0.05, 0.05, 0.05, 0.05]","[0, 0, 0, 0]",0.0,0,True
seed27_P_O0_resume,113,0.566635251045227,0.875,0.8354836702346802,0.45403149724006653,3.0443406105041504,0.15221703052520752,"[0.05, 0.05, 0.05, 0.05]","[0, 0, 0, 0]",0.0,0,True
seed27_P_O0_resume,114,0.5262627601623535,0.90625,0.8618990182876587,0.4242090880870819,3.2855589389801025,0.16427794098854065,"[0.05, 0.05, 0.05, 0.05]","[0, 0, 0, 0]",0.0,0,True
seed27_P_O0_resume,115,0.6353510022163391,0.75,0.815409243106842,0.45659300684928894,2.9093313217163086,0.14546656608581543,"[0.05, 0.05, 0.05, 0.05]","[0, 0, 0, 0]",0.0,0,True
seed27_P_O0_resume,116,0.5869386196136475,0.96875,0.7901619672775269,0.4040208160877228,3.1079304218292236,0.15539652109146118,"[0.05, 0.05, 0.05, 0.05]","[0, 0, 0, 0]",0.0,0,True
seed27_P_O0_resume,117,0.5539138913154602,0.9375,0.8397709131240845,0.47714024782180786,2.8867697715759277,0.1443384885787964,"[0.05, 0.05, 0.05, 0.05]","[0, 0, 0, 0]",0.0,0,True
seed27_P_O0_resume,118,0.592947244644165,0.84375,0.8870546817779541,0.4906190037727356,3.0913829803466797,0.15456914901733398,"[0.05, 0.05, 0.05, 0.05]","[0, 0, 0, 0]",0.0,0,True
seed27_P_O0_resume,119,0.5455866456031799,0.8125,0.8317399621009827,0.4658251404762268,2.932100772857666,0.14660502970218658,"[0.05, 0.05, 0.05, 0.05]","[0, 0, 0, 0]",0.0,0,True
seed27_P_O0_resume,120,0.48924940824508667,0.96875,0.8865396976470947,0.5158766508102417,2.959867477416992,0.14799338579177856,"[0.05, 0.05, 0.05, 0.05]","[0, 0, 0, 0]",0.0,0,True
seed27_P_O0_resume,121,0.59968101978302,0.84375,0.8074834942817688,0.3999866247177124,3.2117667198181152,0.160588338971138,"[0.05, 0.05, 0.05, 0.05]","[0, 0, 0, 0]",0.0,0,True
seed27_P_O0_resume,122,0.518112301826477,0.9375,0.9334139227867126,0.49142971634864807,3.2707138061523438,0.1635356843471527,"[0.05, 0.05, 0.05, 0.05]","[0, 0, 0, 0]",0.0,0,True
seed27_P_O0_resume,123,0.6546976566314697,0.71875,0.8614059090614319,0.44825279712677,3.191948890686035,0.1595974564552307,"[0.05, 0.05, 0.05, 0.05]","[0, 0, 0, 0]",0.0,0,True
seed27_P_O0_resume,124,0.5031761527061462,0.8125,0.9441744089126587,0.576146125793457,2.9114222526550293,0.14557111263275146,"[0.05, 0.05, 0.05, 0.05]","[0, 0, 0, 0]",0.0,0,True
seed27_P_O0_resume,125,0.5881460905075073,0.84375,0.8028965592384338,0.4347210228443146,2.9793004989624023,0.1489650309085846,"[0.05, 0.05, 0.05, 0.05]","[0, 0, 0, 0]",0.0,0,True
seed27_P_O0_resume,126,0.6246483325958252,0.78125,0.8891252279281616,0.49494391679763794,3.0400192737579346,0.15200096368789673,"[0.05, 0.05, 0.05, 0.05]","[0, 0, 0, 0]",0.0,0,True
seed27_P_O0_resume,127,0.5422953367233276,0.8125,0.7759606838226318,0.4297007918357849,2.9076333045959473,0.14538167417049408,"[0.05, 0.05, 0.05, 0.05]","[0, 0, 0, 0]",0.0,0,True
seed27_P_O0_resume,128,0.6469975709915161,0.71875,0.9080580472946167,0.5161858797073364,2.9881696701049805,0.1494084894657135,"[0.05, 0.05, 0.05, 0.05]","[0, 0, 0, 0]",0.0,0,True
seed27_P_O0_resume,129,0.5961044430732727,0.84375,0.9152969121932983,0.511806070804596,3.0140886306762695,0.15070444345474243,"[0.05, 0.05, 0.05, 0.05]","[0, 0, 0, 0]",0.0,0,True
seed27_P_O0_resume,130,0.5546343922615051,0.84375,0.8149564266204834,0.4344152808189392,3.050464153289795,0.1525232195854187,"[0.05, 0.05, 0.05, 0.05]","[0, 0, 0, 0]",0.0,0,True
seed27_P_O0_resume,131,0.6691106557846069,0.625,0.7731044292449951,0.43698614835739136,2.7904014587402344,0.1395200788974762,"[0.05, 0.05, 0.05, 0.05]","[0, 0, 0, 0]",0.0,0,True
seed27_P_O0_resume,132,0.5946000218391418,0.8125,0.8819068074226379,0.5009551048278809,3.0217807292938232,0.15108904242515564,"[0.05, 0.05, 0.05, 0.05]","[0, 0, 0, 0]",0.0,0,True
seed27_P_O0_resume,133,0.5765769481658936,0.8125,0.8862420916557312,0.5309596061706543,2.823441505432129,0.14117206633090973,"[0.05, 0.05, 0.05, 0.05]","[0, 0, 0, 0]",0.0,0,True
seed27_P_O0_resume,134,0.520397961139679,0.96875,1.013273000717163,0.5574756860733032,3.289673328399658,0.1644836664199829,"[0.05, 0.05, 0.05, 0.05]","[0, 0, 0, 0]",0.0,0,True
seed27_P_O0_resume,135,0.669209361076355,0.59375,0.8537900447845459,0.48790550231933594,2.925203323364258,0.14626017212867737,"[0.05, 0.05, 0.05, 0.05]","[0, 0, 0, 0]",0.0,0,True
seed27_P_O0_resume,136,0.5456976294517517,0.90625,0.9691581130027771,0.5498245358467102,3.0918684005737305,0.15459343791007996,"[0.05, 0.05, 0.05, 0.05]","[0, 0, 0, 0]",0.0,0,True
seed27_P_O0_resume,137,0.6600916385650635,0.6875,0.8602043390274048,0.46763911843299866,3.0649828910827637,0.15324915945529938,"[0.05, 0.05, 0.05, 0.05]","[0, 0, 0, 0]",0.0,0,True
seed27_P_O0_resume,138,0.5844295024871826,0.78125,0.8208417892456055,0.4252079725265503,3.0939271450042725,0.15469636023044586,"[0.05, 0.05, 0.05, 0.05]","[0, 0, 0, 0]",0.0,0,True
seed27_P_O0_resume,139,0.5616114735603333,0.84375,0.8781172037124634,0.5504225492477417,2.7201552391052246,0.13600777089595795,"[0.05, 0.05, 0.05, 0.05]","[0, 0, 0, 0]",0.0,0,True
seed27_P_O0_resume,140,0.6975281238555908,0.65625,0.8785214424133301,0.46337902545928955,3.1835975646972656,0.15917988121509552,"[0.05, 0.05, 0.05, 0.05]","[0, 0, 0, 0]",0.0,0,True
seed27_P_O0_resume,141,0.572833240032196,0.8125,0.8369765877723694,0.4634081721305847,2.972099542617798,0.14860498905181885,"[0.05, 0.05, 0.05, 0.05]","[0, 0, 0, 0]",0.0,0,True
seed27_P_O0_resume,142,0.5434302091598511,0.9375,0.9063650369644165,0.5152820348739624,3.047117233276367,0.1523558646440506,"[0.05, 0.05, 0.05, 0.05]","[0, 0, 0, 0]",0.0,0,True
seed27_P_O0_resume,143,0.5235190391540527,0.9375,0.8991439342498779,0.5037082433700562,3.0789966583251953,0.15394984185695648,"[0.05, 0.05, 0.05, 0.05]","[0, 0, 0, 0]",0.0,0,True
seed27_P_O0_resume,144,0.48793625831604004,0.9375,0.8072063326835632,0.4374745190143585,2.957150459289551,0.14785754680633545,"[0.05, 0.05, 0.05, 0.05]","[0, 0, 0, 0]",0.0,0,True
seed27_P_O0_resume,145,0.5778588056564331,0.78125,0.8527067303657532,0.44681116938591003,3.086693525314331,0.1543346792459488,"[0.05, 0.05, 0.05, 0.05]","[0, 0, 0, 0]",0.0,0,True
seed27_P_O0_resume,146,0.6012484431266785,0.8125,0.8482710719108582,0.45515772700309753,3.0726890563964844,0.1536344587802887,"[0.05, 0.05, 0.05, 0.05]","[0, 0, 0, 0]",0.0,0,True
seed27_P_O0_resume,147,0.5955127477645874,0.78125,0.7900654673576355,0.46072328090667725,2.750417709350586,0.137520894408226,"[0.05, 0.05, 0.05, 0.05]","[0, 0, 0, 0]",0.0,0,True
seed27_P_O0_resume,148,0.5474773645401001,0.875,0.790630042552948,0.4207489490509033,3.0358548164367676,0.1517927646636963,"[0.05, 0.05, 0.05, 0.05]","[0, 0, 0, 0]",0.0,0,True
seed27_P_O0_resume,149,0.5581707954406738,0.875,0.8623663187026978,0.48969072103500366,2.9351181983947754,0.1467559039592743,"[0.05, 0.05, 0.05, 0.05]","[0, 0, 0, 0]",0.0,0,True
seed27_P_O0_resume,150,0.5420364141464233,0.78125,0.9106019735336304,0.5572834014892578,2.8494176864624023,0.14247088134288788,"[0.05, 0.05, 0.05, 0.05]","[0, 0, 0, 0]",0.0,0,True
seed27_P_O0_resume,151,0.5271641612052917,0.78125,0.8455090522766113,0.5105018019676208,2.75293231010437,0.1376466155052185,"[0.05, 0.05, 0.05, 0.05]","[0, 0, 0, 0]",0.0,0,True
seed27_P_O0_resume,152,0.5861181020736694,0.8125,0.8981765508651733,0.5191406607627869,2.962062120437622,0.14810311794281006,"[0.05, 0.05, 0.05, 0.05]","[0, 0, 0, 0]",0.0,0,True
seed27_P_O0_resume,153,0.643440306186676,0.6875,0.9092773199081421,0.5400122404098511,2.846010208129883,0.14230051636695862,"[0.05, 0.05, 0.05, 0.05]","[0, 0, 0, 0]",0.0,0,True
seed27_P_O0_resume,154,0.49343112111091614,0.84375,0.9049293398857117,0.5389797687530518,2.8621444702148438,0.14310723543167114,"[0.05, 0.05, 0.05, 0.05]","[0, 0, 0, 0]",0.0,0,True
seed27_P_O0_resume,155,0.6265451908111572,0.71875,0.8383828401565552,0.4940238893032074,2.8184590339660645,0.14092296361923218,"[0.05, 0.05, 0.05, 0.05]","[0, 0, 0, 0]",0.0,0,True
seed27_P_O0_resume,156,0.5854672193527222,0.71875,0.8425235748291016,0.5498698949813843,2.546748161315918,0.12733741104602814,"[0.05, 0.05, 0.05, 0.05]","[0, 0, 0, 0]",0.0,0,True
seed27_P_O0_resume,157,0.6106202602386475,0.84375,0.8762488961219788,0.5038427114486694,2.9246935844421387,0.1462346911430359,"[0.05, 0.05, 0.05, 0.05]","[0, 0, 0, 0]",0.0,0,True
seed27_P_O0_resume,158,0.588490903377533,0.8125,0.8962957262992859,0.5625690221786499,2.7686843872070312,0.13843420147895813,"[0.05, 0.05, 0.05, 0.05]","[0, 0, 0, 0]",0.0,0,True
seed27_P_O0_resume,159,0.7022439241409302,0.625,0.9332168102264404,0.5910489559173584,2.7180709838867188,0.13590355217456818,"[0.05, 0.05, 0.05, 0.05]","[0, 0, 0, 0]",0.0,0,True
seed27_P_O0_resume,160,0.6413317918777466,0.75,0.7661104798316956,0.41091758012771606,2.900726318359375,0.14503630995750427,"[0.05, 0.05, 0.05, 0.05]","[0, 0, 0, 0]",0.0,0,True
seed27_P_O0_resume,161,0.5859323740005493,0.8125,0.7990835905075073,0.47319936752319336,2.735664129257202,0.13678321242332458,"[0.05, 0.05, 0.05, 0.05]","[0, 0, 0, 0]",0.0,0,True
seed27_P_O0_resume,162,0.6190775632858276,0.75,0.8092194199562073,0.4285675287246704,3.0272655487060547,0.15136326849460602,"[0.05, 0.05, 0.05, 0.05]","[0, 0, 0, 0]",0.0,0,True
seed27_P_O0_resume,163,0.6623842716217041,0.71875,0.8366997838020325,0.47127267718315125,2.9251718521118164,0.14625859260559082,"[0.05, 0.05, 0.05, 0.05]","[0, 0, 0, 0]",0.0,0,True
seed27_P_O0_resume,164,0.6469674110412598,0.65625,0.7600919008255005,0.44447124004364014,2.782766580581665,0.1391383409500122,"[0.05, 0.05, 0.05, 0.05]","[0, 0, 0, 0]",0.0,0,True
seed27_P_O0_resume,165,0.5413888096809387,0.875,0.8386892080307007,0.5172004699707031,2.71321964263916,0.13566097617149353,"[0.05, 0.05, 0.05, 0.05]","[0, 0, 0, 0]",0.0,0,True
seed27_P_O0_resume,166,0.6288703083992004,0.78125,0.8809975385665894,0.613663375377655,2.4052391052246094,0.12026194483041763,"[0.05, 0.05, 0.05, 0.05]","[0, 0, 0, 0]",0.0,0,True
seed27_P_O0_resume,167,0.6129076480865479,0.8125,0.8671172857284546,0.5187237858772278,2.8137388229370117,0.14068692922592163,"[0.05, 0.05, 0.05, 0.05]","[0, 0, 0, 0]",0.0,0,True
seed27_P_O0_resume,168,0.5690083503723145,0.90625,0.7132078409194946,0.4312739074230194,2.5521860122680664,0.12760931253433228,"[0.05, 0.05, 0.05, 0.05]","[0, 0, 0, 0]",0.0,0,True
seed27_P_O0_resume,169,0.5219784379005432,1.0,0.7941300868988037,0.45487239956855774,2.8509652614593506,0.14254826307296753,"[0.05, 0.05, 0.05, 0.05]","[0, 0, 0, 0]",0.0,0,True
seed27_P_O0_resume,170,0.5069604516029358,0.96875,0.8213057518005371,0.48740312457084656,2.7730770111083984,0.13865387439727783,"[0.05, 0.05, 0.05, 0.05]","[0, 0, 0, 0]",0.0,0,True
seed27_P_O0_resume,171,0.5708356499671936,0.875,0.9011767506599426,0.5405126810073853,2.8189148902893066,0.14094576239585876,"[0.05, 0.05, 0.05, 0.05]","[0, 0, 0, 0]",0.0,0,True
seed27_P_O0_resume,172,0.5143826603889465,0.875,0.8685257434844971,0.5201818346977234,2.8187408447265625,0.14093703031539917,"[0.05, 0.05, 0.05, 0.05]","[0, 0, 0, 0]",0.0,0,True
seed27_P_O0_resume,173,0.5897624492645264,0.78125,0.796697735786438,0.4454731345176697,2.8737707138061523,0.14368852972984314,"[0.05, 0.05, 0.05, 0.05]","[0, 0, 0, 0]",0.0,0,True
seed27_P_O0_resume,174,0.6836755871772766,0.59375,0.8395538330078125,0.44892561435699463,3.037156581878662,0.15185782313346863,"[0.05, 0.05, 0.05, 0.05]","[0, 0, 0, 0]",0.0,0,True
seed27_P_O0_resume,175,0.5757789015769958,0.875,0.8797690868377686,0.5660475492477417,2.617244005203247,0.13086220622062683,"[0.05, 0.05, 0.05, 0.05]","[0, 0, 0, 0]",0.0,0,True
seed27_P_O0_resume,176,0.6836302876472473,0.53125,0.7926841378211975,0.4630364775657654,2.7602169513702393,0.13801084458827972,"[0.05, 0.05, 0.05, 0.05]","[0, 0, 0, 0]",0.0,0,True
seed27_P_O0_resume,177,0.6447764039039612,0.75,0.8834443092346191,0.5592767000198364,2.6852974891662598,0.13426487147808075,"[0.05, 0.05, 0.05, 0.05]","[0, 0, 0, 0]",0.0,0,True
seed27_P_O0_resume,178,0.4629161059856415,0.8125,0.901634931564331,0.6166713237762451,2.484118938446045,0.12420593202114105,"[0.05, 0.05, 0.05, 0.05]","[0, 0, 0, 0]",0.0,0,True
seed27_P_O0_resume,179,0.5398578643798828,0.78125,0.7810462117195129,0.5235501527786255,2.373885154724121,0.1186942607164383,"[0.05, 0.05, 0.05, 0.05]","[0, 0, 0, 0]",0.0,0,True
seed27_P_O0_resume,180,0.5526101589202881,0.90625,0.8358575105667114,0.561875581741333,2.447728157043457,0.12238641083240509,"[0.05, 0.05, 0.05, 0.05]","[0, 0, 0, 0]",0.0,0,True
seed27_P_O0_resume,181,0.6319301128387451,0.71875,0.8964143395423889,0.5943021774291992,2.542576789855957,0.12712883949279785,"[0.05, 0.05, 0.05, 0.05]","[0, 0, 0, 0]",0.0,0,True
seed27_P_O0_resume,182,0.5125888586044312,0.875,0.88672935962677,0.5844464302062988,2.5766916275024414,0.1288345754146576,"[0.05, 0.05, 0.05, 0.05]","[0, 0, 0, 0]",0.0,0,True
seed27_P_O0_resume,183,0.5995007753372192,0.8125,0.8221185207366943,0.5211889147758484,2.587667465209961,0.1293833702802658,"[0.05, 0.05, 0.05, 0.05]","[0, 0, 0, 0]",0.0,0,True
seed27_P_O0_resume,184,0.553530216217041,0.875,0.8143682479858398,0.527584433555603,2.557921886444092,0.12789610028266907,"[0.05, 0.05, 0.05, 0.05]","[0, 0, 0, 0]",0.0,0,True
seed27_P_O0_resume,185,0.5264278054237366,0.78125,0.9215707778930664,0.5996887683868408,2.667145252227783,0.13335725665092468,"[0.05, 0.05, 0.05, 0.05]","[0, 0, 0, 0]",0.0,0,True
seed27_P_O0_resume,186,0.513563334941864,0.875,0.7620909810066223,0.4828343689441681,2.482668399810791,0.12413343787193298,"[0.05, 0.05, 0.05, 0.05]","[0, 0, 0, 0]",0.0,0,True
seed27_P_O0_resume,187,0.5992929935455322,0.6875,0.7976222038269043,0.5479264259338379,2.310009717941284,0.11550049483776093,"[0.05, 0.05, 0.05, 0.05]","[0, 0, 0, 0]",0.0,0,True
seed27_P_O0_resume,188,0.5845454931259155,0.75,0.7703292369842529,0.4702848196029663,2.6478443145751953,0.13239222764968872,"[0.05, 0.05, 0.05, 0.05]","[0, 0, 0, 0]",0.0,0,True
seed27_P_O0_resume,189,0.6461763978004456,0.71875,0.9066917896270752,0.5952407121658325,2.6305012702941895,0.13152506947517395,"[0.05, 0.05, 0.05, 0.05]","[0, 0, 0, 0]",0.0,0,True
seed27_P_O0_resume,190,0.5513360500335693,0.8125,0.9139431118965149,0.5897305011749268,2.6541333198547363,0.1327066719532013,"[0.05, 0.05, 0.05, 0.05]","[0, 0, 0, 0]",0.0,0,True
seed27_P_O0_resume,191,0.5993173718452454,0.8125,0.7712775468826294,0.49979299306869507,2.438349485397339,0.1219174787402153,"[0.05, 0.05, 0.05, 0.05]","[0, 0, 0, 0]",0.0,0,True
seed27_P_O0_resume,192,0.6440176963806152,0.65625,0.9255616664886475,0.5908248424530029,2.6926016807556152,0.13463008403778076,"[0.05, 0.05, 0.05, 0.05]","[0, 0, 0, 0]",0.0,0,True
seed27_P_O0_resume,193,0.6018186807632446,0.84375,0.7797485589981079,0.4399130642414093,2.783829689025879,0.13919149339199066,"[0.05, 0.05, 0.05, 0.05]","[0, 0, 0, 0]",0.0,0,True
seed27_P_O0_resume,194,0.5649883151054382,0.8125,0.8892960548400879,0.580255389213562,2.6383767127990723,0.13191881775856018,"[0.05, 0.05, 0.05, 0.05]","[0, 0, 0, 0]",0.0,0,True
seed27_P_O0_resume,195,0.632402777671814,0.71875,0.7200666666030884,0.47100168466567993,2.417489528656006,0.12087446451187134,"[0.05, 0.05, 0.05, 0.05]","[0, 0, 0, 0]",0.0,0,True
seed27_P_O0_resume,196,0.553693413734436,0.8125,0.88627028465271,0.5952979922294617,2.511115312576294,0.12555576860904694,"[0.05, 0.05, 0.05, 0.05]","[0, 0, 0, 0]",0.0,0,True
seed27_P_O0_resume,197,0.4958433508872986,0.875,0.8194434642791748,0.4735470414161682,2.8199353218078613,0.1409967690706253,"[0.05, 0.05, 0.05, 0.05]","[0, 0, 0, 0]",0.0,0,True
seed27_P_O0_resume,198,0.7415992021560669,0.5625,0.8840819597244263,0.5709593296051025,2.6168618202209473,0.13084308803081512,"[0.05, 0.05, 0.05, 0.05]","[0, 0, 0, 0]",0.0,0,True
seed27_P_O0_resume,199,0.5813724994659424,0.75,0.870381236076355,0.5554243326187134,2.6160666942596436,0.13080334663391113,"[0.05, 0.05, 0.05, 0.05]","[0, 0, 0, 0]",0.0,0,True
seed27_P_O0_resume,200,0.49182507395744324,0.875,0.8537697792053223,0.543718159198761,2.6195623874664307,0.13097813725471497,"[0.05, 0.05, 0.05, 0.05]","[0, 0, 0, 0]",0.0,0,True
seed27_P_O0_resume,201,0.6615530848503113,0.6875,0.7672380208969116,0.4853975176811218,2.534224033355713,0.12671120464801788,"[0.05, 0.05, 0.05, 0.05]","[0, 0, 0, 0]",0.0,0,True
seed27_P_O0_resume,202,0.5384300351142883,0.9375,0.8216145038604736,0.5515503883361816,2.479391574859619,0.12396958470344543,"[0.05, 0.05, 0.05, 0.05]","[0, 0, 0, 0]",0.0,0,True
seed27_P_O0_resume,203,0.5376397371292114,0.8125,0.8840314149856567,0.5718188881874084,2.6077327728271484,0.13038665056228638,"[0.05, 0.05, 0.05, 0.05]","[0, 0, 0, 0]",0.0,0,True
seed27_P_O0_resume,204,0.5926022529602051,0.84375,0.767285943031311,0.4642779529094696,2.6580276489257812,0.1329013854265213,"[0.05, 0.05, 0.05, 0.05]","[0, 0, 0, 0]",0.0,0,True
seed27_P_O0_resume,205,0.5302897095680237,0.9375,0.9127100110054016,0.6250662803649902,2.4607181549072266,0.12303592264652252,"[0.05, 0.05, 0.05, 0.05]","[0, 0, 0, 0]",0.0,0,True
seed27_P_O0_resume,206,0.5593323111534119,0.8125,0.9421249628067017,0.6004438996315002,2.7439327239990234,0.1371966302394867,"[0.05, 0.05, 0.05, 0.05]","[0, 0, 0, 0]",0.0,0,True
seed27_P_O0_resume,207,0.5796935558319092,0.8125,0.8002201318740845,0.5193479061126709,2.4724206924438477,0.12362103909254074,"[0.05, 0.05, 0.05, 0.05]","[0, 0, 0, 0]",0.0,0,True
seed27_P_O0_resume,208,0.4832528233528137,0.84375,0.9330954551696777,0.6179191470146179,2.6500954627990723,0.13250477612018585,"[0.05, 0.05, 0.05, 0.05]","[0, 0, 0, 0]",0.0,0,True
seed27_P_O0_resume,209,0.5282070636749268,0.875,0.7793277502059937,0.5072980523109436,2.5032477378845215,0.12516239285469055,"[0.05, 0.05, 0.05, 0.05]","[0, 0, 0, 0]",0.0,0,True
seed27_P_O0_resume,210,0.621558427810669,0.75,0.9862649440765381,0.675143301486969,2.5983171463012695,0.12991584837436676,"[0.05, 0.05, 0.05, 0.05]","[0, 0, 0, 0]",0.0,0,True
seed27_P_O0_resume,211,0.5950016975402832,0.84375,0.7717900276184082,0.5101072788238525,2.398775577545166,0.11993877589702606,"[0.05, 0.05, 0.05, 0.05]","[0, 0, 0, 0]",0.0,0,True
seed27_P_O0_resume,212,0.6016392707824707,0.75,0.8009675741195679,0.4417356848716736,2.9458682537078857,0.14729340374469757,"[0.05, 0.05, 0.05, 0.05]","[0, 0, 0, 0]",0.0,0,True
seed27_P_O0_resume,213,0.6609346270561218,0.78125,0.8865363001823425,0.5273189544677734,2.9541072845458984,0.14770537614822388,"[0.05, 0.05, 0.05, 0.05]","[0, 0, 0, 0]",0.0,0,True
seed27_P_O0_resume,214,0.5765576958656311,0.71875,0.7909401655197144,0.518624484539032,2.4748759269714355,0.12374380230903625,"[0.05, 0.05, 0.05, 0.05]","[0, 0, 0, 0]",0.0,0,True
seed27_P_O0_resume,215,0.5674861669540405,0.84375,0.8338897228240967,0.5521084070205688,2.493457555770874,0.12467288225889206,"[0.05, 0.05, 0.05, 0.05]","[0, 0, 0, 0]",0.0,0,True
seed27_P_O0_resume,216,0.5029488801956177,0.875,0.8758147954940796,0.49614495038986206,2.9800171852111816,0.1490008533000946,"[0.05, 0.05, 0.05, 0.05]","[0, 0, 0, 0]",0.0,0,True
seed27_P_O0_resume,217,0.6773570775985718,0.71875,0.7789438962936401,0.5353128910064697,2.291497230529785,0.1145748645067215,"[0.05, 0.05, 0.05, 0.05]","[0, 0, 0, 0]",0.0,0,True
seed27_P_O0_resume,218,0.530437171459198,0.9375,0.8536802530288696,0.5304672122001648,2.717787742614746,0.13588939607143402,"[0.05, 0.05, 0.05, 0.05]","[0, 0, 0, 0]",0.0,0,True
seed27_P_O0_resume,219,0.6373170018196106,0.65625,0.7840298414230347,0.5648273229598999,2.168703556060791,0.10843517631292343,"[0.05, 0.05, 0.05, 0.05]","[0, 0, 0, 0]",0.0,0,True
seed27_P_O0_resume,220,0.6055330038070679,0.8125,0.8369246125221252,0.551606297492981,2.4892303943634033,0.12446151673793793,"[0.05, 0.05, 0.05, 0.05]","[0, 0, 0, 0]",0.0,0,True
seed27_P_O0_resume,221,0.584421694278717,0.84375,0.9067764282226562,0.6204518675804138,2.502795457839966,0.1251397728919983,"[0.05, 0.05, 0.05, 0.05]","[0, 0, 0, 0]",0.0,0,True
seed27_P_O0_resume,222,0.5834043622016907,0.8125,0.8943005800247192,0.5795366168022156,2.6478335857391357,0.13239167630672455,"[0.05, 0.05, 0.05, 0.05]","[0, 0, 0, 0]",0.0,0,True
seed27_P_O0_resume,223,0.585646390914917,0.8125,0.8777350783348083,0.5999048948287964,2.466238021850586,0.12331190705299377,"[0.05, 0.05, 0.05, 0.05]","[0, 0, 0, 0]",0.0,0,True
seed27_P_O0_resume,224,0.5858500003814697,0.75,0.8315435647964478,0.5783746838569641,2.361994981765747,0.11809975653886795,"[0.05, 0.05, 0.05, 0.05]","[0, 0, 0, 0]",0.0,0,True
seed27_P_O0_resume,225,0.5809100270271301,0.84375,0.7568674087524414,0.44677525758743286,2.6797571182250977,0.13398785889148712,"[0.05, 0.05, 0.05, 0.05]","[0, 0, 0, 0]",0.0,0,True
seed27_P_O0_resume,226,0.5581275224685669,0.8125,0.7944623827934265,0.5241144895553589,2.456624984741211,0.12283125519752502,"[0.05, 0.05, 0.05, 0.05]","[0, 0, 0, 0]",0.0,0,True
seed27_P_O0_resume,227,0.5500606298446655,0.90625,0.8417156934738159,0.5606688857078552,2.5093271732330322,0.12546636164188385,"[0.05, 0.05, 0.05, 0.05]","[0, 0, 0, 0]",0.0,0,True
seed27_P_O0_resume,228,0.610423743724823,0.6875,0.7581925988197327,0.4508056342601776,2.6754403114318848,0.13377201557159424,"[0.05, 0.05, 0.05, 0.05]","[0, 0, 0, 0]",0.0,0,True
seed27_P_O0_resume,229,0.5437200665473938,0.8125,0.902410626411438,0.579816460609436,2.6543030738830566,0.1327151656150818,"[0.05, 0.05, 0.05, 0.05]","[0, 0, 0, 0]",0.0,0,True
seed27_P_O0_resume,230,0.6009956002235413,0.78125,0.7954140901565552,0.5254348516464233,2.4345951080322266,0.1217297613620758,"[0.05, 0.05, 0.05, 0.05]","[0, 0, 0, 0]",0.0,0,True
seed27_P_O0_resume,231,0.5264613628387451,0.875,0.9760664701461792,0.6554688811302185,2.620021343231201,0.1310010701417923,"[0.05, 0.05, 0.05, 0.05]","[0, 0, 0, 0]",0.0,0,True
seed27_P_O0_resume,232,0.5237245559692383,0.90625,0.885554313659668,0.5723885893821716,2.6269421577453613,0.13134711980819702,"[0.05, 0.05, 0.05, 0.05]","[0, 0, 0, 0]",0.0,0,True
seed27_P_O0_resume,233,0.6264796257019043,0.6875,0.8785403966903687,0.5721067190170288,2.6273181438446045,0.13136589527130127,"[0.05, 0.05, 0.05, 0.05]","[0, 0, 0, 0]",0.0,0,True
seed27_P_O0_resume,234,0.5304786562919617,0.90625,0.8330636024475098,0.5697585940361023,2.3919320106506348,0.11959660053253174,"[0.05, 0.05, 0.05, 0.05]","[0, 0, 0, 0]",0.0,0,True
seed27_P_O0_resume,235,0.6029346585273743,0.84375,0.7226022481918335,0.47631528973579407,2.358761787414551,0.1179380863904953,"[0.05, 0.05, 0.05, 0.05]","[0, 0, 0, 0]",0.0,0,True
seed27_P_O0_resume,236,0.4873373508453369,0.9375,0.8432010412216187,0.5753564834594727,2.4613664150238037,0.12306832522153854,"[0.05, 0.05, 0.05, 0.05]","[0, 0, 0, 0]",0.0,0,True
seed27_P_O0_resume,237,0.5700737833976746,0.78125,0.8382877111434937,0.566191554069519,2.4298555850982666,0.12149278074502945,"[0.05, 0.05, 0.05, 0.05]","[0, 0, 0, 0]",0.0,0,True
seed27_P_O0_resume,238,0.5071510672569275,0.90625,1.0152480602264404,0.7458413243293762,2.3718252182006836,0.11859127134084702,"[0.05, 0.05, 0.05, 0.05]","[0, 0, 0, 0]",0.0,0,True
seed27_P_O0_resume,239,0.5505306720733643,0.71875,0.8157317638397217,0.5494304895401001,2.429283618927002,0.12146417796611786,"[0.05, 0.05, 0.05, 0.05]","[0, 0, 0, 0]",0.0,0,True
seed27_P_O0_resume,240,0.5195960998535156,0.875,0.8354145884513855,0.5721644163131714,2.374530792236328,0.11872653663158417,"[0.05, 0.05, 0.05, 0.05]","[0, 0, 0, 0]",0.0,0,True
seed27_P_O0_resume,241,0.614198625087738,0.84375,0.9858123660087585,0.7303946018218994,2.2863588333129883,0.11431793868541718,"[0.05, 0.05, 0.05, 0.05]","[0, 0, 0, 0]",0.0,0,True
seed27_P_O0_resume,242,0.5871040225028992,0.84375,0.8465057611465454,0.5597422122955322,2.539473056793213,0.12697365880012512,"[0.05, 0.05, 0.05, 0.05]","[0, 0, 0, 0]",0.0,0,True
seed27_P_O0_resume,243,0.6076851487159729,0.875,0.8256114721298218,0.5619116425514221,2.4324209690093994,0.12162105739116669,"[0.05, 0.05, 0.05, 0.05]","[0, 0, 0, 0]",0.0,0,True
seed27_P_O0_resume,244,0.42628419399261475,0.90625,0.7944200038909912,0.5429766178131104,2.3124501705169678,0.11562251299619675,"[0.05, 0.05, 0.05, 0.05]","[0, 0, 0, 0]",0.0,0,True
seed27_P_O0_resume,245,0.6690922379493713,0.65625,0.858527421951294,0.5784168243408203,2.470099449157715,0.12350496649742126,"[0.05, 0.05, 0.05, 0.05]","[0, 0, 0, 0]",0.0,0,True
seed27_P_O0_resume,246,0.5038896203041077,0.90625,0.8089495301246643,0.47473448514938354,2.763469696044922,0.13817347586154938,"[0.05, 0.05, 0.05, 0.05]","[0, 0, 0, 0]",0.0,0,True
seed27_P_O0_resume,247,0.5385223031044006,0.9375,0.8360067009925842,0.5529010891914368,2.5216610431671143,0.12608306109905243,"[0.05, 0.05, 0.05, 0.05]","[0, 0, 0, 0]",0.0,0,True
seed27_P_O0_resume,248,0.5283819437026978,0.8125,0.8132566213607788,0.5516692996025085,2.425440788269043,0.12127204239368439,"[0.05, 0.05, 0.05, 0.05]","[0, 0, 0, 0]",0.0,0,True
seed27_P_O0_resume,249,0.5998325347900391,0.71875,0.8919446468353271,0.6149916648864746,2.4518356323242188,0.1225917786359787,"[0.05, 0.05, 0.05, 0.05]","[0, 0, 0, 0]",0.0,0,True
seed27_P_O0_resume,250,0.4896519184112549,0.875,0.832819938659668,0.5860365629196167,2.321227550506592,0.11606137454509735,"[0.05, 0.05, 0.05, 0.05]","[0, 0, 0, 0]",0.0,0,True
seed27_P_O0_resume,251,0.5199825763702393,0.90625,0.870875358581543,0.5759057998657227,2.543412208557129,0.1271706074476242,"[0.05, 0.05, 0.05, 0.05]","[0, 0, 0, 0]",0.0,0,True
seed27_P_O0_resume,252,0.5797670483589172,0.90625,0.9184457063674927,0.6450320482254028,2.442979097366333,0.12214895337820053,"[0.05, 0.05, 0.05, 0.05]","[0, 0, 0, 0]",0.0,0,True
seed27_P_O0_resume,253,0.5684923529624939,0.84375,0.8606226444244385,0.6192314624786377,2.2735133171081543,0.11367566883563995,"[0.05, 0.05, 0.05, 0.05]","[0, 0, 0, 0]",0.0,0,True
seed27_P_O0_resume,254,0.5187289714813232,0.8125,0.8191370368003845,0.539800763130188,2.490476608276367,0.12452382594347,"[0.05, 0.05, 0.05, 0.05]","[0, 0, 0, 0]",0.0,0,True
seed27_P_O0_resume,255,0.5747689604759216,0.8125,0.9120396375656128,0.6627782583236694,2.289226770401001,0.11446134001016617,"[0.05, 0.05, 0.05, 0.05]","[0, 0, 0, 0]",0.0,0,True
seed27_P_O0_resume,256,0.558276355266571,0.90625,0.851679801940918,0.5840562582015991,2.432647705078125,0.1216323971748352,"[0.05, 0.05, 0.05, 0.05]","[0, 0, 0, 0]",0.0,0,True
seed27_P_O0_resume,257,0.5341548323631287,0.90625,0.8432083129882812,0.5529863238334656,2.530668258666992,0.1265334188938141,"[0.05, 0.05, 0.05, 0.05]","[0, 0, 0, 0]",0.0,0,True
seed27_P_O0_resume,258,0.5713537931442261,0.8125,0.8051985502243042,0.5279744863510132,2.49891996383667,0.1249459981918335,"[0.05, 0.05, 0.05, 0.05]","[0, 0, 0, 0]",0.0,0,True
seed27_P_O0_resume,259,0.6227046847343445,0.75,0.7739068865776062,0.5507659912109375,2.1956865787506104,0.1097843274474144,"[0.05, 0.05, 0.05, 0.05]","[0, 0, 0, 0]",0.0,0,True
seed27_P_O0_resume,260,0.5589317679405212,0.84375,0.7662907242774963,0.5095984935760498,2.3849849700927734,0.11924924701452255,"[0.05, 0.05, 0.05, 0.05]","[0, 0, 0, 0]",0.0,0,True
seed27_P_O0_resume,261,0.4680914878845215,0.96875,0.9297951459884644,0.6741445064544678,2.336668014526367,0.1168334037065506,"[0.05, 0.05, 0.05, 0.05]","[0, 0, 0, 0]",0.0,0,True
seed27_P_O0_resume,262,0.5209017395973206,0.84375,0.8726203441619873,0.5882057547569275,2.5087239742279053,0.1254361867904663,"[0.05, 0.05, 0.05, 0.05]","[0, 0, 0, 0]",0.0,0,True
seed27_P_O0_resume,263,0.5445954203605652,0.875,0.7457079291343689,0.5187390446662903,2.266104221343994,0.11330521106719971,"[0.05, 0.05, 0.05, 0.05]","[0, 0, 0, 0]",0.0,0,True
seed27_P_O0_resume,264,0.5055729150772095,0.90625,0.7729379534721375,0.5435510277748108,2.2475247383117676,0.11237625032663345,"[0.05, 0.05, 0.05, 0.05]","[0, 0, 0, 0]",0.0,0,True
seed27_P_O0_resume,265,0.5975650548934937,0.78125,0.8048917055130005,0.5235716104507446,2.521529197692871,0.12607645988464355,"[0.05, 0.05, 0.05, 0.05]","[0, 0, 0, 0]",0.0,0,True
seed27_P_O0_resume,266,0.5574638843536377,0.84375,0.8101238012313843,0.5392047166824341,2.395960807800293,0.11979804933071136,"[0.05, 0.05, 0.05, 0.05]","[0, 0, 0, 0]",0.0,0,True
seed27_P_O0_resume,267,0.4766380786895752,0.90625,0.7127618789672852,0.45857346057891846,2.3835039138793945,0.11917519569396973,"[0.05, 0.05, 0.05, 0.05]","[0, 0, 0, 0]",0.0,0,True
seed27_P_O0_resume,268,0.5164148211479187,0.9375,0.9055144786834717,0.6543897390365601,2.2906312942504883,0.11453156173229218,"[0.05, 0.05, 0.05, 0.05]","[0, 0, 0, 0]",0.0,0,True
seed27_P_O0_resume,269,0.5117936730384827,0.84375,0.8430807590484619,0.6230583190917969,2.1630940437316895,0.10815470665693283,"[0.05, 0.05, 0.05, 0.05]","[0, 0, 0, 0]",0.0,0,True
seed27_P_O0_resume,270,0.5718564987182617,0.8125,0.8090450763702393,0.5800241231918335,2.2109053134918213,0.11054526269435883,"[0.05, 0.05, 0.05, 0.05]","[0, 0, 0, 0]",0.0,0,True
seed27_P_O0_resume,271,0.5772268176078796,0.90625,0.879934549331665,0.6255031824111938,2.33327317237854,0.11666365712881088,"[0.05, 0.05, 0.05, 0.05]","[0, 0, 0, 0]",0.0,0,True
seed27_P_O0_resume,272,0.5222046375274658,0.875,0.8648074269294739,0.6088297367095947,2.3211002349853516,0.11605501174926758,"[0.05, 0.05, 0.05, 0.05]","[0, 0, 0, 0]",0.0,0,True
seed27_P_O0_resume,273,0.4317641258239746,0.9375,0.9406359195709229,0.681315541267395,2.3384621143341064,0.11692310124635696,"[0.05, 0.05, 0.05, 0.05]","[0, 0, 0, 0]",0.0,0,True
seed27_P_O0_resume,274,0.6176090240478516,0.71875,0.8609192967414856,0.5948687791824341,2.393329620361328,0.11966648697853088,"[0.05, 0.05, 0.05, 0.05]","[0, 0, 0, 0]",0.0,0,True
seed27_P_O0_resume,275,0.6032372117042542,0.875,0.7567302584648132,0.49659839272499084,2.4580962657928467,0.12290482223033905,"[0.05, 0.05, 0.05, 0.05]","[0, 0, 0, 0]",0.0,0,True
seed27_P_O0_resume,276,0.6442183256149292,0.59375,0.846060574054718,0.5870915651321411,2.361374616622925,0.11806873232126236,"[0.05, 0.05, 0.05, 0.05]","[0, 0, 0, 0]",0.0,0,True
seed27_P_O0_resume,277,0.47966641187667847,0.96875,0.871955394744873,0.5968950986862183,2.4273836612701416,0.12136918306350708,"[0.05, 0.05, 0.05, 0.05]","[0, 0, 0, 0]",0.0,0,True
seed27_P_O0_resume,278,0.5180726647377014,0.90625,0.9643783569335938,0.6765934228897095,2.4403815269470215,0.12201905995607376,"[0.05, 0.05, 0.05, 0.05]","[0, 0, 0, 0]",0.0,0,True
seed27_P_O0_resume,279,0.5878543853759766,0.78125,0.971879780292511,0.7260732054710388,2.251133918762207,0.11255670338869095,"[0.05, 0.05, 0.05, 0.05]","[0, 0, 0, 0]",0.0,0,True
seed27_P_O0_resume,280,0.4617852568626404,0.96875,0.8362081050872803,0.6007260084152222,2.23715877532959,0.11185793578624725,"[0.05, 0.05, 0.05, 0.05]","[0, 0, 0, 0]",0.0,0,True
seed27_P_O0_resume,281,0.53359055519104,0.90625,0.8888212442398071,0.6608669757843018,2.203908920288086,0.11019545793533325,"[0.05, 0.05, 0.05, 0.05]","[0, 0, 0, 0]",0.0,0,True
seed27_P_O0_resume,282,0.5565942525863647,0.84375,0.8967764377593994,0.6000996828079224,2.536083698272705,0.1268041878938675,"[0.05, 0.05, 0.05, 0.05]","[0, 0, 0, 0]",0.0,0,True
seed27_P_O0_resume,283,0.5687718987464905,0.875,0.7861874103546143,0.5381313562393188,2.3385753631591797,0.11692877113819122,"[0.05, 0.05, 0.05, 0.05]","[0, 0, 0, 0]",0.0,0,True
seed27_P_O0_resume,284,0.673018753528595,0.59375,0.9288936853408813,0.6464864611625671,2.441596746444702,0.12207984924316406,"[0.05, 0.05, 0.05, 0.05]","[0, 0, 0, 0]",0.0,0,True
seed27_P_O0_resume,285,0.5533826947212219,1.0,0.8644542694091797,0.5884899497032166,2.463254928588867,0.12316274642944336,"[0.05, 0.05, 0.05, 0.05]","[0, 0, 0, 0]",0.0,0,True
seed27_P_O0_resume,286,0.5536351799964905,0.875,0.9079513549804688,0.640692949295044,2.387505054473877,0.11937525868415833,"[0.05, 0.05, 0.05, 0.05]","[0, 0, 0, 0]",0.0,0,True
seed27_P_O0_resume,287,0.48082831501960754,0.9375,0.8238778114318848,0.5701290369033813,2.334198236465454,0.11670991778373718,"[0.05, 0.05, 0.05, 0.05]","[0, 0, 0, 0]",0.0,0,True
seed27_P_O0_resume,288,0.5733007192611694,0.84375,0.7773227691650391,0.5305191874504089,2.3338804244995117,0.11669403314590454,"[0.05, 0.05, 0.05, 0.05]","[0, 0, 0, 0]",0.0,0,True
seed27_P_O0_resume,289,0.5562570691108704,0.875,0.7870970368385315,0.5562682151794434,2.243513584136963,0.11217567324638367,"[0.05, 0.05, 0.05, 0.05]","[0, 0, 0, 0]",0.0,0,True
seed27_P_O0_resume,290,0.534468948841095,0.875,0.7814100980758667,0.5578451156616211,2.2118966579437256,0.11059482395648956,"[0.05, 0.05, 0.05, 0.05]","[0, 0, 0, 0]",0.0,0,True
seed27_P_O0_resume,291,0.5166414380073547,0.90625,0.8953725099563599,0.6866263747215271,2.071373462677002,0.1035686805844307,"[0.05, 0.05, 0.05, 0.05]","[0, 0, 0, 0]",0.0,0,True
seed27_P_O0_resume,292,0.5168954133987427,0.84375,0.9259862899780273,0.6742733716964722,2.2971866130828857,0.11485932022333145,"[0.05, 0.05, 0.05, 0.05]","[0, 0, 0, 0]",0.0,0,True
seed27_P_O0_resume,293,0.551388680934906,0.875,0.8786410093307495,0.619110643863678,2.409818172454834,0.1204909011721611,"[0.05, 0.05, 0.05, 0.05]","[0, 0, 0, 0]",0.0,0,True
seed27_P_O0_resume,294,0.6030313372612,0.8125,0.7942941188812256,0.5316824913024902,2.4129385948181152,0.12064693868160248,"[0.05, 0.05, 0.05, 0.05]","[0, 0, 0, 0]",0.0,0,True
seed27_P_O0_resume,295,0.49621543288230896,0.9375,0.9125453233718872,0.6555966138839722,2.3290772438049316,0.1164538711309433,"[0.05, 0.05, 0.05, 0.05]","[0, 0, 0, 0]",0.0,0,True
seed27_P_O0_resume,296,0.5548573732376099,0.78125,0.7961159944534302,0.539433479309082,2.3784308433532715,0.11892154067754745,"[0.05, 0.05, 0.05, 0.05]","[0, 0, 0, 0]",0.0,0,True
seed27_P_O0_resume,297,0.5266469717025757,0.875,0.8752913475036621,0.6304054260253906,2.2549617290496826,0.11274808645248413,"[0.05, 0.05, 0.05, 0.05]","[0, 0, 0, 0]",0.0,0,True
seed27_P_O0_resume,298,0.7088347673416138,0.71875,0.9829005599021912,0.7612559795379639,2.135441541671753,0.10677208006381989,"[0.05, 0.05, 0.05, 0.05]","[0, 0, 0, 0]",0.0,0,True
seed27_P_O0_resume,299,0.5185165405273438,0.90625,0.8132075667381287,0.573578417301178,2.2521393299102783,0.1126069650053978,"[0.05, 0.05, 0.05, 0.05]","[0, 0, 0, 0]",0.0,0,True
seed27_P_O0_resume,300,0.6284648180007935,0.78125,0.8242124319076538,0.5975343585014343,2.218398094177246,0.11091990768909454,"[0.05, 0.05, 0.05, 0.05]","[0, 0, 0, 0]",0.0,0,True
seed27_P_O0_resume,301,0.615729033946991,0.71875,0.8755670785903931,0.6127379536628723,2.4018609523773193,0.12009304761886597,"[0.05, 0.05, 0.05, 0.05]","[0, 0, 0, 0]",0.0,0,True
seed27_P_O0_resume,302,0.6375538110733032,0.65625,0.9006277322769165,0.6509928703308105,2.3146274089813232,0.1157313734292984,"[0.05, 0.05, 0.05, 0.05]","[0, 0, 0, 0]",0.0,0,True
seed27_P_O0_resume,303,0.6201854944229126,0.78125,0.8574930429458618,0.6410778164863586,2.1235439777374268,0.1061771959066391,"[0.05, 0.05, 0.05, 0.05]","[0, 0, 0, 0]",0.0,0,True
seed27_P_O0_resume,304,0.6197618246078491,0.6875,0.8282425403594971,0.61418217420578,2.1262810230255127,0.10631405562162399,"[0.05, 0.05, 0.05, 0.05]","[0, 0, 0, 0]",0.0,0,True
seed27_P_O0_resume,305,0.5351840853691101,0.9375,0.8489136695861816,0.591900110244751,2.376659393310547,0.11883298307657242,"[0.05, 0.05, 0.05, 0.05]","[0, 0, 0, 0]",0.0,0,True
seed27_P_O0_resume,306,0.5430607199668884,0.8125,0.786511242389679,0.5963200330734253,2.0148630142211914,0.10074315965175629,"[0.05, 0.05, 0.05, 0.05]","[0, 0, 0, 0]",0.0,0,True
seed27_P_O0_resume,307,0.6003950834274292,0.6875,0.9020025730133057,0.683935284614563,2.130976676940918,0.10654884576797485,"[0.05, 0.05, 0.05, 0.05]","[0, 0, 0, 0]",0.0,0,True
seed27_P_O0_resume,308,0.4806715250015259,0.9375,0.7468329668045044,0.5474338531494141,2.0743489265441895,0.10371743887662888,"[0.05, 0.05, 0.05, 0.05]","[0, 0, 0, 0]",0.0,0,True
seed27_P_O0_resume,309,0.612348735332489,0.71875,0.8136250972747803,0.5754154324531555,2.2707972526550293,0.11353987455368042,"[0.05, 0.05, 0.05, 0.05]","[0, 0, 0, 0]",0.0,0,True
seed27_P_O0_resume,310,0.5404728651046753,0.84375,0.8137078285217285,0.5807511806488037,2.2653908729553223,0.11326953768730164,"[0.05, 0.05, 0.05, 0.05]","[0, 0, 0, 0]",0.0,0,True
seed27_P_O0_resume,311,0.5048232078552246,0.84375,0.9369745850563049,0.6870390176773071,2.2680177688598633,0.1134008914232254,"[0.05, 0.05, 0.05, 0.05]","[0, 0, 0, 0]",0.0,0,True
seed27_P_O0_resume,312,0.5590935945510864,0.8125,0.9220669865608215,0.6931086778640747,2.2126269340515137,0.11063134670257568,"[0.05, 0.05, 0.05, 0.05]","[0, 0, 0, 0]",0.0,0,True
seed27_P_O0_resume,313,0.5243996977806091,0.78125,0.8546766042709351,0.6340321898460388,2.196049213409424,0.10980246961116791,"[0.05, 0.05, 0.05, 0.05]","[0, 0, 0, 0]",0.0,0,True
seed27_P_O0_resume,314,0.4828330874443054,0.8125,0.8345247507095337,0.5956509113311768,2.2753357887268066,0.11376678943634033,"[0.05, 0.05, 0.05, 0.05]","[0, 0, 0, 0]",0.0,0,True
seed27_P_O0_resume,315,0.5922800302505493,0.78125,0.8315063714981079,0.5791178941726685,2.382229804992676,0.11911149322986603,"[0.05, 0.05, 0.05, 0.05]","[0, 0, 0, 0]",0.0,0,True
seed27_P_O0_resume,316,0.5270353555679321,0.875,0.8924314975738525,0.675948977470398,2.1378417015075684,0.10689207911491394,"[0.05, 0.05, 0.05, 0.05]","[0, 0, 0, 0]",0.0,0,True
seed27_P_O0_resume,317,0.5905027985572815,0.78125,0.8594677448272705,0.6445478200912476,2.146800994873047,0.10734003782272339,"[0.05, 0.05, 0.05, 0.05]","[0, 0, 0, 0]",0.0,0,True
seed27_P_O0_resume,318,0.5406719446182251,0.75,0.8276280164718628,0.5762249231338501,2.319401979446411,0.11597010493278503,"[0.05, 0.05, 0.05, 0.05]","[0, 0, 0, 0]",0.0,0,True
seed27_P_O0_resume,319,0.6413244605064392,0.71875,0.913690984249115,0.7068859338760376,2.0932350158691406,0.10466174781322479,"[0.05, 0.05, 0.05, 0.05]","[0, 0, 0, 0]",0.0,0,True
seed27_P_O0_resume,320,0.4153953492641449,0.9375,0.8404588103294373,0.6207072734832764,2.13330078125,0.10666504502296448,"[0.05, 0.05, 0.05, 0.05]","[0, 0, 0, 0]",0.0,0,True
seed27_P_O0_resume,321,0.471912682056427,0.9375,0.8246452808380127,0.6031931638717651,2.1947412490844727,0.10973705351352692,"[0.05, 0.05, 0.05, 0.05]","[0, 0, 0, 0]",0.0,0,True
seed27_P_O0_resume,322,0.5989345908164978,0.875,0.8197013735771179,0.5755224823951721,2.285266876220703,0.11426335573196411,"[0.05, 0.05, 0.05, 0.05]","[0, 0, 0, 0]",0.0,0,True
seed27_P_O0_resume,323,0.5503638982772827,0.90625,0.9275680780410767,0.6849420070648193,2.249856472015381,0.11249282211065292,"[0.05, 0.05, 0.05, 0.05]","[0, 0, 0, 0]",0.0,0,True
seed27_P_O0_resume,324,0.5222162008285522,0.84375,0.8930859565734863,0.7048739790916443,1.9744473695755005,0.09872236847877502,"[0.05, 0.05, 0.05, 0.05]","[0, 0, 0, 0]",0.0,0,True
seed27_P_O0_resume,325,0.579340934753418,0.75,0.7573106288909912,0.5600271224975586,2.0529661178588867,0.1026483103632927,"[0.05, 0.05, 0.05, 0.05]","[0, 0, 0, 0]",0.0,0,True
seed27_P_O0_resume,326,0.508499801158905,0.84375,1.0289188623428345,0.7945617437362671,2.179687023162842,0.10898435115814209,"[0.05, 0.05, 0.05, 0.05]","[0, 0, 0, 0]",0.0,0,True
seed27_P_O0_resume,327,0.5935914516448975,0.875,0.9532265663146973,0.7174212336540222,2.2106847763061523,0.11053423583507538,"[0.05, 0.05, 0.05, 0.05]","[0, 0, 0, 0]",0.0,0,True
seed27_P_O0_resume,328,0.4993995130062103,0.78125,0.7861579060554504,0.5874699354171753,2.0742311477661133,0.1037115603685379,"[0.05, 0.05, 0.05, 0.05]","[0, 0, 0, 0]",0.0,0,True
seed27_P_O0_resume,329,0.5274869203567505,0.78125,0.6908459067344666,0.4740675687789917,2.2075095176696777,0.11037547886371613,"[0.05, 0.05, 0.05, 0.05]","[0, 0, 0, 0]",0.0,0,True
seed27_P_O0_resume,330,0.48852720856666565,0.75,0.7995174527168274,0.5919846296310425,2.1045000553131104,0.10522499680519104,"[0.05, 0.05, 0.05, 0.05]","[0, 0, 0, 0]",0.0,0,True
seed27_P_O0_resume,331,0.4722789227962494,0.84375,0.9172292351722717,0.6843885779380798,2.186723470687866,0.10933618247509003,"[0.05, 0.05, 0.05, 0.05]","[0, 0, 0, 0]",0.0,0,True
seed27_P_O0_resume,332,0.5377609133720398,0.90625,0.9497591257095337,0.7122747898101807,2.2385149002075195,0.11192575097084045,"[0.05, 0.05, 0.05, 0.05]","[0, 0, 0, 0]",0.0,0,True
seed27_P_O0_resume,333,0.5488948822021484,0.84375,0.8321384787559509,0.6167346239089966,2.130559206008911,0.10652796924114227,"[0.05, 0.05, 0.05, 0.05]","[0, 0, 0, 0]",0.0,0,True
seed27_P_O0_resume,334,0.5443011522293091,0.90625,0.8354640007019043,0.6080040335655212,2.199820041656494,0.10999099910259247,"[0.05, 0.05, 0.05, 0.05]","[0, 0, 0, 0]",0.0,0,True
seed27_P_O0_resume,335,0.5095180869102478,0.96875,0.8297476768493652,0.6559052467346191,1.917464017868042,0.09587319195270538,"[0.05, 0.05, 0.05, 0.05]","[0, 0, 0, 0]",0.0,0,True
seed27_P_O0_resume,336,0.5178719162940979,0.875,0.8815329670906067,0.6705161333084106,2.0862250328063965,0.10431124269962311,"[0.05, 0.05, 0.05, 0.05]","[0, 0, 0, 0]",0.0,0,True
seed27_P_O0_resume,337,0.6218820214271545,0.71875,0.8805880546569824,0.6887065768241882,1.9923150539398193,0.09961575269699097,"[0.05, 0.05, 0.05, 0.05]","[0, 0, 0, 0]",0.0,0,True
seed27_P_O0_resume,338,0.5870242714881897,0.84375,0.9495933055877686,0.7276307344436646,2.180805206298828,0.109040267765522,"[0.05, 0.05, 0.05, 0.05]","[0, 0, 0, 0]",0.0,0,True
seed27_P_O0_resume,339,0.5928927063941956,0.71875,0.8211370706558228,0.635536253452301,1.9864468574523926,0.0993223488330841,"[0.05, 0.05, 0.05, 0.05]","[0, 0, 0, 0]",0.0,0,True
seed27_P_O0_resume,340,0.5079880952835083,0.90625,0.800227165222168,0.595993161201477,2.078634262084961,0.103931725025177,"[0.05, 0.05, 0.05, 0.05]","[0, 0, 0, 0]",0.0,0,True
seed27_P_O0_resume,341,0.537604808807373,0.875,0.852915346622467,0.642126202583313,2.0963737964630127,0.10481869429349899,"[0.05, 0.05, 0.05, 0.05]","[0, 0, 0, 0]",0.0,0,True
seed27_P_O0_resume,342,0.5552065968513489,0.78125,0.8412491083145142,0.6487264633178711,2.028794765472412,0.10143974423408508,"[0.05, 0.05, 0.05, 0.05]","[0, 0, 0, 0]",0.0,0,True
seed27_P_O0_resume,343,0.534209668636322,0.90625,0.8442984223365784,0.6201794147491455,2.202540874481201,0.1101270467042923,"[0.05, 0.05, 0.05, 0.05]","[0, 0, 0, 0]",0.0,0,True
seed27_P_O0_resume,344,0.46178138256073,0.9375,0.8026366829872131,0.6178309321403503,1.9979767799377441,0.09989883005619049,"[0.05, 0.05, 0.05, 0.05]","[0, 0, 0, 0]",0.0,0,True
seed27_P_O0_resume,345,0.5419003963470459,0.8125,0.904202938079834,0.6702498197555542,2.2008488178253174,0.11004243791103363,"[0.05, 0.05, 0.05, 0.05]","[0, 0, 0, 0]",0.0,0,True
seed27_P_O0_resume,346,0.5295144319534302,0.8125,0.8117733597755432,0.5746550559997559,2.3205885887145996,0.11602941900491714,"[0.05, 0.05, 0.05, 0.05]","[0, 0, 0, 0]",0.0,0,True
seed27_P_O0_resume,347,0.4637731611728668,0.96875,0.9860503673553467,0.7623658776283264,2.1498007774353027,0.10749004036188126,"[0.05, 0.05, 0.05, 0.05]","[0, 0, 0, 0]",0.0,0,True
seed27_P_O0_resume,348,0.5190839767456055,0.90625,0.9495536088943481,0.7160667181015015,2.2231829166412354,0.11115914583206177,"[0.05, 0.05, 0.05, 0.05]","[0, 0, 0, 0]",0.0,0,True
seed27_P_O0_resume,349,0.5350090861320496,0.90625,0.7667989730834961,0.5625520944595337,2.1074347496032715,0.10537173599004745,"[0.05, 0.05, 0.05, 0.05]","[0, 0, 0, 0]",0.0,0,True
seed27_P_O0_resume,350,0.5496593713760376,0.8125,0.8418756723403931,0.6197878122329712,2.1840145587921143,0.10920073091983795,"[0.05, 0.05, 0.05, 0.05]","[0, 0, 0, 0]",0.0,0,True
seed27_P_O0_resume,351,0.5994518995285034,0.78125,0.8876928091049194,0.6892423629760742,2.0536086559295654,0.10268042981624603,"[0.05, 0.05, 0.05, 0.05]","[0, 0, 0, 0]",0.0,0,True
seed27_P_O0_resume,352,0.5794094204902649,0.84375,0.7912057042121887,0.6084487438201904,1.9798047542572021,0.09899023175239563,"[0.05, 0.05, 0.05, 0.05]","[0, 0, 0, 0]",0.0,0,True
seed27_P_O0_resume,353,0.5431948900222778,0.90625,0.8108463287353516,0.6005693674087524,2.1233131885528564,0.10616565495729446,"[0.05, 0.05, 0.05, 0.05]","[0, 0, 0, 0]",0.0,0,True
seed27_P_O0_resume,354,0.5227310657501221,0.9375,0.8926481008529663,0.7020477056503296,1.9861215353012085,0.09930607676506042,"[0.05, 0.05, 0.05, 0.05]","[0, 0, 0, 0]",0.0,0,True
seed27_P_O0_resume,355,0.47483280301094055,0.96875,0.8301653861999512,0.6310329437255859,2.0722146034240723,0.10361073911190033,"[0.05, 0.05, 0.05, 0.05]","[0, 0, 0, 0]",0.0,0,True
seed27_P_O0_resume,356,0.5715088844299316,0.875,0.7896596193313599,0.5786037445068359,2.1177213191986084,0.1058860570192337,"[0.05, 0.05, 0.05, 0.05]","[0, 0, 0, 0]",0.0,0,True
seed27_P_O0_resume,357,0.5569794178009033,0.8125,0.7353797554969788,0.5446348190307617,2.0442819595336914,0.10221408307552338,"[0.05, 0.05, 0.05, 0.05]","[0, 0, 0, 0]",0.0,0,True
seed27_P_O0_resume,358,0.4629962742328644,0.9375,0.9015178680419922,0.7145130634307861,1.9778082370758057,0.09889040142297745,"[0.05, 0.05, 0.05, 0.05]","[0, 0, 0, 0]",0.0,0,True
seed27_P_O0_resume,359,0.5841742753982544,0.75,0.809256911277771,0.6459572911262512,1.8470392227172852,0.09235197305679321,"[0.05, 0.05, 0.05, 0.05]","[0, 0, 0, 0]",0.0,0,True
seed27_P_O0_resume,360,0.581945538520813,0.84375,0.8221708536148071,0.6124120950698853,2.1268985271453857,0.10634493827819824,"[0.05, 0.05, 0.05, 0.05]","[0, 0, 0, 0]",0.0,0,True
seed27_P_O0_resume,361,0.5038900375366211,0.875,0.8732617497444153,0.6641782522201538,2.0736522674560547,0.10368262231349945,"[0.05, 0.05, 0.05, 0.05]","[0, 0, 0, 0]",0.0,0,True
seed27_P_O0_resume,362,0.5638421773910522,0.84375,0.931431770324707,0.7345877885818481,2.007497787475586,0.10037489235401154,"[0.05, 0.05, 0.05, 0.05]","[0, 0, 0, 0]",0.0,0,True
seed27_P_O0_resume,363,0.5738182067871094,0.8125,0.7327718138694763,0.5708616971969604,1.8532729148864746,0.09266365319490433,"[0.05, 0.05, 0.05, 0.05]","[0, 0, 0, 0]",0.0,0,True
seed27_P_O0_resume,364,0.49725574254989624,0.9375,0.812211275100708,0.6247550249099731,1.9912559986114502,0.09956280887126923,"[0.05, 0.05, 0.05, 0.05]","[0, 0, 0, 0]",0.0,0,True
seed27_P_O0_resume,365,0.4739556610584259,0.8125,0.8255311250686646,0.6263063549995422,2.033596992492676,0.10167984664440155,"[0.05, 0.05, 0.05, 0.05]","[0, 0, 0, 0]",0.0,0,True
seed27_P_O0_resume,366,0.5694730877876282,0.8125,0.8537430763244629,0.6996034383773804,1.777900218963623,0.08889501541852951,"[0.05, 0.05, 0.05, 0.05]","[0, 0, 0, 0]",0.0,0,True
seed27_P_O0_resume,367,0.6247742176055908,0.71875,0.7647402286529541,0.5718489289283752,2.0418267250061035,0.10209134221076965,"[0.05, 0.05, 0.05, 0.05]","[0, 0, 0, 0]",0.0,0,True
seed27_P_O0_resume,368,0.5753797292709351,0.8125,0.8964440822601318,0.6920207142829895,2.0642271041870117,0.10321136564016342,"[0.05, 0.05, 0.05, 0.05]","[0, 0, 0, 0]",0.0,0,True
seed27_P_O0_resume,369,0.5096448063850403,0.84375,0.8165848851203918,0.614282488822937,2.053454637527466,0.10267272591590881,"[0.05, 0.05, 0.05, 0.05]","[0, 0, 0, 0]",0.0,0,True
seed27_P_O0_resume,370,0.5556681752204895,0.90625,0.7733546495437622,0.5320795774459839,2.303981304168701,0.11519905924797058,"[0.05, 0.05, 0.05, 0.05]","[0, 0, 0, 0]",0.0,0,True
seed27_P_O0_resume,371,0.40548157691955566,0.96875,0.9261320233345032,0.714759886264801,2.0490641593933105,0.10245320200920105,"[0.05, 0.05, 0.05, 0.05]","[0, 0, 0, 0]",0.0,0,True
seed27_P_O0_resume,372,0.48679056763648987,0.96875,0.7475476264953613,0.557338535785675,2.0377368927001953,0.10188683867454529,"[0.05, 0.05, 0.05, 0.05]","[0, 0, 0, 0]",0.0,0,True
seed27_P_O0_resume,373,0.6340698599815369,0.6875,0.8297922015190125,0.6845759749412537,1.717311978340149,0.08586559444665909,"[0.05, 0.05, 0.05, 0.05]","[0, 0, 0, 0]",0.0,0,True
seed27_P_O0_resume,374,0.5545721054077148,0.8125,0.9085242748260498,0.7200943231582642,1.980136752128601,0.09900683164596558,"[0.05, 0.05, 0.05, 0.05]","[0, 0, 0, 0]",0.0,0,True
seed27_P_O0_resume,375,0.5572699904441833,0.78125,0.779686689376831,0.5972949266433716,1.961121678352356,0.09805607795715332,"[0.05, 0.05, 0.05, 0.05]","[0, 0, 0, 0]",0.0,0,True
seed27_P_O0_resume,376,0.5873116850852966,0.71875,0.8602777123451233,0.660912036895752,2.044532060623169,0.1022266149520874,"[0.05, 0.05, 0.05, 0.05]","[0, 0, 0, 0]",0.0,0,True
seed27_P_O0_resume,377,0.5580906867980957,0.8125,0.8455994129180908,0.6901350021362305,1.7976373434066772,0.08988186717033386,"[0.05, 0.05, 0.05, 0.05]","[0, 0, 0, 0]",0.0,0,True
seed27_P_O0_resume,378,0.5549288988113403,0.8125,0.8645960688591003,0.7167438268661499,1.7651658058166504,0.0882582888007164,"[0.05, 0.05, 0.05, 0.05]","[0, 0, 0, 0]",0.0,0,True
seed27_P_O0_resume,379,0.5090799331665039,0.875,0.8652874231338501,0.6716854572296143,2.0090482234954834,0.10045240819454193,"[0.05, 0.05, 0.05, 0.05]","[0, 0, 0, 0]",0.0,0,True
seed27_P_O0_resume,380,0.5141504406929016,0.96875,0.8332118988037109,0.6268305778503418,2.076371669769287,0.10381858050823212,"[0.05, 0.05, 0.05, 0.05]","[0, 0, 0, 0]",0.0,0,True
seed27_P_O0_resume,381,0.458440363407135,0.9375,0.9167536497116089,0.7148680090904236,2.03639554977417,0.10181976854801178,"[0.05, 0.05, 0.05, 0.05]","[0, 0, 0, 0]",0.0,0,True
seed27_P_O0_resume,382,0.4905858039855957,0.9375,0.7995041608810425,0.6415061354637146,1.791303038597107,0.08956515789031982,"[0.05, 0.05, 0.05, 0.05]","[0, 0, 0, 0]",0.0,0,True
seed27_P_O0_resume,383,0.5866271257400513,0.6875,0.9436721205711365,0.7926623225212097,1.7346922159194946,0.08673460781574249,"[0.05, 0.05, 0.05, 0.05]","[0, 0, 0, 0]",0.0,0,True
seed27_P_O0_resume,384,0.5492235422134399,0.84375,0.7867506742477417,0.6033434867858887,1.9454820156097412,0.09727410972118378,"[0.05, 0.05, 0.05, 0.05]","[0, 0, 0, 0]",0.0,0,True
seed27_P_O0_resume,385,0.49925515055656433,0.96875,0.8535988926887512,0.6516280174255371,2.0448665618896484,0.1022433340549469,"[0.05, 0.05, 0.05, 0.05]","[0, 0, 0, 0]",0.0,0,True
seed27_P_O0_resume,386,0.5633516907691956,0.8125,0.9045659899711609,0.7370631694793701,1.871511459350586,0.09357558190822601,"[0.05, 0.05, 0.05, 0.05]","[0, 0, 0, 0]",0.0,0,True
seed27_P_O0_resume,387,0.6368240714073181,0.6875,0.8874286413192749,0.7097872495651245,1.9111613035202026,0.0955580621957779,"[0.05, 0.05, 0.05, 0.05]","[0, 0, 0, 0]",0.0,0,True
seed27_P_O0_resume,388,0.58451908826828,0.6875,0.8603993654251099,0.6574309468269348,2.0565271377563477,0.10282636433839798,"[0.05, 0.05, 0.05, 0.05]","[0, 0, 0, 0]",0.0,0,True
seed27_P_O0_resume,389,0.5830230712890625,0.6875,0.7667368650436401,0.5697512030601501,2.0231549739837646,0.10115774720907211,"[0.05, 0.05, 0.05, 0.05]","[0, 0, 0, 0]",0.0,0,True
seed27_P_O0_resume,390,0.5418352484703064,0.84375,0.7410590052604675,0.5745763778686523,1.873518466949463,0.09367592632770538,"[0.05, 0.05, 0.05, 0.05]","[0, 0, 0, 0]",0.0,0,True
seed27_P_O0_resume,391,0.496340274810791,0.84375,0.8917604684829712,0.7348684072494507,1.789947748184204,0.0894973874092102,"[0.05, 0.05, 0.05, 0.05]","[0, 0, 0, 0]",0.0,0,True
seed27_P_O0_resume,392,0.6139544248580933,0.71875,0.7599806785583496,0.6050891280174255,1.7914552688598633,0.08957275748252869,"[0.05, 0.05, 0.05, 0.05]","[0, 0, 0, 0]",0.0,0,True
seed27_P_O0_resume,393,0.49942198395729065,0.96875,0.7869357466697693,0.6242986917495728,1.8513264656066895,0.09256632626056671,"[0.05, 0.05, 0.05, 0.05]","[0, 0, 0, 0]",0.0,0,True
seed27_P_O0_resume,394,0.548841655254364,0.875,0.8899203538894653,0.721664309501648,1.8328324556350708,0.0916416272521019,"[0.05, 0.05, 0.05, 0.05]","[0, 0, 0, 0]",0.0,0,True
seed27_P_O0_resume,395,0.49523094296455383,0.8125,0.8662636280059814,0.6823307275772095,1.943942666053772,0.09719713032245636,"[0.05, 0.05, 0.05, 0.05]","[0, 0, 0, 0]",0.0,0,True
seed27_P_O0_resume,396,0.4941936731338501,0.90625,0.791516900062561,0.6168653964996338,1.919554352760315,0.09597771614789963,"[0.05, 0.05, 0.05, 0.05]","[0, 0, 0, 0]",0.0,0,True
seed27_P_O0_resume,397,0.6071254014968872,0.71875,0.7845793962478638,0.6406252384185791,1.733424186706543,0.08667120337486267,"[0.05, 0.05, 0.05, 0.05]","[0, 0, 0, 0]",0.0,0,True
seed27_P_O0_resume,398,0.6270738840103149,0.71875,0.9058738946914673,0.7376983165740967,1.8297432661056519,0.09148716926574707,"[0.05, 0.05, 0.05, 0.05]","[0, 0, 0, 0]",0.0,0,True
seed27_P_O0_resume,399,0.5548096299171448,0.84375,0.8392263650894165,0.6778455972671509,1.818749189376831,0.09093746542930603,"[0.05, 0.05, 0.05, 0.05]","[0, 0, 0, 0]",0.0,0,True
seed27_P_O0_resume,400,0.48811131715774536,0.875,0.734732985496521,0.5687708854675293,1.8877379894256592,0.09438690543174744,"[0.05, 0.05, 0.05, 0.05]","[0, 0, 0, 0]",0.0,0,True
seed27_P_C2_warm,1,1.0572748184204102,0.5,2.0945982933044434,1.8956079483032227,9.125415802001953,0.18984684348106384,"[0.012500000186264515, 0.05000000074505806, 0.0062500000931322575, 0.05000000074505806]","[3.0, 1.0, 4.0, 1.0]",0.0,0,True
seed27_P_C2_warm,2,0.6187180876731873,0.71875,1.9055694341659546,1.7945821285247803,6.844396591186523,0.11023160815238953,"[0.0062500000931322575, 0.02500000037252903, 0.012500000186264515, 0.05000000074505806]","[4.0, 2.0, 3.0, 1.0]",0.0,0,True
seed27_P_C2_warm,3,2.0410830974578857,0.4375,2.4754371643066406,2.395979881286621,10.427541732788086,0.391984760761261,"[0.05000000074505806, 0.05000000074505806, 0.02500000037252903, 0.02500000037252903]","[1.0, 1.0, 2.0, 2.0]",0.0,0,True
seed27_P_C2_warm,4,0.5587641000747681,0.875,2.0067992210388184,1.8837772607803345,7.19179630279541,0.16463762521743774,"[0.012500000186264515, 0.05000000074505806, 0.0062500000931322575, 0.05000000074505806]","[3.0, 1.0, 4.0, 1.0]",0.0,0,True
seed27_P_C2_warm,5,0.7116838693618774,0.59375,1.9951430559158325,1.8375169038772583,9.229898452758789,0.19135139882564545,"[0.02500000037252903, 0.05000000074505806, 0.0062500000931322575, 0.05000000074505806]","[2.0, 1.0, 4.0, 1.0]",0.0,0,True
seed27_P_C2_warm,6,2.4884910583496094,0.21875,2.4450995922088623,2.17060923576355,9.217049598693848,0.3770318031311035,"[0.05000000074505806, 0.05000000074505806, 0.02500000037252903, 0.05000000074505806]","[1.0, 1.0, 2.0, 1.0]",0.0,0,True
seed27_P_C2_warm,7,0.6238881945610046,0.75,2.0820863246917725,1.8532123565673828,10.418010711669922,0.15844112634658813,"[0.0062500000931322575, 0.05000000074505806, 0.012500000186264515, 0.05000000074505806]","[4.0, 1.0, 3.0, 1.0]",0.0,0,True
seed27_P_C2_warm,8,0.8971003293991089,0.5,1.8964474201202393,1.732259750366211,7.924944877624512,0.1318654716014862,"[0.012500000186264515, 0.05000000074505806, 0.0062500000931322575, 0.05000000074505806]","[3.0, 1.0, 4.0, 1.0]",0.0,0,True
seed27_P_C2_warm,9,0.9541498422622681,0.625,2.335683822631836,1.9523581266403198,9.037689208984375,0.24994531273841858,"[0.012500000186264515, 0.05000000074505806, 0.05000000074505806, 0.05000000074505806]","[3.0, 1.0, 1.0, 1.0]",0.0,0,True
seed27_P_C2_warm,10,0.6757748126983643,0.6875,1.968578815460205,1.7014405727386475,8.374216079711914,0.09377776086330414,"[0.0062500000931322575, 0.05000000074505806, 0.0062500000931322575, 0.05000000074505806]","[4.0, 1.0, 4.0, 1.0]",0.0,0,True
seed27_P_C2_warm,11,0.5589401721954346,0.84375,2.0074949264526367,1.8074140548706055,6.950812816619873,0.13135522603988647,"[0.012500000186264515, 0.05000000074505806, 0.012500000186264515, 0.05000000074505806]","[3.0, 1.0, 3.0, 1.0]",0.0,0,True
seed27_P_C2_warm,12,0.6220279932022095,0.75,2.2782480716705322,1.9556043148040771,10.22179889678955,0.14081889390945435,"[0.0062500000931322575, 0.05000000074505806, 0.012500000186264515, 0.05000000074505806]","[4.0, 1.0, 3.0, 1.0]",0.0,0,True
seed27_P_C2_warm,13,0.7252774834632874,0.6875,2.0908589363098145,1.8501231670379639,7.624837398529053,0.16103433072566986,"[0.02500000037252903, 0.05000000074505806, 0.0062500000931322575, 0.05000000074505806]","[2.0, 1.0, 4.0, 1.0]",0.0,0,True
seed27_P_C2_warm,14,0.6300116777420044,0.625,2.2129809856414795,1.8246521949768066,9.003875732421875,0.266469269990921,"[0.0062500000931322575, 0.05000000074505806, 0.02500000037252903, 0.05000000074505806]","[4.0, 1.0, 2.0, 1.0]",0.0,0,True
seed27_P_C2_warm,15,0.512357771396637,0.875,1.7953554391860962,1.7273586988449097,4.816361904144287,0.12190640717744827,"[0.02500000037252903, 0.05000000074505806, 0.012500000186264515, 0.05000000074505806]","[2.0, 1.0, 3.0, 1.0]",0.0,0,True
seed27_P_C2_warm,16,1.720170021057129,0.40625,2.8159842491149902,2.209333896636963,10.507181167602539,0.33159691095352173,"[0.012500000186264515, 0.05000000074505806, 0.05000000074505806, 0.05000000074505806]","[3.0, 1.0, 1.0, 1.0]",0.0,0,True
seed27_P_C2_warm,17,1.3855208158493042,0.375,2.4794673919677734,2.2899084091186523,8.192593574523926,0.25018376111984253,"[0.02500000037252903, 0.05000000074505806, 0.02500000037252903, 0.05000000074505806]","[2.0, 1.0, 2.0, 1.0]",0.0,0,True
seed27_P_C2_warm,18,0.5747116804122925,0.65625,1.9853966236114502,1.7774087190628052,5.439596652984619,0.12975162267684937,"[0.012500000186264515, 0.05000000074505806, 0.0062500000931322575, 0.05000000074505806]","[3.0, 1.0, 4.0, 1.0]",0.0,0,True
seed27_P_C2_warm,19,0.6882977485656738,0.53125,1.9644768238067627,1.7527755498886108,7.613166809082031,0.16740721464157104,"[0.012500000186264515, 0.05000000074505806, 0.0062500000931322575, 0.05000000074505806]","[3.0, 1.0, 4.0, 1.0]",0.0,0,True
seed27_P_C2_warm,20,0.6375971436500549,0.84375,2.193234920501709,1.8798062801361084,7.4715070724487305,0.1819865107536316,"[0.012500000186264515, 0.05000000074505806, 0.02500000037252903, 0.05000000074505806]","[3.0, 1.0, 2.0, 1.0]",0.0,0,True
seed27_P_C2_warm,21,0.8085797429084778,0.59375,2.2540998458862305,1.9388176202774048,8.301946640014648,0.21923115849494934,"[0.02500000037252903, 0.05000000074505806, 0.0062500000931322575, 0.05000000074505806]","[2.0, 1.0, 4.0, 1.0]",0.0,0,True
seed27_P_C2_warm,22,0.6967581510543823,0.625,2.1074819564819336,1.8396354913711548,7.366764545440674,0.11399061232805252,"[0.0062500000931322575, 0.05000000074505806, 0.012500000186264515, 0.05000000074505806]","[4.0, 1.0, 3.0, 1.0]",0.0,0,True
seed27_P_C2_warm,23,0.4603103697299957,1.0,1.9395644664764404,1.7081352472305298,6.830338478088379,0.11530951410531998,"[0.012500000186264515, 0.05000000074505806, 0.012500000186264515, 0.05000000074505806]","[3.0, 1.0, 3.0, 1.0]",0.0,0,True
seed27_P_C2_warm,24,0.9708213210105896,0.40625,2.542173385620117,2.347418785095215,8.193533897399902,0.4096766710281372,"[0.05000000074505806, 0.05000000074505806, 0.05000000074505806, 0.05000000074505806]","[1.0, 1.0, 1.0, 1.0]",0.0,0,True
seed27_P_C2_warm,25,1.0841786861419678,0.5625,2.2746808528900146,2.027921676635742,11.752473831176758,0.1823120266199112,"[0.012500000186264515, 0.05000000074505806, 0.0062500000931322575, 0.05000000074505806]","[3.0, 1.0, 4.0, 1.0]",0.0,0,True
seed27_P_C2_warm,26,0.6574275493621826,0.875,2.310849189758301,1.8330131769180298,4.872550010681152,0.20844140648841858,"[0.02500000037252903, 0.05000000074505806, 0.05000000074505806, 0.05000000074505806]","[2.0, 1.0, 1.0, 1.0]",0.0,0,True
seed27_P_C2_warm,27,0.6380484104156494,0.65625,2.1234211921691895,1.855513095855713,6.987199306488037,0.14371725916862488,"[0.012500000186264515, 0.05000000074505806, 0.012500000186264515, 0.05000000074505806]","[3.0, 1.0, 3.0, 1.0]",0.0,0,True
seed27_P_C2_warm,28,0.7106996178627014,0.75,1.985445499420166,1.7731109857559204,4.255403518676758,0.1848333179950714,"[0.02500000037252903, 0.05000000074505806, 0.05000000074505806, 0.05000000074505806]","[2.0, 1.0, 1.0, 1.0]",0.0,0,True
seed27_P_C2_warm,29,0.6658760905265808,0.59375,2.3936610221862793,2.0054423809051514,7.783722877502441,0.2916627824306488,"[0.012500000186264515, 0.05000000074505806, 0.05000000074505806, 0.05000000074505806]","[3.0, 1.0, 1.0, 1.0]",0.0,0,True
seed27_P_C2_warm,30,1.2047806978225708,0.5,1.9882621765136719,1.8411266803741455,7.774273872375488,0.15755215287208557,"[0.012500000186264515, 0.05000000074505806, 0.0062500000931322575, 0.05000000074505806]","[3.0, 1.0, 4.0, 1.0]",0.0,0,True
seed27_P_C2_warm,31,0.6849362254142761,0.75,2.1388278007507324,1.9556024074554443,7.768800258636475,0.18992246687412262,"[0.012500000186264515, 0.05000000074505806, 0.02500000037252903, 0.05000000074505806]","[3.0, 1.0, 2.0, 1.0]",0.0,0,True
seed27_P_C2_warm,32,0.603302538394928,0.8125,1.9144706726074219,1.677226185798645,6.215112209320068,0.13046219944953918,"[0.02500000037252903, 0.05000000074505806, 0.0062500000931322575, 0.05000000074505806]","[2.0, 1.0, 4.0, 1.0]",0.0,0,True
seed27_P_C2_warm,33,0.6768447756767273,0.75,2.3568525314331055,2.1854753494262695,6.370323657989502,0.25138059258461,"[0.012500000186264515, 0.05000000074505806, 0.05000000074505806, 0.05000000074505806]","[3.0, 1.0, 1.0, 1.0]",0.0,0,True
seed27_P_C2_warm,34,1.7762701511383057,0.46875,2.634753465652466,2.257449150085449,7.198622703552246,0.3599311113357544,"[0.05000000074505806, 0.05000000074505806, 0.05000000074505806, 0.05000000074505806]","[1.0, 1.0, 1.0, 1.0]",0.0,0,True
seed27_P_C2_warm,35,0.6773159503936768,0.84375,2.303816318511963,2.0231575965881348,5.713732719421387,0.17943570017814636,"[0.02500000037252903, 0.05000000074505806, 0.02500000037252903, 0.05000000074505806]","[2.0, 1.0, 2.0, 1.0]",0.0,0,True
seed27_P_C2_warm,36,0.6089699268341064,0.71875,1.9006304740905762,1.7335314750671387,4.106969833374023,0.13622795045375824,"[0.02500000037252903, 0.05000000074505806, 0.02500000037252903, 0.05000000074505806]","[2.0, 1.0, 2.0, 1.0]",0.0,0,True
seed27_P_C2_warm,37,0.6543376445770264,0.59375,1.9755518436431885,1.8277661800384521,4.556218147277832,0.09649080783128738,"[0.02500000037252903, 0.02500000037252903, 0.012500000186264515, 0.05000000074505806]","[2.0, 2.0, 3.0, 1.0]",0.0,0,True
seed27_P_C2_warm,38,1.2946908473968506,0.40625,2.2377443313598633,2.1749439239501953,8.102344512939453,0.3029830753803253,"[0.02500000037252903, 0.02500000037252903, 0.05000000074505806, 0.05000000074505806]","[2.0, 2.0, 1.0, 1.0]",0.0,0,True
seed27_P_C2_warm,39,0.8528903722763062,0.5,2.3781661987304688,1.869338035583496,7.419134616851807,0.20264658331871033,"[0.012500000186264515, 0.05000000074505806, 0.02500000037252903, 0.05000000074505806]","[3.0, 1.0, 2.0, 1.0]",0.0,0,True
seed27_P_C2_warm,40,0.7555403113365173,0.71875,2.1616387367248535,1.9758474826812744,4.534989356994629,0.2267494797706604,"[0.05000000074505806, 0.05000000074505806, 0.05000000074505806, 0.05000000074505806]","[1.0, 1.0, 1.0, 1.0]",0.0,0,True
seed27_P_C2_warm,41,0.8071064949035645,0.6875,2.0477991104125977,1.9160072803497314,8.667452812194824,0.19162173569202423,"[0.012500000186264515, 0.02500000037252903, 0.02500000037252903, 0.05000000074505806]","[3.0, 2.0, 2.0, 1.0]",0.0,0,True
seed27_P_C2_warm,42,0.7782354354858398,0.625,2.436171054840088,2.0494236946105957,7.539140701293945,0.2412065863609314,"[0.02500000037252903, 0.05000000074505806, 0.02500000037252903, 0.05000000074505806]","[2.0, 1.0, 2.0, 1.0]",0.0,0,True
seed27_P_C2_warm,43,1.910494089126587,0.625,2.707057476043701,1.8302412033081055,7.0449934005737305,0.3522496819496155,"[0.05000000074505806, 0.05000000074505806, 0.05000000074505806, 0.05000000074505806]","[1.0, 1.0, 1.0, 1.0]",0.0,0,True
seed27_P_C2_warm,44,0.7509804368019104,0.59375,1.968570590019226,1.683766484260559,7.079439640045166,0.131744846701622,"[0.0062500000931322575, 0.05000000074505806, 0.02500000037252903, 0.05000000074505806]","[4.0, 1.0, 2.0, 1.0]",0.0,0,True
seed27_P_C2_warm,45,0.885790228843689,0.4375,2.622410297393799,2.1388416290283203,7.396515846252441,0.3698258399963379,"[0.05000000074505806, 0.05000000074505806, 0.05000000074505806, 0.05000000074505806]","[1.0, 1.0, 1.0, 1.0]",0.0,0,True
seed27_P_C2_warm,46,0.6407742500305176,0.5625,1.9575139284133911,1.7422349452972412,5.061751365661621,0.17411144077777863,"[0.012500000186264515, 0.05000000074505806, 0.05000000074505806, 0.05000000074505806]","[3.0, 1.0, 1.0, 1.0]",0.0,0,True
seed27_P_C2_warm,47,0.6075921654701233,0.71875,2.068114757537842,1.6906840801239014,4.81764030456543,0.1830432415008545,"[0.012500000186264515, 0.05000000074505806, 0.05000000074505806, 0.05000000074505806]","[3.0, 1.0, 1.0, 1.0]",0.0,0,True
seed27_P_C2_warm,48,2.523012161254883,0.28125,2.5205764770507812,2.2674033641815186,6.508443355560303,0.32542216777801514,"[0.05000000074505806, 0.05000000074505806, 0.05000000074505806, 0.05000000074505806]","[1.0, 1.0, 1.0, 1.0]",0.0,0,True
seed27_P_C2_warm,49,0.8315184712409973,0.59375,2.5031442642211914,1.9532639980316162,6.252499103546143,0.26147156953811646,"[0.05000000074505806, 0.05000000074505806, 0.02500000037252903, 0.05000000074505806]","[1.0, 1.0, 2.0, 1.0]",0.0,0,True
seed27_P_C2_warm,50,1.17814040184021,0.5,2.359070301055908,2.0040385723114014,7.834488868713379,0.22466975450515747,"[0.02500000037252903, 0.05000000074505806, 0.02500000037252903, 0.05000000074505806]","[2.0, 1.0, 2.0, 1.0]",0.0,0,True
seed27_P_C2_warm,51,0.5271141529083252,0.78125,1.909799575805664,1.5554630756378174,7.6154656410217285,0.15787765383720398,"[0.012500000186264515, 0.05000000074505806, 0.012500000186264515, 0.05000000074505806]","[3.0, 1.0, 3.0, 1.0]",0.0,0,True
seed27_P_C2_warm,52,0.5314455628395081,0.90625,2.1806602478027344,1.884232759475708,6.497001647949219,0.32485005259513855,"[0.05000000074505806, 0.05000000074505806, 0.05000000074505806, 0.05000000074505806]","[1.0, 1.0, 1.0, 1.0]",0.0,0,True
seed27_P_C2_warm,53,0.7432231903076172,0.75,2.248842239379883,2.0638606548309326,5.991508483886719,0.2677438259124756,"[0.05000000074505806, 0.05000000074505806, 0.02500000037252903, 0.05000000074505806]","[1.0, 1.0, 2.0, 1.0]",0.0,0,True
seed27_P_C2_warm,54,1.10731840133667,0.4375,2.3235116004943848,1.9315052032470703,7.445492744445801,0.23124562203884125,"[0.02500000037252903, 0.05000000074505806, 0.02500000037252903, 0.05000000074505806]","[2.0, 1.0, 2.0, 1.0]",0.0,0,True
seed27_P_C2_warm,55,0.6306834816932678,0.8125,2.2473487854003906,1.8881051540374756,5.154078960418701,0.21030978858470917,"[0.012500000186264515, 0.05000000074505806, 0.05000000074505806, 0.05000000074505806]","[3.0, 1.0, 1.0, 1.0]",0.0,0,True
seed27_P_C2_warm,56,0.6406398415565491,0.84375,2.3844966888427734,1.9730358123779297,5.605071067810059,0.22489583492279053,"[0.02500000037252903, 0.05000000074505806, 0.05000000074505806, 0.05000000074505806]","[2.0, 1.0, 1.0, 1.0]",0.0,0,True
seed27_P_C2_warm,57,0.6629979014396667,0.75,1.9189164638519287,1.6971094608306885,5.103607177734375,0.12392408400774002,"[0.012500000186264515, 0.05000000074505806, 0.02500000037252903, 0.05000000074505806]","[3.0, 1.0, 2.0, 1.0]",0.0,0,True
seed27_P_C2_warm,58,1.6673815250396729,0.6875,2.240778923034668,1.9010761976242065,6.676314353942871,0.2421497404575348,"[0.05000000074505806, 0.05000000074505806, 0.012500000186264515, 0.05000000074505806]","[1.0, 1.0, 3.0, 1.0]",0.0,0,True
seed27_P_C2_warm,59,0.5169389843940735,0.78125,1.9830135107040405,1.768053412437439,4.748321533203125,0.10555504262447357,"[0.02500000037252903, 0.05000000074505806, 0.012500000186264515, 0.05000000074505806]","[2.0, 1.0, 3.0, 1.0]",0.0,0,True
seed27_P_C2_warm,60,0.6666507720947266,0.65625,2.3225178718566895,2.0350687503814697,7.426542282104492,0.20565122365951538,"[0.02500000037252903, 0.05000000074505806, 0.02500000037252903, 0.05000000074505806]","[2.0, 1.0, 2.0, 1.0]",0.0,0,True
seed27_P_C2_warm,61,0.7048285007476807,0.71875,2.199831485748291,1.9593969583511353,8.300798416137695,0.23408016562461853,"[0.02500000037252903, 0.05000000074505806, 0.02500000037252903, 0.05000000074505806]","[2.0, 1.0, 2.0, 1.0]",0.0,0,True
seed27_P_C2_warm,62,1.0206562280654907,0.40625,2.6129961013793945,2.2857723236083984,7.2673187255859375,0.29956138134002686,"[0.02500000037252903, 0.05000000074505806, 0.05000000074505806, 0.05000000074505806]","[2.0, 1.0, 1.0, 1.0]",0.0,0,True
seed27_P_C2_warm,63,1.3595595359802246,0.46875,2.390793800354004,2.10964298248291,6.824227333068848,0.24953117966651917,"[0.05000000074505806, 0.05000000074505806, 0.012500000186264515, 0.05000000074505806]","[1.0, 1.0, 3.0, 1.0]",0.0,0,True
seed27_P_C2_warm,64,0.6300985217094421,0.84375,1.8221477270126343,1.5824400186538696,4.198006629943848,0.1260712742805481,"[0.02500000037252903, 0.05000000074505806, 0.012500000186264515, 0.05000000074505806]","[2.0, 1.0, 3.0, 1.0]",0.0,0,True
seed27_P_C2_warm,65,0.7059689164161682,0.75,2.1362929344177246,1.8376388549804688,6.763343811035156,0.1631506234407425,"[0.012500000186264515, 0.05000000074505806, 0.02500000037252903, 0.05000000074505806]","[3.0, 1.0, 2.0, 1.0]",0.0,0,True
seed27_P_C2_warm,66,0.7469273805618286,0.78125,2.2837188243865967,1.8789360523223877,6.043605327606201,0.22965627908706665,"[0.012500000186264515, 0.05000000074505806, 0.05000000074505806, 0.05000000074505806]","[3.0, 1.0, 1.0, 1.0]",0.0,0,True
seed27_P_C2_warm,67,0.9597331285476685,0.65625,2.7937259674072266,2.432077407836914,7.853799819946289,0.3926900029182434,"[0.05000000074505806, 0.05000000074505806, 0.05000000074505806, 0.05000000074505806]","[1.0, 1.0, 1.0, 1.0]",0.0,0,True
seed27_P_C2_warm,68,0.6131714582443237,0.71875,2.6229281425476074,2.20975399017334,7.699716091156006,0.32180386781692505,"[0.02500000037252903, 0.05000000074505806, 0.05000000074505806, 0.05000000074505806]","[2.0, 1.0, 1.0, 1.0]",0.0,0,True
seed27_P_C2_warm,69,0.6307047605514526,0.71875,1.874686598777771,1.6382203102111816,4.4924468994140625,0.14861918985843658,"[0.05000000074505806, 0.05000000074505806, 0.012500000186264515, 0.05000000074505806]","[1.0, 1.0, 3.0, 1.0]",0.0,0,True
seed27_P_C2_warm,70,0.5313593745231628,0.84375,1.7970514297485352,1.6469980478286743,5.190715789794922,0.12464570254087448,"[0.012500000186264515, 0.05000000074505806, 0.02500000037252903, 0.05000000074505806]","[3.0, 1.0, 2.0, 1.0]",0.0,0,True
seed27_P_C2_warm,71,0.664033055305481,0.625,2.0594372749328613,1.8847938776016235,4.483368873596191,0.13217589259147644,"[0.02500000037252903, 0.05000000074505806, 0.02500000037252903, 0.05000000074505806]","[2.0, 1.0, 2.0, 1.0]",0.0,0,True
seed27_P_C2_warm,72,0.8022469878196716,0.71875,2.212977409362793,1.9038792848587036,5.950639724731445,0.17081652581691742,"[0.02500000037252903, 0.05000000074505806, 0.02500000037252903, 0.05000000074505806]","[2.0, 1.0, 2.0, 1.0]",0.0,0,True
seed27_P_C2_warm,73,1.2614850997924805,0.40625,2.136396646499634,2.011674642562866,6.334145545959473,0.20788267254829407,"[0.05000000074505806, 0.05000000074505806, 0.02500000037252903, 0.05000000074505806]","[1.0, 1.0, 2.0, 1.0]",0.0,0,True
seed27_P_C2_warm,74,0.8490877747535706,0.59375,2.359947681427002,2.196324348449707,6.215274333953857,0.24961122870445251,"[0.02500000037252903, 0.05000000074505806, 0.05000000074505806, 0.05000000074505806]","[2.0, 1.0, 1.0, 1.0]",0.0,0,True
seed27_P_C2_warm,75,0.9114874005317688,0.46875,2.4091928005218506,2.0278680324554443,5.179965019226074,0.18755383789539337,"[0.02500000037252903, 0.05000000074505806, 0.05000000074505806, 0.05000000074505806]","[2.0, 1.0, 1.0, 1.0]",0.0,0,True
seed27_P_C2_warm,76,0.625177800655365,0.625,2.422574520111084,2.263760566711426,6.6326398849487305,0.1666204035282135,"[0.012500000186264515, 0.05000000074505806, 0.02500000037252903, 0.05000000074505806]","[3.0, 1.0, 2.0, 1.0]",0.0,0,True
seed27_P_C2_warm,77,0.6745006442070007,0.75,2.2667298316955566,1.9468657970428467,4.997002601623535,0.19186171889305115,"[0.02500000037252903, 0.05000000074505806, 0.05000000074505806, 0.05000000074505806]","[2.0, 1.0, 1.0, 1.0]",0.0,0,True
seed27_P_C2_warm,78,0.5748034119606018,0.71875,2.168236255645752,1.944093942642212,4.719475746154785,0.14674121141433716,"[0.02500000037252903, 0.05000000074505806, 0.02500000037252903, 0.05000000074505806]","[2.0, 1.0, 2.0, 1.0]",0.0,0,True
seed27_P_C2_warm,79,0.6650059223175049,0.65625,2.4810335636138916,2.162260055541992,6.281741142272949,0.22158794105052948,"[0.05000000074505806, 0.05000000074505806, 0.012500000186264515, 0.05000000074505806]","[1.0, 1.0, 3.0, 1.0]",0.0,0,True
seed27_P_C2_warm,80,0.7413057684898376,0.625,2.0911459922790527,1.8471050262451172,5.47755765914917,0.20221102237701416,"[0.05000000074505806, 0.05000000074505806, 0.02500000037252903, 0.05000000074505806]","[1.0, 1.0, 2.0, 1.0]",0.0,0,True
seed27_P_C2_warm,81,0.5566363334655762,0.875,2.1494948863983154,1.8468279838562012,5.183178901672363,0.17486731708049774,"[0.05000000074505806, 0.05000000074505806, 0.012500000186264515, 0.05000000074505806]","[1.0, 1.0, 3.0, 1.0]",0.0,0,True
seed27_P_C2_warm,82,0.5749081373214722,0.8125,1.973113775253296,1.7508559226989746,4.6466217041015625,0.1397235095500946,"[0.02500000037252903, 0.05000000074505806, 0.02500000037252903, 0.05000000074505806]","[2.0, 1.0, 2.0, 1.0]",0.0,0,True
seed27_P_C2_warm,83,0.5841547846794128,0.71875,1.8703508377075195,1.7060710191726685,5.936182975769043,0.10907342284917831,"[0.012500000186264515, 0.05000000074505806, 0.02500000037252903, 0.05000000074505806]","[3.0, 1.0, 2.0, 1.0]",0.0,0,True
seed27_P_C2_warm,84,0.6116300821304321,0.75,1.9543557167053223,1.605131983757019,4.759477615356445,0.15075108408927917,"[0.02500000037252903, 0.05000000074505806, 0.02500000037252903, 0.05000000074505806]","[2.0, 1.0, 2.0, 1.0]",0.0,0,True
seed27_P_C2_warm,85,0.7300676703453064,0.53125,2.3125743865966797,2.016422748565674,6.8376359939575195,0.21624606847763062,"[0.02500000037252903, 0.05000000074505806, 0.02500000037252903, 0.05000000074505806]","[2.0, 1.0, 2.0, 1.0]",0.0,0,True
seed27_P_C2_warm,86,0.7467318773269653,0.53125,2.2458696365356445,1.8346552848815918,6.276919364929199,0.24316483736038208,"[0.012500000186264515, 0.05000000074505806, 0.05000000074505806, 0.05000000074505806]","[3.0, 1.0, 1.0, 1.0]",0.0,0,True
seed27_P_C2_warm,87,0.6096609830856323,0.84375,2.440045118331909,2.16595458984375,7.413671016693115,0.31824690103530884,"[0.05000000074505806, 0.05000000074505806, 0.02500000037252903, 0.05000000074505806]","[1.0, 1.0, 2.0, 1.0]",0.0,0,True
seed27_P_C2_warm,88,0.6503207087516785,0.59375,2.388943672180176,2.0677738189697266,4.905674934387207,0.15306007862091064,"[0.02500000037252903, 0.05000000074505806, 0.02500000037252903, 0.05000000074505806]","[2.0, 1.0, 2.0, 1.0]",0.0,0,True
seed27_P_C2_warm,89,0.6533438563346863,0.71875,2.188305377960205,1.8070906400680542,6.250636100769043,0.2543213665485382,"[0.05000000074505806, 0.05000000074505806, 0.02500000037252903, 0.05000000074505806]","[1.0, 1.0, 2.0, 1.0]",0.0,0,True
seed27_P_C2_warm,90,0.6761398911476135,0.625,2.0321223735809326,1.8351271152496338,5.637236595153809,0.13030493259429932,"[0.012500000186264515, 0.05000000074505806, 0.02500000037252903, 0.05000000074505806]","[3.0, 1.0, 2.0, 1.0]",0.0,0,True
seed27_P_C2_warm,91,0.6449819803237915,0.6875,2.382896900177002,1.957322359085083,4.514764785766602,0.2257382571697235,"[0.05000000074505806, 0.05000000074505806, 0.05000000074505806, 0.05000000074505806]","[1.0, 1.0, 1.0, 1.0]",0.0,0,True
seed27_P_C2_warm,92,0.9729722142219543,0.5,3.292978286743164,2.169063091278076,6.557209014892578,0.3278604745864868,"[0.05000000074505806, 0.05000000074505806, 0.05000000074505806, 0.05000000074505806]","[1.0, 1.0, 1.0, 1.0]",0.0,0,True
seed27_P_C2_warm,93,0.9351190328598022,0.625,2.3904523849487305,2.2295174598693848,7.245512962341309,0.3622756004333496,"[0.05000000074505806, 0.05000000074505806, 0.05000000074505806, 0.05000000074505806]","[1.0, 1.0, 1.0, 1.0]",0.0,0,True
seed27_P_C2_warm,94,0.684463620185852,0.71875,2.2157649993896484,1.7690829038619995,4.089923858642578,0.20449620485305786,"[0.05000000074505806, 0.05000000074505806, 0.05000000074505806, 0.05000000074505806]","[1.0, 1.0, 1.0, 1.0]",0.0,0,True
seed27_P_C2_warm,95,0.7469573020935059,0.625,2.839874267578125,1.929779291152954,8.350116729736328,0.4175058603286743,"[0.05000000074505806, 0.05000000074505806, 0.05000000074505806, 0.05000000074505806]","[1.0, 1.0, 1.0, 1.0]",0.0,0,True
seed27_P_C2_warm,96,0.6348056793212891,0.8125,2.393313407897949,2.127635955810547,6.200182914733887,0.23579300940036774,"[0.05000000074505806, 0.05000000074505806, 0.02500000037252903, 0.05000000074505806]","[1.0, 1.0, 2.0, 1.0]",0.0,0,True
seed27_P_C2_warm,97,0.6459216475486755,0.6875,2.6062350273132324,2.0271244049072266,5.758316993713379,0.23077240586280823,"[0.02500000037252903, 0.05000000074505806, 0.05000000074505806, 0.05000000074505806]","[2.0, 1.0, 1.0, 1.0]",0.0,0,True
seed27_P_C2_warm,98,0.9306824207305908,0.625,2.3460264205932617,1.7922637462615967,4.679543495178223,0.23397716879844666,"[0.05000000074505806, 0.05000000074505806, 0.05000000074505806, 0.05000000074505806]","[1.0, 1.0, 1.0, 1.0]",0.0,0,True
seed27_P_C2_warm,99,0.7888909578323364,0.75,2.061025381088257,1.7800291776657104,4.7506303787231445,0.17595717310905457,"[0.05000000074505806, 0.05000000074505806, 0.012500000186264515, 0.05000000074505806]","[1.0, 1.0, 3.0, 1.0]",0.0,0,True
seed27_P_C2_warm,100,0.6568959951400757,0.5625,2.2070364952087402,1.8835155963897705,4.6675214767456055,0.17444264888763428,"[0.05000000074505806, 0.05000000074505806, 0.02500000037252903, 0.05000000074505806]","[1.0, 1.0, 2.0, 1.0]",0.0,0,True
seed27_P_C2_warm,101,0.5681631565093994,0.9375,2.309062957763672,2.055422306060791,4.835151672363281,0.20332108438014984,"[0.05000000074505806, 0.05000000074505806, 0.02500000037252903, 0.05000000074505806]","[1.0, 1.0, 2.0, 1.0]",0.0,0,True
seed27_P_C2_warm,102,0.8396526575088501,0.8125,2.1193771362304688,1.896554946899414,5.61946964263916,0.198288694024086,"[0.012500000186264515, 0.05000000074505806, 0.05000000074505806, 0.05000000074505806]","[3.0, 1.0, 1.0, 1.0]",0.0,0,True
seed27_P_C2_warm,103,1.0129797458648682,0.5,2.1896631717681885,1.9733200073242188,6.166783332824707,0.2644398510456085,"[0.02500000037252903, 0.05000000074505806, 0.05000000074505806, 0.05000000074505806]","[2.0, 1.0, 1.0, 1.0]",0.0,0,True
seed27_P_C2_warm,104,0.6532254815101624,0.625,2.213742733001709,1.9222691059112549,5.041154861450195,0.19768080115318298,"[0.05000000074505806, 0.05000000074505806, 0.02500000037252903, 0.05000000074505806]","[1.0, 1.0, 2.0, 1.0]",0.0,0,True
seed27_P_C2_warm,105,0.7085888385772705,0.75,2.185650110244751,1.919946312904358,4.9858503341674805,0.19338178634643555,"[0.05000000074505806, 0.05000000074505806, 0.02500000037252903, 0.05000000074505806]","[1.0, 1.0, 2.0, 1.0]",0.0,0,True
seed27_P_C2_warm,106,0.7941473126411438,0.59375,2.099270820617676,1.8212782144546509,4.297358512878418,0.16490043699741364,"[0.02500000037252903, 0.05000000074505806, 0.05000000074505806, 0.05000000074505806]","[2.0, 1.0, 1.0, 1.0]",0.0,0,True
seed27_P_C2_warm,107,1.2520220279693604,0.5,2.3695337772369385,2.0865745544433594,5.712984085083008,0.2856491804122925,"[0.05000000074505806, 0.05000000074505806, 0.05000000074505806, 0.05000000074505806]","[1.0, 1.0, 1.0, 1.0]",0.0,0,True
seed27_P_C2_warm,108,0.6187124252319336,0.78125,2.5420961380004883,2.171623468399048,5.587327003479004,0.24184614419937134,"[0.05000000074505806, 0.05000000074505806, 0.02500000037252903, 0.05000000074505806]","[1.0, 1.0, 2.0, 1.0]",0.0,0,True
seed27_P_C2_warm,109,0.7234017252922058,0.6875,1.9881672859191895,1.8330596685409546,3.9200239181518555,0.15919899940490723,"[0.05000000074505806, 0.05000000074505806, 0.02500000037252903, 0.05000000074505806]","[1.0, 1.0, 2.0, 1.0]",0.0,0,True
seed27_P_C2_warm,110,0.6791017651557922,0.625,2.025252103805542,1.779884696006775,5.5072736740112305,0.20559529960155487,"[0.012500000186264515, 0.05000000074505806, 0.05000000074505806, 0.05000000074505806]","[3.0, 1.0, 1.0, 1.0]",0.0,0,True
seed27_P_C2_warm,111,0.6312139630317688,0.875,2.520691156387329,2.0826613903045654,5.234666347503662,0.18906688690185547,"[0.02500000037252903, 0.05000000074505806, 0.05000000074505806, 0.05000000074505806]","[2.0, 1.0, 1.0, 1.0]",0.0,0,True
seed27_P_C2_warm,112,0.7043544054031372,0.65625,3.104170799255371,2.292203903198242,6.867012023925781,0.3433505892753601,"[0.05000000074505806, 0.05000000074505806, 0.05000000074505806, 0.05000000074505806]","[1.0, 1.0, 1.0, 1.0]",0.0,0,True
seed27_P_C2_warm,113,0.675274133682251,0.8125,2.2302074432373047,1.9748183488845825,4.166098594665527,0.174485445022583,"[0.02500000037252903, 0.05000000074505806, 0.05000000074505806, 0.05000000074505806]","[2.0, 1.0, 1.0, 1.0]",0.0,0,True
seed27_P_C2_warm,114,0.5214321613311768,0.875,2.23042893409729,1.8327447175979614,4.871232032775879,0.19160865247249603,"[0.05000000074505806, 0.05000000074505806, 0.02500000037252903, 0.05000000074505806]","[1.0, 1.0, 2.0, 1.0]",0.0,0,True
seed27_P_C2_warm,115,0.8364113569259644,0.5625,2.345494508743286,1.893294095993042,4.998114585876465,0.20347009599208832,"[0.05000000074505806, 0.05000000074505806, 0.02500000037252903, 0.05000000074505806]","[1.0, 1.0, 2.0, 1.0]",0.0,0,True
seed27_P_C2_warm,116,0.5915366411209106,0.84375,2.0709731578826904,1.8026187419891357,3.9998064041137695,0.19999031722545624,"[0.05000000074505806, 0.05000000074505806, 0.05000000074505806, 0.05000000074505806]","[1.0, 1.0, 1.0, 1.0]",0.0,0,True
seed27_P_C2_warm,117,0.5560970902442932,0.9375,2.0663325786590576,1.6523444652557373,4.779876708984375,0.19782212376594543,"[0.02500000037252903, 0.05000000074505806, 0.05000000074505806, 0.05000000074505806]","[2.0, 1.0, 1.0, 1.0]",0.0,0,True
seed27_P_C2_warm,118,0.6355087757110596,0.6875,2.168097972869873,1.887900948524475,3.851085662841797,0.15544813871383667,"[0.02500000037252903, 0.05000000074505806, 0.05000000074505806, 0.05000000074505806]","[2.0, 1.0, 1.0, 1.0]",0.0,0,True
seed27_P_C2_warm,119,0.6030032634735107,0.90625,2.5549468994140625,2.0960052013397217,4.593916893005371,0.22969582676887512,"[0.05000000074505806, 0.05000000074505806, 0.05000000074505806, 0.05000000074505806]","[1.0, 1.0, 1.0, 1.0]",0.0,0,True
seed27_P_C2_warm,120,1.0075896978378296,0.78125,2.249138832092285,2.0560131072998047,5.034381866455078,0.20865851640701294,"[0.02500000037252903, 0.05000000074505806, 0.05000000074505806, 0.05000000074505806]","[2.0, 1.0, 1.0, 1.0]",0.0,0,True
seed27_P_C2_warm,121,0.6580102443695068,0.78125,2.155752658843994,1.8958299160003662,3.5572381019592285,0.17786191403865814,"[0.05000000074505806, 0.05000000074505806, 0.05000000074505806, 0.05000000074505806]","[1.0, 1.0, 1.0, 1.0]",0.0,0,True
seed27_P_C2_warm,122,0.5595283508300781,0.78125,1.9328110218048096,1.7680054903030396,3.8473997116088867,0.1592702865600586,"[0.05000000074505806, 0.05000000074505806, 0.02500000037252903, 0.05000000074505806]","[1.0, 1.0, 2.0, 1.0]",0.0,0,True
seed27_P_C2_warm,123,0.7442256212234497,0.6875,2.160341501235962,1.83811616897583,4.1482319831848145,0.20741158723831177,"[0.05000000074505806, 0.05000000074505806, 0.05000000074505806, 0.05000000074505806]","[1.0, 1.0, 1.0, 1.0]",0.0,0,True
seed27_P_C2_warm,124,1.0333921909332275,0.5,3.0829296112060547,2.3225607872009277,6.044366836547852,0.30221831798553467,"[0.05000000074505806, 0.05000000074505806, 0.05000000074505806, 0.05000000074505806]","[1.0, 1.0, 1.0, 1.0]",0.0,0,True
seed27_P_C2_warm,125,0.7843255996704102,0.6875,2.223886013031006,2.0145721435546875,5.571569442749023,0.1657811552286148,"[0.02500000037252903, 0.05000000074505806, 0.02500000037252903, 0.05000000074505806]","[2.0, 1.0, 2.0, 1.0]",0.0,0,True
seed27_P_C2_warm,126,0.6624941825866699,0.65625,2.149329662322998,1.9220988750457764,3.646705389022827,0.14479517936706543,"[0.02500000037252903, 0.05000000074505806, 0.05000000074505806, 0.05000000074505806]","[2.0, 1.0, 1.0, 1.0]",0.0,0,True
seed27_P_C2_warm,127,0.6353192925453186,0.78125,2.5357041358947754,2.1419858932495117,5.499914169311523,0.27499571442604065,"[0.05000000074505806, 0.05000000074505806, 0.05000000074505806, 0.05000000074505806]","[1.0, 1.0, 1.0, 1.0]",0.0,0,True
seed27_P_C2_warm,128,0.699577271938324,0.75,2.611274242401123,2.043567180633545,6.546341896057129,0.32731711864471436,"[0.05000000074505806, 0.05000000074505806, 0.05000000074505806, 0.05000000074505806]","[1.0, 1.0, 1.0, 1.0]",0.0,0,True
seed27_P_C2_warm,129,0.5729289650917053,0.75,2.1203014850616455,1.6813576221466064,4.052995681762695,0.1579580157995224,"[0.02500000037252903, 0.05000000074505806, 0.05000000074505806, 0.05000000074505806]","[2.0, 1.0, 1.0, 1.0]",0.0,0,True
seed27_P_C2_warm,130,0.48801249265670776,0.9375,2.040637969970703,1.8234174251556396,4.338634490966797,0.16038858890533447,"[0.02500000037252903, 0.05000000074505806, 0.05000000074505806, 0.05000000074505806]","[2.0, 1.0, 1.0, 1.0]",0.0,0,True
seed27_P_C2_warm,131,0.7000908255577087,0.65625,2.079745292663574,1.8315887451171875,3.7372655868530273,0.1672283560037613,"[0.05000000074505806, 0.05000000074505806, 0.02500000037252903, 0.05000000074505806]","[1.0, 1.0, 2.0, 1.0]",0.0,0,True
seed27_P_C2_warm,132,0.5967782139778137,0.75,2.34189772605896,2.160954475402832,6.435338497161865,0.17855823040008545,"[0.02500000037252903, 0.05000000074505806, 0.02500000037252903, 0.05000000074505806]","[2.0, 1.0, 2.0, 1.0]",0.0,0,True
seed27_P_C2_warm,133,0.650460958480835,0.65625,2.3225855827331543,1.974677324295044,4.801851272583008,0.18682175874710083,"[0.05000000074505806, 0.05000000074505806, 0.02500000037252903, 0.05000000074505806]","[1.0, 1.0, 2.0, 1.0]",0.0,0,True
seed27_P_C2_warm,134,0.5831875801086426,0.78125,2.487590789794922,2.2310776710510254,4.873313903808594,0.20201265811920166,"[0.05000000074505806, 0.05000000074505806, 0.02500000037252903, 0.05000000074505806]","[1.0, 1.0, 2.0, 1.0]",0.0,0,True
seed27_P_C2_warm,135,0.7388479113578796,0.71875,2.603414535522461,2.0631799697875977,5.957096576690674,0.29785484075546265,"[0.05000000074505806, 0.05000000074505806, 0.05000000074505806, 0.05000000074505806]","[1.0, 1.0, 1.0, 1.0]",0.0,0,True
seed27_P_C2_warm,136,0.4935982823371887,0.90625,2.387267589569092,1.994937777519226,5.198221206665039,0.15244752168655396,"[0.05000000074505806, 0.05000000074505806, 0.012500000186264515, 0.05000000074505806]","[1.0, 1.0, 3.0, 1.0]",0.0,0,True
seed27_P_C2_warm,137,0.6933869123458862,0.6875,2.329033374786377,1.879415512084961,5.271444797515869,0.26357224583625793,"[0.05000000074505806, 0.05000000074505806, 0.05000000074505806, 0.05000000074505806]","[1.0, 1.0, 1.0, 1.0]",0.0,0,True
seed27_P_C2_warm,138,0.6205757260322571,0.8125,2.016883373260498,1.8397157192230225,3.3654651641845703,0.16827327013015747,"[0.05000000074505806, 0.05000000074505806, 0.05000000074505806, 0.05000000074505806]","[1.0, 1.0, 1.0, 1.0]",0.0,0,True
seed27_P_C2_warm,139,0.663301408290863,0.8125,2.424221992492676,2.125868558883667,5.902200698852539,0.2951100468635559,"[0.05000000074505806, 0.05000000074505806, 0.05000000074505806, 0.05000000074505806]","[1.0, 1.0, 1.0, 1.0]",0.0,0,True
seed27_P_C2_warm,140,0.6999488472938538,0.65625,2.1037240028381348,1.8043698072433472,4.280307769775391,0.16814155876636505,"[0.02500000037252903, 0.05000000074505806, 0.05000000074505806, 0.05000000074505806]","[2.0, 1.0, 1.0, 1.0]",0.0,0,True
seed27_P_C2_warm,141,0.7365683317184448,0.6875,1.9787039756774902,1.8271372318267822,3.9695472717285156,0.15317583084106445,"[0.02500000037252903, 0.05000000074505806, 0.05000000074505806, 0.05000000074505806]","[2.0, 1.0, 1.0, 1.0]",0.0,0,True
seed27_P_C2_warm,142,0.9262130856513977,0.8125,2.7853310108184814,2.251845359802246,5.711182117462158,0.2855590879917145,"[0.05000000074505806, 0.05000000074505806, 0.05000000074505806, 0.05000000074505806]","[1.0, 1.0, 1.0, 1.0]",0.0,0,True
seed27_P_C2_warm,143,0.9661074876785278,0.84375,2.6332449913024902,2.4428210258483887,5.94328498840332,0.2971642315387726,"[0.05000000074505806, 0.05000000074505806, 0.05000000074505806, 0.05000000074505806]","[1.0, 1.0, 1.0, 1.0]",0.0,0,True
seed27_P_C2_warm,144,0.6122192144393921,0.75,2.0631263256073,1.7802444696426392,4.140886306762695,0.16750198602676392,"[0.02500000037252903, 0.05000000074505806, 0.05000000074505806, 0.05000000074505806]","[2.0, 1.0, 1.0, 1.0]",0.0,0,True
seed27_P_C2_warm,145,0.607081949710846,0.78125,2.192561388015747,1.868469476699829,5.547841548919678,0.19429345428943634,"[0.02500000037252903, 0.05000000074505806, 0.05000000074505806, 0.05000000074505806]","[2.0, 1.0, 1.0, 1.0]",0.0,0,True
seed27_P_C2_warm,146,0.7352098822593689,0.5625,2.114288806915283,1.8965210914611816,2.9229564666748047,0.14614783227443695,"[0.05000000074505806, 0.05000000074505806, 0.05000000074505806, 0.05000000074505806]","[1.0, 1.0, 1.0, 1.0]",0.0,0,True
seed27_P_C2_warm,147,0.5608589053153992,0.8125,1.9445440769195557,1.7878661155700684,4.334751129150391,0.12106229364871979,"[0.02500000037252903, 0.05000000074505806, 0.02500000037252903, 0.05000000074505806]","[2.0, 1.0, 2.0, 1.0]",0.0,0,True
seed27_P_C2_warm,148,0.6943346261978149,0.75,2.2408556938171387,1.9989326000213623,5.182685852050781,0.25913429260253906,"[0.05000000074505806, 0.05000000074505806, 0.05000000074505806, 0.05000000074505806]","[1.0, 1.0, 1.0, 1.0]",0.0,0,True
seed27_P_C2_warm,149,0.712544322013855,0.75,2.124734401702881,1.9746335744857788,4.363109588623047,0.21815548837184906,"[0.05000000074505806, 0.05000000074505806, 0.05000000074505806, 0.05000000074505806]","[1.0, 1.0, 1.0, 1.0]",0.0,0,True
seed27_P_C2_warm,150,0.574680745601654,0.6875,2.5652780532836914,2.0999481678009033,5.104159355163574,0.19009624421596527,"[0.05000000074505806, 0.05000000074505806, 0.02500000037252903, 0.05000000074505806]","[1.0, 1.0, 2.0, 1.0]",0.0,0,True
seed27_P_C2_warm,151,0.550769567489624,0.71875,2.6402149200439453,2.0686328411102295,5.070913791656494,0.1822167932987213,"[0.05000000074505806, 0.05000000074505806, 0.02500000037252903, 0.05000000074505806]","[1.0, 1.0, 2.0, 1.0]",0.0,0,True
seed27_P_C2_warm,152,0.6652806997299194,0.65625,2.7163805961608887,2.200615406036377,5.8220624923706055,0.23617418110370636,"[0.02500000037252903, 0.05000000074505806, 0.05000000074505806, 0.05000000074505806]","[2.0, 1.0, 1.0, 1.0]",0.0,0,True
seed27_P_C2_warm,153,0.6752701997756958,0.59375,1.9463797807693481,1.7256802320480347,3.909381866455078,0.12103469669818878,"[0.02500000037252903, 0.05000000074505806, 0.02500000037252903, 0.05000000074505806]","[2.0, 1.0, 2.0, 1.0]",0.0,0,True
seed27_P_C2_warm,154,0.4876415729522705,0.90625,2.473644733428955,2.2044191360473633,4.796498775482178,0.19590231776237488,"[0.05000000074505806, 0.05000000074505806, 0.02500000037252903, 0.05000000074505806]","[1.0, 1.0, 2.0, 1.0]",0.0,0,True
seed27_P_C2_warm,155,0.7022716999053955,0.71875,2.055271625518799,1.8443249464035034,3.585076093673706,0.14642925560474396,"[0.02500000037252903, 0.05000000074505806, 0.05000000074505806, 0.05000000074505806]","[2.0, 1.0, 1.0, 1.0]",0.0,0,True
seed27_P_C2_warm,156,0.7530336976051331,0.5625,2.373478651046753,1.9667348861694336,3.416653633117676,0.17083269357681274,"[0.05000000074505806, 0.05000000074505806, 0.05000000074505806, 0.05000000074505806]","[1.0, 1.0, 1.0, 1.0]",0.0,0,True
seed27_P_C2_warm,157,0.7249354720115662,0.5625,2.327996253967285,1.972280740737915,5.121783256530762,0.20402590930461884,"[0.05000000074505806, 0.05000000074505806, 0.02500000037252903, 0.05000000074505806]","[1.0, 1.0, 2.0, 1.0]",0.0,0,True
seed27_P_C2_warm,158,0.6042799353599548,0.90625,2.179734706878662,1.9308382272720337,4.25896692276001,0.21294833719730377,"[0.05000000074505806, 0.05000000074505806, 0.05000000074505806, 0.05000000074505806]","[1.0, 1.0, 1.0, 1.0]",0.0,0,True
seed27_P_C2_warm,159,0.7458694577217102,0.53125,2.5230302810668945,1.9581105709075928,3.8040523529052734,0.19020262360572815,"[0.05000000074505806, 0.05000000074505806, 0.05000000074505806, 0.05000000074505806]","[1.0, 1.0, 1.0, 1.0]",0.0,0,True
seed27_P_C2_warm,160,0.661518931388855,0.8125,1.9940130710601807,1.8095868825912476,5.1012163162231445,0.13936322927474976,"[0.02500000037252903, 0.05000000074505806, 0.02500000037252903, 0.05000000074505806]","[2.0, 1.0, 2.0, 1.0]",0.0,0,True
seed27_P_C2_warm,161,0.7320042252540588,0.6875,2.393965482711792,2.086245059967041,5.392329216003418,0.2696164846420288,"[0.05000000074505806, 0.05000000074505806, 0.05000000074505806, 0.05000000074505806]","[1.0, 1.0, 1.0, 1.0]",0.0,0,True
seed27_P_C2_warm,162,0.6601421236991882,0.75,2.1655044555664062,1.6097078323364258,4.730989456176758,0.20556166768074036,"[0.05000000074505806, 0.05000000074505806, 0.02500000037252903, 0.05000000074505806]","[1.0, 1.0, 2.0, 1.0]",0.0,0,True
seed27_P_C2_warm,163,0.7942441701889038,0.625,2.512058973312378,2.0638763904571533,6.431697845458984,0.1977178007364273,"[0.02500000037252903, 0.05000000074505806, 0.02500000037252903, 0.05000000074505806]","[2.0, 1.0, 2.0, 1.0]",0.0,0,True
seed27_P_C2_warm,164,0.6531230211257935,0.75,2.1539506912231445,1.823374629020691,4.072782516479492,0.15700837969779968,"[0.05000000074505806, 0.05000000074505806, 0.02500000037252903, 0.05000000074505806]","[1.0, 1.0, 2.0, 1.0]",0.0,0,True
seed27_P_C2_warm,165,0.6897233724594116,0.8125,2.2834441661834717,2.087109327316284,5.530731201171875,0.2267412543296814,"[0.05000000074505806, 0.05000000074505806, 0.02500000037252903, 0.05000000074505806]","[1.0, 1.0, 2.0, 1.0]",0.0,0,True
seed27_P_C2_warm,166,0.7715415358543396,0.625,2.948617935180664,2.0301673412323,6.242753028869629,0.312137633562088,"[0.05000000074505806, 0.05000000074505806, 0.05000000074505806, 0.05000000074505806]","[1.0, 1.0, 1.0, 1.0]",0.0,0,True
seed27_P_C2_warm,167,0.7042059898376465,0.8125,2.2508270740509033,1.9527872800827026,5.294551372528076,0.21131625771522522,"[0.05000000074505806, 0.05000000074505806, 0.02500000037252903, 0.05000000074505806]","[1.0, 1.0, 2.0, 1.0]",0.0,0,True
seed27_P_C2_warm,168,0.6044329404830933,0.78125,1.9247398376464844,1.6905713081359863,3.377293825149536,0.16886469721794128,"[0.05000000074505806, 0.05000000074505806, 0.05000000074505806, 0.05000000074505806]","[1.0, 1.0, 1.0, 1.0]",0.0,0,True
seed27_P_C2_warm,169,0.5739483833312988,0.875,2.018038272857666,1.776835560798645,3.717010259628296,0.18585051596164703,"[0.05000000074505806, 0.05000000074505806, 0.05000000074505806, 0.05000000074505806]","[1.0, 1.0, 1.0, 1.0]",0.0,0,True
seed27_P_C2_warm,170,0.6425573229789734,0.8125,2.252760171890259,1.8784358501434326,4.785447120666504,0.2392723560333252,"[0.05000000074505806, 0.05000000074505806, 0.05000000074505806, 0.05000000074505806]","[1.0, 1.0, 1.0, 1.0]",0.0,0,True
seed27_P_C2_warm,171,0.6083948612213135,0.71875,2.094383716583252,1.7599833011627197,4.868212699890137,0.1834147721529007,"[0.05000000074505806, 0.05000000074505806, 0.02500000037252903, 0.05000000074505806]","[1.0, 1.0, 2.0, 1.0]",0.0,0,True
seed27_P_C2_warm,172,0.8535674214363098,0.5625,2.3098487854003906,1.7888157367706299,3.890209913253784,0.19451048970222473,"[0.05000000074505806, 0.05000000074505806, 0.05000000074505806, 0.05000000074505806]","[1.0, 1.0, 1.0, 1.0]",0.0,0,True
seed27_P_C2_warm,173,0.7336428165435791,0.625,2.179825782775879,1.7985992431640625,5.030942916870117,0.15651151537895203,"[0.02500000037252903, 0.05000000074505806, 0.02500000037252903, 0.05000000074505806]","[2.0, 1.0, 2.0, 1.0]",0.0,0,True
seed27_P_C2_warm,174,0.6165021657943726,0.65625,2.2338266372680664,1.6975185871124268,3.831171989440918,0.1915585994720459,"[0.05000000074505806, 0.05000000074505806, 0.05000000074505806, 0.05000000074505806]","[1.0, 1.0, 1.0, 1.0]",0.0,0,True
seed27_P_C2_warm,175,0.5199785232543945,0.78125,2.1017777919769287,1.829695701599121,5.316654205322266,0.2083824872970581,"[0.02500000037252903, 0.05000000074505806, 0.05000000074505806, 0.05000000074505806]","[2.0, 1.0, 1.0, 1.0]",0.0,0,True
seed27_P_C2_warm,176,0.7264865636825562,0.6875,2.081231117248535,1.741922378540039,4.920834541320801,0.1619924008846283,"[0.02500000037252903, 0.05000000074505806, 0.02500000037252903, 0.05000000074505806]","[2.0, 1.0, 2.0, 1.0]",0.0,0,True
seed27_P_C2_warm,177,0.8742304444313049,0.5,2.739949941635132,2.0621163845062256,6.040719032287598,0.30203595757484436,"[0.05000000074505806, 0.05000000074505806, 0.05000000074505806, 0.05000000074505806]","[1.0, 1.0, 1.0, 1.0]",0.0,0,True
seed27_P_C2_warm,178,0.5028386116027832,0.875,2.2102909088134766,2.009350299835205,3.6400065422058105,0.1820003092288971,"[0.05000000074505806, 0.05000000074505806, 0.05000000074505806, 0.05000000074505806]","[1.0, 1.0, 1.0, 1.0]",0.0,0,True
seed27_P_C2_warm,179,0.5580266118049622,0.75,2.144289970397949,1.818812608718872,4.166989326477051,0.16571417450904846,"[0.02500000037252903, 0.05000000074505806, 0.05000000074505806, 0.05000000074505806]","[2.0, 1.0, 1.0, 1.0]",0.0,0,True
seed27_P_C2_warm,180,0.5368655323982239,0.90625,2.780473232269287,2.0300064086914062,6.022940635681152,0.3011470437049866,"[0.05000000074505806, 0.05000000074505806, 0.05000000074505806, 0.05000000074505806]","[1.0, 1.0, 1.0, 1.0]",0.0,0,True
seed27_P_C2_warm,181,0.6377066373825073,0.71875,2.2194197177886963,1.957157850265503,3.145246744155884,0.12049247324466705,"[0.05000000074505806, 0.05000000074505806, 0.02500000037252903, 0.05000000074505806]","[1.0, 1.0, 2.0, 1.0]",0.0,0,True
seed27_P_C2_warm,182,0.5641270875930786,0.875,2.66434383392334,2.060137987136841,5.109716415405273,0.19663679599761963,"[0.05000000074505806, 0.05000000074505806, 0.012500000186264515, 0.05000000074505806]","[1.0, 1.0, 3.0, 1.0]",0.0,0,True
seed27_P_C2_warm,183,0.7770788669586182,0.625,2.178434371948242,2.0099592208862305,4.720633506774902,0.2360316962003708,"[0.05000000074505806, 0.05000000074505806, 0.05000000074505806, 0.05000000074505806]","[1.0, 1.0, 1.0, 1.0]",0.0,0,True
seed27_P_C2_warm,184,0.7376914620399475,0.8125,2.4187517166137695,2.159034252166748,4.042885780334473,0.16582036018371582,"[0.02500000037252903, 0.05000000074505806, 0.05000000074505806, 0.05000000074505806]","[2.0, 1.0, 1.0, 1.0]",0.0,0,True
seed27_P_C2_warm,185,0.5270511507987976,0.78125,2.4778356552124023,2.051593780517578,4.464776992797852,0.22323885560035706,"[0.05000000074505806, 0.05000000074505806, 0.05000000074505806, 0.05000000074505806]","[1.0, 1.0, 1.0, 1.0]",0.0,0,True
seed27_P_C2_warm,186,0.559090256690979,0.8125,1.8874030113220215,1.7556970119476318,4.2986860275268555,0.18113940954208374,"[0.02500000037252903, 0.05000000074505806, 0.05000000074505806, 0.05000000074505806]","[2.0, 1.0, 1.0, 1.0]",0.0,0,True
seed27_P_C2_warm,187,0.593836784362793,0.84375,2.1073570251464844,1.7819020748138428,4.684426307678223,0.1739960014820099,"[0.05000000074505806, 0.05000000074505806, 0.02500000037252903, 0.05000000074505806]","[1.0, 1.0, 2.0, 1.0]",0.0,0,True
seed27_P_C2_warm,188,0.6591731309890747,0.8125,2.9116525650024414,2.2251667976379395,6.050843238830566,0.30254220962524414,"[0.05000000074505806, 0.05000000074505806, 0.05000000074505806, 0.05000000074505806]","[1.0, 1.0, 1.0, 1.0]",0.0,0,True
seed27_P_C2_warm,189,0.7556778788566589,0.71875,2.237746477127075,1.8843780755996704,3.5775184631347656,0.1414201855659485,"[0.02500000037252903, 0.05000000074505806, 0.05000000074505806, 0.05000000074505806]","[2.0, 1.0, 1.0, 1.0]",0.0,0,True
seed27_P_C2_warm,190,0.5409656167030334,0.96875,2.401885509490967,2.0106711387634277,4.3144989013671875,0.17249730229377747,"[0.02500000037252903, 0.05000000074505806, 0.05000000074505806, 0.05000000074505806]","[2.0, 1.0, 1.0, 1.0]",0.0,0,True
seed27_P_C2_warm,191,0.7519463896751404,0.78125,2.1915316581726074,1.9414162635803223,4.787200927734375,0.239360049366951,"[0.05000000074505806, 0.05000000074505806, 0.05000000074505806, 0.05000000074505806]","[1.0, 1.0, 1.0, 1.0]",0.0,0,True
seed27_P_C2_warm,192,0.693511962890625,0.84375,2.455538749694824,2.19372296333313,5.168068885803223,0.2584034502506256,"[0.05000000074505806, 0.05000000074505806, 0.05000000074505806, 0.05000000074505806]","[1.0, 1.0, 1.0, 1.0]",0.0,0,True
seed27_P_C2_warm,193,0.8193457722663879,0.625,2.1024348735809326,1.8080027103424072,4.984016418457031,0.19471758604049683,"[0.02500000037252903, 0.05000000074505806, 0.05000000074505806, 0.05000000074505806]","[2.0, 1.0, 1.0, 1.0]",0.0,0,True
seed27_P_C2_warm,194,0.585957407951355,0.84375,3.103722333908081,2.4380970001220703,5.256771087646484,0.26283854246139526,"[0.05000000074505806, 0.05000000074505806, 0.05000000074505806, 0.05000000074505806]","[1.0, 1.0, 1.0, 1.0]",0.0,0,True
seed27_P_C2_warm,195,0.7008563876152039,0.5,2.256629467010498,1.9519994258880615,4.046590805053711,0.14909526705741882,"[0.05000000074505806, 0.05000000074505806, 0.02500000037252903, 0.05000000074505806]","[1.0, 1.0, 2.0, 1.0]",0.0,0,True
seed27_P_C2_warm,196,0.7188256978988647,0.65625,2.140082359313965,1.9558937549591064,3.149181604385376,0.1574590802192688,"[0.05000000074505806, 0.05000000074505806, 0.05000000074505806, 0.05000000074505806]","[1.0, 1.0, 1.0, 1.0]",0.0,0,True
seed27_P_C2_warm,197,0.6426235437393188,0.9375,2.2703309059143066,1.9478132724761963,4.66802978515625,0.23340147733688354,"[0.05000000074505806, 0.05000000074505806, 0.05000000074505806, 0.05000000074505806]","[1.0, 1.0, 1.0, 1.0]",0.0,0,True
seed27_P_C2_warm,198,0.7626429796218872,0.625,2.5194480419158936,1.9866173267364502,7.02620792388916,0.3048114776611328,"[0.05000000074505806, 0.05000000074505806, 0.02500000037252903, 0.05000000074505806]","[1.0, 1.0, 2.0, 1.0]",0.0,0,True
seed27_P_C2_warm,199,0.5789631605148315,0.84375,2.2671597003936768,2.035902500152588,5.665228366851807,0.1566406935453415,"[0.02500000037252903, 0.05000000074505806, 0.02500000037252903, 0.05000000074505806]","[2.0, 1.0, 2.0, 1.0]",0.0,0,True
seed27_P_C2_warm,200,0.48329585790634155,0.875,2.018331527709961,1.8103898763656616,4.1779937744140625,0.1624094843864441,"[0.05000000074505806, 0.05000000074505806, 0.02500000037252903, 0.05000000074505806]","[1.0, 1.0, 2.0, 1.0]",0.0,0,True
seed27_P_C2_warm,201,0.6385616660118103,0.59375,2.0825343132019043,1.8390556573867798,3.366396188735962,0.12558293342590332,"[0.02500000037252903, 0.05000000074505806, 0.05000000074505806, 0.05000000074505806]","[2.0, 1.0, 1.0, 1.0]",0.0,0,True
seed27_P_C2_warm,202,0.6173061728477478,0.78125,2.641881227493286,2.014561653137207,4.954169273376465,0.24770843982696533,"[0.05000000074505806, 0.05000000074505806, 0.05000000074505806, 0.05000000074505806]","[1.0, 1.0, 1.0, 1.0]",0.0,0,True
seed27_P_C2_warm,203,0.49756866693496704,0.78125,2.085683822631836,1.7389929294586182,3.596254825592041,0.1798127442598343,"[0.05000000074505806, 0.05000000074505806, 0.05000000074505806, 0.05000000074505806]","[1.0, 1.0, 1.0, 1.0]",0.0,0,True
seed27_P_C2_warm,204,0.6450107097625732,0.6875,2.143198251724243,1.8535256385803223,5.094533920288086,0.19570806622505188,"[0.02500000037252903, 0.05000000074505806, 0.05000000074505806, 0.05000000074505806]","[2.0, 1.0, 1.0, 1.0]",0.0,0,True
seed27_P_C2_warm,205,0.5149939656257629,0.90625,2.3943543434143066,1.9395679235458374,4.466081619262695,0.18063220381736755,"[0.05000000074505806, 0.05000000074505806, 0.02500000037252903, 0.05000000074505806]","[1.0, 1.0, 2.0, 1.0]",0.0,0,True
seed27_P_C2_warm,206,0.5787264704704285,0.875,3.2150256633758545,2.0807714462280273,5.6565446853637695,0.282827228307724,"[0.05000000074505806, 0.05000000074505806, 0.05000000074505806, 0.05000000074505806]","[1.0, 1.0, 1.0, 1.0]",0.0,0,True
seed27_P_C2_warm,207,0.6481965780258179,0.78125,2.229393482208252,1.8143186569213867,4.43761682510376,0.18532441556453705,"[0.05000000074505806, 0.05000000074505806, 0.02500000037252903, 0.05000000074505806]","[1.0, 1.0, 2.0, 1.0]",0.0,0,True
seed27_P_C2_warm,208,0.517645537853241,1.0,2.481412649154663,1.8564186096191406,4.924283027648926,0.2462141513824463,"[0.05000000074505806, 0.05000000074505806, 0.05000000074505806, 0.05000000074505806]","[1.0, 1.0, 1.0, 1.0]",0.0,0,True
seed27_P_C2_warm,209,0.7209272980690002,0.625,2.445279836654663,1.777782678604126,4.170294284820557,0.2085147202014923,"[0.05000000074505806, 0.05000000074505806, 0.05000000074505806, 0.05000000074505806]","[1.0, 1.0, 1.0, 1.0]",0.0,0,True
seed27_P_C2_warm,210,0.7387551665306091,0.59375,2.6108202934265137,2.2418596744537354,5.1934356689453125,0.19506672024726868,"[0.02500000037252903, 0.05000000074505806, 0.05000000074505806, 0.05000000074505806]","[2.0, 1.0, 1.0, 1.0]",0.0,0,True
seed27_P_C2_warm,211,0.6975913643836975,0.6875,2.3103737831115723,1.920494556427002,4.0006794929504395,0.2000339776277542,"[0.05000000074505806, 0.05000000074505806, 0.05000000074505806, 0.05000000074505806]","[1.0, 1.0, 1.0, 1.0]",0.0,0,True
seed27_P_C2_warm,212,0.6570520401000977,0.6875,1.9454752206802368,1.628638744354248,3.0722851753234863,0.15361425280570984,"[0.05000000074505806, 0.05000000074505806, 0.05000000074505806, 0.05000000074505806]","[1.0, 1.0, 1.0, 1.0]",0.0,0,True
seed27_P_C2_warm,213,0.791042685508728,0.65625,3.04060697555542,2.3238072395324707,6.391826152801514,0.31959131360054016,"[0.05000000074505806, 0.05000000074505806, 0.05000000074505806, 0.05000000074505806]","[1.0, 1.0, 1.0, 1.0]",0.0,0,True
seed27_P_C2_warm,214,0.749092161655426,0.59375,2.6181960105895996,1.914381980895996,5.897246360778809,0.24204610288143158,"[0.02500000037252903, 0.05000000074505806, 0.05000000074505806, 0.05000000074505806]","[2.0, 1.0, 1.0, 1.0]",0.0,0,True
seed27_P_C2_warm,215,0.6456395983695984,0.875,2.7216062545776367,2.064836025238037,6.514565467834473,0.32572826743125916,"[0.05000000074505806, 0.05000000074505806, 0.05000000074505806, 0.05000000074505806]","[1.0, 1.0, 1.0, 1.0]",0.0,0,True
seed27_P_C2_warm,216,0.4846316874027252,0.875,2.011521577835083,1.7520992755889893,4.810776710510254,0.11618879437446594,"[0.02500000037252903, 0.05000000074505806, 0.012500000186264515, 0.05000000074505806]","[2.0, 1.0, 3.0, 1.0]",0.0,0,True
seed27_P_C2_warm,217,0.7584626078605652,0.625,2.1930344104766846,1.8704187870025635,5.221951007843018,0.19929763674736023,"[0.05000000074505806, 0.05000000074505806, 0.02500000037252903, 0.05000000074505806]","[1.0, 1.0, 2.0, 1.0]",0.0,0,True
seed27_P_C2_warm,218,0.5711917877197266,0.9375,1.9810397624969482,1.757399082183838,2.5436878204345703,0.12718437612056732,"[0.05000000074505806, 0.05000000074505806, 0.05000000074505806, 0.05000000074505806]","[1.0, 1.0, 1.0, 1.0]",0.0,0,True
seed27_P_C2_warm,219,0.7711635828018188,0.53125,2.586195468902588,1.9550782442092896,5.680411338806152,0.22498002648353577,"[0.02500000037252903, 0.05000000074505806, 0.05000000074505806, 0.05000000074505806]","[2.0, 1.0, 1.0, 1.0]",0.0,0,True
seed27_P_C2_warm,220,0.7554473280906677,0.5625,2.4309847354888916,2.0480308532714844,4.401856422424316,0.22009283304214478,"[0.05000000074505806, 0.05000000074505806, 0.05000000074505806, 0.05000000074505806]","[1.0, 1.0, 1.0, 1.0]",0.0,0,True
seed27_P_C2_warm,221,0.5400807857513428,0.75,2.464872360229492,2.1122097969055176,4.694123268127441,0.23470616340637207,"[0.05000000074505806, 0.05000000074505806, 0.05000000074505806, 0.05000000074505806]","[1.0, 1.0, 1.0, 1.0]",0.0,0,True
seed27_P_C2_warm,222,0.5811749696731567,0.75,2.7136178016662598,2.4480533599853516,5.240382671356201,0.2620191276073456,"[0.05000000074505806, 0.05000000074505806, 0.05000000074505806, 0.05000000074505806]","[1.0, 1.0, 1.0, 1.0]",0.0,0,True
seed27_P_C2_warm,223,0.5563525557518005,0.90625,2.8466720581054688,2.117729663848877,5.012741565704346,0.25063708424568176,"[0.05000000074505806, 0.05000000074505806, 0.05000000074505806, 0.05000000074505806]","[1.0, 1.0, 1.0, 1.0]",0.0,0,True
seed27_P_C2_warm,224,0.5126621723175049,0.90625,2.6388657093048096,2.247056722640991,4.888006210327148,0.24440032243728638,"[0.05000000074505806, 0.05000000074505806, 0.05000000074505806, 0.05000000074505806]","[1.0, 1.0, 1.0, 1.0]",0.0,0,True
seed27_P_C2_warm,225,0.6515426635742188,0.78125,1.9037284851074219,1.7228467464447021,3.506471633911133,0.13675057888031006,"[0.02500000037252903, 0.05000000074505806, 0.05000000074505806, 0.05000000074505806]","[2.0, 1.0, 1.0, 1.0]",0.0,0,True
seed27_P_C2_warm,226,0.6848879456520081,0.65625,2.3540430068969727,2.1190834045410156,3.7068212032318115,0.18534106016159058,"[0.05000000074505806, 0.05000000074505806, 0.05000000074505806, 0.05000000074505806]","[1.0, 1.0, 1.0, 1.0]",0.0,0,True
seed27_P_C2_warm,227,0.7183271646499634,0.78125,3.0014941692352295,2.4106621742248535,6.675124168395996,0.25902503728866577,"[0.02500000037252903, 0.05000000074505806, 0.05000000074505806, 0.05000000074505806]","[2.0, 1.0, 1.0, 1.0]",0.0,0,True
seed27_P_C2_warm,228,0.7310255169868469,0.6875,2.1207828521728516,1.9063037633895874,4.103055477142334,0.20515276491641998,"[0.05000000074505806, 0.05000000074505806, 0.05000000074505806, 0.05000000074505806]","[1.0, 1.0, 1.0, 1.0]",0.0,0,True
seed27_P_C2_warm,229,0.6311101913452148,0.78125,2.2491822242736816,2.019610643386841,3.846734046936035,0.19233670830726624,"[0.05000000074505806, 0.05000000074505806, 0.05000000074505806, 0.05000000074505806]","[1.0, 1.0, 1.0, 1.0]",0.0,0,True
seed27_P_C2_warm,230,0.6743772029876709,0.6875,2.2816829681396484,2.009310722351074,4.073368072509766,0.20366841554641724,"[0.05000000074505806, 0.05000000074505806, 0.05000000074505806, 0.05000000074505806]","[1.0, 1.0, 1.0, 1.0]",0.0,0,True
seed27_P_C2_warm,231,0.5781582593917847,0.84375,2.5561046600341797,1.9185391664505005,3.9835782051086426,0.19917890429496765,"[0.05000000074505806, 0.05000000074505806, 0.05000000074505806, 0.05000000074505806]","[1.0, 1.0, 1.0, 1.0]",0.0,0,True
seed27_P_C2_warm,232,0.5427429676055908,0.84375,2.31889009475708,1.9625431299209595,4.23905086517334,0.21195253729820251,"[0.05000000074505806, 0.05000000074505806, 0.05000000074505806, 0.05000000074505806]","[1.0, 1.0, 1.0, 1.0]",0.0,0,True
seed27_P_C2_warm,233,0.7004753947257996,0.625,2.351686716079712,2.1423044204711914,5.000199794769287,0.2500099837779999,"[0.05000000074505806, 0.05000000074505806, 0.05000000074505806, 0.05000000074505806]","[1.0, 1.0, 1.0, 1.0]",0.0,0,True
seed27_P_C2_warm,234,0.5605749487876892,0.96875,2.5710864067077637,2.1313605308532715,6.449703216552734,0.2261720597743988,"[0.02500000037252903, 0.05000000074505806, 0.05000000074505806, 0.05000000074505806]","[2.0, 1.0, 1.0, 1.0]",0.0,0,True
seed27_P_C2_warm,235,0.7568026185035706,0.625,2.149341583251953,1.7751073837280273,5.179599761962891,0.19333137571811676,"[0.05000000074505806, 0.05000000074505806, 0.02500000037252903, 0.05000000074505806]","[1.0, 1.0, 2.0, 1.0]",0.0,0,True
seed27_P_C2_warm,236,0.7418836355209351,0.6875,2.5957348346710205,2.0458309650421143,4.562032699584961,0.22810165584087372,"[0.05000000074505806, 0.05000000074505806, 0.05000000074505806, 0.05000000074505806]","[1.0, 1.0, 1.0, 1.0]",0.0,0,True
seed27_P_C2_warm,237,0.6062870621681213,0.78125,2.159628391265869,1.9509490728378296,3.3937177658081055,0.16968590021133423,"[0.05000000074505806, 0.05000000074505806, 0.05000000074505806, 0.05000000074505806]","[1.0, 1.0, 1.0, 1.0]",0.0,0,True
seed27_P_C2_warm,238,0.4875129461288452,0.84375,2.6549973487854004,2.126513719558716,4.210638999938965,0.21053196489810944,"[0.05000000074505806, 0.05000000074505806, 0.05000000074505806, 0.05000000074505806]","[1.0, 1.0, 1.0, 1.0]",0.0,0,True
seed27_P_C2_warm,239,0.5939393043518066,0.71875,2.5281291007995605,2.200613498687744,5.194565773010254,0.2056674063205719,"[0.02500000037252903, 0.05000000074505806, 0.05000000074505806, 0.05000000074505806]","[2.0, 1.0, 1.0, 1.0]",0.0,0,True
seed27_P_C2_warm,240,0.5200002193450928,0.8125,2.293437957763672,1.8607879877090454,4.304677963256836,0.16163232922554016,"[0.05000000074505806, 0.05000000074505806, 0.02500000037252903, 0.05000000074505806]","[1.0, 1.0, 2.0, 1.0]",0.0,0,True
seed27_P_C2_warm,241,0.6491627097129822,0.8125,2.375466823577881,1.99654221534729,4.986778259277344,0.18154799938201904,"[0.05000000074505806, 0.05000000074505806, 0.02500000037252903, 0.05000000074505806]","[1.0, 1.0, 2.0, 1.0]",0.0,0,True
seed27_P_C2_warm,242,0.5542410612106323,0.875,2.1436662673950195,2.054842472076416,3.5160369873046875,0.1758018434047699,"[0.05000000074505806, 0.05000000074505806, 0.05000000074505806, 0.05000000074505806]","[1.0, 1.0, 1.0, 1.0]",0.0,0,True
seed27_P_C2_warm,243,0.6502400636672974,0.84375,1.983626127243042,1.8059568405151367,3.980544328689575,0.16536945104599,"[0.05000000074505806, 0.05000000074505806, 0.02500000037252903, 0.05000000074505806]","[1.0, 1.0, 2.0, 1.0]",0.0,0,True
seed27_P_C2_warm,244,0.4674507975578308,0.9375,2.3242688179016113,1.9042062759399414,4.753972053527832,0.19711624085903168,"[0.02500000037252903, 0.05000000074505806, 0.05000000074505806, 0.05000000074505806]","[2.0, 1.0, 1.0, 1.0]",0.0,0,True
seed27_P_C2_warm,245,0.6432659029960632,0.71875,2.547147750854492,2.217533588409424,4.152017593383789,0.2076008915901184,"[0.05000000074505806, 0.05000000074505806, 0.05000000074505806, 0.05000000074505806]","[1.0, 1.0, 1.0, 1.0]",0.0,0,True
seed27_P_C2_warm,246,0.5439178943634033,0.75,2.035296678543091,1.687080979347229,4.1016364097595215,0.20508182048797607,"[0.05000000074505806, 0.05000000074505806, 0.05000000074505806, 0.05000000074505806]","[1.0, 1.0, 1.0, 1.0]",0.0,0,True
seed27_P_C2_warm,247,0.6092703342437744,0.78125,1.9845030307769775,1.8073298931121826,4.582009792327881,0.14380738139152527,"[0.02500000037252903, 0.05000000074505806, 0.02500000037252903, 0.05000000074505806]","[2.0, 1.0, 2.0, 1.0]",0.0,0,True
seed27_P_C2_warm,248,0.66054767370224,0.59375,2.1893277168273926,1.929654598236084,4.540013790130615,0.17475223541259766,"[0.05000000074505806, 0.05000000074505806, 0.02500000037252903, 0.05000000074505806]","[1.0, 1.0, 2.0, 1.0]",0.0,0,True
seed27_P_C2_warm,249,0.7193636894226074,0.5,2.1848816871643066,1.8369619846343994,3.8689093589782715,0.19344547390937805,"[0.05000000074505806, 0.05000000074505806, 0.05000000074505806, 0.05000000074505806]","[1.0, 1.0, 1.0, 1.0]",0.0,0,True
seed27_P_C2_warm,250,0.6046038866043091,0.84375,2.3872249126434326,1.9486092329025269,3.834979772567749,0.1917489767074585,"[0.05000000074505806, 0.05000000074505806, 0.05000000074505806, 0.05000000074505806]","[1.0, 1.0, 1.0, 1.0]",0.0,0,True
seed27_P_C2_warm,251,0.6086562275886536,0.71875,2.3282320499420166,1.7676682472229004,4.077868461608887,0.20389342308044434,"[0.05000000074505806, 0.05000000074505806, 0.05000000074505806, 0.05000000074505806]","[1.0, 1.0, 1.0, 1.0]",0.0,0,True
seed27_P_C2_warm,252,0.6252933740615845,0.90625,2.4549689292907715,1.9474427700042725,3.950254440307617,0.19751271605491638,"[0.05000000074505806, 0.05000000074505806, 0.05000000074505806, 0.05000000074505806]","[1.0, 1.0, 1.0, 1.0]",0.0,0,True
seed27_P_C2_warm,253,0.6873058676719666,0.625,2.4058690071105957,2.2017874717712402,5.221877098083496,0.20867934823036194,"[0.02500000037252903, 0.05000000074505806, 0.05000000074505806, 0.05000000074505806]","[2.0, 1.0, 1.0, 1.0]",0.0,0,True
seed27_P_C2_warm,254,0.5252801179885864,0.84375,2.126145839691162,1.8767070770263672,3.9329569339752197,0.11571332067251205,"[0.02500000037252903, 0.05000000074505806, 0.02500000037252903, 0.05000000074505806]","[2.0, 1.0, 2.0, 1.0]",0.0,0,True
seed27_P_C2_warm,255,0.678336501121521,0.75,2.6194560527801514,2.119826316833496,4.559835910797119,0.22799181938171387,"[0.05000000074505806, 0.05000000074505806, 0.05000000074505806, 0.05000000074505806]","[1.0, 1.0, 1.0, 1.0]",0.0,0,True
seed27_P_C2_warm,256,0.5513443350791931,0.8125,2.150998830795288,1.956843614578247,4.030050277709961,0.16025547683238983,"[0.05000000074505806, 0.05000000074505806, 0.02500000037252903, 0.05000000074505806]","[1.0, 1.0, 2.0, 1.0]",0.0,0,True
seed27_P_C2_warm,257,0.6043146252632141,0.75,2.2281126976013184,1.9488484859466553,4.128760814666748,0.11676613986492157,"[0.02500000037252903, 0.05000000074505806, 0.02500000037252903, 0.05000000074505806]","[2.0, 1.0, 2.0, 1.0]",0.0,0,True
seed27_P_C2_warm,258,0.7361770868301392,0.625,2.198479652404785,1.7843350172042847,4.437790870666504,0.17548108100891113,"[0.02500000037252903, 0.05000000074505806, 0.05000000074505806, 0.05000000074505806]","[2.0, 1.0, 1.0, 1.0]",0.0,0,True
seed27_P_C2_warm,259,0.6296636462211609,0.8125,2.435037612915039,1.946141004562378,4.388656139373779,0.1871892809867859,"[0.05000000074505806, 0.05000000074505806, 0.02500000037252903, 0.05000000074505806]","[1.0, 1.0, 2.0, 1.0]",0.0,0,True
seed27_P_C2_warm,260,0.556597888469696,0.8125,2.217318534851074,1.7321497201919556,3.6060409545898438,0.18030205368995667,"[0.05000000074505806, 0.05000000074505806, 0.05000000074505806, 0.05000000074505806]","[1.0, 1.0, 1.0, 1.0]",0.0,0,True
seed27_P_C2_warm,261,0.521072506904602,0.90625,2.828216791152954,2.30458402633667,4.399935245513916,0.21999675035476685,"[0.05000000074505806, 0.05000000074505806, 0.05000000074505806, 0.05000000074505806]","[1.0, 1.0, 1.0, 1.0]",0.0,0,True
seed27_P_C2_warm,262,0.6821906566619873,0.59375,1.9749232530593872,1.870436429977417,3.197293758392334,0.1233922615647316,"[0.02500000037252903, 0.05000000074505806, 0.05000000074505806, 0.05000000074505806]","[2.0, 1.0, 1.0, 1.0]",0.0,0,True
seed27_P_C2_warm,263,0.6325082182884216,0.8125,2.0321884155273438,1.7835485935211182,4.146610260009766,0.20733052492141724,"[0.05000000074505806, 0.05000000074505806, 0.05000000074505806, 0.05000000074505806]","[1.0, 1.0, 1.0, 1.0]",0.0,0,True
seed27_P_C2_warm,264,0.6636620759963989,0.71875,2.3533570766448975,1.9726077318191528,4.414770126342773,0.2207385003566742,"[0.05000000074505806, 0.05000000074505806, 0.05000000074505806, 0.05000000074505806]","[1.0, 1.0, 1.0, 1.0]",0.0,0,True
seed27_P_C2_warm,265,0.5605313181877136,0.78125,2.365433692932129,1.8658419847488403,5.701449394226074,0.2850725054740906,"[0.05000000074505806, 0.05000000074505806, 0.05000000074505806, 0.05000000074505806]","[1.0, 1.0, 1.0, 1.0]",0.0,0,True
seed27_P_C2_warm,266,0.6568701267242432,0.75,2.0209743976593018,1.8466362953186035,3.4641659259796143,0.1732082962989807,"[0.05000000074505806, 0.05000000074505806, 0.05000000074505806, 0.05000000074505806]","[1.0, 1.0, 1.0, 1.0]",0.0,0,True
seed27_P_C2_warm,267,0.5328708291053772,0.84375,2.1383533477783203,1.719590187072754,4.074702262878418,0.1608482301235199,"[0.02500000037252903, 0.05000000074505806, 0.05000000074505806, 0.05000000074505806]","[2.0, 1.0, 1.0, 1.0]",0.0,0,True
seed27_P_C2_warm,268,0.6327404975891113,0.625,2.527667999267578,1.9678118228912354,3.7251081466674805,0.18625542521476746,"[0.05000000074505806, 0.05000000074505806, 0.05000000074505806, 0.05000000074505806]","[1.0, 1.0, 1.0, 1.0]",0.0,0,True
seed27_P_C2_warm,269,0.5703192353248596,0.8125,2.7318310737609863,1.9603155851364136,4.569891452789307,0.2284945845603943,"[0.05000000074505806, 0.05000000074505806, 0.05000000074505806, 0.05000000074505806]","[1.0, 1.0, 1.0, 1.0]",0.0,0,True
seed27_P_C2_warm,270,0.5254594087600708,0.8125,2.5853395462036133,2.0521068572998047,5.250018119812012,0.2625008821487427,"[0.05000000074505806, 0.05000000074505806, 0.05000000074505806, 0.05000000074505806]","[1.0, 1.0, 1.0, 1.0]",0.0,0,True
seed27_P_C2_warm,271,0.6072911024093628,0.8125,2.2981679439544678,1.71120023727417,4.213344097137451,0.2106672078371048,"[0.05000000074505806, 0.05000000074505806, 0.05000000074505806, 0.05000000074505806]","[1.0, 1.0, 1.0, 1.0]",0.0,0,True
seed27_P_C2_warm,272,0.5654122829437256,0.78125,2.810621738433838,2.1646833419799805,6.085501194000244,0.3042750656604767,"[0.05000000074505806, 0.05000000074505806, 0.05000000074505806, 0.05000000074505806]","[1.0, 1.0, 1.0, 1.0]",0.0,0,True
seed27_P_C2_warm,273,0.4816203713417053,0.90625,2.229700803756714,1.8198120594024658,3.2372488975524902,0.16186244785785675,"[0.05000000074505806, 0.05000000074505806, 0.05000000074505806, 0.05000000074505806]","[1.0, 1.0, 1.0, 1.0]",0.0,0,True
seed27_P_C2_warm,274,0.6747782230377197,0.75,2.5472640991210938,2.2064085006713867,4.934580326080322,0.2467290312051773,"[0.05000000074505806, 0.05000000074505806, 0.05000000074505806, 0.05000000074505806]","[1.0, 1.0, 1.0, 1.0]",0.0,0,True
seed27_P_C2_warm,275,0.6852184534072876,0.65625,2.2200729846954346,1.9051120281219482,4.954572677612305,0.19322237372398376,"[0.02500000037252903, 0.05000000074505806, 0.05000000074505806, 0.05000000074505806]","[2.0, 1.0, 1.0, 1.0]",0.0,0,True
seed27_P_C2_warm,276,0.7049766778945923,0.5625,2.8688201904296875,2.2651824951171875,6.284918785095215,0.2799089252948761,"[0.02500000037252903, 0.05000000074505806, 0.05000000074505806, 0.05000000074505806]","[2.0, 1.0, 1.0, 1.0]",0.0,0,True
seed27_P_C2_warm,277,0.4736725687980652,0.9375,2.3930840492248535,1.8705533742904663,4.339091777801514,0.21695458889007568,"[0.05000000074505806, 0.05000000074505806, 0.05000000074505806, 0.05000000074505806]","[1.0, 1.0, 1.0, 1.0]",0.0,0,True
seed27_P_C2_warm,278,0.5146933197975159,0.84375,2.2453246116638184,1.8403713703155518,4.733665466308594,0.1905573606491089,"[0.02500000037252903, 0.05000000074505806, 0.05000000074505806, 0.05000000074505806]","[2.0, 1.0, 1.0, 1.0]",0.0,0,True
seed27_P_C2_warm,279,0.5927194356918335,0.65625,2.707409381866455,2.186871290206909,4.177591323852539,0.20887956023216248,"[0.05000000074505806, 0.05000000074505806, 0.05000000074505806, 0.05000000074505806]","[1.0, 1.0, 1.0, 1.0]",0.0,0,True
seed27_P_C2_warm,280,0.4992721974849701,0.9375,1.9294517040252686,1.8348138332366943,3.433091402053833,0.1716545820236206,"[0.05000000074505806, 0.05000000074505806, 0.05000000074505806, 0.05000000074505806]","[1.0, 1.0, 1.0, 1.0]",0.0,0,True
seed27_P_C2_warm,281,0.5096114873886108,0.9375,2.852144718170166,2.1886849403381348,4.681176662445068,0.23405884206295013,"[0.05000000074505806, 0.05000000074505806, 0.05000000074505806, 0.05000000074505806]","[1.0, 1.0, 1.0, 1.0]",0.0,0,True
seed27_P_C2_warm,282,0.6499794125556946,0.71875,2.506348133087158,1.8283497095108032,4.31964111328125,0.2159820795059204,"[0.05000000074505806, 0.05000000074505806, 0.05000000074505806, 0.05000000074505806]","[1.0, 1.0, 1.0, 1.0]",0.0,0,True
seed27_P_C2_warm,283,0.7018226385116577,0.71875,2.3805840015411377,2.0848228931427,4.587721347808838,0.2293860763311386,"[0.05000000074505806, 0.05000000074505806, 0.05000000074505806, 0.05000000074505806]","[1.0, 1.0, 1.0, 1.0]",0.0,0,True
seed27_P_C2_warm,284,0.6436223387718201,0.71875,2.3556413650512695,2.0346622467041016,3.835803508758545,0.19179017841815948,"[0.05000000074505806, 0.05000000074505806, 0.05000000074505806, 0.05000000074505806]","[1.0, 1.0, 1.0, 1.0]",0.0,0,True
seed27_P_C2_warm,285,0.6236785650253296,0.75,2.3820323944091797,1.9569854736328125,4.758035659790039,0.23790179193019867,"[0.05000000074505806, 0.05000000074505806, 0.05000000074505806, 0.05000000074505806]","[1.0, 1.0, 1.0, 1.0]",0.0,0,True
seed27_P_C2_warm,286,0.6735751628875732,0.59375,2.729969024658203,2.1107723712921143,5.757563591003418,0.287878155708313,"[0.05000000074505806, 0.05000000074505806, 0.05000000074505806, 0.05000000074505806]","[1.0, 1.0, 1.0, 1.0]",0.0,0,True
seed27_P_C2_warm,287,0.5499508380889893,0.875,2.239152431488037,1.9285587072372437,4.8113203048706055,0.14828038215637207,"[0.02500000037252903, 0.05000000074505806, 0.02500000037252903, 0.05000000074505806]","[2.0, 1.0, 2.0, 1.0]",0.0,0,True
seed27_P_C2_warm,288,0.6027191281318665,0.90625,1.961606502532959,1.793412685394287,4.151320457458496,0.18021954596042633,"[0.05000000074505806, 0.05000000074505806, 0.02500000037252903, 0.05000000074505806]","[1.0, 1.0, 2.0, 1.0]",0.0,0,True
seed27_P_C2_warm,289,0.6836207509040833,0.78125,2.5126609802246094,1.805677890777588,4.4308013916015625,0.22154006361961365,"[0.05000000074505806, 0.05000000074505806, 0.05000000074505806, 0.05000000074505806]","[1.0, 1.0, 1.0, 1.0]",0.0,0,True
seed27_P_C2_warm,290,0.6653043627738953,0.78125,2.449888229370117,2.029057025909424,5.1873040199279785,0.2593652009963989,"[0.05000000074505806, 0.05000000074505806, 0.05000000074505806, 0.05000000074505806]","[1.0, 1.0, 1.0, 1.0]",0.0,0,True
seed27_P_C2_warm,291,0.6476445198059082,0.65625,2.748354911804199,2.2915725708007812,4.172809600830078,0.20864048600196838,"[0.05000000074505806, 0.05000000074505806, 0.05000000074505806, 0.05000000074505806]","[1.0, 1.0, 1.0, 1.0]",0.0,0,True
seed27_P_C2_warm,292,0.5315575003623962,0.96875,2.6188364028930664,1.9457862377166748,5.078055381774902,0.20170119404792786,"[0.02500000037252903, 0.05000000074505806, 0.05000000074505806, 0.05000000074505806]","[2.0, 1.0, 1.0, 1.0]",0.0,0,True
seed27_P_C2_warm,293,0.6523100137710571,0.84375,3.0330700874328613,2.115856885910034,6.072199821472168,0.30361002683639526,"[0.05000000074505806, 0.05000000074505806, 0.05000000074505806, 0.05000000074505806]","[1.0, 1.0, 1.0, 1.0]",0.0,0,True
seed27_P_C2_warm,294,0.6172928810119629,0.8125,2.5657272338867188,1.8444457054138184,4.487293243408203,0.22436469793319702,"[0.05000000074505806, 0.05000000074505806, 0.05000000074505806, 0.05000000074505806]","[1.0, 1.0, 1.0, 1.0]",0.0,0,True
seed27_P_C2_warm,295,0.44666093587875366,0.90625,2.884467601776123,2.3286099433898926,4.946456432342529,0.18310019373893738,"[0.02500000037252903, 0.05000000074505806, 0.05000000074505806, 0.05000000074505806]","[2.0, 1.0, 1.0, 1.0]",0.0,0,True
seed27_P_C2_warm,296,0.6339742541313171,0.6875,2.1530001163482666,1.8859548568725586,3.7585158348083496,0.187925785779953,"[0.05000000074505806, 0.05000000074505806, 0.05000000074505806, 0.05000000074505806]","[1.0, 1.0, 1.0, 1.0]",0.0,0,True
seed27_P_C2_warm,297,0.5662904977798462,0.8125,2.5203981399536133,1.8560701608657837,3.9694199562072754,0.19847099483013153,"[0.05000000074505806, 0.05000000074505806, 0.05000000074505806, 0.05000000074505806]","[1.0, 1.0, 1.0, 1.0]",0.0,0,True
seed27_P_C2_warm,298,0.6801834106445312,0.75,2.768413782119751,2.0918383598327637,4.801281929016113,0.2400641143321991,"[0.05000000074505806, 0.05000000074505806, 0.05000000074505806, 0.05000000074505806]","[1.0, 1.0, 1.0, 1.0]",0.0,0,True
seed27_P_C2_warm,299,0.5144882202148438,0.875,2.1117711067199707,1.8841460943222046,3.957862377166748,0.164939284324646,"[0.02500000037252903, 0.05000000074505806, 0.05000000074505806, 0.05000000074505806]","[2.0, 1.0, 1.0, 1.0]",0.0,0,True
seed27_P_C2_warm,300,0.7054185271263123,0.625,2.473695993423462,1.9043923616409302,4.669733047485352,0.1898266077041626,"[0.05000000074505806, 0.05000000074505806, 0.02500000037252903, 0.05000000074505806]","[1.0, 1.0, 2.0, 1.0]",0.0,0,True
seed27_P_C2_warm,301,0.6490720510482788,0.78125,2.3325705528259277,1.9039922952651978,4.988295555114746,0.18854622542858124,"[0.02500000037252903, 0.05000000074505806, 0.05000000074505806, 0.05000000074505806]","[2.0, 1.0, 1.0, 1.0]",0.0,0,True
seed27_P_C2_warm,302,0.5952167510986328,0.84375,2.574553966522217,2.1058223247528076,5.314329147338867,0.26571646332740784,"[0.05000000074505806, 0.05000000074505806, 0.05000000074505806, 0.05000000074505806]","[1.0, 1.0, 1.0, 1.0]",0.0,0,True
seed27_P_C2_warm,303,0.621704638004303,0.6875,2.3510749340057373,1.86456298828125,4.620294570922852,0.23101475834846497,"[0.05000000074505806, 0.05000000074505806, 0.05000000074505806, 0.05000000074505806]","[1.0, 1.0, 1.0, 1.0]",0.0,0,True
seed27_P_C2_warm,304,0.5598400831222534,0.78125,2.3397464752197266,2.085925817489624,4.578678131103516,0.19523943960666656,"[0.05000000074505806, 0.05000000074505806, 0.02500000037252903, 0.05000000074505806]","[1.0, 1.0, 2.0, 1.0]",0.0,0,True
seed27_P_C2_warm,305,0.5839250683784485,0.90625,2.083808660507202,1.8282570838928223,3.8977127075195312,0.19488564133644104,"[0.05000000074505806, 0.05000000074505806, 0.05000000074505806, 0.05000000074505806]","[1.0, 1.0, 1.0, 1.0]",0.0,0,True
seed27_P_C2_warm,306,0.6311257481575012,0.75,2.2082695960998535,1.8693478107452393,4.331414699554443,0.17504972219467163,"[0.05000000074505806, 0.05000000074505806, 0.02500000037252903, 0.05000000074505806]","[1.0, 1.0, 2.0, 1.0]",0.0,0,True
seed27_P_C2_warm,307,0.6202418208122253,0.75,2.3441994190216064,1.9542714357376099,3.977513313293457,0.15949785709381104,"[0.02500000037252903, 0.05000000074505806, 0.05000000074505806, 0.05000000074505806]","[2.0, 1.0, 1.0, 1.0]",0.0,0,True
seed27_P_C2_warm,308,0.5445734858512878,0.78125,2.6550228595733643,2.095047950744629,5.658550262451172,0.2045459896326065,"[0.05000000074505806, 0.05000000074505806, 0.02500000037252903, 0.05000000074505806]","[1.0, 1.0, 2.0, 1.0]",0.0,0,True
seed27_P_C2_warm,309,0.6353886723518372,0.75,2.116488456726074,1.7432076930999756,3.7668368816375732,0.15067905187606812,"[0.05000000074505806, 0.05000000074505806, 0.02500000037252903, 0.05000000074505806]","[1.0, 1.0, 2.0, 1.0]",0.0,0,True
seed27_P_C2_warm,310,0.6343799233436584,0.875,2.456949234008789,2.108715057373047,4.038823127746582,0.16721783578395844,"[0.05000000074505806, 0.05000000074505806, 0.02500000037252903, 0.05000000074505806]","[1.0, 1.0, 2.0, 1.0]",0.0,0,True
seed27_P_C2_warm,311,0.47286999225616455,0.96875,2.3135035037994385,1.7363817691802979,3.2415318489074707,0.16207659244537354,"[0.05000000074505806, 0.05000000074505806, 0.05000000074505806, 0.05000000074505806]","[1.0, 1.0, 1.0, 1.0]",0.0,0,True
seed27_P_C2_warm,312,0.6273787617683411,0.625,2.737679958343506,2.073641538619995,3.6096572875976562,0.1804828643798828,"[0.05000000074505806, 0.05000000074505806, 0.05000000074505806, 0.05000000074505806]","[1.0, 1.0, 1.0, 1.0]",0.0,0,True
seed27_P_C2_warm,313,0.5695663094520569,0.78125,2.490245819091797,2.0023064613342285,3.8859498500823975,0.16598400473594666,"[0.05000000074505806, 0.05000000074505806, 0.02500000037252903, 0.05000000074505806]","[1.0, 1.0, 2.0, 1.0]",0.0,0,True
seed27_P_C2_warm,314,0.5544741153717041,0.75,2.4419307708740234,1.9300875663757324,3.9117753505706787,0.16773852705955505,"[0.05000000074505806, 0.05000000074505806, 0.02500000037252903, 0.05000000074505806]","[1.0, 1.0, 2.0, 1.0]",0.0,0,True
seed27_P_C2_warm,315,0.6966071724891663,0.59375,2.8359885215759277,2.3736188411712646,4.875737190246582,0.24378687143325806,"[0.05000000074505806, 0.05000000074505806, 0.05000000074505806, 0.05000000074505806]","[1.0, 1.0, 1.0, 1.0]",0.0,0,True
seed27_P_C2_warm,316,0.7029063105583191,0.75,2.966090202331543,2.224632740020752,6.903195858001709,0.34515976905822754,"[0.05000000074505806, 0.05000000074505806, 0.05000000074505806, 0.05000000074505806]","[1.0, 1.0, 1.0, 1.0]",0.0,0,True
seed27_P_C2_warm,317,0.7298099398612976,0.65625,2.82208251953125,2.21052885055542,4.5970458984375,0.22985228896141052,"[0.05000000074505806, 0.05000000074505806, 0.05000000074505806, 0.05000000074505806]","[1.0, 1.0, 1.0, 1.0]",0.0,0,True
seed27_P_C2_warm,318,0.5749161839485168,0.75,2.458580732345581,2.1328861713409424,4.391549587249756,0.21957749128341675,"[0.05000000074505806, 0.05000000074505806, 0.05000000074505806, 0.05000000074505806]","[1.0, 1.0, 1.0, 1.0]",0.0,0,True
seed27_P_C2_warm,319,0.6908095479011536,0.6875,2.412635326385498,2.2116200923919678,4.296876430511475,0.21484380960464478,"[0.05000000074505806, 0.05000000074505806, 0.05000000074505806, 0.05000000074505806]","[1.0, 1.0, 1.0, 1.0]",0.0,0,True
seed27_P_C2_warm,320,0.4393584132194519,0.9375,2.5024170875549316,2.0008952617645264,3.728071451187134,0.18640358746051788,"[0.05000000074505806, 0.05000000074505806, 0.05000000074505806, 0.05000000074505806]","[1.0, 1.0, 1.0, 1.0]",0.0,0,True
seed27_P_C2_warm,321,0.6215845346450806,0.6875,2.269003391265869,1.944871425628662,3.471029281616211,0.17355145514011383,"[0.05000000074505806, 0.05000000074505806, 0.05000000074505806, 0.05000000074505806]","[1.0, 1.0, 1.0, 1.0]",0.0,0,True
seed27_P_C2_warm,322,0.6239031553268433,0.75,2.011638641357422,1.7371790409088135,3.9490268230438232,0.12746559083461761,"[0.012500000186264515, 0.05000000074505806, 0.05000000074505806, 0.05000000074505806]","[3.0, 1.0, 1.0, 1.0]",0.0,0,True
seed27_P_C2_warm,323,0.6482082605361938,0.75,2.6880831718444824,2.074162006378174,4.45231819152832,0.22261589765548706,"[0.05000000074505806, 0.05000000074505806, 0.05000000074505806, 0.05000000074505806]","[1.0, 1.0, 1.0, 1.0]",0.0,0,True
seed27_P_C2_warm,324,0.5021440982818604,0.84375,2.2599453926086426,1.8912194967269897,3.5044422149658203,0.13270661234855652,"[0.05000000074505806, 0.05000000074505806, 0.02500000037252903, 0.05000000074505806]","[1.0, 1.0, 2.0, 1.0]",0.0,0,True
seed27_P_C2_warm,325,0.5899580717086792,0.8125,2.137392044067383,1.8816335201263428,4.187812805175781,0.1546764373779297,"[0.05000000074505806, 0.05000000074505806, 0.02500000037252903, 0.05000000074505806]","[1.0, 1.0, 2.0, 1.0]",0.0,0,True
seed27_P_C2_warm,326,0.5166515707969666,0.8125,2.6313295364379883,1.9307043552398682,3.6707489490509033,0.18353745341300964,"[0.05000000074505806, 0.05000000074505806, 0.05000000074505806, 0.05000000074505806]","[1.0, 1.0, 1.0, 1.0]",0.0,0,True
seed27_P_C2_warm,327,0.5248667597770691,0.90625,2.440253257751465,2.0955004692077637,3.876511573791504,0.19382557272911072,"[0.05000000074505806, 0.05000000074505806, 0.05000000074505806, 0.05000000074505806]","[1.0, 1.0, 1.0, 1.0]",0.0,0,True
seed27_P_C2_warm,328,0.5457960367202759,0.71875,2.084195375442505,1.898957371711731,3.317903518676758,0.16589517891407013,"[0.05000000074505806, 0.05000000074505806, 0.05000000074505806, 0.05000000074505806]","[1.0, 1.0, 1.0, 1.0]",0.0,0,True
seed27_P_C2_warm,329,0.6470816135406494,0.90625,2.4594779014587402,1.9417834281921387,6.094522476196289,0.30472612380981445,"[0.05000000074505806, 0.05000000074505806, 0.05000000074505806, 0.05000000074505806]","[1.0, 1.0, 1.0, 1.0]",0.0,0,True
seed27_P_C2_warm,330,0.533228874206543,0.6875,2.11560320854187,1.8332316875457764,3.954190492630005,0.13779348134994507,"[0.05000000074505806, 0.05000000074505806, 0.02500000037252903, 0.05000000074505806]","[1.0, 1.0, 2.0, 1.0]",0.0,0,True
seed27_P_C2_warm,331,0.4597034156322479,0.875,2.2200889587402344,2.0558362007141113,3.3723888397216797,0.16861943900585175,"[0.05000000074505806, 0.05000000074505806, 0.05000000074505806, 0.05000000074505806]","[1.0, 1.0, 1.0, 1.0]",0.0,0,True
seed27_P_C2_warm,332,0.5869463682174683,0.875,2.8315796852111816,2.6178877353668213,4.123009204864502,0.20615045726299286,"[0.05000000074505806, 0.05000000074505806, 0.05000000074505806, 0.05000000074505806]","[1.0, 1.0, 1.0, 1.0]",0.0,0,True
seed27_P_C2_warm,333,0.6376718878746033,0.8125,2.2012925148010254,1.957549810409546,5.228582382202148,0.261429101228714,"[0.05000000074505806, 0.05000000074505806, 0.05000000074505806, 0.05000000074505806]","[1.0, 1.0, 1.0, 1.0]",0.0,0,True
seed27_P_C2_warm,334,0.5234760046005249,0.9375,2.0590693950653076,1.7064998149871826,3.4451959133148193,0.14579999446868896,"[0.02500000037252903, 0.05000000074505806, 0.05000000074505806, 0.05000000074505806]","[2.0, 1.0, 1.0, 1.0]",0.0,0,True
seed27_P_C2_warm,335,0.5958684682846069,0.6875,2.322859764099121,2.012655735015869,3.4028372764587402,0.17014187574386597,"[0.05000000074505806, 0.05000000074505806, 0.05000000074505806, 0.05000000074505806]","[1.0, 1.0, 1.0, 1.0]",0.0,0,True
seed27_P_C2_warm,336,0.5741754770278931,0.78125,2.1770620346069336,1.7622864246368408,3.257927894592285,0.16289639472961426,"[0.05000000074505806, 0.05000000074505806, 0.05000000074505806, 0.05000000074505806]","[1.0, 1.0, 1.0, 1.0]",0.0,0,True
seed27_P_C2_warm,337,0.621266782283783,0.78125,2.3305702209472656,1.9947757720947266,4.135286331176758,0.2067643105983734,"[0.05000000074505806, 0.05000000074505806, 0.05000000074505806, 0.05000000074505806]","[1.0, 1.0, 1.0, 1.0]",0.0,0,True
seed27_P_C2_warm,338,0.6779266595840454,0.75,2.8941941261291504,2.3226447105407715,4.337261199951172,0.21686305105686188,"[0.05000000074505806, 0.05000000074505806, 0.05000000074505806, 0.05000000074505806]","[1.0, 1.0, 1.0, 1.0]",0.0,0,True
seed27_P_C2_warm,339,0.777040958404541,0.59375,2.7747421264648438,2.0846972465515137,5.698131561279297,0.2849065661430359,"[0.05000000074505806, 0.05000000074505806, 0.05000000074505806, 0.05000000074505806]","[1.0, 1.0, 1.0, 1.0]",0.0,0,True
seed27_P_C2_warm,340,0.5259198546409607,0.9375,2.1463961601257324,1.754489541053772,4.8819193840026855,0.1696346551179886,"[0.05000000074505806, 0.05000000074505806, 0.02500000037252903, 0.05000000074505806]","[1.0, 1.0, 2.0, 1.0]",0.0,0,True
seed27_P_C2_warm,341,0.5901573896408081,0.78125,2.5083444118499756,1.8479938507080078,3.961921215057373,0.19809606671333313,"[0.05000000074505806, 0.05000000074505806, 0.05000000074505806, 0.05000000074505806]","[1.0, 1.0, 1.0, 1.0]",0.0,0,True
seed27_P_C2_warm,342,0.5593184232711792,0.875,2.912639617919922,2.4049367904663086,4.959181785583496,0.24795907735824585,"[0.05000000074505806, 0.05000000074505806, 0.05000000074505806, 0.05000000074505806]","[1.0, 1.0, 1.0, 1.0]",0.0,0,True
seed27_P_C2_warm,343,0.5845619440078735,0.875,2.4412388801574707,1.9499542713165283,4.728195667266846,0.19231006503105164,"[0.05000000074505806, 0.05000000074505806, 0.02500000037252903, 0.05000000074505806]","[1.0, 1.0, 2.0, 1.0]",0.0,0,True
seed27_P_C2_warm,344,0.5063989162445068,0.9375,2.4317026138305664,2.159066915512085,3.8161122798919678,0.1908056139945984,"[0.05000000074505806, 0.05000000074505806, 0.05000000074505806, 0.05000000074505806]","[1.0, 1.0, 1.0, 1.0]",0.0,0,True
seed27_P_C2_warm,345,0.609864354133606,0.75,2.499401569366455,1.8901572227478027,4.1657233238220215,0.20828616619110107,"[0.05000000074505806, 0.05000000074505806, 0.05000000074505806, 0.05000000074505806]","[1.0, 1.0, 1.0, 1.0]",0.0,0,True
seed27_P_C2_warm,346,0.5606382489204407,0.78125,2.182382106781006,2.016256332397461,3.8447651863098145,0.15599443018436432,"[0.05000000074505806, 0.05000000074505806, 0.02500000037252903, 0.05000000074505806]","[1.0, 1.0, 2.0, 1.0]",0.0,0,True
seed27_P_C2_warm,347,0.47930777072906494,0.9375,2.2779910564422607,2.069674491882324,3.334646224975586,0.1667323112487793,"[0.05000000074505806, 0.05000000074505806, 0.05000000074505806, 0.05000000074505806]","[1.0, 1.0, 1.0, 1.0]",0.0,0,True
seed27_P_C2_warm,348,0.5398314595222473,0.875,2.6291277408599854,2.247440814971924,5.656820297241211,0.21328622102737427,"[0.02500000037252903, 0.05000000074505806, 0.05000000074505806, 0.05000000074505806]","[2.0, 1.0, 1.0, 1.0]",0.0,0,True
seed27_P_C2_warm,349,0.7245970964431763,0.625,2.081850290298462,1.9586101770401,3.688941240310669,0.1844470500946045,"[0.05000000074505806, 0.05000000074505806, 0.05000000074505806, 0.05000000074505806]","[1.0, 1.0, 1.0, 1.0]",0.0,0,True
seed27_P_C2_warm,350,0.5766439437866211,0.84375,2.3994786739349365,2.032064437866211,4.642708778381348,0.23213544487953186,"[0.05000000074505806, 0.05000000074505806, 0.05000000074505806, 0.05000000074505806]","[1.0, 1.0, 1.0, 1.0]",0.0,0,True
seed27_P_C2_warm,351,0.5715270638465881,0.78125,2.604340076446533,2.2330007553100586,4.561526775360107,0.22807633876800537,"[0.05000000074505806, 0.05000000074505806, 0.05000000074505806, 0.05000000074505806]","[1.0, 1.0, 1.0, 1.0]",0.0,0,True
seed27_P_C2_warm,352,0.5309610366821289,0.84375,2.2920804023742676,1.993173599243164,5.072010517120361,0.20655375719070435,"[0.05000000074505806, 0.05000000074505806, 0.02500000037252903, 0.05000000074505806]","[1.0, 1.0, 2.0, 1.0]",0.0,0,True
seed27_P_C2_warm,353,0.567662239074707,0.90625,2.2591514587402344,1.853675127029419,3.6082611083984375,0.18041306734085083,"[0.05000000074505806, 0.05000000074505806, 0.05000000074505806, 0.05000000074505806]","[1.0, 1.0, 1.0, 1.0]",0.0,0,True
seed27_P_C2_warm,354,0.706172525882721,0.75,2.5593066215515137,2.3634448051452637,5.7528862953186035,0.28764429688453674,"[0.05000000074505806, 0.05000000074505806, 0.05000000074505806, 0.05000000074505806]","[1.0, 1.0, 1.0, 1.0]",0.0,0,True
seed27_P_C2_warm,355,0.6084297895431519,0.78125,2.4666805267333984,1.9143803119659424,4.4112749099731445,0.22056376934051514,"[0.05000000074505806, 0.05000000074505806, 0.05000000074505806, 0.05000000074505806]","[1.0, 1.0, 1.0, 1.0]",0.0,0,True
seed27_P_C2_warm,356,0.6153153777122498,0.6875,2.3934900760650635,2.0213463306427,4.635619640350342,0.17157837748527527,"[0.05000000074505806, 0.05000000074505806, 0.02500000037252903, 0.05000000074505806]","[1.0, 1.0, 2.0, 1.0]",0.0,0,True
seed27_P_C2_warm,357,0.6475008726119995,0.75,2.1580848693847656,1.9418416023254395,3.4215898513793945,0.17107950150966644,"[0.05000000074505806, 0.05000000074505806, 0.05000000074505806, 0.05000000074505806]","[1.0, 1.0, 1.0, 1.0]",0.0,0,True
seed27_P_C2_warm,358,0.5108784437179565,0.875,2.368112087249756,1.8892128467559814,3.5726964473724365,0.17863483726978302,"[0.05000000074505806, 0.05000000074505806, 0.05000000074505806, 0.05000000074505806]","[1.0, 1.0, 1.0, 1.0]",0.0,0,True
seed27_P_C2_warm,359,0.5938355922698975,0.78125,2.4000277519226074,2.1011710166931152,4.196702003479004,0.16700449585914612,"[0.02500000037252903, 0.05000000074505806, 0.05000000074505806, 0.05000000074505806]","[2.0, 1.0, 1.0, 1.0]",0.0,0,True
seed27_P_C2_warm,360,0.7292932868003845,0.75,2.454403877258301,2.206469774246216,5.1555094718933105,0.2577754855155945,"[0.05000000074505806, 0.05000000074505806, 0.05000000074505806, 0.05000000074505806]","[1.0, 1.0, 1.0, 1.0]",0.0,0,True
seed27_P_C2_warm,361,0.48852473497390747,0.90625,2.3784866333007812,1.9715256690979004,4.723849773406982,0.16407430171966553,"[0.02500000037252903, 0.05000000074505806, 0.05000000074505806, 0.05000000074505806]","[2.0, 1.0, 1.0, 1.0]",0.0,0,True
seed27_P_C2_warm,362,0.5075108408927917,0.84375,2.404489517211914,1.9093806743621826,4.209470272064209,0.21047352254390717,"[0.05000000074505806, 0.05000000074505806, 0.05000000074505806, 0.05000000074505806]","[1.0, 1.0, 1.0, 1.0]",0.0,0,True
seed27_P_C2_warm,363,0.6100860834121704,0.6875,2.1598689556121826,1.7310677766799927,4.126583576202393,0.20632918179035187,"[0.05000000074505806, 0.05000000074505806, 0.05000000074505806, 0.05000000074505806]","[1.0, 1.0, 1.0, 1.0]",0.0,0,True
seed27_P_C2_warm,364,0.6662137508392334,0.71875,2.8508341312408447,2.35028338432312,5.542837142944336,0.27714183926582336,"[0.05000000074505806, 0.05000000074505806, 0.05000000074505806, 0.05000000074505806]","[1.0, 1.0, 1.0, 1.0]",0.0,0,True
seed27_P_C2_warm,365,0.5086230635643005,0.75,1.8260624408721924,1.6969523429870605,2.9260802268981934,0.14630401134490967,"[0.05000000074505806, 0.05000000074505806, 0.05000000074505806, 0.05000000074505806]","[1.0, 1.0, 1.0, 1.0]",0.0,0,True
seed27_P_C2_warm,366,0.5155038237571716,0.875,2.5356693267822266,1.9449152946472168,5.145906448364258,0.25729531049728394,"[0.05000000074505806, 0.05000000074505806, 0.05000000074505806, 0.05000000074505806]","[1.0, 1.0, 1.0, 1.0]",0.0,0,True
seed27_P_C2_warm,367,0.6368698477745056,0.75,2.4330453872680664,1.9674296379089355,4.677117347717285,0.17515838146209717,"[0.02500000037252903, 0.05000000074505806, 0.05000000074505806, 0.05000000074505806]","[2.0, 1.0, 1.0, 1.0]",0.0,0,True
seed27_P_C2_warm,368,0.6202444434165955,0.78125,2.381513833999634,2.1373517513275146,4.2866950035095215,0.17654135823249817,"[0.05000000074505806, 0.05000000074505806, 0.02500000037252903, 0.05000000074505806]","[1.0, 1.0, 2.0, 1.0]",0.0,0,True
seed27_P_C2_warm,369,0.537830114364624,0.8125,2.12261700630188,1.7438561916351318,4.44052267074585,0.16887381672859192,"[0.05000000074505806, 0.05000000074505806, 0.02500000037252903, 0.05000000074505806]","[1.0, 1.0, 2.0, 1.0]",0.0,0,True
seed27_P_C2_warm,370,0.6611543297767639,0.625,2.1576690673828125,1.8752872943878174,4.72813606262207,0.2364068329334259,"[0.05000000074505806, 0.05000000074505806, 0.05000000074505806, 0.05000000074505806]","[1.0, 1.0, 1.0, 1.0]",0.0,0,True
seed27_P_C2_warm,371,0.3992421627044678,0.96875,2.4918460845947266,2.0170912742614746,3.595698356628418,0.17978492379188538,"[0.05000000074505806, 0.05000000074505806, 0.05000000074505806, 0.05000000074505806]","[1.0, 1.0, 1.0, 1.0]",0.0,0,True
seed27_P_C2_warm,372,0.5428935885429382,0.875,2.3003735542297363,2.0204193592071533,5.027825832366943,0.19042813777923584,"[0.02500000037252903, 0.05000000074505806, 0.05000000074505806, 0.05000000074505806]","[2.0, 1.0, 1.0, 1.0]",0.0,0,True
seed27_P_C2_warm,373,0.6483688354492188,0.625,2.044673442840576,1.7674245834350586,2.718233585357666,0.13591167330741882,"[0.05000000074505806, 0.05000000074505806, 0.05000000074505806, 0.05000000074505806]","[1.0, 1.0, 1.0, 1.0]",0.0,0,True
seed27_P_C2_warm,374,0.6072198748588562,0.8125,2.7631943225860596,2.0287818908691406,4.260766506195068,0.21303832530975342,"[0.05000000074505806, 0.05000000074505806, 0.05000000074505806, 0.05000000074505806]","[1.0, 1.0, 1.0, 1.0]",0.0,0,True
seed27_P_C2_warm,375,0.6020960211753845,0.65625,2.2246267795562744,1.7992440462112427,4.41291618347168,0.16561923921108246,"[0.05000000074505806, 0.05000000074505806, 0.02500000037252903, 0.05000000074505806]","[1.0, 1.0, 2.0, 1.0]",0.0,0,True
seed27_P_C2_warm,376,0.6580632328987122,0.65625,2.5870304107666016,1.9745073318481445,4.699155807495117,0.234957754611969,"[0.05000000074505806, 0.05000000074505806, 0.05000000074505806, 0.05000000074505806]","[1.0, 1.0, 1.0, 1.0]",0.0,0,True
seed27_P_C2_warm,377,0.6190118789672852,0.59375,2.30228590965271,2.103250026702881,3.815282106399536,0.19076409935951233,"[0.05000000074505806, 0.05000000074505806, 0.05000000074505806, 0.05000000074505806]","[1.0, 1.0, 1.0, 1.0]",0.0,0,True
seed27_P_C2_warm,378,0.551486611366272,0.78125,2.682481288909912,2.3697924613952637,4.9450788497924805,0.20549610257148743,"[0.05000000074505806, 0.05000000074505806, 0.02500000037252903, 0.05000000074505806]","[1.0, 1.0, 2.0, 1.0]",0.0,0,True
seed27_P_C2_warm,379,0.533801257610321,0.84375,2.538191556930542,2.0567703247070312,5.490421295166016,0.2745210528373718,"[0.05000000074505806, 0.05000000074505806, 0.05000000074505806, 0.05000000074505806]","[1.0, 1.0, 1.0, 1.0]",0.0,0,True
seed27_P_C2_warm,380,0.4913875460624695,0.9375,2.201542377471924,1.8505233526229858,4.731592178344727,0.23657961189746857,"[0.05000000074505806, 0.05000000074505806, 0.05000000074505806, 0.05000000074505806]","[1.0, 1.0, 1.0, 1.0]",0.0,0,True
seed27_P_C2_warm,381,0.4930034279823303,0.9375,2.3037447929382324,2.0319771766662598,3.816222667694092,0.15030400454998016,"[0.02500000037252903, 0.05000000074505806, 0.05000000074505806, 0.05000000074505806]","[2.0, 1.0, 1.0, 1.0]",0.0,0,True
seed27_P_C2_warm,382,0.5217573642730713,0.875,2.3508355617523193,1.9135725498199463,3.828627109527588,0.19143137335777283,"[0.05000000074505806, 0.05000000074505806, 0.05000000074505806, 0.05000000074505806]","[1.0, 1.0, 1.0, 1.0]",0.0,0,True
seed27_P_C2_warm,383,0.6490321159362793,0.625,2.6441097259521484,2.0905721187591553,3.935070514678955,0.19675353169441223,"[0.05000000074505806, 0.05000000074505806, 0.05000000074505806, 0.05000000074505806]","[1.0, 1.0, 1.0, 1.0]",0.0,0,True
seed27_P_C2_warm,384,0.5662037134170532,0.96875,2.096001625061035,1.8364869356155396,3.4726781845092773,0.17363391816616058,"[0.05000000074505806, 0.05000000074505806, 0.05000000074505806, 0.05000000074505806]","[1.0, 1.0, 1.0, 1.0]",0.0,0,True
seed27_P_C2_warm,385,0.5836036801338196,0.875,2.5523476600646973,1.9231116771697998,4.843141555786133,0.24215708673000336,"[0.05000000074505806, 0.05000000074505806, 0.05000000074505806, 0.05000000074505806]","[1.0, 1.0, 1.0, 1.0]",0.0,0,True
seed27_P_C2_warm,386,0.6995341181755066,0.5625,2.4515762329101562,2.040834426879883,4.252435684204102,0.2126217931509018,"[0.05000000074505806, 0.05000000074505806, 0.05000000074505806, 0.05000000074505806]","[1.0, 1.0, 1.0, 1.0]",0.0,0,True
seed27_P_C2_warm,387,0.8427990674972534,0.46875,2.9125547409057617,2.203197479248047,4.770841598510742,0.2385420799255371,"[0.05000000074505806, 0.05000000074505806, 0.05000000074505806, 0.05000000074505806]","[1.0, 1.0, 1.0, 1.0]",0.0,0,True
seed27_P_C2_warm,388,0.5939311385154724,0.65625,2.7891018390655518,2.067617177963257,5.406383514404297,0.2703191936016083,"[0.05000000074505806, 0.05000000074505806, 0.05000000074505806, 0.05000000074505806]","[1.0, 1.0, 1.0, 1.0]",0.0,0,True
seed27_P_C2_warm,389,0.6487930417060852,0.59375,2.0085654258728027,1.7136138677597046,3.1064114570617676,0.15532056987285614,"[0.05000000074505806, 0.05000000074505806, 0.05000000074505806, 0.05000000074505806]","[1.0, 1.0, 1.0, 1.0]",0.0,0,True
seed27_P_C2_warm,390,0.6696381568908691,0.59375,1.9785810708999634,1.7256059646606445,2.8924789428710938,0.14462396502494812,"[0.05000000074505806, 0.05000000074505806, 0.05000000074505806, 0.05000000074505806]","[1.0, 1.0, 1.0, 1.0]",0.0,0,True
seed27_P_C2_warm,391,0.5520469546318054,0.875,2.8023457527160645,2.1871800422668457,4.628734588623047,0.23143672943115234,"[0.05000000074505806, 0.05000000074505806, 0.05000000074505806, 0.05000000074505806]","[1.0, 1.0, 1.0, 1.0]",0.0,0,True
seed27_P_C2_warm,392,0.6363922357559204,0.75,2.511977434158325,1.9101111888885498,5.289138317108154,0.26445692777633667,"[0.05000000074505806, 0.05000000074505806, 0.05000000074505806, 0.05000000074505806]","[1.0, 1.0, 1.0, 1.0]",0.0,0,True
seed27_P_C2_warm,393,0.5668727159500122,0.90625,2.1285672187805176,1.8571473360061646,3.2739057540893555,0.1636952906847,"[0.05000000074505806, 0.05000000074505806, 0.05000000074505806, 0.05000000074505806]","[1.0, 1.0, 1.0, 1.0]",0.0,0,True
seed27_P_C2_warm,394,0.5926859974861145,0.84375,2.4734551906585693,1.9137744903564453,3.9929652214050293,0.19964826107025146,"[0.05000000074505806, 0.05000000074505806, 0.05000000074505806, 0.05000000074505806]","[1.0, 1.0, 1.0, 1.0]",0.0,0,True
seed27_P_C2_warm,395,0.517803430557251,0.78125,2.351614236831665,1.969707727432251,4.2312774658203125,0.15637877583503723,"[0.02500000037252903, 0.05000000074505806, 0.05000000074505806, 0.05000000074505806]","[2.0, 1.0, 1.0, 1.0]",0.0,0,True
seed27_P_C2_warm,396,0.6042100191116333,0.6875,2.433640718460083,2.0500824451446533,5.165474891662598,0.2099819779396057,"[0.05000000074505806, 0.05000000074505806, 0.02500000037252903, 0.05000000074505806]","[1.0, 1.0, 2.0, 1.0]",0.0,0,True
seed27_P_C2_warm,397,0.5735979080200195,0.75,2.6836674213409424,1.9415102005004883,3.500173807144165,0.17500868439674377,"[0.05000000074505806, 0.05000000074505806, 0.05000000074505806, 0.05000000074505806]","[1.0, 1.0, 1.0, 1.0]",0.0,0,True
seed27_P_C2_warm,398,0.6527141332626343,0.6875,1.883937954902649,1.80812406539917,2.6556262969970703,0.13278131186962128,"[0.05000000074505806, 0.05000000074505806, 0.05000000074505806, 0.05000000074505806]","[1.0, 1.0, 1.0, 1.0]",0.0,0,True
seed27_P_C2_warm,399,0.5703072547912598,0.84375,2.2998204231262207,1.8883706331253052,4.065855503082275,0.20329277217388153,"[0.05000000074505806, 0.05000000074505806, 0.05000000074505806, 0.05000000074505806]","[1.0, 1.0, 1.0, 1.0]",0.0,0,True
seed27_P_C2_warm,400,0.5555541515350342,0.75,2.3509938716888428,2.0834972858428955,4.101343154907227,0.20506715774536133,"[0.05000000074505806, 0.05000000074505806, 0.05000000074505806, 0.05000000074505806]","[1.0, 1.0, 1.0, 1.0]",0.0,0,True
